# generado por tools/vox_to_obj.py desde caballo_v1.vox
mtllib caballo_v1.mtl
v -1.6500 1.8000 0.4000
v -1.6500 1.9000 0.4000
v -1.6500 1.9000 0.3000
v -1.6500 1.8000 0.3000
v -1.5500 1.8000 0.4000
v -1.5500 1.9000 0.4000
v -1.5500 1.8000 0.3000
v -1.6500 2.0000 0.4000
v -1.6500 2.0000 0.3000
v -1.5500 2.0000 0.4000
v -1.6500 2.1000 0.4000
v -1.6500 2.1000 0.3000
v -1.5500 2.1000 0.4000
v -1.6500 2.2000 0.4000
v -1.6500 2.2000 0.3000
v -1.5500 2.2000 0.4000
v -1.6500 2.3000 0.4000
v -1.6500 2.3000 0.3000
v -1.5500 2.3000 0.4000
v -1.6500 2.4000 0.4000
v -1.6500 2.4000 0.3000
v -1.5500 2.4000 0.4000
v -1.6500 2.5000 0.4000
v -1.6500 2.5000 0.3000
v -1.5500 2.5000 0.4000
v -1.6500 2.6000 0.4000
v -1.6500 2.6000 0.3000
v -1.5500 2.6000 0.4000
v -1.6500 2.7000 0.4000
v -1.6500 2.7000 0.3000
v -1.5500 2.7000 0.4000
v -1.6500 2.8000 0.4000
v -1.6500 2.8000 0.3000
v -1.5500 2.8000 0.4000
v -1.5500 2.8000 0.3000
v -1.6500 1.9000 0.2000
v -1.6500 1.8000 0.2000
v -1.5500 1.8000 0.2000
v -1.6500 2.0000 0.2000
v -1.6500 2.1000 0.2000
v -1.6500 2.2000 0.2000
v -1.6500 2.3000 0.2000
v -1.6500 2.4000 0.2000
v -1.6500 2.5000 0.2000
v -1.6500 2.6000 0.2000
v -1.6500 2.7000 0.2000
v -1.6500 2.8000 0.2000
v -1.5500 2.8000 0.2000
v -1.6500 1.8000 0.1000
v -1.5500 1.8000 0.1000
v -1.6500 2.8000 0.1000
v -1.6500 2.7000 0.1000
v -1.5500 2.8000 0.1000
v -1.6500 1.8000 0.0000
v -1.5500 1.8000 0.0000
v -1.6500 2.8000 0.0000
v -1.6500 2.7000 0.0000
v -1.5500 2.8000 0.0000
v -1.6500 1.8000 -0.1000
v -1.5500 1.8000 -0.1000
v -1.6500 2.8000 -0.1000
v -1.6500 2.7000 -0.1000
v -1.5500 2.8000 -0.1000
v -1.6500 1.8000 -0.2000
v -1.5500 1.8000 -0.2000
v -1.6500 2.8000 -0.2000
v -1.6500 2.7000 -0.2000
v -1.5500 2.8000 -0.2000
v -1.6500 1.9000 -0.2000
v -1.6500 1.9000 -0.3000
v -1.6500 1.8000 -0.3000
v -1.5500 1.8000 -0.3000
v -1.6500 2.0000 -0.2000
v -1.6500 2.0000 -0.3000
v -1.6500 2.1000 -0.2000
v -1.6500 2.1000 -0.3000
v -1.6500 2.2000 -0.2000
v -1.6500 2.2000 -0.3000
v -1.6500 2.3000 -0.2000
v -1.6500 2.3000 -0.3000
v -1.6500 2.4000 -0.2000
v -1.6500 2.4000 -0.3000
v -1.6500 2.5000 -0.2000
v -1.6500 2.5000 -0.3000
v -1.6500 2.6000 -0.2000
v -1.6500 2.6000 -0.3000
v -1.6500 2.7000 -0.3000
v -1.6500 2.8000 -0.3000
v -1.5500 2.8000 -0.3000
v -1.6500 1.9000 -0.4000
v -1.6500 1.8000 -0.4000
v -1.5500 1.9000 -0.4000
v -1.5500 1.8000 -0.4000
v -1.6500 2.0000 -0.4000
v -1.5500 2.0000 -0.4000
v -1.6500 2.1000 -0.4000
v -1.5500 2.1000 -0.4000
v -1.6500 2.2000 -0.4000
v -1.5500 2.2000 -0.4000
v -1.6500 2.3000 -0.4000
v -1.5500 2.3000 -0.4000
v -1.6500 2.4000 -0.4000
v -1.5500 2.4000 -0.4000
v -1.6500 2.5000 -0.4000
v -1.5500 2.5000 -0.4000
v -1.6500 2.6000 -0.4000
v -1.5500 2.6000 -0.4000
v -1.6500 2.7000 -0.4000
v -1.5500 2.7000 -0.4000
v -1.6500 2.8000 -0.4000
v -1.5500 2.8000 -0.4000
v -1.4500 1.8000 0.4000
v -1.4500 1.9000 0.4000
v -1.4500 1.8000 0.3000
v -1.4500 2.0000 0.4000
v -1.4500 2.1000 0.4000
v -1.4500 2.2000 0.4000
v -1.4500 2.3000 0.4000
v -1.4500 2.4000 0.4000
v -1.4500 2.5000 0.4000
v -1.4500 2.6000 0.4000
v -1.4500 2.7000 0.4000
v -1.4500 2.8000 0.4000
v -1.4500 2.8000 0.3000
v -1.4500 1.8000 0.2000
v -1.4500 2.8000 0.2000
v -1.4500 1.8000 0.1000
v -1.4500 2.8000 0.1000
v -1.4500 1.8000 0.0000
v -1.4500 2.8000 0.0000
v -1.4500 1.8000 -0.1000
v -1.4500 2.8000 -0.1000
v -1.4500 1.8000 -0.2000
v -1.4500 2.8000 -0.2000
v -1.4500 1.8000 -0.3000
v -1.4500 2.8000 -0.3000
v -1.4500 1.9000 -0.4000
v -1.4500 1.8000 -0.4000
v -1.4500 2.0000 -0.4000
v -1.4500 2.1000 -0.4000
v -1.4500 2.2000 -0.4000
v -1.4500 2.3000 -0.4000
v -1.4500 2.4000 -0.4000
v -1.4500 2.5000 -0.4000
v -1.4500 2.6000 -0.4000
v -1.4500 2.7000 -0.4000
v -1.4500 2.8000 -0.4000
v -1.3500 1.8000 0.4000
v -1.3500 1.9000 0.4000
v -1.3500 1.8000 0.3000
v -1.3500 2.0000 0.4000
v -1.3500 2.1000 0.4000
v -1.3500 2.2000 0.4000
v -1.3500 2.3000 0.4000
v -1.3500 2.4000 0.4000
v -1.3500 2.5000 0.4000
v -1.3500 2.6000 0.4000
v -1.3500 2.7000 0.4000
v -1.3500 2.8000 0.4000
v -1.3500 2.8000 0.3000
v -1.3500 1.8000 0.2000
v -1.3500 2.8000 0.2000
v -1.3500 1.8000 0.1000
v -1.3500 2.8000 0.1000
v -1.3500 1.8000 0.0000
v -1.3500 2.8000 0.0000
v -1.3500 1.8000 -0.1000
v -1.3500 2.8000 -0.1000
v -1.3500 1.8000 -0.2000
v -1.3500 2.8000 -0.2000
v -1.3500 1.8000 -0.3000
v -1.3500 2.8000 -0.3000
v -1.3500 1.9000 -0.4000
v -1.3500 1.8000 -0.4000
v -1.3500 2.0000 -0.4000
v -1.3500 2.1000 -0.4000
v -1.3500 2.2000 -0.4000
v -1.3500 2.3000 -0.4000
v -1.3500 2.4000 -0.4000
v -1.3500 2.5000 -0.4000
v -1.3500 2.6000 -0.4000
v -1.3500 2.7000 -0.4000
v -1.3500 2.8000 -0.4000
v -1.2500 1.8000 0.4000
v -1.2500 1.9000 0.4000
v -1.2500 2.0000 0.4000
v -1.2500 2.1000 0.4000
v -1.2500 2.2000 0.4000
v -1.2500 2.3000 0.4000
v -1.2500 2.4000 0.4000
v -1.2500 2.5000 0.4000
v -1.2500 2.6000 0.4000
v -1.2500 2.7000 0.4000
v -1.2500 2.8000 0.4000
v -1.2500 2.8000 0.3000
v -1.2500 2.8000 0.2000
v -1.2500 2.8000 0.1000
v -1.2500 1.8000 0.0000
v -1.2500 1.8000 0.1000
v -1.2500 2.8000 0.0000
v -1.2500 1.8000 -0.1000
v -1.2500 2.8000 -0.1000
v -1.2500 2.8000 -0.2000
v -1.2500 2.8000 -0.3000
v -1.2500 1.9000 -0.4000
v -1.2500 1.8000 -0.4000
v -1.2500 2.0000 -0.4000
v -1.2500 2.1000 -0.4000
v -1.2500 2.2000 -0.4000
v -1.2500 2.3000 -0.4000
v -1.2500 2.4000 -0.4000
v -1.2500 2.5000 -0.4000
v -1.2500 2.6000 -0.4000
v -1.2500 2.7000 -0.4000
v -1.2500 2.8000 -0.4000
v -1.1500 1.8000 0.4000
v -1.1500 1.9000 0.4000
v -1.1500 2.0000 0.4000
v -1.1500 2.1000 0.4000
v -1.1500 2.2000 0.4000
v -1.1500 2.3000 0.4000
v -1.1500 2.4000 0.4000
v -1.1500 2.5000 0.4000
v -1.1500 2.6000 0.4000
v -1.1500 2.7000 0.4000
v -1.1500 2.8000 0.4000
v -1.1500 2.8000 0.3000
v -1.1500 2.8000 0.2000
v -1.1500 2.8000 0.1000
v -1.1500 1.8000 0.0000
v -1.1500 1.8000 0.1000
v -1.1500 2.8000 0.0000
v -1.1500 1.8000 -0.1000
v -1.1500 2.8000 -0.1000
v -1.1500 2.8000 -0.2000
v -1.1500 2.8000 -0.3000
v -1.1500 1.9000 -0.4000
v -1.1500 1.8000 -0.4000
v -1.1500 2.0000 -0.4000
v -1.1500 2.1000 -0.4000
v -1.1500 2.2000 -0.4000
v -1.1500 2.3000 -0.4000
v -1.1500 2.4000 -0.4000
v -1.1500 2.5000 -0.4000
v -1.1500 2.6000 -0.4000
v -1.1500 2.7000 -0.4000
v -1.1500 2.8000 -0.4000
v -1.0500 1.8000 0.4000
v -1.0500 1.9000 0.4000
v -1.0500 2.0000 0.4000
v -1.0500 2.1000 0.4000
v -1.0500 2.2000 0.4000
v -1.0500 2.3000 0.4000
v -1.0500 2.4000 0.4000
v -1.0500 2.5000 0.4000
v -1.0500 2.6000 0.4000
v -1.0500 2.7000 0.4000
v -1.0500 2.8000 0.4000
v -1.0500 2.8000 0.3000
v -1.0500 2.8000 0.2000
v -1.0500 2.8000 0.1000
v -1.0500 1.8000 0.0000
v -1.0500 1.8000 0.1000
v -1.0500 2.8000 0.0000
v -1.0500 1.8000 -0.1000
v -1.0500 2.8000 -0.1000
v -1.0500 2.8000 -0.2000
v -1.0500 2.8000 -0.3000
v -1.0500 1.9000 -0.4000
v -1.0500 1.8000 -0.4000
v -1.0500 2.0000 -0.4000
v -1.0500 2.1000 -0.4000
v -1.0500 2.2000 -0.4000
v -1.0500 2.3000 -0.4000
v -1.0500 2.4000 -0.4000
v -1.0500 2.5000 -0.4000
v -1.0500 2.6000 -0.4000
v -1.0500 2.7000 -0.4000
v -1.0500 2.8000 -0.4000
v -0.9500 1.8000 0.4000
v -0.9500 1.9000 0.4000
v -1.0500 1.8000 0.3000
v -0.9500 1.8000 0.3000
v -0.9500 2.0000 0.4000
v -0.9500 2.1000 0.4000
v -0.9500 2.2000 0.4000
v -0.9500 2.3000 0.4000
v -0.9500 2.4000 0.4000
v -0.9500 2.5000 0.4000
v -0.9500 2.6000 0.4000
v -0.9500 2.7000 0.4000
v -0.9500 2.8000 0.4000
v -0.9500 2.8000 0.3000
v -1.0500 1.8000 0.2000
v -0.9500 1.8000 0.2000
v -0.9500 2.8000 0.2000
v -0.9500 1.8000 0.1000
v -0.9500 2.8000 0.1000
v -0.9500 1.8000 0.0000
v -0.9500 2.8000 0.0000
v -0.9500 1.8000 -0.1000
v -0.9500 2.8000 -0.1000
v -1.0500 1.8000 -0.2000
v -0.9500 1.8000 -0.2000
v -0.9500 2.8000 -0.2000
v -1.0500 1.8000 -0.3000
v -0.9500 1.8000 -0.3000
v -0.9500 2.8000 -0.3000
v -0.9500 1.9000 -0.4000
v -0.9500 1.8000 -0.4000
v -0.9500 2.0000 -0.4000
v -0.9500 2.1000 -0.4000
v -0.9500 2.2000 -0.4000
v -0.9500 2.3000 -0.4000
v -0.9500 2.4000 -0.4000
v -0.9500 2.5000 -0.4000
v -0.9500 2.6000 -0.4000
v -0.9500 2.7000 -0.4000
v -0.9500 2.8000 -0.4000
v -0.8500 1.8000 0.4000
v -0.8500 1.9000 0.4000
v -0.8500 1.8000 0.3000
v -0.8500 2.0000 0.4000
v -0.8500 2.1000 0.4000
v -0.8500 2.2000 0.4000
v -0.8500 2.3000 0.4000
v -0.8500 2.4000 0.4000
v -0.8500 2.5000 0.4000
v -0.8500 2.6000 0.4000
v -0.8500 2.7000 0.4000
v -0.8500 2.8000 0.4000
v -0.8500 2.8000 0.3000
v -0.8500 1.8000 0.2000
v -0.8500 2.8000 0.2000
v -0.8500 1.8000 0.1000
v -0.8500 2.8000 0.1000
v -0.8500 1.8000 0.0000
v -0.8500 2.8000 0.0000
v -0.8500 1.8000 -0.1000
v -0.8500 2.8000 -0.1000
v -0.8500 1.8000 -0.2000
v -0.8500 2.8000 -0.2000
v -0.8500 1.8000 -0.3000
v -0.8500 2.8000 -0.3000
v -0.8500 1.9000 -0.4000
v -0.8500 1.8000 -0.4000
v -0.8500 2.0000 -0.4000
v -0.8500 2.1000 -0.4000
v -0.8500 2.2000 -0.4000
v -0.8500 2.3000 -0.4000
v -0.8500 2.4000 -0.4000
v -0.8500 2.5000 -0.4000
v -0.8500 2.6000 -0.4000
v -0.8500 2.7000 -0.4000
v -0.8500 2.8000 -0.4000
v -0.7500 1.8000 0.4000
v -0.7500 1.9000 0.4000
v -0.7500 1.8000 0.3000
v -0.7500 2.0000 0.4000
v -0.7500 2.1000 0.4000
v -0.7500 2.2000 0.4000
v -0.7500 2.3000 0.4000
v -0.7500 2.4000 0.4000
v -0.7500 2.5000 0.4000
v -0.7500 2.6000 0.4000
v -0.7500 2.7000 0.4000
v -0.7500 2.8000 0.4000
v -0.7500 2.8000 0.3000
v -0.7500 1.8000 0.2000
v -0.7500 2.8000 0.2000
v -0.7500 1.8000 0.1000
v -0.7500 2.8000 0.1000
v -0.7500 1.8000 0.0000
v -0.7500 2.8000 0.0000
v -0.7500 1.8000 -0.1000
v -0.7500 2.8000 -0.1000
v -0.7500 1.8000 -0.2000
v -0.7500 2.8000 -0.2000
v -0.7500 1.8000 -0.3000
v -0.7500 2.8000 -0.3000
v -0.7500 1.9000 -0.4000
v -0.7500 1.8000 -0.4000
v -0.7500 2.0000 -0.4000
v -0.7500 2.1000 -0.4000
v -0.7500 2.2000 -0.4000
v -0.7500 2.3000 -0.4000
v -0.7500 2.4000 -0.4000
v -0.7500 2.5000 -0.4000
v -0.7500 2.6000 -0.4000
v -0.7500 2.7000 -0.4000
v -0.7500 2.8000 -0.4000
v -0.6500 1.8000 0.4000
v -0.6500 1.9000 0.4000
v -0.6500 1.8000 0.3000
v -0.6500 2.0000 0.4000
v -0.6500 2.1000 0.4000
v -0.6500 2.2000 0.4000
v -0.6500 2.3000 0.4000
v -0.6500 2.4000 0.4000
v -0.6500 2.5000 0.4000
v -0.6500 2.6000 0.4000
v -0.6500 2.7000 0.4000
v -0.6500 2.8000 0.4000
v -0.6500 2.8000 0.3000
v -0.6500 1.8000 0.2000
v -0.6500 2.8000 0.2000
v -0.6500 1.8000 0.1000
v -0.6500 2.8000 0.1000
v -0.6500 1.8000 0.0000
v -0.6500 2.8000 0.0000
v -0.6500 1.8000 -0.1000
v -0.6500 2.8000 -0.1000
v -0.6500 1.8000 -0.2000
v -0.6500 2.8000 -0.2000
v -0.6500 1.8000 -0.3000
v -0.6500 2.8000 -0.3000
v -0.6500 1.9000 -0.4000
v -0.6500 1.8000 -0.4000
v -0.6500 2.0000 -0.4000
v -0.6500 2.1000 -0.4000
v -0.6500 2.2000 -0.4000
v -0.6500 2.3000 -0.4000
v -0.6500 2.4000 -0.4000
v -0.6500 2.5000 -0.4000
v -0.6500 2.6000 -0.4000
v -0.6500 2.7000 -0.4000
v -0.6500 2.8000 -0.4000
v -0.5500 1.8000 0.4000
v -0.5500 1.9000 0.4000
v -0.5500 1.8000 0.3000
v -0.5500 2.0000 0.4000
v -0.5500 2.1000 0.4000
v -0.5500 2.2000 0.4000
v -0.5500 2.3000 0.4000
v -0.5500 2.4000 0.4000
v -0.5500 2.5000 0.4000
v -0.5500 2.6000 0.4000
v -0.5500 2.7000 0.4000
v -0.5500 2.8000 0.4000
v -0.5500 2.8000 0.3000
v -0.5500 1.8000 0.2000
v -0.5500 2.8000 0.2000
v -0.5500 1.8000 0.1000
v -0.5500 2.8000 0.1000
v -0.5500 1.8000 0.0000
v -0.5500 2.8000 0.0000
v -0.5500 1.8000 -0.1000
v -0.5500 2.8000 -0.1000
v -0.5500 1.8000 -0.2000
v -0.5500 2.8000 -0.2000
v -0.5500 1.8000 -0.3000
v -0.5500 2.8000 -0.3000
v -0.5500 1.9000 -0.4000
v -0.5500 1.8000 -0.4000
v -0.5500 2.0000 -0.4000
v -0.5500 2.1000 -0.4000
v -0.5500 2.2000 -0.4000
v -0.5500 2.3000 -0.4000
v -0.5500 2.4000 -0.4000
v -0.5500 2.5000 -0.4000
v -0.5500 2.6000 -0.4000
v -0.5500 2.7000 -0.4000
v -0.5500 2.8000 -0.4000
v -0.4500 1.8000 0.4000
v -0.4500 1.9000 0.4000
v -0.4500 1.8000 0.3000
v -0.4500 2.0000 0.4000
v -0.4500 2.1000 0.4000
v -0.4500 2.2000 0.4000
v -0.4500 2.3000 0.4000
v -0.4500 2.4000 0.4000
v -0.4500 2.5000 0.4000
v -0.4500 2.6000 0.4000
v -0.4500 2.7000 0.4000
v -0.4500 2.8000 0.4000
v -0.4500 2.8000 0.3000
v -0.4500 1.8000 0.2000
v -0.4500 2.8000 0.2000
v -0.4500 1.8000 0.1000
v -0.4500 2.8000 0.1000
v -0.4500 1.8000 0.0000
v -0.4500 2.8000 0.0000
v -0.4500 1.8000 -0.1000
v -0.4500 2.8000 -0.1000
v -0.4500 1.8000 -0.2000
v -0.4500 2.8000 -0.2000
v -0.4500 1.8000 -0.3000
v -0.4500 2.8000 -0.3000
v -0.4500 1.9000 -0.4000
v -0.4500 1.8000 -0.4000
v -0.4500 2.0000 -0.4000
v -0.4500 2.1000 -0.4000
v -0.4500 2.2000 -0.4000
v -0.4500 2.3000 -0.4000
v -0.4500 2.4000 -0.4000
v -0.4500 2.5000 -0.4000
v -0.4500 2.6000 -0.4000
v -0.4500 2.7000 -0.4000
v -0.4500 2.8000 -0.4000
v -0.3500 1.8000 0.4000
v -0.3500 1.9000 0.4000
v -0.3500 1.8000 0.3000
v -0.3500 2.0000 0.4000
v -0.3500 2.1000 0.4000
v -0.3500 2.2000 0.4000
v -0.3500 2.3000 0.4000
v -0.3500 2.4000 0.4000
v -0.3500 2.5000 0.4000
v -0.3500 2.6000 0.4000
v -0.3500 2.7000 0.4000
v -0.3500 2.8000 0.4000
v -0.3500 2.8000 0.3000
v -0.3500 1.8000 0.2000
v -0.3500 2.8000 0.2000
v -0.3500 1.8000 0.1000
v -0.3500 2.8000 0.1000
v -0.3500 1.8000 0.0000
v -0.3500 2.8000 0.0000
v -0.3500 1.8000 -0.1000
v -0.3500 2.8000 -0.1000
v -0.3500 1.8000 -0.2000
v -0.3500 2.8000 -0.2000
v -0.3500 1.8000 -0.3000
v -0.3500 2.8000 -0.3000
v -0.3500 1.9000 -0.4000
v -0.3500 1.8000 -0.4000
v -0.3500 2.0000 -0.4000
v -0.3500 2.1000 -0.4000
v -0.3500 2.2000 -0.4000
v -0.3500 2.3000 -0.4000
v -0.3500 2.4000 -0.4000
v -0.3500 2.5000 -0.4000
v -0.3500 2.6000 -0.4000
v -0.3500 2.7000 -0.4000
v -0.3500 2.8000 -0.4000
v -0.2500 1.8000 0.4000
v -0.2500 1.9000 0.4000
v -0.2500 1.8000 0.3000
v -0.2500 2.0000 0.4000
v -0.2500 2.1000 0.4000
v -0.2500 2.2000 0.4000
v -0.2500 2.3000 0.4000
v -0.2500 2.4000 0.4000
v -0.2500 2.5000 0.4000
v -0.2500 2.6000 0.4000
v -0.2500 2.7000 0.4000
v -0.2500 2.8000 0.4000
v -0.2500 2.8000 0.3000
v -0.2500 1.8000 0.2000
v -0.2500 2.8000 0.2000
v -0.2500 1.8000 0.1000
v -0.2500 2.8000 0.1000
v -0.2500 1.8000 0.0000
v -0.2500 2.8000 0.0000
v -0.2500 1.8000 -0.1000
v -0.2500 2.8000 -0.1000
v -0.2500 1.8000 -0.2000
v -0.2500 2.8000 -0.2000
v -0.2500 1.8000 -0.3000
v -0.2500 2.8000 -0.3000
v -0.2500 1.9000 -0.4000
v -0.2500 1.8000 -0.4000
v -0.2500 2.0000 -0.4000
v -0.2500 2.1000 -0.4000
v -0.2500 2.2000 -0.4000
v -0.2500 2.3000 -0.4000
v -0.2500 2.4000 -0.4000
v -0.2500 2.5000 -0.4000
v -0.2500 2.6000 -0.4000
v -0.2500 2.7000 -0.4000
v -0.2500 2.8000 -0.4000
v -0.1500 1.8000 0.4000
v -0.1500 1.9000 0.4000
v -0.1500 1.8000 0.3000
v -0.1500 2.0000 0.4000
v -0.1500 2.1000 0.4000
v -0.1500 2.2000 0.4000
v -0.1500 2.3000 0.4000
v -0.1500 2.4000 0.4000
v -0.1500 2.5000 0.4000
v -0.1500 2.6000 0.4000
v -0.1500 2.7000 0.4000
v -0.1500 2.8000 0.4000
v -0.1500 2.8000 0.3000
v -0.1500 1.8000 0.2000
v -0.1500 2.8000 0.2000
v -0.1500 1.8000 0.1000
v -0.1500 2.8000 0.1000
v -0.1500 1.8000 0.0000
v -0.1500 2.8000 0.0000
v -0.1500 1.8000 -0.1000
v -0.1500 2.8000 -0.1000
v -0.1500 1.8000 -0.2000
v -0.1500 2.8000 -0.2000
v -0.1500 1.8000 -0.3000
v -0.1500 2.8000 -0.3000
v -0.1500 1.9000 -0.4000
v -0.1500 1.8000 -0.4000
v -0.1500 2.0000 -0.4000
v -0.1500 2.1000 -0.4000
v -0.1500 2.2000 -0.4000
v -0.1500 2.3000 -0.4000
v -0.1500 2.4000 -0.4000
v -0.1500 2.5000 -0.4000
v -0.1500 2.6000 -0.4000
v -0.1500 2.7000 -0.4000
v -0.1500 2.8000 -0.4000
v -0.0500 1.8000 0.4000
v -0.0500 1.9000 0.4000
v -0.0500 1.8000 0.3000
v -0.0500 2.0000 0.4000
v -0.0500 2.1000 0.4000
v -0.0500 2.2000 0.4000
v -0.0500 2.3000 0.4000
v -0.0500 2.4000 0.4000
v -0.0500 2.5000 0.4000
v -0.0500 2.6000 0.4000
v -0.0500 2.7000 0.4000
v -0.0500 2.8000 0.4000
v -0.0500 2.8000 0.3000
v -0.0500 1.8000 0.2000
v -0.0500 2.8000 0.2000
v -0.0500 1.8000 0.1000
v -0.0500 2.8000 0.1000
v -0.0500 1.8000 0.0000
v -0.0500 2.8000 0.0000
v -0.0500 1.8000 -0.1000
v -0.0500 2.8000 -0.1000
v -0.0500 1.8000 -0.2000
v -0.0500 2.8000 -0.2000
v -0.0500 1.8000 -0.3000
v -0.0500 2.8000 -0.3000
v -0.0500 1.9000 -0.4000
v -0.0500 1.8000 -0.4000
v -0.0500 2.0000 -0.4000
v -0.0500 2.1000 -0.4000
v -0.0500 2.2000 -0.4000
v -0.0500 2.3000 -0.4000
v -0.0500 2.4000 -0.4000
v -0.0500 2.5000 -0.4000
v -0.0500 2.6000 -0.4000
v -0.0500 2.7000 -0.4000
v -0.0500 2.8000 -0.4000
v 0.0500 1.8000 0.4000
v 0.0500 1.9000 0.4000
v 0.0500 1.8000 0.3000
v 0.0500 2.0000 0.4000
v 0.0500 2.1000 0.4000
v 0.0500 2.2000 0.4000
v 0.0500 2.3000 0.4000
v 0.0500 2.4000 0.4000
v 0.0500 2.5000 0.4000
v 0.0500 2.6000 0.4000
v 0.0500 2.7000 0.4000
v 0.0500 2.8000 0.4000
v 0.0500 2.8000 0.3000
v 0.0500 1.8000 0.2000
v 0.0500 2.8000 0.2000
v 0.0500 1.8000 0.1000
v 0.0500 2.8000 0.1000
v 0.0500 1.8000 0.0000
v 0.0500 2.8000 0.0000
v 0.0500 1.8000 -0.1000
v 0.0500 2.8000 -0.1000
v 0.0500 1.8000 -0.2000
v 0.0500 2.8000 -0.2000
v 0.0500 1.8000 -0.3000
v 0.0500 2.8000 -0.3000
v 0.0500 1.9000 -0.4000
v 0.0500 1.8000 -0.4000
v 0.0500 2.0000 -0.4000
v 0.0500 2.1000 -0.4000
v 0.0500 2.2000 -0.4000
v 0.0500 2.3000 -0.4000
v 0.0500 2.4000 -0.4000
v 0.0500 2.5000 -0.4000
v 0.0500 2.6000 -0.4000
v 0.0500 2.7000 -0.4000
v 0.0500 2.8000 -0.4000
v 0.1500 1.8000 0.4000
v 0.1500 1.9000 0.4000
v 0.1500 1.8000 0.3000
v 0.1500 2.0000 0.4000
v 0.1500 2.1000 0.4000
v 0.1500 2.2000 0.4000
v 0.1500 2.3000 0.4000
v 0.1500 2.4000 0.4000
v 0.1500 2.5000 0.4000
v 0.1500 2.6000 0.4000
v 0.1500 2.7000 0.4000
v 0.1500 2.8000 0.4000
v 0.1500 2.8000 0.3000
v 0.1500 1.8000 0.2000
v 0.1500 2.8000 0.2000
v 0.1500 1.8000 0.1000
v 0.1500 2.8000 0.1000
v 0.1500 1.8000 0.0000
v 0.1500 2.8000 0.0000
v 0.1500 1.8000 -0.1000
v 0.1500 2.8000 -0.1000
v 0.1500 1.8000 -0.2000
v 0.1500 2.8000 -0.2000
v 0.1500 1.8000 -0.3000
v 0.1500 2.8000 -0.3000
v 0.1500 1.9000 -0.4000
v 0.1500 1.8000 -0.4000
v 0.1500 2.0000 -0.4000
v 0.1500 2.1000 -0.4000
v 0.1500 2.2000 -0.4000
v 0.1500 2.3000 -0.4000
v 0.1500 2.4000 -0.4000
v 0.1500 2.5000 -0.4000
v 0.1500 2.6000 -0.4000
v 0.1500 2.7000 -0.4000
v 0.1500 2.8000 -0.4000
v 0.2500 1.8000 0.4000
v 0.2500 1.9000 0.4000
v 0.2500 2.0000 0.4000
v 0.2500 2.1000 0.4000
v 0.2500 2.2000 0.4000
v 0.2500 2.3000 0.4000
v 0.2500 2.4000 0.4000
v 0.2500 2.5000 0.4000
v 0.2500 2.6000 0.4000
v 0.2500 2.7000 0.4000
v 0.2500 2.8000 0.4000
v 0.2500 2.8000 0.3000
v 0.2500 2.8000 0.2000
v 0.2500 2.8000 0.1000
v 0.2500 1.8000 0.0000
v 0.2500 1.8000 0.1000
v 0.2500 2.8000 0.0000
v 0.2500 1.8000 -0.1000
v 0.2500 2.8000 -0.1000
v 0.2500 2.8000 -0.2000
v 0.2500 2.8000 -0.3000
v 0.2500 1.9000 -0.4000
v 0.2500 1.8000 -0.4000
v 0.2500 2.0000 -0.4000
v 0.2500 2.1000 -0.4000
v 0.2500 2.2000 -0.4000
v 0.2500 2.3000 -0.4000
v 0.2500 2.4000 -0.4000
v 0.2500 2.5000 -0.4000
v 0.2500 2.6000 -0.4000
v 0.2500 2.7000 -0.4000
v 0.2500 2.8000 -0.4000
v 0.3500 1.8000 0.4000
v 0.3500 1.9000 0.4000
v 0.3500 2.0000 0.4000
v 0.3500 2.1000 0.4000
v 0.3500 2.2000 0.4000
v 0.3500 2.3000 0.4000
v 0.3500 2.4000 0.4000
v 0.3500 2.5000 0.4000
v 0.3500 2.6000 0.4000
v 0.3500 2.7000 0.4000
v 0.3500 2.8000 0.4000
v 0.3500 2.8000 0.3000
v 0.3500 2.8000 0.2000
v 0.3500 2.8000 0.1000
v 0.3500 1.8000 0.0000
v 0.3500 1.8000 0.1000
v 0.3500 2.8000 0.0000
v 0.3500 1.8000 -0.1000
v 0.3500 2.8000 -0.1000
v 0.3500 2.8000 -0.2000
v 0.3500 2.8000 -0.3000
v 0.3500 1.9000 -0.4000
v 0.3500 1.8000 -0.4000
v 0.3500 2.0000 -0.4000
v 0.3500 2.1000 -0.4000
v 0.3500 2.2000 -0.4000
v 0.3500 2.3000 -0.4000
v 0.3500 2.4000 -0.4000
v 0.3500 2.5000 -0.4000
v 0.3500 2.6000 -0.4000
v 0.3500 2.7000 -0.4000
v 0.3500 2.8000 -0.4000
v 0.4500 1.8000 0.4000
v 0.4500 1.9000 0.4000
v 0.4500 2.0000 0.4000
v 0.4500 2.1000 0.4000
v 0.4500 2.2000 0.4000
v 0.4500 2.3000 0.4000
v 0.4500 2.4000 0.4000
v 0.4500 2.5000 0.4000
v 0.4500 2.6000 0.4000
v 0.4500 2.7000 0.4000
v 0.4500 2.8000 0.4000
v 0.4500 2.8000 0.3000
v 0.4500 2.8000 0.2000
v 0.4500 2.8000 0.1000
v 0.4500 1.8000 0.0000
v 0.4500 1.8000 0.1000
v 0.4500 2.8000 0.0000
v 0.4500 1.8000 -0.1000
v 0.4500 2.8000 -0.1000
v 0.4500 2.8000 -0.2000
v 0.4500 2.8000 -0.3000
v 0.4500 1.9000 -0.4000
v 0.4500 1.8000 -0.4000
v 0.4500 2.0000 -0.4000
v 0.4500 2.1000 -0.4000
v 0.4500 2.2000 -0.4000
v 0.4500 2.3000 -0.4000
v 0.4500 2.4000 -0.4000
v 0.4500 2.5000 -0.4000
v 0.4500 2.6000 -0.4000
v 0.4500 2.7000 -0.4000
v 0.4500 2.8000 -0.4000
v 0.5500 1.8000 0.4000
v 0.5500 1.9000 0.4000
v 0.4500 1.8000 0.3000
v 0.5500 1.8000 0.3000
v 0.5500 2.0000 0.4000
v 0.5500 2.1000 0.4000
v 0.5500 2.2000 0.4000
v 0.5500 2.3000 0.4000
v 0.5500 2.4000 0.4000
v 0.5500 2.5000 0.4000
v 0.5500 2.6000 0.4000
v 0.5500 2.7000 0.4000
v 0.5500 2.8000 0.4000
v 0.5500 2.8000 0.3000
v 0.4500 1.8000 0.2000
v 0.5500 1.8000 0.2000
v 0.5500 2.8000 0.2000
v 0.5500 1.8000 0.1000
v 0.5500 1.8000 0.0000
v 0.5500 1.8000 -0.1000
v 0.4500 1.8000 -0.2000
v 0.5500 1.8000 -0.2000
v 0.4500 1.8000 -0.3000
v 0.5500 1.8000 -0.3000
v 0.5500 2.8000 -0.2000
v 0.5500 2.8000 -0.3000
v 0.5500 1.9000 -0.4000
v 0.5500 1.8000 -0.4000
v 0.5500 2.0000 -0.4000
v 0.5500 2.1000 -0.4000
v 0.5500 2.2000 -0.4000
v 0.5500 2.3000 -0.4000
v 0.5500 2.4000 -0.4000
v 0.5500 2.5000 -0.4000
v 0.5500 2.6000 -0.4000
v 0.5500 2.7000 -0.4000
v 0.5500 2.8000 -0.4000
v 0.6500 1.8000 0.4000
v 0.6500 1.9000 0.4000
v 0.6500 1.8000 0.3000
v 0.6500 2.0000 0.4000
v 0.6500 2.1000 0.4000
v 0.6500 2.2000 0.4000
v 0.6500 2.3000 0.4000
v 0.6500 2.4000 0.4000
v 0.6500 2.5000 0.4000
v 0.6500 2.6000 0.4000
v 0.6500 2.7000 0.4000
v 0.6500 2.8000 0.4000
v 0.6500 2.8000 0.3000
v 0.6500 1.8000 0.2000
v 0.6500 1.8000 0.1000
v 0.6500 1.8000 0.0000
v 0.6500 1.8000 -0.1000
v 0.6500 1.8000 -0.2000
v 0.6500 1.8000 -0.3000
v 0.6500 1.9000 -0.4000
v 0.6500 1.8000 -0.4000
v 0.6500 2.0000 -0.4000
v 0.6500 2.1000 -0.4000
v 0.6500 2.2000 -0.4000
v 0.6500 2.3000 -0.4000
v 0.6500 2.4000 -0.4000
v 0.6500 2.5000 -0.4000
v 0.6500 2.6000 -0.4000
v 0.6500 2.7000 -0.4000
v 0.6500 2.8000 -0.4000
v 0.6500 2.8000 -0.3000
v 0.7500 1.8000 0.4000
v 0.7500 1.9000 0.4000
v 0.7500 1.8000 0.3000
v 0.7500 2.0000 0.4000
v 0.7500 2.1000 0.4000
v 0.7500 2.2000 0.4000
v 0.7500 2.3000 0.4000
v 0.7500 2.4000 0.4000
v 0.7500 2.5000 0.4000
v 0.7500 2.6000 0.4000
v 0.7500 2.7000 0.4000
v 0.7500 2.8000 0.4000
v 0.7500 2.8000 0.3000
v 0.7500 1.8000 0.2000
v 0.7500 1.8000 0.1000
v 0.7500 1.8000 0.0000
v 0.7500 1.8000 -0.1000
v 0.7500 1.8000 -0.2000
v 0.7500 1.8000 -0.3000
v 0.7500 1.9000 -0.4000
v 0.7500 1.8000 -0.4000
v 0.7500 2.0000 -0.4000
v 0.7500 2.1000 -0.4000
v 0.7500 2.2000 -0.4000
v 0.7500 2.3000 -0.4000
v 0.7500 2.4000 -0.4000
v 0.7500 2.5000 -0.4000
v 0.7500 2.6000 -0.4000
v 0.7500 2.7000 -0.4000
v 0.7500 2.8000 -0.4000
v 0.7500 2.8000 -0.3000
v 0.8500 1.8000 0.4000
v 0.8500 1.8000 0.3000
v 0.8500 1.9000 0.3000
v 0.8500 1.9000 0.4000
v 0.8500 2.0000 0.3000
v 0.8500 2.0000 0.4000
v 0.8500 2.1000 0.3000
v 0.8500 2.1000 0.4000
v 0.8500 2.2000 0.3000
v 0.8500 2.2000 0.4000
v 0.8500 2.3000 0.3000
v 0.8500 2.3000 0.4000
v 0.8500 2.4000 0.3000
v 0.8500 2.4000 0.4000
v 0.8500 2.5000 0.3000
v 0.8500 2.5000 0.4000
v 0.8500 2.6000 0.3000
v 0.8500 2.6000 0.4000
v 0.8500 2.7000 0.3000
v 0.8500 2.7000 0.4000
v 0.8500 2.8000 0.3000
v 0.8500 2.8000 0.4000
v 0.8500 1.8000 0.2000
v 0.8500 1.9000 0.2000
v 0.8500 2.0000 0.2000
v 0.8500 2.1000 0.2000
v 0.8500 2.2000 0.2000
v 0.8500 2.3000 0.2000
v 0.8500 2.4000 0.2000
v 0.8500 1.8000 0.1000
v 0.8500 1.9000 0.1000
v 0.8500 2.0000 0.1000
v 0.8500 2.1000 0.1000
v 0.8500 2.2000 0.1000
v 0.8500 2.3000 0.1000
v 0.8500 2.4000 0.1000
v 0.8500 1.8000 0.0000
v 0.8500 1.9000 0.0000
v 0.8500 2.0000 0.0000
v 0.8500 2.1000 0.0000
v 0.8500 2.2000 0.0000
v 0.8500 2.3000 0.0000
v 0.8500 2.4000 0.0000
v 0.8500 1.8000 -0.1000
v 0.8500 1.9000 -0.1000
v 0.8500 2.0000 -0.1000
v 0.8500 2.1000 -0.1000
v 0.8500 2.2000 -0.1000
v 0.8500 2.3000 -0.1000
v 0.8500 2.4000 -0.1000
v 0.8500 1.8000 -0.2000
v 0.8500 1.9000 -0.2000
v 0.8500 2.0000 -0.2000
v 0.8500 2.1000 -0.2000
v 0.8500 2.2000 -0.2000
v 0.8500 2.3000 -0.2000
v 0.8500 2.4000 -0.2000
v 0.8500 1.8000 -0.3000
v 0.8500 1.9000 -0.3000
v 0.8500 2.0000 -0.3000
v 0.8500 2.1000 -0.3000
v 0.8500 2.2000 -0.3000
v 0.8500 2.3000 -0.3000
v 0.8500 2.4000 -0.3000
v 0.8500 1.8000 -0.4000
v 0.8500 1.9000 -0.4000
v 0.8500 2.0000 -0.4000
v 0.8500 2.1000 -0.4000
v 0.8500 2.2000 -0.4000
v 0.8500 2.3000 -0.4000
v 0.8500 2.4000 -0.4000
v 0.8500 2.5000 -0.4000
v 0.8500 2.5000 -0.3000
v 0.8500 2.6000 -0.4000
v 0.8500 2.6000 -0.3000
v 0.8500 2.7000 -0.4000
v 0.8500 2.7000 -0.3000
v 0.8500 2.8000 -0.4000
v 0.8500 2.8000 -0.3000
v 0.1500 0.0000 0.4000
v 0.1500 0.1000 0.4000
v 0.1500 0.1000 0.3000
v 0.1500 0.0000 0.3000
v 0.2500 0.0000 0.4000
v 0.2500 0.1000 0.4000
v 0.2500 0.0000 0.3000
v 0.1500 0.2000 0.4000
v 0.1500 0.2000 0.3000
v 0.2500 0.2000 0.4000
v 0.1500 0.3000 0.4000
v 0.1500 0.3000 0.3000
v 0.2500 0.3000 0.4000
v 0.1500 0.4000 0.4000
v 0.1500 0.4000 0.3000
v 0.2500 0.4000 0.4000
v 0.1500 0.5000 0.4000
v 0.1500 0.5000 0.3000
v 0.2500 0.5000 0.4000
v 0.1500 0.6000 0.4000
v 0.1500 0.6000 0.3000
v 0.2500 0.6000 0.4000
v 0.1500 0.7000 0.4000
v 0.1500 0.7000 0.3000
v 0.2500 0.7000 0.4000
v 0.1500 0.8000 0.4000
v 0.1500 0.8000 0.3000
v 0.2500 0.8000 0.4000
v 0.1500 0.9000 0.4000
v 0.1500 0.9000 0.3000
v 0.2500 0.9000 0.4000
v 0.1500 1.0000 0.4000
v 0.1500 1.0000 0.3000
v 0.2500 1.0000 0.4000
v 0.1500 1.1000 0.4000
v 0.1500 1.1000 0.3000
v 0.2500 1.1000 0.4000
v 0.1500 1.2000 0.4000
v 0.1500 1.2000 0.3000
v 0.2500 1.2000 0.4000
v 0.1500 1.3000 0.4000
v 0.1500 1.3000 0.3000
v 0.2500 1.3000 0.4000
v 0.1500 1.4000 0.4000
v 0.1500 1.4000 0.3000
v 0.2500 1.4000 0.4000
v 0.1500 1.5000 0.4000
v 0.1500 1.5000 0.3000
v 0.2500 1.5000 0.4000
v 0.1500 1.6000 0.4000
v 0.1500 1.6000 0.3000
v 0.2500 1.6000 0.4000
v 0.1500 1.7000 0.4000
v 0.1500 1.7000 0.3000
v 0.2500 1.7000 0.4000
v 0.1500 0.1000 0.2000
v 0.1500 0.0000 0.2000
v 0.2500 0.0000 0.2000
v 0.1500 0.2000 0.2000
v 0.1500 0.3000 0.2000
v 0.1500 0.4000 0.2000
v 0.1500 0.5000 0.2000
v 0.1500 0.6000 0.2000
v 0.1500 0.7000 0.2000
v 0.1500 0.8000 0.2000
v 0.1500 0.9000 0.2000
v 0.1500 1.0000 0.2000
v 0.1500 1.1000 0.2000
v 0.1500 1.2000 0.2000
v 0.1500 1.3000 0.2000
v 0.1500 1.4000 0.2000
v 0.1500 1.5000 0.2000
v 0.1500 1.6000 0.2000
v 0.1500 1.7000 0.2000
v 0.1500 0.1000 0.1000
v 0.1500 0.0000 0.1000
v 0.2500 0.1000 0.1000
v 0.2500 0.0000 0.1000
v 0.1500 0.2000 0.1000
v 0.2500 0.2000 0.1000
v 0.1500 0.3000 0.1000
v 0.2500 0.3000 0.1000
v 0.1500 0.4000 0.1000
v 0.2500 0.4000 0.1000
v 0.1500 0.5000 0.1000
v 0.2500 0.5000 0.1000
v 0.1500 0.6000 0.1000
v 0.2500 0.6000 0.1000
v 0.1500 0.7000 0.1000
v 0.2500 0.7000 0.1000
v 0.1500 0.8000 0.1000
v 0.2500 0.8000 0.1000
v 0.1500 0.9000 0.1000
v 0.2500 0.9000 0.1000
v 0.1500 1.0000 0.1000
v 0.2500 1.0000 0.1000
v 0.1500 1.1000 0.1000
v 0.2500 1.1000 0.1000
v 0.1500 1.2000 0.1000
v 0.2500 1.2000 0.1000
v 0.1500 1.3000 0.1000
v 0.2500 1.3000 0.1000
v 0.1500 1.4000 0.1000
v 0.2500 1.4000 0.1000
v 0.1500 1.5000 0.1000
v 0.2500 1.5000 0.1000
v 0.1500 1.6000 0.1000
v 0.2500 1.6000 0.1000
v 0.1500 1.7000 0.1000
v 0.2500 1.7000 0.1000
v 0.3500 0.0000 0.4000
v 0.3500 0.1000 0.4000
v 0.3500 0.0000 0.3000
v 0.3500 0.2000 0.4000
v 0.3500 0.3000 0.4000
v 0.3500 0.4000 0.4000
v 0.3500 0.5000 0.4000
v 0.3500 0.6000 0.4000
v 0.3500 0.7000 0.4000
v 0.3500 0.8000 0.4000
v 0.3500 0.9000 0.4000
v 0.3500 1.0000 0.4000
v 0.3500 1.1000 0.4000
v 0.3500 1.2000 0.4000
v 0.3500 1.3000 0.4000
v 0.3500 1.4000 0.4000
v 0.3500 1.5000 0.4000
v 0.3500 1.6000 0.4000
v 0.3500 1.7000 0.4000
v 0.3500 0.0000 0.2000
v 0.3500 0.1000 0.1000
v 0.3500 0.0000 0.1000
v 0.3500 0.2000 0.1000
v 0.3500 0.3000 0.1000
v 0.3500 0.4000 0.1000
v 0.3500 0.5000 0.1000
v 0.3500 0.6000 0.1000
v 0.3500 0.7000 0.1000
v 0.3500 0.8000 0.1000
v 0.3500 0.9000 0.1000
v 0.3500 1.0000 0.1000
v 0.3500 1.1000 0.1000
v 0.3500 1.2000 0.1000
v 0.3500 1.3000 0.1000
v 0.3500 1.4000 0.1000
v 0.3500 1.5000 0.1000
v 0.3500 1.6000 0.1000
v 0.3500 1.7000 0.1000
v 0.4500 0.0000 0.4000
v 0.4500 0.0000 0.3000
v 0.4500 0.1000 0.3000
v 0.4500 0.1000 0.4000
v 0.4500 0.2000 0.3000
v 0.4500 0.2000 0.4000
v 0.4500 0.3000 0.3000
v 0.4500 0.3000 0.4000
v 0.4500 0.4000 0.3000
v 0.4500 0.4000 0.4000
v 0.4500 0.5000 0.3000
v 0.4500 0.5000 0.4000
v 0.4500 0.6000 0.3000
v 0.4500 0.6000 0.4000
v 0.4500 0.7000 0.3000
v 0.4500 0.7000 0.4000
v 0.4500 0.8000 0.3000
v 0.4500 0.8000 0.4000
v 0.4500 0.9000 0.3000
v 0.4500 0.9000 0.4000
v 0.4500 1.0000 0.3000
v 0.4500 1.0000 0.4000
v 0.4500 1.1000 0.3000
v 0.4500 1.1000 0.4000
v 0.4500 1.2000 0.3000
v 0.4500 1.2000 0.4000
v 0.4500 1.3000 0.3000
v 0.4500 1.3000 0.4000
v 0.4500 1.4000 0.3000
v 0.4500 1.4000 0.4000
v 0.4500 1.5000 0.3000
v 0.4500 1.5000 0.4000
v 0.4500 1.6000 0.3000
v 0.4500 1.6000 0.4000
v 0.4500 1.7000 0.3000
v 0.4500 1.7000 0.4000
v 0.4500 0.0000 0.2000
v 0.4500 0.1000 0.2000
v 0.4500 0.2000 0.2000
v 0.4500 0.3000 0.2000
v 0.4500 0.4000 0.2000
v 0.4500 0.5000 0.2000
v 0.4500 0.6000 0.2000
v 0.4500 0.7000 0.2000
v 0.4500 0.8000 0.2000
v 0.4500 0.9000 0.2000
v 0.4500 1.0000 0.2000
v 0.4500 1.1000 0.2000
v 0.4500 1.2000 0.2000
v 0.4500 1.3000 0.2000
v 0.4500 1.4000 0.2000
v 0.4500 1.5000 0.2000
v 0.4500 1.6000 0.2000
v 0.4500 1.7000 0.2000
v 0.4500 0.0000 0.1000
v 0.4500 0.1000 0.1000
v 0.4500 0.2000 0.1000
v 0.4500 0.3000 0.1000
v 0.4500 0.4000 0.1000
v 0.4500 0.5000 0.1000
v 0.4500 0.6000 0.1000
v 0.4500 0.7000 0.1000
v 0.4500 0.8000 0.1000
v 0.4500 0.9000 0.1000
v 0.4500 1.0000 0.1000
v 0.4500 1.1000 0.1000
v 0.4500 1.2000 0.1000
v 0.4500 1.3000 0.1000
v 0.4500 1.4000 0.1000
v 0.4500 1.5000 0.1000
v 0.4500 1.6000 0.1000
v 0.4500 1.7000 0.1000
v 0.1500 0.0000 -0.1000
v 0.1500 0.1000 -0.1000
v 0.1500 0.1000 -0.2000
v 0.1500 0.0000 -0.2000
v 0.2500 0.0000 -0.1000
v 0.2500 0.1000 -0.1000
v 0.2500 0.0000 -0.2000
v 0.1500 0.2000 -0.1000
v 0.1500 0.2000 -0.2000
v 0.2500 0.2000 -0.1000
v 0.1500 0.3000 -0.1000
v 0.1500 0.3000 -0.2000
v 0.2500 0.3000 -0.1000
v 0.1500 0.4000 -0.1000
v 0.1500 0.4000 -0.2000
v 0.2500 0.4000 -0.1000
v 0.1500 0.5000 -0.1000
v 0.1500 0.5000 -0.2000
v 0.2500 0.5000 -0.1000
v 0.1500 0.6000 -0.1000
v 0.1500 0.6000 -0.2000
v 0.2500 0.6000 -0.1000
v 0.1500 0.7000 -0.1000
v 0.1500 0.7000 -0.2000
v 0.2500 0.7000 -0.1000
v 0.1500 0.8000 -0.1000
v 0.1500 0.8000 -0.2000
v 0.2500 0.8000 -0.1000
v 0.1500 0.9000 -0.1000
v 0.1500 0.9000 -0.2000
v 0.2500 0.9000 -0.1000
v 0.1500 1.0000 -0.1000
v 0.1500 1.0000 -0.2000
v 0.2500 1.0000 -0.1000
v 0.1500 1.1000 -0.1000
v 0.1500 1.1000 -0.2000
v 0.2500 1.1000 -0.1000
v 0.1500 1.2000 -0.1000
v 0.1500 1.2000 -0.2000
v 0.2500 1.2000 -0.1000
v 0.1500 1.3000 -0.1000
v 0.1500 1.3000 -0.2000
v 0.2500 1.3000 -0.1000
v 0.1500 1.4000 -0.1000
v 0.1500 1.4000 -0.2000
v 0.2500 1.4000 -0.1000
v 0.1500 1.5000 -0.1000
v 0.1500 1.5000 -0.2000
v 0.2500 1.5000 -0.1000
v 0.1500 1.6000 -0.1000
v 0.1500 1.6000 -0.2000
v 0.2500 1.6000 -0.1000
v 0.1500 1.7000 -0.1000
v 0.1500 1.7000 -0.2000
v 0.2500 1.7000 -0.1000
v 0.1500 0.1000 -0.3000
v 0.1500 0.0000 -0.3000
v 0.2500 0.0000 -0.3000
v 0.1500 0.2000 -0.3000
v 0.1500 0.3000 -0.3000
v 0.1500 0.4000 -0.3000
v 0.1500 0.5000 -0.3000
v 0.1500 0.6000 -0.3000
v 0.1500 0.7000 -0.3000
v 0.1500 0.8000 -0.3000
v 0.1500 0.9000 -0.3000
v 0.1500 1.0000 -0.3000
v 0.1500 1.1000 -0.3000
v 0.1500 1.2000 -0.3000
v 0.1500 1.3000 -0.3000
v 0.1500 1.4000 -0.3000
v 0.1500 1.5000 -0.3000
v 0.1500 1.6000 -0.3000
v 0.1500 1.7000 -0.3000
v 0.1500 0.1000 -0.4000
v 0.1500 0.0000 -0.4000
v 0.2500 0.1000 -0.4000
v 0.2500 0.0000 -0.4000
v 0.1500 0.2000 -0.4000
v 0.2500 0.2000 -0.4000
v 0.1500 0.3000 -0.4000
v 0.2500 0.3000 -0.4000
v 0.1500 0.4000 -0.4000
v 0.2500 0.4000 -0.4000
v 0.1500 0.5000 -0.4000
v 0.2500 0.5000 -0.4000
v 0.1500 0.6000 -0.4000
v 0.2500 0.6000 -0.4000
v 0.1500 0.7000 -0.4000
v 0.2500 0.7000 -0.4000
v 0.1500 0.8000 -0.4000
v 0.2500 0.8000 -0.4000
v 0.1500 0.9000 -0.4000
v 0.2500 0.9000 -0.4000
v 0.1500 1.0000 -0.4000
v 0.2500 1.0000 -0.4000
v 0.1500 1.1000 -0.4000
v 0.2500 1.1000 -0.4000
v 0.1500 1.2000 -0.4000
v 0.2500 1.2000 -0.4000
v 0.1500 1.3000 -0.4000
v 0.2500 1.3000 -0.4000
v 0.1500 1.4000 -0.4000
v 0.2500 1.4000 -0.4000
v 0.1500 1.5000 -0.4000
v 0.2500 1.5000 -0.4000
v 0.1500 1.6000 -0.4000
v 0.2500 1.6000 -0.4000
v 0.1500 1.7000 -0.4000
v 0.2500 1.7000 -0.4000
v 0.3500 0.0000 -0.1000
v 0.3500 0.1000 -0.1000
v 0.3500 0.0000 -0.2000
v 0.3500 0.2000 -0.1000
v 0.3500 0.3000 -0.1000
v 0.3500 0.4000 -0.1000
v 0.3500 0.5000 -0.1000
v 0.3500 0.6000 -0.1000
v 0.3500 0.7000 -0.1000
v 0.3500 0.8000 -0.1000
v 0.3500 0.9000 -0.1000
v 0.3500 1.0000 -0.1000
v 0.3500 1.1000 -0.1000
v 0.3500 1.2000 -0.1000
v 0.3500 1.3000 -0.1000
v 0.3500 1.4000 -0.1000
v 0.3500 1.5000 -0.1000
v 0.3500 1.6000 -0.1000
v 0.3500 1.7000 -0.1000
v 0.3500 0.0000 -0.3000
v 0.3500 0.1000 -0.4000
v 0.3500 0.0000 -0.4000
v 0.3500 0.2000 -0.4000
v 0.3500 0.3000 -0.4000
v 0.3500 0.4000 -0.4000
v 0.3500 0.5000 -0.4000
v 0.3500 0.6000 -0.4000
v 0.3500 0.7000 -0.4000
v 0.3500 0.8000 -0.4000
v 0.3500 0.9000 -0.4000
v 0.3500 1.0000 -0.4000
v 0.3500 1.1000 -0.4000
v 0.3500 1.2000 -0.4000
v 0.3500 1.3000 -0.4000
v 0.3500 1.4000 -0.4000
v 0.3500 1.5000 -0.4000
v 0.3500 1.6000 -0.4000
v 0.3500 1.7000 -0.4000
v 0.4500 0.0000 -0.1000
v 0.4500 0.0000 -0.2000
v 0.4500 0.1000 -0.2000
v 0.4500 0.1000 -0.1000
v 0.4500 0.2000 -0.2000
v 0.4500 0.2000 -0.1000
v 0.4500 0.3000 -0.2000
v 0.4500 0.3000 -0.1000
v 0.4500 0.4000 -0.2000
v 0.4500 0.4000 -0.1000
v 0.4500 0.5000 -0.2000
v 0.4500 0.5000 -0.1000
v 0.4500 0.6000 -0.2000
v 0.4500 0.6000 -0.1000
v 0.4500 0.7000 -0.2000
v 0.4500 0.7000 -0.1000
v 0.4500 0.8000 -0.2000
v 0.4500 0.8000 -0.1000
v 0.4500 0.9000 -0.2000
v 0.4500 0.9000 -0.1000
v 0.4500 1.0000 -0.2000
v 0.4500 1.0000 -0.1000
v 0.4500 1.1000 -0.2000
v 0.4500 1.1000 -0.1000
v 0.4500 1.2000 -0.2000
v 0.4500 1.2000 -0.1000
v 0.4500 1.3000 -0.2000
v 0.4500 1.3000 -0.1000
v 0.4500 1.4000 -0.2000
v 0.4500 1.4000 -0.1000
v 0.4500 1.5000 -0.2000
v 0.4500 1.5000 -0.1000
v 0.4500 1.6000 -0.2000
v 0.4500 1.6000 -0.1000
v 0.4500 1.7000 -0.2000
v 0.4500 1.7000 -0.1000
v 0.4500 0.0000 -0.3000
v 0.4500 0.1000 -0.3000
v 0.4500 0.2000 -0.3000
v 0.4500 0.3000 -0.3000
v 0.4500 0.4000 -0.3000
v 0.4500 0.5000 -0.3000
v 0.4500 0.6000 -0.3000
v 0.4500 0.7000 -0.3000
v 0.4500 0.8000 -0.3000
v 0.4500 0.9000 -0.3000
v 0.4500 1.0000 -0.3000
v 0.4500 1.1000 -0.3000
v 0.4500 1.2000 -0.3000
v 0.4500 1.3000 -0.3000
v 0.4500 1.4000 -0.3000
v 0.4500 1.5000 -0.3000
v 0.4500 1.6000 -0.3000
v 0.4500 1.7000 -0.3000
v 0.4500 0.0000 -0.4000
v 0.4500 0.1000 -0.4000
v 0.4500 0.2000 -0.4000
v 0.4500 0.3000 -0.4000
v 0.4500 0.4000 -0.4000
v 0.4500 0.5000 -0.4000
v 0.4500 0.6000 -0.4000
v 0.4500 0.7000 -0.4000
v 0.4500 0.8000 -0.4000
v 0.4500 0.9000 -0.4000
v 0.4500 1.0000 -0.4000
v 0.4500 1.1000 -0.4000
v 0.4500 1.2000 -0.4000
v 0.4500 1.3000 -0.4000
v 0.4500 1.4000 -0.4000
v 0.4500 1.5000 -0.4000
v 0.4500 1.6000 -0.4000
v 0.4500 1.7000 -0.4000
v -1.3500 0.0000 0.4000
v -1.3500 0.1000 0.4000
v -1.3500 0.1000 0.3000
v -1.3500 0.0000 0.3000
v -1.2500 0.0000 0.4000
v -1.2500 0.1000 0.4000
v -1.2500 0.0000 0.3000
v -1.3500 0.2000 0.4000
v -1.3500 0.2000 0.3000
v -1.2500 0.2000 0.4000
v -1.3500 0.3000 0.4000
v -1.3500 0.3000 0.3000
v -1.2500 0.3000 0.4000
v -1.3500 0.4000 0.4000
v -1.3500 0.4000 0.3000
v -1.2500 0.4000 0.4000
v -1.3500 0.5000 0.4000
v -1.3500 0.5000 0.3000
v -1.2500 0.5000 0.4000
v -1.3500 0.6000 0.4000
v -1.3500 0.6000 0.3000
v -1.2500 0.6000 0.4000
v -1.3500 0.7000 0.4000
v -1.3500 0.7000 0.3000
v -1.2500 0.7000 0.4000
v -1.3500 0.8000 0.4000
v -1.3500 0.8000 0.3000
v -1.2500 0.8000 0.4000
v -1.3500 0.9000 0.4000
v -1.3500 0.9000 0.3000
v -1.2500 0.9000 0.4000
v -1.3500 1.0000 0.4000
v -1.3500 1.0000 0.3000
v -1.2500 1.0000 0.4000
v -1.3500 1.1000 0.4000
v -1.3500 1.1000 0.3000
v -1.2500 1.1000 0.4000
v -1.3500 1.2000 0.4000
v -1.3500 1.2000 0.3000
v -1.2500 1.2000 0.4000
v -1.3500 1.3000 0.4000
v -1.3500 1.3000 0.3000
v -1.2500 1.3000 0.4000
v -1.3500 1.4000 0.4000
v -1.3500 1.4000 0.3000
v -1.2500 1.4000 0.4000
v -1.3500 1.5000 0.4000
v -1.3500 1.5000 0.3000
v -1.2500 1.5000 0.4000
v -1.3500 1.6000 0.4000
v -1.3500 1.6000 0.3000
v -1.2500 1.6000 0.4000
v -1.3500 1.7000 0.4000
v -1.3500 1.7000 0.3000
v -1.2500 1.7000 0.4000
v -1.3500 0.1000 0.2000
v -1.3500 0.0000 0.2000
v -1.2500 0.0000 0.2000
v -1.3500 0.2000 0.2000
v -1.3500 0.3000 0.2000
v -1.3500 0.4000 0.2000
v -1.3500 0.5000 0.2000
v -1.3500 0.6000 0.2000
v -1.3500 0.7000 0.2000
v -1.3500 0.8000 0.2000
v -1.3500 0.9000 0.2000
v -1.3500 1.0000 0.2000
v -1.3500 1.1000 0.2000
v -1.3500 1.2000 0.2000
v -1.3500 1.3000 0.2000
v -1.3500 1.4000 0.2000
v -1.3500 1.5000 0.2000
v -1.3500 1.6000 0.2000
v -1.3500 1.7000 0.2000
v -1.3500 0.1000 0.1000
v -1.3500 0.0000 0.1000
v -1.2500 0.1000 0.1000
v -1.2500 0.0000 0.1000
v -1.3500 0.2000 0.1000
v -1.2500 0.2000 0.1000
v -1.3500 0.3000 0.1000
v -1.2500 0.3000 0.1000
v -1.3500 0.4000 0.1000
v -1.2500 0.4000 0.1000
v -1.3500 0.5000 0.1000
v -1.2500 0.5000 0.1000
v -1.3500 0.6000 0.1000
v -1.2500 0.6000 0.1000
v -1.3500 0.7000 0.1000
v -1.2500 0.7000 0.1000
v -1.3500 0.8000 0.1000
v -1.2500 0.8000 0.1000
v -1.3500 0.9000 0.1000
v -1.2500 0.9000 0.1000
v -1.3500 1.0000 0.1000
v -1.2500 1.0000 0.1000
v -1.3500 1.1000 0.1000
v -1.2500 1.1000 0.1000
v -1.3500 1.2000 0.1000
v -1.2500 1.2000 0.1000
v -1.3500 1.3000 0.1000
v -1.2500 1.3000 0.1000
v -1.3500 1.4000 0.1000
v -1.2500 1.4000 0.1000
v -1.3500 1.5000 0.1000
v -1.2500 1.5000 0.1000
v -1.3500 1.6000 0.1000
v -1.2500 1.6000 0.1000
v -1.3500 1.7000 0.1000
v -1.2500 1.7000 0.1000
v -1.1500 0.0000 0.4000
v -1.1500 0.1000 0.4000
v -1.1500 0.0000 0.3000
v -1.1500 0.2000 0.4000
v -1.1500 0.3000 0.4000
v -1.1500 0.4000 0.4000
v -1.1500 0.5000 0.4000
v -1.1500 0.6000 0.4000
v -1.1500 0.7000 0.4000
v -1.1500 0.8000 0.4000
v -1.1500 0.9000 0.4000
v -1.1500 1.0000 0.4000
v -1.1500 1.1000 0.4000
v -1.1500 1.2000 0.4000
v -1.1500 1.3000 0.4000
v -1.1500 1.4000 0.4000
v -1.1500 1.5000 0.4000
v -1.1500 1.6000 0.4000
v -1.1500 1.7000 0.4000
v -1.1500 0.0000 0.2000
v -1.1500 0.1000 0.1000
v -1.1500 0.0000 0.1000
v -1.1500 0.2000 0.1000
v -1.1500 0.3000 0.1000
v -1.1500 0.4000 0.1000
v -1.1500 0.5000 0.1000
v -1.1500 0.6000 0.1000
v -1.1500 0.7000 0.1000
v -1.1500 0.8000 0.1000
v -1.1500 0.9000 0.1000
v -1.1500 1.0000 0.1000
v -1.1500 1.1000 0.1000
v -1.1500 1.2000 0.1000
v -1.1500 1.3000 0.1000
v -1.1500 1.4000 0.1000
v -1.1500 1.5000 0.1000
v -1.1500 1.6000 0.1000
v -1.1500 1.7000 0.1000
v -1.0500 0.0000 0.4000
v -1.0500 0.0000 0.3000
v -1.0500 0.1000 0.3000
v -1.0500 0.1000 0.4000
v -1.0500 0.2000 0.3000
v -1.0500 0.2000 0.4000
v -1.0500 0.3000 0.3000
v -1.0500 0.3000 0.4000
v -1.0500 0.4000 0.3000
v -1.0500 0.4000 0.4000
v -1.0500 0.5000 0.3000
v -1.0500 0.5000 0.4000
v -1.0500 0.6000 0.3000
v -1.0500 0.6000 0.4000
v -1.0500 0.7000 0.3000
v -1.0500 0.7000 0.4000
v -1.0500 0.8000 0.3000
v -1.0500 0.8000 0.4000
v -1.0500 0.9000 0.3000
v -1.0500 0.9000 0.4000
v -1.0500 1.0000 0.3000
v -1.0500 1.0000 0.4000
v -1.0500 1.1000 0.3000
v -1.0500 1.1000 0.4000
v -1.0500 1.2000 0.3000
v -1.0500 1.2000 0.4000
v -1.0500 1.3000 0.3000
v -1.0500 1.3000 0.4000
v -1.0500 1.4000 0.3000
v -1.0500 1.4000 0.4000
v -1.0500 1.5000 0.3000
v -1.0500 1.5000 0.4000
v -1.0500 1.6000 0.3000
v -1.0500 1.6000 0.4000
v -1.0500 1.7000 0.3000
v -1.0500 1.7000 0.4000
v -1.0500 0.0000 0.2000
v -1.0500 0.1000 0.2000
v -1.0500 0.2000 0.2000
v -1.0500 0.3000 0.2000
v -1.0500 0.4000 0.2000
v -1.0500 0.5000 0.2000
v -1.0500 0.6000 0.2000
v -1.0500 0.7000 0.2000
v -1.0500 0.8000 0.2000
v -1.0500 0.9000 0.2000
v -1.0500 1.0000 0.2000
v -1.0500 1.1000 0.2000
v -1.0500 1.2000 0.2000
v -1.0500 1.3000 0.2000
v -1.0500 1.4000 0.2000
v -1.0500 1.5000 0.2000
v -1.0500 1.6000 0.2000
v -1.0500 1.7000 0.2000
v -1.0500 0.0000 0.1000
v -1.0500 0.1000 0.1000
v -1.0500 0.2000 0.1000
v -1.0500 0.3000 0.1000
v -1.0500 0.4000 0.1000
v -1.0500 0.5000 0.1000
v -1.0500 0.6000 0.1000
v -1.0500 0.7000 0.1000
v -1.0500 0.8000 0.1000
v -1.0500 0.9000 0.1000
v -1.0500 1.0000 0.1000
v -1.0500 1.1000 0.1000
v -1.0500 1.2000 0.1000
v -1.0500 1.3000 0.1000
v -1.0500 1.4000 0.1000
v -1.0500 1.5000 0.1000
v -1.0500 1.6000 0.1000
v -1.0500 1.7000 0.1000
v -1.3500 0.0000 -0.1000
v -1.3500 0.1000 -0.1000
v -1.3500 0.1000 -0.2000
v -1.3500 0.0000 -0.2000
v -1.2500 0.0000 -0.1000
v -1.2500 0.1000 -0.1000
v -1.2500 0.0000 -0.2000
v -1.3500 0.2000 -0.1000
v -1.3500 0.2000 -0.2000
v -1.2500 0.2000 -0.1000
v -1.3500 0.3000 -0.1000
v -1.3500 0.3000 -0.2000
v -1.2500 0.3000 -0.1000
v -1.3500 0.4000 -0.1000
v -1.3500 0.4000 -0.2000
v -1.2500 0.4000 -0.1000
v -1.3500 0.5000 -0.1000
v -1.3500 0.5000 -0.2000
v -1.2500 0.5000 -0.1000
v -1.3500 0.6000 -0.1000
v -1.3500 0.6000 -0.2000
v -1.2500 0.6000 -0.1000
v -1.3500 0.7000 -0.1000
v -1.3500 0.7000 -0.2000
v -1.2500 0.7000 -0.1000
v -1.3500 0.8000 -0.1000
v -1.3500 0.8000 -0.2000
v -1.2500 0.8000 -0.1000
v -1.3500 0.9000 -0.1000
v -1.3500 0.9000 -0.2000
v -1.2500 0.9000 -0.1000
v -1.3500 1.0000 -0.1000
v -1.3500 1.0000 -0.2000
v -1.2500 1.0000 -0.1000
v -1.3500 1.1000 -0.1000
v -1.3500 1.1000 -0.2000
v -1.2500 1.1000 -0.1000
v -1.3500 1.2000 -0.1000
v -1.3500 1.2000 -0.2000
v -1.2500 1.2000 -0.1000
v -1.3500 1.3000 -0.1000
v -1.3500 1.3000 -0.2000
v -1.2500 1.3000 -0.1000
v -1.3500 1.4000 -0.1000
v -1.3500 1.4000 -0.2000
v -1.2500 1.4000 -0.1000
v -1.3500 1.5000 -0.1000
v -1.3500 1.5000 -0.2000
v -1.2500 1.5000 -0.1000
v -1.3500 1.6000 -0.1000
v -1.3500 1.6000 -0.2000
v -1.2500 1.6000 -0.1000
v -1.3500 1.7000 -0.1000
v -1.3500 1.7000 -0.2000
v -1.2500 1.7000 -0.1000
v -1.3500 0.1000 -0.3000
v -1.3500 0.0000 -0.3000
v -1.2500 0.0000 -0.3000
v -1.3500 0.2000 -0.3000
v -1.3500 0.3000 -0.3000
v -1.3500 0.4000 -0.3000
v -1.3500 0.5000 -0.3000
v -1.3500 0.6000 -0.3000
v -1.3500 0.7000 -0.3000
v -1.3500 0.8000 -0.3000
v -1.3500 0.9000 -0.3000
v -1.3500 1.0000 -0.3000
v -1.3500 1.1000 -0.3000
v -1.3500 1.2000 -0.3000
v -1.3500 1.3000 -0.3000
v -1.3500 1.4000 -0.3000
v -1.3500 1.5000 -0.3000
v -1.3500 1.6000 -0.3000
v -1.3500 1.7000 -0.3000
v -1.3500 0.1000 -0.4000
v -1.3500 0.0000 -0.4000
v -1.2500 0.1000 -0.4000
v -1.2500 0.0000 -0.4000
v -1.3500 0.2000 -0.4000
v -1.2500 0.2000 -0.4000
v -1.3500 0.3000 -0.4000
v -1.2500 0.3000 -0.4000
v -1.3500 0.4000 -0.4000
v -1.2500 0.4000 -0.4000
v -1.3500 0.5000 -0.4000
v -1.2500 0.5000 -0.4000
v -1.3500 0.6000 -0.4000
v -1.2500 0.6000 -0.4000
v -1.3500 0.7000 -0.4000
v -1.2500 0.7000 -0.4000
v -1.3500 0.8000 -0.4000
v -1.2500 0.8000 -0.4000
v -1.3500 0.9000 -0.4000
v -1.2500 0.9000 -0.4000
v -1.3500 1.0000 -0.4000
v -1.2500 1.0000 -0.4000
v -1.3500 1.1000 -0.4000
v -1.2500 1.1000 -0.4000
v -1.3500 1.2000 -0.4000
v -1.2500 1.2000 -0.4000
v -1.3500 1.3000 -0.4000
v -1.2500 1.3000 -0.4000
v -1.3500 1.4000 -0.4000
v -1.2500 1.4000 -0.4000
v -1.3500 1.5000 -0.4000
v -1.2500 1.5000 -0.4000
v -1.3500 1.6000 -0.4000
v -1.2500 1.6000 -0.4000
v -1.3500 1.7000 -0.4000
v -1.2500 1.7000 -0.4000
v -1.1500 0.0000 -0.1000
v -1.1500 0.1000 -0.1000
v -1.1500 0.0000 -0.2000
v -1.1500 0.2000 -0.1000
v -1.1500 0.3000 -0.1000
v -1.1500 0.4000 -0.1000
v -1.1500 0.5000 -0.1000
v -1.1500 0.6000 -0.1000
v -1.1500 0.7000 -0.1000
v -1.1500 0.8000 -0.1000
v -1.1500 0.9000 -0.1000
v -1.1500 1.0000 -0.1000
v -1.1500 1.1000 -0.1000
v -1.1500 1.2000 -0.1000
v -1.1500 1.3000 -0.1000
v -1.1500 1.4000 -0.1000
v -1.1500 1.5000 -0.1000
v -1.1500 1.6000 -0.1000
v -1.1500 1.7000 -0.1000
v -1.1500 0.0000 -0.3000
v -1.1500 0.1000 -0.4000
v -1.1500 0.0000 -0.4000
v -1.1500 0.2000 -0.4000
v -1.1500 0.3000 -0.4000
v -1.1500 0.4000 -0.4000
v -1.1500 0.5000 -0.4000
v -1.1500 0.6000 -0.4000
v -1.1500 0.7000 -0.4000
v -1.1500 0.8000 -0.4000
v -1.1500 0.9000 -0.4000
v -1.1500 1.0000 -0.4000
v -1.1500 1.1000 -0.4000
v -1.1500 1.2000 -0.4000
v -1.1500 1.3000 -0.4000
v -1.1500 1.4000 -0.4000
v -1.1500 1.5000 -0.4000
v -1.1500 1.6000 -0.4000
v -1.1500 1.7000 -0.4000
v -1.0500 0.0000 -0.1000
v -1.0500 0.0000 -0.2000
v -1.0500 0.1000 -0.2000
v -1.0500 0.1000 -0.1000
v -1.0500 0.2000 -0.2000
v -1.0500 0.2000 -0.1000
v -1.0500 0.3000 -0.2000
v -1.0500 0.3000 -0.1000
v -1.0500 0.4000 -0.2000
v -1.0500 0.4000 -0.1000
v -1.0500 0.5000 -0.2000
v -1.0500 0.5000 -0.1000
v -1.0500 0.6000 -0.2000
v -1.0500 0.6000 -0.1000
v -1.0500 0.7000 -0.2000
v -1.0500 0.7000 -0.1000
v -1.0500 0.8000 -0.2000
v -1.0500 0.8000 -0.1000
v -1.0500 0.9000 -0.2000
v -1.0500 0.9000 -0.1000
v -1.0500 1.0000 -0.2000
v -1.0500 1.0000 -0.1000
v -1.0500 1.1000 -0.2000
v -1.0500 1.1000 -0.1000
v -1.0500 1.2000 -0.2000
v -1.0500 1.2000 -0.1000
v -1.0500 1.3000 -0.2000
v -1.0500 1.3000 -0.1000
v -1.0500 1.4000 -0.2000
v -1.0500 1.4000 -0.1000
v -1.0500 1.5000 -0.2000
v -1.0500 1.5000 -0.1000
v -1.0500 1.6000 -0.2000
v -1.0500 1.6000 -0.1000
v -1.0500 1.7000 -0.2000
v -1.0500 1.7000 -0.1000
v -1.0500 0.0000 -0.3000
v -1.0500 0.1000 -0.3000
v -1.0500 0.2000 -0.3000
v -1.0500 0.3000 -0.3000
v -1.0500 0.4000 -0.3000
v -1.0500 0.5000 -0.3000
v -1.0500 0.6000 -0.3000
v -1.0500 0.7000 -0.3000
v -1.0500 0.8000 -0.3000
v -1.0500 0.9000 -0.3000
v -1.0500 1.0000 -0.3000
v -1.0500 1.1000 -0.3000
v -1.0500 1.2000 -0.3000
v -1.0500 1.3000 -0.3000
v -1.0500 1.4000 -0.3000
v -1.0500 1.5000 -0.3000
v -1.0500 1.6000 -0.3000
v -1.0500 1.7000 -0.3000
v -1.0500 0.0000 -0.4000
v -1.0500 0.1000 -0.4000
v -1.0500 0.2000 -0.4000
v -1.0500 0.3000 -0.4000
v -1.0500 0.4000 -0.4000
v -1.0500 0.5000 -0.4000
v -1.0500 0.6000 -0.4000
v -1.0500 0.7000 -0.4000
v -1.0500 0.8000 -0.4000
v -1.0500 0.9000 -0.4000
v -1.0500 1.0000 -0.4000
v -1.0500 1.1000 -0.4000
v -1.0500 1.2000 -0.4000
v -1.0500 1.3000 -0.4000
v -1.0500 1.4000 -0.4000
v -1.0500 1.5000 -0.4000
v -1.0500 1.6000 -0.4000
v -1.0500 1.7000 -0.4000
v 0.5500 2.9000 0.3000
v 0.5500 2.9000 0.2000
v 0.6500 2.9000 0.3000
v 0.5500 3.0000 0.3000
v 0.5500 3.0000 0.2000
v 0.6500 3.0000 0.3000
v 0.5500 3.1000 0.3000
v 0.5500 3.1000 0.2000
v 0.6500 3.1000 0.3000
v 0.6500 3.1000 0.2000
v 0.5500 2.9000 -0.2000
v 0.5500 2.9000 -0.3000
v 0.6500 2.9000 -0.3000
v 0.5500 3.0000 -0.2000
v 0.5500 3.0000 -0.3000
v 0.6500 3.0000 -0.3000
v 0.5500 3.1000 -0.2000
v 0.5500 3.1000 -0.3000
v 0.6500 3.1000 -0.3000
v 0.6500 3.1000 -0.2000
v 0.7500 2.9000 0.3000
v 0.7500 3.0000 0.3000
v 0.7500 3.1000 0.3000
v 0.7500 3.1000 0.2000
v 0.7500 2.9000 -0.3000
v 0.7500 3.0000 -0.3000
v 0.7500 3.1000 -0.3000
v 0.7500 3.1000 -0.2000
v 0.8500 2.9000 0.3000
v 0.8500 3.0000 0.3000
v 0.8500 3.1000 0.3000
v 0.8500 2.9000 -0.3000
v 0.8500 3.0000 -0.3000
v 0.8500 3.1000 -0.3000
v 0.9500 2.4000 0.3000
v 0.9500 2.4000 0.2000
v 0.9500 2.5000 0.2000
v 0.9500 2.5000 0.3000
v 0.9500 2.6000 0.2000
v 0.9500 2.6000 0.3000
v 0.9500 2.7000 0.2000
v 0.9500 2.7000 0.3000
v 0.9500 2.8000 0.2000
v 0.9500 2.8000 0.3000
v 0.9500 2.9000 0.3000
v 0.9500 3.0000 0.3000
v 0.9500 3.1000 0.3000
v 0.9500 2.4000 0.1000
v 0.9500 2.5000 0.1000
v 0.9500 2.6000 0.1000
v 0.9500 2.7000 0.1000
v 0.9500 2.8000 0.1000
v 0.9500 2.4000 0.0000
v 0.9500 2.5000 0.0000
v 0.9500 2.6000 0.0000
v 0.9500 2.7000 0.0000
v 0.9500 2.8000 0.0000
v 0.9500 2.4000 -0.1000
v 0.9500 2.5000 -0.1000
v 0.9500 2.6000 -0.1000
v 0.9500 2.7000 -0.1000
v 0.9500 2.8000 -0.1000
v 0.9500 2.4000 -0.2000
v 0.9500 2.5000 -0.2000
v 0.9500 2.6000 -0.2000
v 0.9500 2.7000 -0.2000
v 0.9500 2.8000 -0.2000
v 0.9500 2.4000 -0.3000
v 0.9500 2.5000 -0.3000
v 0.9500 2.6000 -0.3000
v 0.9500 2.7000 -0.3000
v 0.9500 2.8000 -0.3000
v 0.9500 2.9000 -0.3000
v 0.9500 3.0000 -0.3000
v 0.9500 3.1000 -0.3000
v 0.7500 3.2000 0.3000
v 0.7500 3.2000 0.2000
v 0.8500 3.2000 0.3000
v 0.7500 3.3000 0.3000
v 0.7500 3.3000 0.2000
v 0.8500 3.3000 0.3000
v 0.7500 3.4000 0.3000
v 0.7500 3.4000 0.2000
v 0.8500 3.4000 0.3000
v 0.8500 3.4000 0.2000
v 0.8500 3.4000 0.1000
v 0.7500 3.4000 0.1000
v 0.8500 3.4000 0.0000
v 0.7500 3.4000 0.0000
v 0.8500 3.4000 -0.1000
v 0.7500 3.4000 -0.1000
v 0.8500 3.4000 -0.2000
v 0.7500 3.4000 -0.2000
v 0.7500 3.2000 -0.2000
v 0.7500 3.2000 -0.3000
v 0.8500 3.2000 -0.3000
v 0.7500 3.3000 -0.2000
v 0.7500 3.3000 -0.3000
v 0.8500 3.3000 -0.3000
v 0.7500 3.4000 -0.3000
v 0.8500 3.4000 -0.3000
v 0.9500 3.2000 0.3000
v 0.9500 3.3000 0.3000
v 0.9500 3.4000 0.3000
v 0.9500 3.4000 0.2000
v 0.9500 3.2000 -0.3000
v 0.9500 3.3000 -0.3000
v 0.9500 3.4000 -0.3000
v 0.9500 3.4000 -0.2000
v 1.0500 2.8000 0.3000
v 1.0500 2.9000 0.3000
v 1.0500 2.8000 0.2000
v 1.0500 3.0000 0.3000
v 1.0500 3.1000 0.3000
v 1.0500 3.2000 0.3000
v 1.0500 3.3000 0.3000
v 1.0500 3.4000 0.3000
v 1.0500 3.4000 0.2000
v 1.0500 2.8000 0.1000
v 1.0500 2.8000 0.0000
v 1.0500 2.8000 -0.1000
v 1.0500 2.8000 -0.2000
v 1.0500 2.9000 -0.3000
v 1.0500 2.8000 -0.3000
v 1.0500 3.0000 -0.3000
v 1.0500 3.1000 -0.3000
v 1.0500 3.2000 -0.3000
v 1.0500 3.3000 -0.3000
v 1.0500 3.4000 -0.3000
v 1.0500 3.4000 -0.2000
v 1.1500 2.8000 0.3000
v 1.1500 2.9000 0.3000
v 1.1500 2.8000 0.2000
v 1.1500 3.0000 0.3000
v 1.1500 3.1000 0.3000
v 1.1500 3.2000 0.3000
v 1.1500 3.3000 0.3000
v 1.1500 3.4000 0.3000
v 1.1500 2.8000 0.1000
v 1.1500 2.8000 0.0000
v 1.1500 2.8000 -0.1000
v 1.1500 2.8000 -0.2000
v 1.1500 2.9000 -0.3000
v 1.1500 2.8000 -0.3000
v 1.1500 3.0000 -0.3000
v 1.1500 3.1000 -0.3000
v 1.1500 3.2000 -0.3000
v 1.1500 3.3000 -0.3000
v 1.1500 3.4000 -0.3000
v 1.2500 2.8000 0.3000
v 1.2500 2.8000 0.2000
v 1.2500 2.9000 0.2000
v 1.2500 2.9000 0.3000
v 1.2500 3.0000 0.2000
v 1.2500 3.0000 0.3000
v 1.2500 3.1000 0.3000
v 1.2500 3.2000 0.3000
v 1.2500 3.3000 0.3000
v 1.2500 3.4000 0.3000
v 1.2500 2.8000 0.1000
v 1.2500 2.9000 0.1000
v 1.2500 3.0000 0.1000
v 1.2500 2.8000 0.0000
v 1.2500 2.9000 0.0000
v 1.2500 3.0000 0.0000
v 1.2500 2.8000 -0.1000
v 1.2500 2.9000 -0.1000
v 1.2500 3.0000 -0.1000
v 1.2500 2.8000 -0.2000
v 1.2500 2.9000 -0.2000
v 1.2500 3.0000 -0.2000
v 1.2500 2.8000 -0.3000
v 1.2500 2.9000 -0.3000
v 1.2500 3.0000 -0.3000
v 1.2500 3.1000 -0.3000
v 1.2500 3.2000 -0.3000
v 1.2500 3.3000 -0.3000
v 1.2500 3.4000 -0.3000
v 1.0500 3.5000 0.3000
v 1.0500 3.5000 0.2000
v 1.1500 3.5000 0.3000
v 1.0500 3.6000 0.3000
v 1.0500 3.6000 0.2000
v 1.1500 3.6000 0.3000
v 1.1500 3.6000 0.2000
v 1.0500 3.5000 -0.2000
v 1.0500 3.5000 -0.3000
v 1.1500 3.5000 -0.3000
v 1.0500 3.6000 -0.2000
v 1.0500 3.6000 -0.3000
v 1.1500 3.6000 -0.3000
v 1.1500 3.6000 -0.2000
v 1.2500 3.5000 0.3000
v 1.2500 3.6000 0.3000
v 1.2500 3.6000 0.2000
v 1.2500 3.6000 0.1000
v 1.1500 3.6000 0.1000
v 1.2500 3.6000 0.0000
v 1.1500 3.6000 0.0000
v 1.2500 3.6000 -0.1000
v 1.1500 3.6000 -0.1000
v 1.2500 3.6000 -0.2000
v 1.2500 3.5000 -0.3000
v 1.2500 3.6000 -0.3000
v 1.3500 3.0000 0.3000
v 1.3500 3.1000 0.3000
v 1.3500 3.0000 0.2000
v 1.3500 3.2000 0.3000
v 1.3500 3.3000 0.3000
v 1.3500 3.4000 0.3000
v 1.3500 3.5000 0.3000
v 1.3500 3.6000 0.3000
v 1.3500 3.0000 0.1000
v 1.3500 3.0000 0.0000
v 1.3500 3.6000 0.1000
v 1.3500 3.6000 0.0000
v 1.3500 3.0000 -0.1000
v 1.3500 3.6000 -0.1000
v 1.3500 3.0000 -0.2000
v 1.3500 3.1000 -0.3000
v 1.3500 3.0000 -0.3000
v 1.3500 3.2000 -0.3000
v 1.3500 3.3000 -0.3000
v 1.3500 3.4000 -0.3000
v 1.3500 3.5000 -0.3000
v 1.3500 3.6000 -0.3000
v 1.4500 3.0000 0.3000
v 1.4500 3.1000 0.3000
v 1.4500 3.0000 0.2000
v 1.4500 3.2000 0.3000
v 1.4500 3.3000 0.3000
v 1.4500 3.4000 0.3000
v 1.4500 3.5000 0.3000
v 1.4500 3.6000 0.3000
v 1.4500 3.0000 0.1000
v 1.4500 3.0000 0.0000
v 1.4500 3.6000 0.1000
v 1.4500 3.6000 0.0000
v 1.4500 3.0000 -0.1000
v 1.4500 3.6000 -0.1000
v 1.4500 3.0000 -0.2000
v 1.4500 3.1000 -0.3000
v 1.4500 3.0000 -0.3000
v 1.4500 3.2000 -0.3000
v 1.4500 3.3000 -0.3000
v 1.4500 3.4000 -0.3000
v 1.4500 3.5000 -0.3000
v 1.4500 3.6000 -0.3000
v 1.5500 3.0000 0.3000
v 1.5500 3.1000 0.3000
v 1.5500 3.0000 0.2000
v 1.5500 3.2000 0.3000
v 1.5500 3.3000 0.3000
v 1.5500 3.4000 0.3000
v 1.5500 3.5000 0.3000
v 1.5500 3.6000 0.3000
v 1.5500 3.6000 0.2000
v 1.4500 3.6000 0.2000
v 1.5500 3.0000 0.1000
v 1.5500 3.6000 0.1000
v 1.5500 3.0000 0.0000
v 1.5500 3.6000 0.0000
v 1.5500 3.0000 -0.1000
v 1.5500 3.6000 -0.1000
v 1.5500 3.0000 -0.2000
v 1.5500 3.6000 -0.2000
v 1.4500 3.6000 -0.2000
v 1.5500 3.1000 -0.3000
v 1.5500 3.0000 -0.3000
v 1.5500 3.2000 -0.3000
v 1.5500 3.3000 -0.3000
v 1.5500 3.4000 -0.3000
v 1.5500 3.5000 -0.3000
v 1.5500 3.6000 -0.3000
v 1.6500 3.0000 0.3000
v 1.6500 3.1000 0.3000
v 1.6500 3.0000 0.2000
v 1.6500 3.2000 0.3000
v 1.6500 3.3000 0.3000
v 1.6500 3.4000 0.3000
v 1.6500 3.5000 0.3000
v 1.6500 3.6000 0.3000
v 1.6500 3.6000 0.2000
v 1.6500 3.0000 0.1000
v 1.6500 3.6000 0.1000
v 1.6500 3.0000 0.0000
v 1.6500 3.6000 0.0000
v 1.6500 3.0000 -0.1000
v 1.6500 3.6000 -0.1000
v 1.6500 3.0000 -0.2000
v 1.6500 3.6000 -0.2000
v 1.6500 3.1000 -0.3000
v 1.6500 3.0000 -0.3000
v 1.6500 3.2000 -0.3000
v 1.6500 3.3000 -0.3000
v 1.6500 3.4000 -0.3000
v 1.6500 3.5000 -0.3000
v 1.6500 3.6000 -0.3000
v 1.7500 3.0000 0.3000
v 1.7500 3.1000 0.3000
v 1.7500 3.0000 0.2000
v 1.7500 3.2000 0.3000
v 1.7500 3.3000 0.3000
v 1.7500 3.4000 0.3000
v 1.7500 3.5000 0.3000
v 1.7500 3.6000 0.3000
v 1.7500 3.6000 0.2000
v 1.7500 3.0000 0.1000
v 1.7500 3.6000 0.1000
v 1.7500 3.0000 0.0000
v 1.7500 3.6000 0.0000
v 1.7500 3.0000 -0.1000
v 1.7500 3.6000 -0.1000
v 1.7500 3.0000 -0.2000
v 1.7500 3.6000 -0.2000
v 1.7500 3.1000 -0.3000
v 1.7500 3.0000 -0.3000
v 1.7500 3.2000 -0.3000
v 1.7500 3.3000 -0.3000
v 1.7500 3.4000 -0.3000
v 1.7500 3.5000 -0.3000
v 1.7500 3.6000 -0.3000
v 1.8500 3.0000 0.3000
v 1.8500 3.0000 0.2000
v 1.8500 3.1000 0.2000
v 1.8500 3.1000 0.3000
v 1.8500 3.2000 0.2000
v 1.8500 3.2000 0.3000
v 1.8500 3.3000 0.2000
v 1.8500 3.3000 0.3000
v 1.8500 3.4000 0.2000
v 1.8500 3.4000 0.3000
v 1.8500 3.5000 0.2000
v 1.8500 3.5000 0.3000
v 1.8500 3.6000 0.2000
v 1.8500 3.6000 0.3000
v 1.8500 3.0000 0.1000
v 1.8500 3.1000 0.1000
v 1.8500 3.2000 0.1000
v 1.8500 3.3000 0.1000
v 1.8500 3.4000 0.1000
v 1.8500 3.5000 0.1000
v 1.8500 3.6000 0.1000
v 1.8500 3.0000 0.0000
v 1.8500 3.1000 0.0000
v 1.8500 3.2000 0.0000
v 1.8500 3.3000 0.0000
v 1.8500 3.4000 0.0000
v 1.8500 3.5000 0.0000
v 1.8500 3.6000 0.0000
v 1.8500 3.0000 -0.1000
v 1.8500 3.1000 -0.1000
v 1.8500 3.2000 -0.1000
v 1.8500 3.3000 -0.1000
v 1.8500 3.4000 -0.1000
v 1.8500 3.5000 -0.1000
v 1.8500 3.6000 -0.1000
v 1.8500 3.0000 -0.2000
v 1.8500 3.1000 -0.2000
v 1.8500 3.2000 -0.2000
v 1.8500 3.3000 -0.2000
v 1.8500 3.4000 -0.2000
v 1.8500 3.5000 -0.2000
v 1.8500 3.6000 -0.2000
v 1.8500 3.0000 -0.3000
v 1.8500 3.1000 -0.3000
v 1.8500 3.2000 -0.3000
v 1.8500 3.3000 -0.3000
v 1.8500 3.4000 -0.3000
v 1.8500 3.5000 -0.3000
v 1.8500 3.6000 -0.3000
v 0.4500 2.9000 0.2000
v 0.4500 2.9000 0.1000
v 0.4500 3.0000 0.2000
v 0.4500 3.0000 0.1000
v 0.4500 3.1000 0.2000
v 0.4500 3.1000 0.1000
v 0.4500 3.2000 0.2000
v 0.4500 3.2000 0.1000
v 0.5500 3.2000 0.2000
v 0.5500 3.2000 0.1000
v 0.4500 2.9000 0.0000
v 0.4500 3.0000 0.0000
v 0.4500 3.1000 0.0000
v 0.4500 3.2000 0.0000
v 0.5500 3.2000 0.0000
v 0.4500 2.9000 -0.1000
v 0.4500 3.0000 -0.1000
v 0.4500 3.1000 -0.1000
v 0.4500 3.2000 -0.1000
v 0.5500 3.2000 -0.1000
v 0.4500 2.9000 -0.2000
v 0.4500 3.0000 -0.2000
v 0.4500 3.1000 -0.2000
v 0.4500 3.2000 -0.2000
v 0.5500 3.2000 -0.2000
v 0.6500 3.2000 0.2000
v 0.6500 3.2000 0.1000
v 0.6500 3.2000 0.0000
v 0.6500 3.2000 -0.1000
v 0.6500 3.2000 -0.2000
v 0.6500 3.3000 0.2000
v 0.6500 3.3000 0.1000
v 0.6500 3.4000 0.2000
v 0.6500 3.4000 0.1000
v 0.6500 3.3000 0.0000
v 0.6500 3.4000 0.0000
v 0.6500 3.3000 -0.1000
v 0.6500 3.4000 -0.1000
v 0.6500 3.3000 -0.2000
v 0.6500 3.4000 -0.2000
v 0.8500 3.5000 0.2000
v 0.8500 3.5000 0.1000
v 0.9500 3.5000 0.2000
v 0.8500 3.6000 0.2000
v 0.8500 3.6000 0.1000
v 0.9500 3.6000 0.2000
v 0.8500 3.7000 0.2000
v 0.8500 3.7000 0.1000
v 0.9500 3.7000 0.2000
v 0.9500 3.7000 0.1000
v 0.8500 3.5000 0.0000
v 0.8500 3.6000 0.0000
v 0.8500 3.7000 0.0000
v 0.9500 3.7000 0.0000
v 0.8500 3.5000 -0.1000
v 0.8500 3.6000 -0.1000
v 0.8500 3.7000 -0.1000
v 0.9500 3.7000 -0.1000
v 0.8500 3.5000 -0.2000
v 0.9500 3.5000 -0.2000
v 0.8500 3.6000 -0.2000
v 0.9500 3.6000 -0.2000
v 0.8500 3.7000 -0.2000
v 0.9500 3.7000 -0.2000
v 1.0500 3.7000 0.2000
v 1.0500 3.7000 0.1000
v 1.0500 3.7000 0.0000
v 1.0500 3.7000 -0.1000
v 1.0500 3.7000 -0.2000
v 1.1500 3.7000 0.1000
v 1.1500 3.7000 0.2000
v 1.1500 3.7000 0.0000
v 1.1500 3.7000 -0.1000
v 1.1500 3.7000 -0.2000
v 1.2500 3.7000 0.3000
v 1.2500 3.7000 0.2000
v 1.3500 3.7000 0.3000
v 1.2500 3.8000 0.3000
v 1.2500 3.8000 0.2000
v 1.3500 3.8000 0.3000
v 1.2500 3.9000 0.3000
v 1.2500 3.9000 0.2000
v 1.3500 3.9000 0.3000
v 1.3500 3.9000 0.2000
v 1.2500 3.7000 0.1000
v 1.3500 3.7000 0.1000
v 1.2500 3.8000 0.1000
v 1.3500 3.8000 0.1000
v 1.2500 3.9000 0.1000
v 1.3500 3.9000 0.1000
v 1.4500 3.7000 0.2000
v 1.4500 3.7000 0.3000
v 1.4500 3.8000 0.2000
v 1.4500 3.8000 0.3000
v 1.4500 3.9000 0.2000
v 1.4500 3.9000 0.3000
v 1.4500 3.7000 0.1000
v 1.4500 3.8000 0.1000
v 1.4500 3.9000 0.1000
v 1.2500 3.7000 -0.1000
v 1.2500 3.7000 -0.2000
v 1.3500 3.7000 -0.1000
v 1.2500 3.8000 -0.1000
v 1.2500 3.8000 -0.2000
v 1.3500 3.8000 -0.1000
v 1.2500 3.9000 -0.1000
v 1.2500 3.9000 -0.2000
v 1.3500 3.9000 -0.1000
v 1.3500 3.9000 -0.2000
v 1.2500 3.7000 -0.3000
v 1.3500 3.7000 -0.3000
v 1.2500 3.8000 -0.3000
v 1.3500 3.8000 -0.3000
v 1.2500 3.9000 -0.3000
v 1.3500 3.9000 -0.3000
v 1.4500 3.7000 -0.2000
v 1.4500 3.7000 -0.1000
v 1.4500 3.8000 -0.2000
v 1.4500 3.8000 -0.1000
v 1.4500 3.9000 -0.2000
v 1.4500 3.9000 -0.1000
v 1.4500 3.7000 -0.3000
v 1.4500 3.8000 -0.3000
v 1.4500 3.9000 -0.3000
v -1.8500 0.8000 0.2000
v -1.8500 0.9000 0.2000
v -1.8500 0.9000 0.1000
v -1.8500 0.8000 0.1000
v -1.7500 0.8000 0.2000
v -1.7500 0.9000 0.2000
v -1.7500 0.8000 0.1000
v -1.8500 1.0000 0.2000
v -1.8500 1.0000 0.1000
v -1.7500 1.0000 0.2000
v -1.8500 1.1000 0.2000
v -1.8500 1.1000 0.1000
v -1.7500 1.1000 0.2000
v -1.8500 1.2000 0.2000
v -1.8500 1.2000 0.1000
v -1.7500 1.2000 0.2000
v -1.8500 1.3000 0.2000
v -1.8500 1.3000 0.1000
v -1.7500 1.3000 0.2000
v -1.8500 1.4000 0.2000
v -1.8500 1.4000 0.1000
v -1.7500 1.4000 0.2000
v -1.8500 1.5000 0.2000
v -1.8500 1.5000 0.1000
v -1.7500 1.5000 0.2000
v -1.8500 1.6000 0.2000
v -1.8500 1.6000 0.1000
v -1.7500 1.6000 0.2000
v -1.8500 1.7000 0.2000
v -1.8500 1.7000 0.1000
v -1.7500 1.7000 0.2000
v -1.8500 1.8000 0.2000
v -1.8500 1.8000 0.1000
v -1.7500 1.8000 0.2000
v -1.8500 1.9000 0.2000
v -1.8500 1.9000 0.1000
v -1.7500 1.9000 0.2000
v -1.8500 2.0000 0.2000
v -1.8500 2.0000 0.1000
v -1.7500 2.0000 0.2000
v -1.8500 2.1000 0.2000
v -1.8500 2.1000 0.1000
v -1.7500 2.1000 0.2000
v -1.8500 2.2000 0.2000
v -1.8500 2.2000 0.1000
v -1.7500 2.2000 0.2000
v -1.8500 2.3000 0.2000
v -1.8500 2.3000 0.1000
v -1.7500 2.3000 0.2000
v -1.8500 2.4000 0.2000
v -1.8500 2.4000 0.1000
v -1.7500 2.4000 0.2000
v -1.8500 2.5000 0.2000
v -1.8500 2.5000 0.1000
v -1.7500 2.5000 0.2000
v -1.8500 2.6000 0.2000
v -1.8500 2.6000 0.1000
v -1.7500 2.6000 0.2000
v -1.8500 2.7000 0.2000
v -1.8500 2.7000 0.1000
v -1.7500 2.7000 0.2000
v -1.7500 2.7000 0.1000
v -1.8500 0.9000 0.0000
v -1.8500 0.8000 0.0000
v -1.7500 0.8000 0.0000
v -1.8500 1.0000 0.0000
v -1.8500 1.1000 0.0000
v -1.8500 1.2000 0.0000
v -1.8500 1.3000 0.0000
v -1.8500 1.4000 0.0000
v -1.8500 1.5000 0.0000
v -1.8500 1.6000 0.0000
v -1.8500 1.7000 0.0000
v -1.8500 1.8000 0.0000
v -1.8500 1.9000 0.0000
v -1.8500 2.0000 0.0000
v -1.8500 2.1000 0.0000
v -1.8500 2.2000 0.0000
v -1.8500 2.3000 0.0000
v -1.8500 2.4000 0.0000
v -1.8500 2.5000 0.0000
v -1.8500 2.6000 0.0000
v -1.8500 2.7000 0.0000
v -1.7500 2.7000 0.0000
v -1.8500 0.9000 -0.1000
v -1.8500 0.8000 -0.1000
v -1.7500 0.8000 -0.1000
v -1.8500 1.0000 -0.1000
v -1.8500 1.1000 -0.1000
v -1.8500 1.2000 -0.1000
v -1.8500 1.3000 -0.1000
v -1.8500 1.4000 -0.1000
v -1.8500 1.5000 -0.1000
v -1.8500 1.6000 -0.1000
v -1.8500 1.7000 -0.1000
v -1.8500 1.8000 -0.1000
v -1.8500 1.9000 -0.1000
v -1.8500 2.0000 -0.1000
v -1.8500 2.1000 -0.1000
v -1.8500 2.2000 -0.1000
v -1.8500 2.3000 -0.1000
v -1.8500 2.4000 -0.1000
v -1.8500 2.5000 -0.1000
v -1.8500 2.6000 -0.1000
v -1.8500 2.7000 -0.1000
v -1.7500 2.7000 -0.1000
v -1.8500 0.9000 -0.2000
v -1.8500 0.8000 -0.2000
v -1.7500 0.9000 -0.2000
v -1.7500 0.8000 -0.2000
v -1.8500 1.0000 -0.2000
v -1.7500 1.0000 -0.2000
v -1.8500 1.1000 -0.2000
v -1.7500 1.1000 -0.2000
v -1.8500 1.2000 -0.2000
v -1.7500 1.2000 -0.2000
v -1.8500 1.3000 -0.2000
v -1.7500 1.3000 -0.2000
v -1.8500 1.4000 -0.2000
v -1.7500 1.4000 -0.2000
v -1.8500 1.5000 -0.2000
v -1.7500 1.5000 -0.2000
v -1.8500 1.6000 -0.2000
v -1.7500 1.6000 -0.2000
v -1.8500 1.7000 -0.2000
v -1.7500 1.7000 -0.2000
v -1.8500 1.8000 -0.2000
v -1.7500 1.8000 -0.2000
v -1.8500 1.9000 -0.2000
v -1.7500 1.9000 -0.2000
v -1.8500 2.0000 -0.2000
v -1.7500 2.0000 -0.2000
v -1.8500 2.1000 -0.2000
v -1.7500 2.1000 -0.2000
v -1.8500 2.2000 -0.2000
v -1.7500 2.2000 -0.2000
v -1.8500 2.3000 -0.2000
v -1.7500 2.3000 -0.2000
v -1.8500 2.4000 -0.2000
v -1.7500 2.4000 -0.2000
v -1.8500 2.5000 -0.2000
v -1.7500 2.5000 -0.2000
v -1.8500 2.6000 -0.2000
v -1.7500 2.6000 -0.2000
v -1.8500 2.7000 -0.2000
v -1.7500 2.7000 -0.2000
v -1.6500 0.8000 0.2000
v -1.6500 0.8000 0.1000
v -1.6500 0.9000 0.1000
v -1.6500 0.9000 0.2000
v -1.6500 1.0000 0.1000
v -1.6500 1.0000 0.2000
v -1.6500 1.1000 0.1000
v -1.6500 1.1000 0.2000
v -1.6500 1.2000 0.1000
v -1.6500 1.2000 0.2000
v -1.6500 1.3000 0.1000
v -1.6500 1.3000 0.2000
v -1.6500 1.4000 0.1000
v -1.6500 1.4000 0.2000
v -1.6500 1.5000 0.1000
v -1.6500 1.5000 0.2000
v -1.6500 1.6000 0.1000
v -1.6500 1.6000 0.2000
v -1.6500 1.7000 0.1000
v -1.6500 1.7000 0.2000
v -1.6500 0.8000 0.0000
v -1.6500 0.9000 0.0000
v -1.6500 1.0000 0.0000
v -1.6500 1.1000 0.0000
v -1.6500 1.2000 0.0000
v -1.6500 1.3000 0.0000
v -1.6500 1.4000 0.0000
v -1.6500 1.5000 0.0000
v -1.6500 1.6000 0.0000
v -1.6500 1.7000 0.0000
v -1.6500 0.8000 -0.1000
v -1.6500 0.9000 -0.1000
v -1.6500 1.0000 -0.1000
v -1.6500 1.1000 -0.1000
v -1.6500 1.2000 -0.1000
v -1.6500 1.3000 -0.1000
v -1.6500 1.4000 -0.1000
v -1.6500 1.5000 -0.1000
v -1.6500 1.6000 -0.1000
v -1.6500 1.7000 -0.1000
v -1.6500 0.8000 -0.2000
v -1.6500 0.9000 -0.2000
v -1.6500 1.0000 -0.2000
v -1.6500 1.1000 -0.2000
v -1.6500 1.2000 -0.2000
v -1.6500 1.3000 -0.2000
v -1.6500 1.4000 -0.2000
v -1.6500 1.5000 -0.2000
v -1.6500 1.6000 -0.2000
v -1.6500 1.7000 -0.2000
usemtl c19
f 1 2 3 4
f 1 5 6 2
f 1 4 7 5
f 2 8 9 3
f 2 6 10 8
f 4 3 36 37
f 4 37 38 7
f 3 9 39 36
f 37 49 50 38
f 49 54 55 50
f 54 59 60 55
f 59 64 65 60
f 64 69 70 71
f 64 71 72 65
f 69 73 74 70
f 71 70 90 91
f 91 90 92 93
f 71 91 93 72
f 70 74 94 90
f 90 94 95 92
f 5 112 113 6
f 5 7 114 112
f 6 113 115 10
f 7 38 125 114
f 38 50 127 125
f 50 55 129 127
f 55 60 131 129
f 60 65 133 131
f 65 72 135 133
f 93 92 137 138
f 72 93 138 135
f 92 95 139 137
f 112 148 149 113
f 112 114 150 148
f 113 149 151 115
f 114 125 161 150
f 125 127 163 161
f 127 129 165 163
f 129 131 167 165
f 131 133 169 167
f 133 135 171 169
f 138 137 173 174
f 135 138 174 171
f 137 139 175 173
f 163 165 198 199
f 165 167 201 198
f 199 198 230 231
f 198 201 233 230
f 231 230 262 263
f 230 233 265 262
f 248 280 281 249
f 248 282 283 280
f 249 281 284 250
f 282 294 295 283
f 294 263 297 295
f 263 262 299 297
f 262 265 301 299
f 265 303 304 301
f 303 306 307 304
f 270 269 309 310
f 306 270 310 307
f 269 271 311 309
f 280 320 321 281
f 280 283 322 320
f 281 321 323 284
f 283 295 333 322
f 295 297 335 333
f 297 299 337 335
f 299 301 339 337
f 301 304 341 339
f 304 307 343 341
f 310 309 345 346
f 307 310 346 343
f 309 311 347 345
f 320 356 357 321
f 320 322 358 356
f 321 357 359 323
f 322 333 369 358
f 333 335 371 369
f 335 337 373 371
f 337 339 375 373
f 339 341 377 375
f 341 343 379 377
f 346 345 381 382
f 343 346 382 379
f 345 347 383 381
f 356 392 393 357
f 356 358 394 392
f 357 393 395 359
f 358 369 405 394
f 369 371 407 405
f 371 373 409 407
f 373 375 411 409
f 375 377 413 411
f 377 379 415 413
f 382 381 417 418
f 379 382 418 415
f 381 383 419 417
f 392 428 429 393
f 392 394 430 428
f 393 429 431 395
f 394 405 441 430
f 405 407 443 441
f 407 409 445 443
f 409 411 447 445
f 411 413 449 447
f 413 415 451 449
f 418 417 453 454
f 415 418 454 451
f 417 419 455 453
f 428 464 465 429
f 428 430 466 464
f 429 465 467 431
f 430 441 477 466
f 441 443 479 477
f 443 445 481 479
f 445 447 483 481
f 447 449 485 483
f 449 451 487 485
f 454 453 489 490
f 451 454 490 487
f 453 455 491 489
f 464 500 501 465
f 464 466 502 500
f 465 501 503 467
f 466 477 513 502
f 477 479 515 513
f 479 481 517 515
f 481 483 519 517
f 483 485 521 519
f 485 487 523 521
f 490 489 525 526
f 487 490 526 523
f 489 491 527 525
f 500 536 537 501
f 500 502 538 536
f 501 537 539 503
f 502 513 549 538
f 513 515 551 549
f 515 517 553 551
f 517 519 555 553
f 519 521 557 555
f 521 523 559 557
f 526 525 561 562
f 523 526 562 559
f 525 527 563 561
f 536 572 573 537
f 536 538 574 572
f 537 573 575 539
f 538 549 585 574
f 549 551 587 585
f 551 553 589 587
f 553 555 591 589
f 555 557 593 591
f 557 559 595 593
f 562 561 597 598
f 559 562 598 595
f 561 563 599 597
f 572 608 609 573
f 572 574 610 608
f 573 609 611 575
f 574 585 621 610
f 585 587 623 621
f 587 589 625 623
f 589 591 627 625
f 591 593 629 627
f 593 595 631 629
f 598 597 633 634
f 595 598 634 631
f 597 599 635 633
f 608 644 645 609
f 608 610 646 644
f 609 645 647 611
f 610 621 657 646
f 621 623 659 657
f 623 625 661 659
f 625 627 663 661
f 627 629 665 663
f 629 631 667 665
f 634 633 669 670
f 631 634 670 667
f 633 635 671 669
f 644 680 681 645
f 644 646 682 680
f 645 681 683 647
f 646 657 693 682
f 657 659 695 693
f 659 661 697 695
f 661 663 699 697
f 663 665 701 699
f 665 667 703 701
f 670 669 705 706
f 667 670 706 703
f 669 671 707 705
f 695 697 730 731
f 697 699 733 730
f 731 730 762 763
f 730 733 765 762
f 763 762 794 795
f 762 765 797 794
f 780 812 813 781
f 780 814 815 812
f 781 813 816 782
f 814 826 827 815
f 826 795 829 827
f 795 794 830 829
f 794 797 831 830
f 797 832 833 831
f 832 834 835 833
f 802 801 838 839
f 834 802 839 835
f 801 803 840 838
f 812 849 850 813
f 812 815 851 849
f 813 850 852 816
f 815 827 862 851
f 827 829 863 862
f 829 830 864 863
f 830 831 865 864
f 831 833 866 865
f 833 835 867 866
f 839 838 868 869
f 835 839 869 867
f 838 840 870 868
f 849 880 881 850
f 849 851 882 880
f 850 881 883 852
f 851 862 893 882
f 862 863 894 893
f 863 864 895 894
f 864 865 896 895
f 865 866 897 896
f 866 867 898 897
f 869 868 899 900
f 867 869 900 898
f 868 870 901 899
f 911 912 913 914
f 880 911 914 881
f 880 882 912 911
f 914 913 915 916
f 881 914 916 883
f 912 933 934 913
f 882 893 933 912
f 913 934 935 915
f 933 940 941 934
f 893 894 940 933
f 934 941 942 935
f 940 947 948 941
f 894 895 947 940
f 941 948 949 942
f 947 954 955 948
f 895 896 954 947
f 948 955 956 949
f 954 961 962 955
f 896 897 961 954
f 955 962 963 956
f 961 968 969 962
f 897 898 968 961
f 962 969 970 963
f 968 975 976 969
f 900 899 976 975
f 898 900 975 968
f 969 976 977 970
f 899 901 977 976
usemtl c24
f 990 991 992 993
f 990 994 995 991
f 990 993 996 994
f 991 997 998 992
f 991 995 999 997
f 993 992 1045 1046
f 993 1046 1047 996
f 992 998 1048 1045
f 1046 1045 1064 1065
f 1065 1064 1066 1067
f 1046 1065 1067 1047
f 1045 1048 1068 1064
f 1064 1068 1069 1066
f 994 1100 1101 995
f 994 996 1102 1100
f 995 1101 1103 999
f 996 1047 1119 1102
f 1067 1066 1120 1121
f 1047 1067 1121 1119
f 1066 1069 1122 1120
f 1138 1139 1140 1141
f 1100 1138 1141 1101
f 1100 1102 1139 1138
f 1141 1140 1142 1143
f 1101 1141 1143 1103
f 1139 1174 1175 1140
f 1102 1119 1174 1139
f 1140 1175 1176 1142
f 1174 1192 1193 1175
f 1121 1120 1193 1192
f 1119 1121 1192 1174
f 1175 1193 1194 1176
f 1120 1122 1194 1193
f 1210 1211 1212 1213
f 1210 1214 1215 1211
f 1210 1213 1216 1214
f 1211 1217 1218 1212
f 1211 1215 1219 1217
f 1213 1212 1265 1266
f 1213 1266 1267 1216
f 1212 1218 1268 1265
f 1266 1265 1284 1285
f 1285 1284 1286 1287
f 1266 1285 1287 1267
f 1265 1268 1288 1284
f 1284 1288 1289 1286
f 1214 1320 1321 1215
f 1214 1216 1322 1320
f 1215 1321 1323 1219
f 1216 1267 1339 1322
f 1287 1286 1340 1341
f 1267 1287 1341 1339
f 1286 1289 1342 1340
f 1358 1359 1360 1361
f 1320 1358 1361 1321
f 1320 1322 1359 1358
f 1361 1360 1362 1363
f 1321 1361 1363 1323
f 1359 1394 1395 1360
f 1322 1339 1394 1359
f 1360 1395 1396 1362
f 1394 1412 1413 1395
f 1341 1340 1413 1412
f 1339 1341 1412 1394
f 1395 1413 1414 1396
f 1340 1342 1414 1413
f 1430 1431 1432 1433
f 1430 1434 1435 1431
f 1430 1433 1436 1434
f 1431 1437 1438 1432
f 1431 1435 1439 1437
f 1433 1432 1485 1486
f 1433 1486 1487 1436
f 1432 1438 1488 1485
f 1486 1485 1504 1505
f 1505 1504 1506 1507
f 1486 1505 1507 1487
f 1485 1488 1508 1504
f 1504 1508 1509 1506
f 1434 1540 1541 1435
f 1434 1436 1542 1540
f 1435 1541 1543 1439
f 1436 1487 1559 1542
f 1507 1506 1560 1561
f 1487 1507 1561 1559
f 1506 1509 1562 1560
f 1578 1579 1580 1581
f 1540 1578 1581 1541
f 1540 1542 1579 1578
f 1581 1580 1582 1583
f 1541 1581 1583 1543
f 1579 1614 1615 1580
f 1542 1559 1614 1579
f 1580 1615 1616 1582
f 1614 1632 1633 1615
f 1561 1560 1633 1632
f 1559 1561 1632 1614
f 1615 1633 1634 1616
f 1560 1562 1634 1633
f 1650 1651 1652 1653
f 1650 1654 1655 1651
f 1650 1653 1656 1654
f 1651 1657 1658 1652
f 1651 1655 1659 1657
f 1653 1652 1705 1706
f 1653 1706 1707 1656
f 1652 1658 1708 1705
f 1706 1705 1724 1725
f 1725 1724 1726 1727
f 1706 1725 1727 1707
f 1705 1708 1728 1724
f 1724 1728 1729 1726
f 1654 1760 1761 1655
f 1654 1656 1762 1760
f 1655 1761 1763 1659
f 1656 1707 1779 1762
f 1727 1726 1780 1781
f 1707 1727 1781 1779
f 1726 1729 1782 1780
f 1798 1799 1800 1801
f 1760 1798 1801 1761
f 1760 1762 1799 1798
f 1801 1800 1802 1803
f 1761 1801 1803 1763
f 1799 1834 1835 1800
f 1762 1779 1834 1799
f 1800 1835 1836 1802
f 1834 1852 1853 1835
f 1781 1780 1853 1852
f 1779 1781 1852 1834
f 1835 1853 1854 1836
f 1780 1782 1854 1853
usemtl c25
f 2100 2122 2123 2101
f 2114 2115 2141 2140
usemtl c27
f 8 11 12 9
f 8 10 13 11
f 11 14 15 12
f 11 13 16 14
f 14 17 18 15
f 14 16 19 17
f 17 20 21 18
f 17 19 22 20
f 20 23 24 21
f 20 22 25 23
f 23 26 27 24
f 23 25 28 26
f 26 29 30 27
f 26 28 31 29
f 29 32 33 30
f 29 31 34 32
f 32 34 35 33
f 9 12 40 39
f 12 15 41 40
f 15 18 42 41
f 18 21 43 42
f 21 24 44 43
f 24 27 45 44
f 27 30 46 45
f 30 33 47 46
f 33 35 48 47
f 46 47 51 52
f 47 48 53 51
f 52 51 56 57
f 51 53 58 56
f 57 56 61 62
f 56 58 63 61
f 62 61 66 67
f 61 63 68 66
f 73 75 76 74
f 75 77 78 76
f 77 79 80 78
f 79 81 82 80
f 81 83 84 82
f 83 85 86 84
f 85 67 87 86
f 67 66 88 87
f 66 68 89 88
f 74 76 96 94
f 94 96 97 95
f 76 78 98 96
f 96 98 99 97
f 78 80 100 98
f 98 100 101 99
f 80 82 102 100
f 100 102 103 101
f 82 84 104 102
f 102 104 105 103
f 84 86 106 104
f 104 106 107 105
f 86 87 108 106
f 106 108 109 107
f 87 88 110 108
f 108 110 111 109
f 88 89 111 110
f 10 115 116 13
f 13 116 117 16
f 16 117 118 19
f 19 118 119 22
f 22 119 120 25
f 25 120 121 28
f 28 121 122 31
f 31 122 123 34
f 34 123 124 35
f 35 124 126 48
f 48 126 128 53
f 53 128 130 58
f 58 130 132 63
f 63 132 134 68
f 68 134 136 89
f 95 97 140 139
f 97 99 141 140
f 99 101 142 141
f 101 103 143 142
f 103 105 144 143
f 105 107 145 144
f 107 109 146 145
f 109 111 147 146
f 89 136 147 111
f 115 151 152 116
f 116 152 153 117
f 117 153 154 118
f 118 154 155 119
f 119 155 156 120
f 120 156 157 121
f 121 157 158 122
f 122 158 159 123
f 123 159 160 124
f 124 160 162 126
f 126 162 164 128
f 128 164 166 130
f 130 166 168 132
f 132 168 170 134
f 134 170 172 136
f 139 140 176 175
f 140 141 177 176
f 141 142 178 177
f 142 143 179 178
f 143 144 180 179
f 144 145 181 180
f 145 146 182 181
f 146 147 183 182
f 136 172 183 147
f 148 184 185 149
f 149 185 186 151
f 151 186 187 152
f 152 187 188 153
f 153 188 189 154
f 154 189 190 155
f 155 190 191 156
f 156 191 192 157
f 157 192 193 158
f 158 193 194 159
f 159 194 195 160
f 160 195 196 162
f 162 196 197 164
f 164 197 200 166
f 166 200 202 168
f 168 202 203 170
f 170 203 204 172
f 174 173 205 206
f 173 175 207 205
f 175 176 208 207
f 176 177 209 208
f 177 178 210 209
f 178 179 211 210
f 179 180 212 211
f 180 181 213 212
f 181 182 214 213
f 182 183 215 214
f 172 204 215 183
f 184 216 217 185
f 185 217 218 186
f 186 218 219 187
f 187 219 220 188
f 188 220 221 189
f 189 221 222 190
f 190 222 223 191
f 191 223 224 192
f 192 224 225 193
f 193 225 226 194
f 194 226 227 195
f 195 227 228 196
f 196 228 229 197
f 197 229 232 200
f 200 232 234 202
f 202 234 235 203
f 203 235 236 204
f 206 205 237 238
f 205 207 239 237
f 207 208 240 239
f 208 209 241 240
f 209 210 242 241
f 210 211 243 242
f 211 212 244 243
f 212 213 245 244
f 213 214 246 245
f 214 215 247 246
f 204 236 247 215
f 216 248 249 217
f 217 249 250 218
f 218 250 251 219
f 219 251 252 220
f 220 252 253 221
f 221 253 254 222
f 222 254 255 223
f 223 255 256 224
f 224 256 257 225
f 225 257 258 226
f 226 258 259 227
f 227 259 260 228
f 228 260 261 229
f 229 261 264 232
f 232 264 266 234
f 234 266 267 235
f 235 267 268 236
f 238 237 269 270
f 237 239 271 269
f 239 240 272 271
f 240 241 273 272
f 241 242 274 273
f 242 243 275 274
f 243 244 276 275
f 244 245 277 276
f 245 246 278 277
f 246 247 279 278
f 236 268 279 247
f 250 284 285 251
f 251 285 286 252
f 252 286 287 253
f 253 287 288 254
f 254 288 289 255
f 255 289 290 256
f 256 290 291 257
f 257 291 292 258
f 258 292 293 259
f 259 293 296 260
f 260 296 298 261
f 261 298 300 264
f 264 300 302 266
f 266 302 305 267
f 267 305 308 268
f 271 272 312 311
f 272 273 313 312
f 273 274 314 313
f 274 275 315 314
f 275 276 316 315
f 276 277 317 316
f 277 278 318 317
f 278 279 319 318
f 268 308 319 279
f 284 323 324 285
f 285 324 325 286
f 286 325 326 287
f 287 326 327 288
f 288 327 328 289
f 289 328 329 290
f 290 329 330 291
f 291 330 331 292
f 292 331 332 293
f 293 332 334 296
f 296 334 336 298
f 298 336 338 300
f 300 338 340 302
f 302 340 342 305
f 305 342 344 308
f 311 312 348 347
f 312 313 349 348
f 313 314 350 349
f 314 315 351 350
f 315 316 352 351
f 316 317 353 352
f 317 318 354 353
f 318 319 355 354
f 308 344 355 319
f 323 359 360 324
f 324 360 361 325
f 325 361 362 326
f 326 362 363 327
f 327 363 364 328
f 328 364 365 329
f 329 365 366 330
f 330 366 367 331
f 331 367 368 332
f 332 368 370 334
f 334 370 372 336
f 336 372 374 338
f 338 374 376 340
f 340 376 378 342
f 342 378 380 344
f 347 348 384 383
f 348 349 385 384
f 349 350 386 385
f 350 351 387 386
f 351 352 388 387
f 352 353 389 388
f 353 354 390 389
f 354 355 391 390
f 344 380 391 355
f 359 395 396 360
f 360 396 397 361
f 361 397 398 362
f 362 398 399 363
f 363 399 400 364
f 364 400 401 365
f 365 401 402 366
f 366 402 403 367
f 367 403 404 368
f 368 404 406 370
f 370 406 408 372
f 372 408 410 374
f 374 410 412 376
f 376 412 414 378
f 378 414 416 380
f 383 384 420 419
f 384 385 421 420
f 385 386 422 421
f 386 387 423 422
f 387 388 424 423
f 388 389 425 424
f 389 390 426 425
f 390 391 427 426
f 380 416 427 391
f 395 431 432 396
f 396 432 433 397
f 397 433 434 398
f 398 434 435 399
f 399 435 436 400
f 400 436 437 401
f 401 437 438 402
f 402 438 439 403
f 403 439 440 404
f 404 440 442 406
f 406 442 444 408
f 408 444 446 410
f 410 446 448 412
f 412 448 450 414
f 414 450 452 416
f 419 420 456 455
f 420 421 457 456
f 421 422 458 457
f 422 423 459 458
f 423 424 460 459
f 424 425 461 460
f 425 426 462 461
f 426 427 463 462
f 416 452 463 427
f 431 467 468 432
f 432 468 469 433
f 433 469 470 434
f 434 470 471 435
f 435 471 472 436
f 436 472 473 437
f 437 473 474 438
f 438 474 475 439
f 439 475 476 440
f 440 476 478 442
f 442 478 480 444
f 444 480 482 446
f 446 482 484 448
f 448 484 486 450
f 450 486 488 452
f 455 456 492 491
f 456 457 493 492
f 457 458 494 493
f 458 459 495 494
f 459 460 496 495
f 460 461 497 496
f 461 462 498 497
f 462 463 499 498
f 452 488 499 463
f 467 503 504 468
f 468 504 505 469
f 469 505 506 470
f 470 506 507 471
f 471 507 508 472
f 472 508 509 473
f 473 509 510 474
f 474 510 511 475
f 475 511 512 476
f 476 512 514 478
f 478 514 516 480
f 480 516 518 482
f 482 518 520 484
f 484 520 522 486
f 486 522 524 488
f 491 492 528 527
f 492 493 529 528
f 493 494 530 529
f 494 495 531 530
f 495 496 532 531
f 496 497 533 532
f 497 498 534 533
f 498 499 535 534
f 488 524 535 499
f 503 539 540 504
f 504 540 541 505
f 505 541 542 506
f 506 542 543 507
f 507 543 544 508
f 508 544 545 509
f 509 545 546 510
f 510 546 547 511
f 511 547 548 512
f 512 548 550 514
f 514 550 552 516
f 516 552 554 518
f 518 554 556 520
f 520 556 558 522
f 522 558 560 524
f 527 528 564 563
f 528 529 565 564
f 529 530 566 565
f 530 531 567 566
f 531 532 568 567
f 532 533 569 568
f 533 534 570 569
f 534 535 571 570
f 524 560 571 535
f 539 575 576 540
f 540 576 577 541
f 541 577 578 542
f 542 578 579 543
f 543 579 580 544
f 544 580 581 545
f 545 581 582 546
f 546 582 583 547
f 547 583 584 548
f 548 584 586 550
f 550 586 588 552
f 552 588 590 554
f 554 590 592 556
f 556 592 594 558
f 558 594 596 560
f 563 564 600 599
f 564 565 601 600
f 565 566 602 601
f 566 567 603 602
f 567 568 604 603
f 568 569 605 604
f 569 570 606 605
f 570 571 607 606
f 560 596 607 571
f 575 611 612 576
f 576 612 613 577
f 577 613 614 578
f 578 614 615 579
f 579 615 616 580
f 580 616 617 581
f 581 617 618 582
f 582 618 619 583
f 583 619 620 584
f 584 620 622 586
f 586 622 624 588
f 588 624 626 590
f 590 626 628 592
f 592 628 630 594
f 594 630 632 596
f 599 600 636 635
f 600 601 637 636
f 601 602 638 637
f 602 603 639 638
f 603 604 640 639
f 604 605 641 640
f 605 606 642 641
f 606 607 643 642
f 596 632 643 607
f 611 647 648 612
f 612 648 649 613
f 613 649 650 614
f 614 650 651 615
f 615 651 652 616
f 616 652 653 617
f 617 653 654 618
f 618 654 655 619
f 619 655 656 620
f 620 656 658 622
f 622 658 660 624
f 624 660 662 626
f 626 662 664 628
f 628 664 666 630
f 630 666 668 632
f 635 636 672 671
f 636 637 673 672
f 637 638 674 673
f 638 639 675 674
f 639 640 676 675
f 640 641 677 676
f 641 642 678 677
f 642 643 679 678
f 632 668 679 643
f 647 683 684 648
f 648 684 685 649
f 649 685 686 650
f 650 686 687 651
f 651 687 688 652
f 652 688 689 653
f 653 689 690 654
f 654 690 691 655
f 655 691 692 656
f 656 692 694 658
f 658 694 696 660
f 660 696 698 662
f 662 698 700 664
f 664 700 702 666
f 666 702 704 668
f 671 672 708 707
f 672 673 709 708
f 673 674 710 709
f 674 675 711 710
f 675 676 712 711
f 676 677 713 712
f 677 678 714 713
f 678 679 715 714
f 668 704 715 679
f 680 716 717 681
f 681 717 718 683
f 683 718 719 684
f 684 719 720 685
f 685 720 721 686
f 686 721 722 687
f 687 722 723 688
f 688 723 724 689
f 689 724 725 690
f 690 725 726 691
f 691 726 727 692
f 692 727 728 694
f 694 728 729 696
f 696 729 732 698
f 698 732 734 700
f 700 734 735 702
f 702 735 736 704
f 706 705 737 738
f 705 707 739 737
f 707 708 740 739
f 708 709 741 740
f 709 710 742 741
f 710 711 743 742
f 711 712 744 743
f 712 713 745 744
f 713 714 746 745
f 714 715 747 746
f 704 736 747 715
f 716 748 749 717
f 717 749 750 718
f 718 750 751 719
f 719 751 752 720
f 720 752 753 721
f 721 753 754 722
f 722 754 755 723
f 723 755 756 724
f 724 756 757 725
f 725 757 758 726
f 726 758 759 727
f 727 759 760 728
f 728 760 761 729
f 729 761 764 732
f 732 764 766 734
f 734 766 767 735
f 735 767 768 736
f 738 737 769 770
f 737 739 771 769
f 739 740 772 771
f 740 741 773 772
f 741 742 774 773
f 742 743 775 774
f 743 744 776 775
f 744 745 777 776
f 745 746 778 777
f 746 747 779 778
f 736 768 779 747
f 748 780 781 749
f 749 781 782 750
f 750 782 783 751
f 751 783 784 752
f 752 784 785 753
f 753 785 786 754
f 754 786 787 755
f 755 787 788 756
f 756 788 789 757
f 757 789 790 758
f 758 790 791 759
f 759 791 792 760
f 760 792 793 761
f 761 793 796 764
f 764 796 798 766
f 766 798 799 767
f 767 799 800 768
f 770 769 801 802
f 769 771 803 801
f 771 772 804 803
f 772 773 805 804
f 773 774 806 805
f 774 775 807 806
f 775 776 808 807
f 776 777 809 808
f 777 778 810 809
f 778 779 811 810
f 768 800 811 779
f 782 816 817 783
f 783 817 818 784
f 784 818 819 785
f 785 819 820 786
f 786 820 821 787
f 787 821 822 788
f 788 822 823 789
f 789 823 824 790
f 790 824 825 791
f 791 825 828 792
f 799 836 837 800
f 803 804 841 840
f 804 805 842 841
f 805 806 843 842
f 806 807 844 843
f 807 808 845 844
f 808 809 846 845
f 809 810 847 846
f 810 811 848 847
f 800 837 848 811
f 816 852 853 817
f 817 853 854 818
f 818 854 855 819
f 819 855 856 820
f 820 856 857 821
f 821 857 858 822
f 822 858 859 823
f 823 859 860 824
f 824 860 861 825
f 840 841 871 870
f 841 842 872 871
f 842 843 873 872
f 843 844 874 873
f 844 845 875 874
f 845 846 876 875
f 846 847 877 876
f 847 848 878 877
f 837 879 878 848
f 852 883 884 853
f 853 884 885 854
f 854 885 886 855
f 855 886 887 856
f 856 887 888 857
f 857 888 889 858
f 858 889 890 859
f 859 890 891 860
f 860 891 892 861
f 870 871 902 901
f 871 872 903 902
f 872 873 904 903
f 873 874 905 904
f 874 875 906 905
f 875 876 907 906
f 876 877 908 907
f 877 878 909 908
f 879 910 909 878
f 916 915 917 918
f 883 916 918 884
f 918 917 919 920
f 884 918 920 885
f 920 919 921 922
f 885 920 922 886
f 922 921 923 924
f 886 922 924 887
f 924 923 925 926
f 887 924 926 888
f 926 925 927 928
f 888 926 928 889
f 928 927 929 930
f 889 928 930 890
f 930 929 931 932
f 890 930 932 891
f 891 932 931 892
f 915 935 936 917
f 917 936 937 919
f 919 937 938 921
f 921 938 939 923
f 935 942 943 936
f 936 943 944 937
f 937 944 945 938
f 938 945 946 939
f 942 949 950 943
f 943 950 951 944
f 944 951 952 945
f 945 952 953 946
f 949 956 957 950
f 950 957 958 951
f 951 958 959 952
f 952 959 960 953
f 956 963 964 957
f 957 964 965 958
f 958 965 966 959
f 959 966 967 960
f 963 970 971 964
f 964 971 972 965
f 965 972 973 966
f 966 973 974 967
f 970 977 978 971
f 901 902 978 977
f 971 978 979 972
f 902 903 979 978
f 972 979 980 973
f 903 904 980 979
f 973 980 981 974
f 904 905 981 980
f 974 981 982 983
f 905 906 982 981
f 983 982 984 985
f 906 907 984 982
f 985 984 986 987
f 907 908 986 984
f 987 986 988 989
f 908 909 988 986
f 910 989 988 909
f 997 1000 1001 998
f 997 999 1002 1000
f 1000 1003 1004 1001
f 1000 1002 1005 1003
f 1003 1006 1007 1004
f 1003 1005 1008 1006
f 1006 1009 1010 1007
f 1006 1008 1011 1009
f 1009 1012 1013 1010
f 1009 1011 1014 1012
f 1012 1015 1016 1013
f 1012 1014 1017 1015
f 1015 1018 1019 1016
f 1015 1017 1020 1018
f 1018 1021 1022 1019
f 1018 1020 1023 1021
f 1021 1024 1025 1022
f 1021 1023 1026 1024
f 1024 1027 1028 1025
f 1024 1026 1029 1027
f 1027 1030 1031 1028
f 1027 1029 1032 1030
f 1030 1033 1034 1031
f 1030 1032 1035 1033
f 1033 1036 1037 1034
f 1033 1035 1038 1036
f 1036 1039 1040 1037
f 1036 1038 1041 1039
f 1039 1042 1043 1040
f 1039 1041 1044 1042
f 1042 680 682 1043
f 1042 1044 716 680
f 998 1001 1049 1048
f 1001 1004 1050 1049
f 1004 1007 1051 1050
f 1007 1010 1052 1051
f 1010 1013 1053 1052
f 1013 1016 1054 1053
f 1016 1019 1055 1054
f 1019 1022 1056 1055
f 1022 1025 1057 1056
f 1025 1028 1058 1057
f 1028 1031 1059 1058
f 1031 1034 1060 1059
f 1034 1037 1061 1060
f 1037 1040 1062 1061
f 1040 1043 1063 1062
f 1043 682 693 1063
f 1048 1049 1070 1068
f 1068 1070 1071 1069
f 1049 1050 1072 1070
f 1070 1072 1073 1071
f 1050 1051 1074 1072
f 1072 1074 1075 1073
f 1051 1052 1076 1074
f 1074 1076 1077 1075
f 1052 1053 1078 1076
f 1076 1078 1079 1077
f 1053 1054 1080 1078
f 1078 1080 1081 1079
f 1054 1055 1082 1080
f 1080 1082 1083 1081
f 1055 1056 1084 1082
f 1082 1084 1085 1083
f 1056 1057 1086 1084
f 1084 1086 1087 1085
f 1057 1058 1088 1086
f 1086 1088 1089 1087
f 1058 1059 1090 1088
f 1088 1090 1091 1089
f 1059 1060 1092 1090
f 1090 1092 1093 1091
f 1060 1061 1094 1092
f 1092 1094 1095 1093
f 1061 1062 1096 1094
f 1094 1096 1097 1095
f 1062 1063 1098 1096
f 1096 1098 1099 1097
f 1063 693 695 1098
f 1098 695 731 1099
f 999 1103 1104 1002
f 1002 1104 1105 1005
f 1005 1105 1106 1008
f 1008 1106 1107 1011
f 1011 1107 1108 1014
f 1014 1108 1109 1017
f 1017 1109 1110 1020
f 1020 1110 1111 1023
f 1023 1111 1112 1026
f 1026 1112 1113 1029
f 1029 1113 1114 1032
f 1032 1114 1115 1035
f 1035 1115 1116 1038
f 1038 1116 1117 1041
f 1041 1117 1118 1044
f 1044 1118 748 716
f 1069 1071 1123 1122
f 1071 1073 1124 1123
f 1073 1075 1125 1124
f 1075 1077 1126 1125
f 1077 1079 1127 1126
f 1079 1081 1128 1127
f 1081 1083 1129 1128
f 1083 1085 1130 1129
f 1085 1087 1131 1130
f 1087 1089 1132 1131
f 1089 1091 1133 1132
f 1091 1093 1134 1133
f 1093 1095 1135 1134
f 1095 1097 1136 1135
f 1097 1099 1137 1136
f 1099 731 763 1137
f 1143 1142 1144 1145
f 1103 1143 1145 1104
f 1145 1144 1146 1147
f 1104 1145 1147 1105
f 1147 1146 1148 1149
f 1105 1147 1149 1106
f 1149 1148 1150 1151
f 1106 1149 1151 1107
f 1151 1150 1152 1153
f 1107 1151 1153 1108
f 1153 1152 1154 1155
f 1108 1153 1155 1109
f 1155 1154 1156 1157
f 1109 1155 1157 1110
f 1157 1156 1158 1159
f 1110 1157 1159 1111
f 1159 1158 1160 1161
f 1111 1159 1161 1112
f 1161 1160 1162 1163
f 1112 1161 1163 1113
f 1163 1162 1164 1165
f 1113 1163 1165 1114
f 1165 1164 1166 1167
f 1114 1165 1167 1115
f 1167 1166 1168 1169
f 1115 1167 1169 1116
f 1169 1168 1170 1171
f 1116 1169 1171 1117
f 1171 1170 1172 1173
f 1117 1171 1173 1118
f 1173 1172 814 780
f 1118 1173 780 748
f 1142 1176 1177 1144
f 1144 1177 1178 1146
f 1146 1178 1179 1148
f 1148 1179 1180 1150
f 1150 1180 1181 1152
f 1152 1181 1182 1154
f 1154 1182 1183 1156
f 1156 1183 1184 1158
f 1158 1184 1185 1160
f 1160 1185 1186 1162
f 1162 1186 1187 1164
f 1164 1187 1188 1166
f 1166 1188 1189 1168
f 1168 1189 1190 1170
f 1170 1190 1191 1172
f 1172 1191 826 814
f 1176 1194 1195 1177
f 1122 1123 1195 1194
f 1177 1195 1196 1178
f 1123 1124 1196 1195
f 1178 1196 1197 1179
f 1124 1125 1197 1196
f 1179 1197 1198 1180
f 1125 1126 1198 1197
f 1180 1198 1199 1181
f 1126 1127 1199 1198
f 1181 1199 1200 1182
f 1127 1128 1200 1199
f 1182 1200 1201 1183
f 1128 1129 1201 1200
f 1183 1201 1202 1184
f 1129 1130 1202 1201
f 1184 1202 1203 1185
f 1130 1131 1203 1202
f 1185 1203 1204 1186
f 1131 1132 1204 1203
f 1186 1204 1205 1187
f 1132 1133 1205 1204
f 1187 1205 1206 1188
f 1133 1134 1206 1205
f 1188 1206 1207 1189
f 1134 1135 1207 1206
f 1189 1207 1208 1190
f 1135 1136 1208 1207
f 1190 1208 1209 1191
f 1136 1137 1209 1208
f 1191 1209 795 826
f 1137 763 795 1209
f 1217 1220 1221 1218
f 1217 1219 1222 1220
f 1220 1223 1224 1221
f 1220 1222 1225 1223
f 1223 1226 1227 1224
f 1223 1225 1228 1226
f 1226 1229 1230 1227
f 1226 1228 1231 1229
f 1229 1232 1233 1230
f 1229 1231 1234 1232
f 1232 1235 1236 1233
f 1232 1234 1237 1235
f 1235 1238 1239 1236
f 1235 1237 1240 1238
f 1238 1241 1242 1239
f 1238 1240 1243 1241
f 1241 1244 1245 1242
f 1241 1243 1246 1244
f 1244 1247 1248 1245
f 1244 1246 1249 1247
f 1247 1250 1251 1248
f 1247 1249 1252 1250
f 1250 1253 1254 1251
f 1250 1252 1255 1253
f 1253 1256 1257 1254
f 1253 1255 1258 1256
f 1256 1259 1260 1257
f 1256 1258 1261 1259
f 1259 1262 1263 1260
f 1259 1261 1264 1262
f 1262 699 701 1263
f 1262 1264 733 699
f 1218 1221 1269 1268
f 1221 1224 1270 1269
f 1224 1227 1271 1270
f 1227 1230 1272 1271
f 1230 1233 1273 1272
f 1233 1236 1274 1273
f 1236 1239 1275 1274
f 1239 1242 1276 1275
f 1242 1245 1277 1276
f 1245 1248 1278 1277
f 1248 1251 1279 1278
f 1251 1254 1280 1279
f 1254 1257 1281 1280
f 1257 1260 1282 1281
f 1260 1263 1283 1282
f 1263 701 703 1283
f 1268 1269 1290 1288
f 1288 1290 1291 1289
f 1269 1270 1292 1290
f 1290 1292 1293 1291
f 1270 1271 1294 1292
f 1292 1294 1295 1293
f 1271 1272 1296 1294
f 1294 1296 1297 1295
f 1272 1273 1298 1296
f 1296 1298 1299 1297
f 1273 1274 1300 1298
f 1298 1300 1301 1299
f 1274 1275 1302 1300
f 1300 1302 1303 1301
f 1275 1276 1304 1302
f 1302 1304 1305 1303
f 1276 1277 1306 1304
f 1304 1306 1307 1305
f 1277 1278 1308 1306
f 1306 1308 1309 1307
f 1278 1279 1310 1308
f 1308 1310 1311 1309
f 1279 1280 1312 1310
f 1310 1312 1313 1311
f 1280 1281 1314 1312
f 1312 1314 1315 1313
f 1281 1282 1316 1314
f 1314 1316 1317 1315
f 1282 1283 1318 1316
f 1316 1318 1319 1317
f 1283 703 706 1318
f 1318 706 738 1319
f 1219 1323 1324 1222
f 1222 1324 1325 1225
f 1225 1325 1326 1228
f 1228 1326 1327 1231
f 1231 1327 1328 1234
f 1234 1328 1329 1237
f 1237 1329 1330 1240
f 1240 1330 1331 1243
f 1243 1331 1332 1246
f 1246 1332 1333 1249
f 1249 1333 1334 1252
f 1252 1334 1335 1255
f 1255 1335 1336 1258
f 1258 1336 1337 1261
f 1261 1337 1338 1264
f 1264 1338 765 733
f 1289 1291 1343 1342
f 1291 1293 1344 1343
f 1293 1295 1345 1344
f 1295 1297 1346 1345
f 1297 1299 1347 1346
f 1299 1301 1348 1347
f 1301 1303 1349 1348
f 1303 1305 1350 1349
f 1305 1307 1351 1350
f 1307 1309 1352 1351
f 1309 1311 1353 1352
f 1311 1313 1354 1353
f 1313 1315 1355 1354
f 1315 1317 1356 1355
f 1317 1319 1357 1356
f 1319 738 770 1357
f 1363 1362 1364 1365
f 1323 1363 1365 1324
f 1365 1364 1366 1367
f 1324 1365 1367 1325
f 1367 1366 1368 1369
f 1325 1367 1369 1326
f 1369 1368 1370 1371
f 1326 1369 1371 1327
f 1371 1370 1372 1373
f 1327 1371 1373 1328
f 1373 1372 1374 1375
f 1328 1373 1375 1329
f 1375 1374 1376 1377
f 1329 1375 1377 1330
f 1377 1376 1378 1379
f 1330 1377 1379 1331
f 1379 1378 1380 1381
f 1331 1379 1381 1332
f 1381 1380 1382 1383
f 1332 1381 1383 1333
f 1383 1382 1384 1385
f 1333 1383 1385 1334
f 1385 1384 1386 1387
f 1334 1385 1387 1335
f 1387 1386 1388 1389
f 1335 1387 1389 1336
f 1389 1388 1390 1391
f 1336 1389 1391 1337
f 1391 1390 1392 1393
f 1337 1391 1393 1338
f 1393 1392 832 797
f 1338 1393 797 765
f 1362 1396 1397 1364
f 1364 1397 1398 1366
f 1366 1398 1399 1368
f 1368 1399 1400 1370
f 1370 1400 1401 1372
f 1372 1401 1402 1374
f 1374 1402 1403 1376
f 1376 1403 1404 1378
f 1378 1404 1405 1380
f 1380 1405 1406 1382
f 1382 1406 1407 1384
f 1384 1407 1408 1386
f 1386 1408 1409 1388
f 1388 1409 1410 1390
f 1390 1410 1411 1392
f 1392 1411 834 832
f 1396 1414 1415 1397
f 1342 1343 1415 1414
f 1397 1415 1416 1398
f 1343 1344 1416 1415
f 1398 1416 1417 1399
f 1344 1345 1417 1416
f 1399 1417 1418 1400
f 1345 1346 1418 1417
f 1400 1418 1419 1401
f 1346 1347 1419 1418
f 1401 1419 1420 1402
f 1347 1348 1420 1419
f 1402 1420 1421 1403
f 1348 1349 1421 1420
f 1403 1421 1422 1404
f 1349 1350 1422 1421
f 1404 1422 1423 1405
f 1350 1351 1423 1422
f 1405 1423 1424 1406
f 1351 1352 1424 1423
f 1406 1424 1425 1407
f 1352 1353 1425 1424
f 1407 1425 1426 1408
f 1353 1354 1426 1425
f 1408 1426 1427 1409
f 1354 1355 1427 1426
f 1409 1427 1428 1410
f 1355 1356 1428 1427
f 1410 1428 1429 1411
f 1356 1357 1429 1428
f 1411 1429 802 834
f 1357 770 802 1429
f 1437 1440 1441 1438
f 1437 1439 1442 1440
f 1440 1443 1444 1441
f 1440 1442 1445 1443
f 1443 1446 1447 1444
f 1443 1445 1448 1446
f 1446 1449 1450 1447
f 1446 1448 1451 1449
f 1449 1452 1453 1450
f 1449 1451 1454 1452
f 1452 1455 1456 1453
f 1452 1454 1457 1455
f 1455 1458 1459 1456
f 1455 1457 1460 1458
f 1458 1461 1462 1459
f 1458 1460 1463 1461
f 1461 1464 1465 1462
f 1461 1463 1466 1464
f 1464 1467 1468 1465
f 1464 1466 1469 1467
f 1467 1470 1471 1468
f 1467 1469 1472 1470
f 1470 1473 1474 1471
f 1470 1472 1475 1473
f 1473 1476 1477 1474
f 1473 1475 1478 1476
f 1476 1479 1480 1477
f 1476 1478 1481 1479
f 1479 1482 1483 1480
f 1479 1481 1484 1482
f 1482 148 150 1483
f 1482 1484 184 148
f 1438 1441 1489 1488
f 1441 1444 1490 1489
f 1444 1447 1491 1490
f 1447 1450 1492 1491
f 1450 1453 1493 1492
f 1453 1456 1494 1493
f 1456 1459 1495 1494
f 1459 1462 1496 1495
f 1462 1465 1497 1496
f 1465 1468 1498 1497
f 1468 1471 1499 1498
f 1471 1474 1500 1499
f 1474 1477 1501 1500
f 1477 1480 1502 1501
f 1480 1483 1503 1502
f 1483 150 161 1503
f 1488 1489 1510 1508
f 1508 1510 1511 1509
f 1489 1490 1512 1510
f 1510 1512 1513 1511
f 1490 1491 1514 1512
f 1512 1514 1515 1513
f 1491 1492 1516 1514
f 1514 1516 1517 1515
f 1492 1493 1518 1516
f 1516 1518 1519 1517
f 1493 1494 1520 1518
f 1518 1520 1521 1519
f 1494 1495 1522 1520
f 1520 1522 1523 1521
f 1495 1496 1524 1522
f 1522 1524 1525 1523
f 1496 1497 1526 1524
f 1524 1526 1527 1525
f 1497 1498 1528 1526
f 1526 1528 1529 1527
f 1498 1499 1530 1528
f 1528 1530 1531 1529
f 1499 1500 1532 1530
f 1530 1532 1533 1531
f 1500 1501 1534 1532
f 1532 1534 1535 1533
f 1501 1502 1536 1534
f 1534 1536 1537 1535
f 1502 1503 1538 1536
f 1536 1538 1539 1537
f 1503 161 163 1538
f 1538 163 199 1539
f 1439 1543 1544 1442
f 1442 1544 1545 1445
f 1445 1545 1546 1448
f 1448 1546 1547 1451
f 1451 1547 1548 1454
f 1454 1548 1549 1457
f 1457 1549 1550 1460
f 1460 1550 1551 1463
f 1463 1551 1552 1466
f 1466 1552 1553 1469
f 1469 1553 1554 1472
f 1472 1554 1555 1475
f 1475 1555 1556 1478
f 1478 1556 1557 1481
f 1481 1557 1558 1484
f 1484 1558 216 184
f 1509 1511 1563 1562
f 1511 1513 1564 1563
f 1513 1515 1565 1564
f 1515 1517 1566 1565
f 1517 1519 1567 1566
f 1519 1521 1568 1567
f 1521 1523 1569 1568
f 1523 1525 1570 1569
f 1525 1527 1571 1570
f 1527 1529 1572 1571
f 1529 1531 1573 1572
f 1531 1533 1574 1573
f 1533 1535 1575 1574
f 1535 1537 1576 1575
f 1537 1539 1577 1576
f 1539 199 231 1577
f 1583 1582 1584 1585
f 1543 1583 1585 1544
f 1585 1584 1586 1587
f 1544 1585 1587 1545
f 1587 1586 1588 1589
f 1545 1587 1589 1546
f 1589 1588 1590 1591
f 1546 1589 1591 1547
f 1591 1590 1592 1593
f 1547 1591 1593 1548
f 1593 1592 1594 1595
f 1548 1593 1595 1549
f 1595 1594 1596 1597
f 1549 1595 1597 1550
f 1597 1596 1598 1599
f 1550 1597 1599 1551
f 1599 1598 1600 1601
f 1551 1599 1601 1552
f 1601 1600 1602 1603
f 1552 1601 1603 1553
f 1603 1602 1604 1605
f 1553 1603 1605 1554
f 1605 1604 1606 1607
f 1554 1605 1607 1555
f 1607 1606 1608 1609
f 1555 1607 1609 1556
f 1609 1608 1610 1611
f 1556 1609 1611 1557
f 1611 1610 1612 1613
f 1557 1611 1613 1558
f 1613 1612 282 248
f 1558 1613 248 216
f 1582 1616 1617 1584
f 1584 1617 1618 1586
f 1586 1618 1619 1588
f 1588 1619 1620 1590
f 1590 1620 1621 1592
f 1592 1621 1622 1594
f 1594 1622 1623 1596
f 1596 1623 1624 1598
f 1598 1624 1625 1600
f 1600 1625 1626 1602
f 1602 1626 1627 1604
f 1604 1627 1628 1606
f 1606 1628 1629 1608
f 1608 1629 1630 1610
f 1610 1630 1631 1612
f 1612 1631 294 282
f 1616 1634 1635 1617
f 1562 1563 1635 1634
f 1617 1635 1636 1618
f 1563 1564 1636 1635
f 1618 1636 1637 1619
f 1564 1565 1637 1636
f 1619 1637 1638 1620
f 1565 1566 1638 1637
f 1620 1638 1639 1621
f 1566 1567 1639 1638
f 1621 1639 1640 1622
f 1567 1568 1640 1639
f 1622 1640 1641 1623
f 1568 1569 1641 1640
f 1623 1641 1642 1624
f 1569 1570 1642 1641
f 1624 1642 1643 1625
f 1570 1571 1643 1642
f 1625 1643 1644 1626
f 1571 1572 1644 1643
f 1626 1644 1645 1627
f 1572 1573 1645 1644
f 1627 1645 1646 1628
f 1573 1574 1646 1645
f 1628 1646 1647 1629
f 1574 1575 1647 1646
f 1629 1647 1648 1630
f 1575 1576 1648 1647
f 1630 1648 1649 1631
f 1576 1577 1649 1648
f 1631 1649 263 294
f 1577 231 263 1649
f 1657 1660 1661 1658
f 1657 1659 1662 1660
f 1660 1663 1664 1661
f 1660 1662 1665 1663
f 1663 1666 1667 1664
f 1663 1665 1668 1666
f 1666 1669 1670 1667
f 1666 1668 1671 1669
f 1669 1672 1673 1670
f 1669 1671 1674 1672
f 1672 1675 1676 1673
f 1672 1674 1677 1675
f 1675 1678 1679 1676
f 1675 1677 1680 1678
f 1678 1681 1682 1679
f 1678 1680 1683 1681
f 1681 1684 1685 1682
f 1681 1683 1686 1684
f 1684 1687 1688 1685
f 1684 1686 1689 1687
f 1687 1690 1691 1688
f 1687 1689 1692 1690
f 1690 1693 1694 1691
f 1690 1692 1695 1693
f 1693 1696 1697 1694
f 1693 1695 1698 1696
f 1696 1699 1700 1697
f 1696 1698 1701 1699
f 1699 1702 1703 1700
f 1699 1701 1704 1702
f 1702 167 169 1703
f 1702 1704 201 167
f 1658 1661 1709 1708
f 1661 1664 1710 1709
f 1664 1667 1711 1710
f 1667 1670 1712 1711
f 1670 1673 1713 1712
f 1673 1676 1714 1713
f 1676 1679 1715 1714
f 1679 1682 1716 1715
f 1682 1685 1717 1716
f 1685 1688 1718 1717
f 1688 1691 1719 1718
f 1691 1694 1720 1719
f 1694 1697 1721 1720
f 1697 1700 1722 1721
f 1700 1703 1723 1722
f 1703 169 171 1723
f 1708 1709 1730 1728
f 1728 1730 1731 1729
f 1709 1710 1732 1730
f 1730 1732 1733 1731
f 1710 1711 1734 1732
f 1732 1734 1735 1733
f 1711 1712 1736 1734
f 1734 1736 1737 1735
f 1712 1713 1738 1736
f 1736 1738 1739 1737
f 1713 1714 1740 1738
f 1738 1740 1741 1739
f 1714 1715 1742 1740
f 1740 1742 1743 1741
f 1715 1716 1744 1742
f 1742 1744 1745 1743
f 1716 1717 1746 1744
f 1744 1746 1747 1745
f 1717 1718 1748 1746
f 1746 1748 1749 1747
f 1718 1719 1750 1748
f 1748 1750 1751 1749
f 1719 1720 1752 1750
f 1750 1752 1753 1751
f 1720 1721 1754 1752
f 1752 1754 1755 1753
f 1721 1722 1756 1754
f 1754 1756 1757 1755
f 1722 1723 1758 1756
f 1756 1758 1759 1757
f 1723 171 174 1758
f 1758 174 206 1759
f 1659 1763 1764 1662
f 1662 1764 1765 1665
f 1665 1765 1766 1668
f 1668 1766 1767 1671
f 1671 1767 1768 1674
f 1674 1768 1769 1677
f 1677 1769 1770 1680
f 1680 1770 1771 1683
f 1683 1771 1772 1686
f 1686 1772 1773 1689
f 1689 1773 1774 1692
f 1692 1774 1775 1695
f 1695 1775 1776 1698
f 1698 1776 1777 1701
f 1701 1777 1778 1704
f 1704 1778 233 201
f 1729 1731 1783 1782
f 1731 1733 1784 1783
f 1733 1735 1785 1784
f 1735 1737 1786 1785
f 1737 1739 1787 1786
f 1739 1741 1788 1787
f 1741 1743 1789 1788
f 1743 1745 1790 1789
f 1745 1747 1791 1790
f 1747 1749 1792 1791
f 1749 1751 1793 1792
f 1751 1753 1794 1793
f 1753 1755 1795 1794
f 1755 1757 1796 1795
f 1757 1759 1797 1796
f 1759 206 238 1797
f 1803 1802 1804 1805
f 1763 1803 1805 1764
f 1805 1804 1806 1807
f 1764 1805 1807 1765
f 1807 1806 1808 1809
f 1765 1807 1809 1766
f 1809 1808 1810 1811
f 1766 1809 1811 1767
f 1811 1810 1812 1813
f 1767 1811 1813 1768
f 1813 1812 1814 1815
f 1768 1813 1815 1769
f 1815 1814 1816 1817
f 1769 1815 1817 1770
f 1817 1816 1818 1819
f 1770 1817 1819 1771
f 1819 1818 1820 1821
f 1771 1819 1821 1772
f 1821 1820 1822 1823
f 1772 1821 1823 1773
f 1823 1822 1824 1825
f 1773 1823 1825 1774
f 1825 1824 1826 1827
f 1774 1825 1827 1775
f 1827 1826 1828 1829
f 1775 1827 1829 1776
f 1829 1828 1830 1831
f 1776 1829 1831 1777
f 1831 1830 1832 1833
f 1777 1831 1833 1778
f 1833 1832 303 265
f 1778 1833 265 233
f 1802 1836 1837 1804
f 1804 1837 1838 1806
f 1806 1838 1839 1808
f 1808 1839 1840 1810
f 1810 1840 1841 1812
f 1812 1841 1842 1814
f 1814 1842 1843 1816
f 1816 1843 1844 1818
f 1818 1844 1845 1820
f 1820 1845 1846 1822
f 1822 1846 1847 1824
f 1824 1847 1848 1826
f 1826 1848 1849 1828
f 1828 1849 1850 1830
f 1830 1850 1851 1832
f 1832 1851 306 303
f 1836 1854 1855 1837
f 1782 1783 1855 1854
f 1837 1855 1856 1838
f 1783 1784 1856 1855
f 1838 1856 1857 1839
f 1784 1785 1857 1856
f 1839 1857 1858 1840
f 1785 1786 1858 1857
f 1840 1858 1859 1841
f 1786 1787 1859 1858
f 1841 1859 1860 1842
f 1787 1788 1860 1859
f 1842 1860 1861 1843
f 1788 1789 1861 1860
f 1843 1861 1862 1844
f 1789 1790 1862 1861
f 1844 1862 1863 1845
f 1790 1791 1863 1862
f 1845 1863 1864 1846
f 1791 1792 1864 1863
f 1846 1864 1865 1847
f 1792 1793 1865 1864
f 1847 1865 1866 1848
f 1793 1794 1866 1865
f 1848 1866 1867 1849
f 1794 1795 1867 1866
f 1849 1867 1868 1850
f 1795 1796 1868 1867
f 1850 1868 1869 1851
f 1796 1797 1869 1868
f 1851 1869 270 306
f 1797 238 270 1869
f 825 1870 1871 828
f 825 861 1872 1870
f 1870 1873 1874 1871
f 1870 1872 1875 1873
f 1873 1876 1877 1874
f 1873 1875 1878 1876
f 1876 1878 1879 1877
f 836 1880 1881 837
f 837 1881 1882 879
f 1880 1883 1884 1881
f 1881 1884 1885 1882
f 1883 1886 1887 1884
f 1884 1887 1888 1885
f 1886 1889 1888 1887
f 861 892 1890 1872
f 1872 1890 1891 1875
f 1875 1891 1892 1878
f 1878 1892 1893 1879
f 879 1882 1894 910
f 1882 1885 1895 1894
f 1885 1888 1896 1895
f 1889 1897 1896 1888
f 892 931 1898 1890
f 1890 1898 1899 1891
f 1891 1899 1900 1892
f 910 1894 1901 989
f 1894 1895 1902 1901
f 1895 1896 1903 1902
f 1904 1905 1906 1907
f 923 1904 1907 925
f 923 939 1905 1904
f 1907 1906 1908 1909
f 925 1907 1909 927
f 1909 1908 1910 1911
f 927 1909 1911 929
f 1911 1910 1912 1913
f 929 1911 1913 931
f 931 1913 1914 1898
f 1898 1914 1915 1899
f 1899 1915 1916 1900
f 1905 1917 1918 1906
f 939 946 1917 1905
f 1906 1918 1919 1908
f 1908 1919 1920 1910
f 1910 1920 1921 1912
f 1917 1922 1923 1918
f 946 953 1922 1917
f 1918 1923 1924 1919
f 1919 1924 1925 1920
f 1920 1925 1926 1921
f 1922 1927 1928 1923
f 953 960 1927 1922
f 1923 1928 1929 1924
f 1924 1929 1930 1925
f 1925 1930 1931 1926
f 1927 1932 1933 1928
f 960 967 1932 1927
f 1928 1933 1934 1929
f 1929 1934 1935 1930
f 1930 1935 1936 1931
f 1932 1937 1938 1933
f 974 983 1938 1937
f 967 974 1937 1932
f 1933 1938 1939 1934
f 983 985 1939 1938
f 1934 1939 1940 1935
f 985 987 1940 1939
f 1935 1940 1941 1936
f 987 989 1941 1940
f 989 1901 1942 1941
f 1901 1902 1943 1942
f 1902 1903 1944 1943
f 1892 1945 1946 1893
f 1892 1900 1947 1945
f 1945 1948 1949 1946
f 1945 1947 1950 1948
f 1948 1951 1952 1949
f 1948 1950 1953 1951
f 1951 1953 1954 1952
f 1897 1963 1964 1896
f 1896 1964 1965 1903
f 1963 1966 1967 1964
f 1964 1967 1968 1965
f 1966 1962 1969 1967
f 1967 1969 1970 1968
f 1962 1961 1970 1969
f 1900 1916 1971 1947
f 1947 1971 1972 1950
f 1950 1972 1973 1953
f 1953 1973 1974 1954
f 1903 1965 1975 1944
f 1965 1968 1976 1975
f 1968 1970 1977 1976
f 1961 1978 1977 1970
f 1913 1979 1980 1914
f 1913 1912 1981 1979
f 1914 1980 1982 1915
f 1915 1982 1983 1916
f 1916 1983 1984 1971
f 1971 1984 1985 1972
f 1972 1985 1986 1973
f 1973 1986 1987 1974
f 1912 1921 1988 1981
f 1921 1926 1989 1988
f 1926 1931 1990 1989
f 1931 1936 1991 1990
f 1941 1942 1992 1993
f 1936 1941 1993 1991
f 1942 1943 1994 1992
f 1943 1944 1995 1994
f 1944 1975 1996 1995
f 1975 1976 1997 1996
f 1976 1977 1998 1997
f 1978 1999 1998 1977
f 1979 2000 2001 1980
f 1979 1981 2002 2000
f 1980 2001 2003 1982
f 1982 2003 2004 1983
f 1983 2004 2005 1984
f 1984 2005 2006 1985
f 1985 2006 2007 1986
f 1981 1988 2008 2002
f 1988 1989 2009 2008
f 1989 1990 2010 2009
f 1990 1991 2011 2010
f 1993 1992 2012 2013
f 1991 1993 2013 2011
f 1992 1994 2014 2012
f 1994 1995 2015 2014
f 1995 1996 2016 2015
f 1996 1997 2017 2016
f 1997 1998 2018 2017
f 2019 2020 2021 2022
f 2000 2019 2022 2001
f 2000 2002 2020 2019
f 2022 2021 2023 2024
f 2001 2022 2024 2003
f 2003 2024 2025 2004
f 2004 2025 2026 2005
f 2005 2026 2027 2006
f 2006 2027 2028 2007
f 2020 2029 2030 2021
f 2002 2008 2029 2020
f 2021 2030 2031 2023
f 2029 2032 2033 2030
f 2008 2009 2032 2029
f 2030 2033 2034 2031
f 2032 2035 2036 2033
f 2009 2010 2035 2032
f 2033 2036 2037 2034
f 2035 2038 2039 2036
f 2010 2011 2038 2035
f 2036 2039 2040 2037
f 2038 2041 2042 2039
f 2013 2012 2042 2041
f 2011 2013 2041 2038
f 2039 2042 2043 2040
f 2012 2014 2043 2042
f 2014 2015 2044 2043
f 2015 2016 2045 2044
f 2016 2017 2046 2045
f 2017 2018 2047 2046
f 1986 2048 2049 1987
f 1986 2007 2050 2048
f 2048 2051 2052 2049
f 2048 2050 2053 2051
f 2051 2053 2054 2052
f 1999 2055 2056 1998
f 1998 2056 2057 2018
f 2055 2058 2059 2056
f 2056 2059 2060 2057
f 2058 2061 2060 2059
f 2007 2028 2062 2050
f 2050 2062 2063 2053
f 2053 2063 2064 2054
f 2054 2064 2065 2066
f 2066 2065 2067 2068
f 2068 2067 2069 2070
f 2070 2069 2071 2061
f 2018 2057 2072 2047
f 2057 2060 2073 2072
f 2061 2071 2073 2060
f 2024 2074 2075 2025
f 2024 2023 2076 2074
f 2025 2075 2077 2026
f 2026 2077 2078 2027
f 2027 2078 2079 2028
f 2028 2079 2080 2062
f 2062 2080 2081 2063
f 2023 2031 2082 2076
f 2031 2034 2083 2082
f 2065 2084 2085 2067
f 2034 2037 2086 2083
f 2067 2085 2087 2069
f 2037 2040 2088 2086
f 2043 2044 2089 2090
f 2040 2043 2090 2088
f 2044 2045 2091 2089
f 2045 2046 2092 2091
f 2046 2047 2093 2092
f 2047 2072 2094 2093
f 2072 2073 2095 2094
f 2074 2096 2097 2075
f 2074 2076 2098 2096
f 2075 2097 2099 2077
f 2077 2099 2100 2078
f 2078 2100 2101 2079
f 2079 2101 2102 2080
f 2080 2102 2103 2081
f 2076 2082 2104 2098
f 2082 2083 2105 2104
f 2084 2106 2107 2085
f 2083 2086 2108 2105
f 2085 2107 2109 2087
f 2086 2088 2110 2108
f 2090 2089 2111 2112
f 2088 2090 2112 2110
f 2089 2091 2113 2111
f 2091 2092 2114 2113
f 2092 2093 2115 2114
f 2093 2094 2116 2115
f 2094 2095 2117 2116
f 2096 2118 2119 2097
f 2096 2098 2120 2118
f 2097 2119 2121 2099
f 2099 2121 2122 2100
f 2101 2123 2124 2102
f 2102 2124 2125 2103
f 2103 2125 2126 2127
f 2098 2104 2128 2120
f 2127 2126 2129 2106
f 2104 2105 2130 2128
f 2106 2129 2131 2107
f 2105 2108 2132 2130
f 2107 2131 2133 2109
f 2108 2110 2134 2132
f 2109 2133 2135 2136
f 2112 2111 2137 2138
f 2110 2112 2138 2134
f 2111 2113 2139 2137
f 2113 2114 2140 2139
f 2115 2116 2142 2141
f 2116 2117 2143 2142
f 2136 2135 2143 2117
f 2118 2144 2145 2119
f 2118 2120 2146 2144
f 2119 2145 2147 2121
f 2121 2147 2148 2122
f 2122 2148 2149 2123
f 2123 2149 2150 2124
f 2124 2150 2151 2125
f 2125 2151 2152 2126
f 2126 2152 2154 2129
f 2129 2154 2156 2131
f 2131 2156 2158 2133
f 2133 2158 2160 2135
f 2138 2137 2161 2162
f 2134 2138 2162 2159
f 2137 2139 2163 2161
f 2139 2140 2164 2163
f 2140 2141 2165 2164
f 2141 2142 2166 2165
f 2142 2143 2167 2166
f 2135 2160 2167 2143
f 2144 2168 2169 2145
f 2144 2146 2170 2168
f 2145 2169 2171 2147
f 2147 2171 2172 2148
f 2148 2172 2173 2149
f 2149 2173 2174 2150
f 2150 2174 2175 2151
f 2151 2175 2176 2152
f 2152 2176 2178 2154
f 2154 2178 2180 2156
f 2156 2180 2182 2158
f 2158 2182 2184 2160
f 2162 2161 2185 2186
f 2159 2162 2186 2183
f 2161 2163 2187 2185
f 2163 2164 2188 2187
f 2164 2165 2189 2188
f 2165 2166 2190 2189
f 2166 2167 2191 2190
f 2160 2184 2191 2167
f 2192 2193 2194 2195
f 2168 2192 2195 2169
f 2168 2170 2193 2192
f 2195 2194 2196 2197
f 2169 2195 2197 2171
f 2197 2196 2198 2199
f 2171 2197 2199 2172
f 2199 2198 2200 2201
f 2172 2199 2201 2173
f 2201 2200 2202 2203
f 2173 2201 2203 2174
f 2203 2202 2204 2205
f 2174 2203 2205 2175
f 2175 2205 2204 2176
f 2200 2210 2211 2202
f 2202 2211 2212 2204
f 2176 2204 2212 2178
f 2210 2217 2218 2211
f 2211 2218 2219 2212
f 2178 2212 2219 2180
f 2217 2224 2225 2218
f 2218 2225 2226 2219
f 2180 2219 2226 2182
f 2224 2231 2232 2225
f 2225 2232 2233 2226
f 2182 2226 2233 2184
f 2227 2234 2235 2228
f 2186 2185 2235 2234
f 2183 2186 2234 2227
f 2228 2235 2236 2229
f 2185 2187 2236 2235
f 2229 2236 2237 2230
f 2187 2188 2237 2236
f 2230 2237 2238 2231
f 2188 2189 2238 2237
f 2231 2238 2239 2232
f 2189 2190 2239 2238
f 2232 2239 2240 2233
f 2190 2191 2240 2239
f 2184 2233 2240 2191
f 2063 2315 2316 2064
f 2063 2081 2317 2315
f 2315 2318 2319 2316
f 2315 2317 2320 2318
f 2318 2321 2322 2319
f 2318 2320 2323 2321
f 2321 2323 2324 2322
f 2064 2316 2325 2065
f 2065 2325 2326 2084
f 2316 2319 2327 2325
f 2325 2327 2328 2326
f 2319 2322 2329 2327
f 2327 2329 2330 2328
f 2322 2324 2330 2329
f 2103 2127 2331 2332
f 2081 2103 2332 2317
f 2332 2331 2333 2334
f 2317 2332 2334 2320
f 2334 2333 2335 2336
f 2320 2334 2336 2323
f 2323 2336 2335 2324
f 2127 2106 2337 2331
f 2084 2326 2337 2106
f 2331 2337 2338 2333
f 2326 2328 2338 2337
f 2333 2338 2339 2335
f 2328 2330 2339 2338
f 2324 2335 2339 2330
f 2069 2340 2341 2071
f 2069 2087 2342 2340
f 2340 2343 2344 2341
f 2340 2342 2345 2343
f 2343 2346 2347 2344
f 2343 2345 2348 2346
f 2346 2348 2349 2347
f 2071 2341 2350 2073
f 2073 2350 2351 2095
f 2341 2344 2352 2350
f 2350 2352 2353 2351
f 2344 2347 2354 2352
f 2352 2354 2355 2353
f 2347 2349 2355 2354
f 2109 2136 2356 2357
f 2087 2109 2357 2342
f 2357 2356 2358 2359
f 2342 2357 2359 2345
f 2359 2358 2360 2361
f 2345 2359 2361 2348
f 2348 2361 2360 2349
f 2136 2117 2362 2356
f 2095 2351 2362 2117
f 2356 2362 2363 2358
f 2351 2353 2363 2362
f 2358 2363 2364 2360
f 2353 2355 2364 2363
f 2349 2360 2364 2355
usemtl c28
f 1952 1954 1955 1956
f 1956 1955 1957 1958
f 1958 1957 1959 1960
f 1960 1959 1961 1962
f 2120 2128 2153 2146
f 2128 2130 2155 2153
f 2130 2132 2157 2155
f 2132 2134 2159 2157
f 2146 2153 2177 2170
f 2153 2155 2179 2177
f 2155 2157 2181 2179
f 2157 2159 2183 2181
f 2193 2206 2207 2194
f 2170 2177 2206 2193
f 2194 2207 2208 2196
f 2196 2208 2209 2198
f 2198 2209 2210 2200
f 2206 2213 2214 2207
f 2177 2179 2213 2206
f 2207 2214 2215 2208
f 2208 2215 2216 2209
f 2209 2216 2217 2210
f 2213 2220 2221 2214
f 2179 2181 2220 2213
f 2214 2221 2222 2215
f 2215 2222 2223 2216
f 2216 2223 2224 2217
f 2220 2227 2228 2221
f 2181 2183 2227 2220
f 2221 2228 2229 2222
f 2222 2229 2230 2223
f 2223 2230 2231 2224
f 792 2241 2242 793
f 792 828 1871 2241
f 2241 2243 2244 2242
f 2241 1871 1874 2243
f 2243 2245 2246 2244
f 2243 1874 1877 2245
f 2245 2247 2248 2246
f 2245 1877 2249 2247
f 2247 2249 2250 2248
f 793 2242 2251 796
f 2242 2244 2252 2251
f 2244 2246 2253 2252
f 2246 2248 2254 2253
f 2248 2250 2255 2254
f 796 2251 2256 798
f 2251 2252 2257 2256
f 2252 2253 2258 2257
f 2253 2254 2259 2258
f 2254 2255 2260 2259
f 798 2256 2261 799
f 799 2261 1880 836
f 2256 2257 2262 2261
f 2261 2262 1883 1880
f 2257 2258 2263 2262
f 2262 2263 1886 1883
f 2258 2259 2264 2263
f 2263 2264 2265 1886
f 2259 2260 2265 2264
f 1877 1879 2266 2249
f 2249 2266 2267 2250
f 2250 2267 2268 2255
f 2255 2268 2269 2260
f 1886 2265 2270 1889
f 2260 2269 2270 2265
f 1879 1893 1946 2266
f 2266 2271 2272 2267
f 2266 1946 1949 2271
f 2271 2273 2274 2272
f 2271 1949 1952 2273
f 2273 1952 1956 2274
f 2267 2272 2275 2268
f 2272 2274 2276 2275
f 2274 1956 1958 2276
f 2268 2275 2277 2269
f 2275 2276 2278 2277
f 2276 1958 1960 2278
f 1889 2270 1963 1897
f 2269 2277 2279 2270
f 2270 2279 1966 1963
f 2277 2278 2280 2279
f 2279 2280 1962 1966
f 2278 1960 1962 2280
f 1954 2281 2282 1955
f 1954 1974 2283 2281
f 2281 2284 2285 2282
f 2281 2283 2286 2284
f 2284 2287 2288 2285
f 2284 2286 2289 2287
f 2287 2289 2290 2288
f 1955 2282 2291 1957
f 2282 2285 2292 2291
f 2285 2288 2293 2292
f 2288 2290 2294 2293
f 1957 2291 2295 1959
f 2291 2292 2296 2295
f 2292 2293 2297 2296
f 2293 2294 2298 2297
f 1959 2295 2299 1961
f 1961 2299 2300 1978
f 2295 2296 2301 2299
f 2299 2301 2302 2300
f 2296 2297 2303 2301
f 2301 2303 2304 2302
f 2297 2298 2304 2303
f 1974 1987 2049 2283
f 2283 2049 2052 2286
f 2286 2052 2305 2289
f 2289 2305 2306 2290
f 2290 2306 2307 2294
f 2294 2307 2308 2298
f 1978 2300 2055 1999
f 2300 2302 2058 2055
f 2302 2304 2309 2058
f 2298 2308 2309 2304
f 2054 2066 2310 2311
f 2052 2054 2311 2305
f 2305 2311 2310 2306
f 2066 2068 2312 2310
f 2306 2310 2312 2307
f 2068 2070 2313 2312
f 2307 2312 2313 2308
f 2070 2061 2314 2313
f 2058 2309 2314 2061
f 2308 2313 2314 2309
f 2365 2366 2367 2368
f 2365 2369 2370 2366
f 2365 2368 2371 2369
f 2366 2372 2373 2367
f 2366 2370 2374 2372
f 2372 2375 2376 2373
f 2372 2374 2377 2375
f 2375 2378 2379 2376
f 2375 2377 2380 2378
f 2378 2381 2382 2379
f 2378 2380 2383 2381
f 2381 2384 2385 2382
f 2381 2383 2386 2384
f 2384 2387 2388 2385
f 2384 2386 2389 2387
f 2387 2390 2391 2388
f 2387 2389 2392 2390
f 2390 2393 2394 2391
f 2390 2392 2395 2393
f 2393 2396 2397 2394
f 2393 2395 2398 2396
f 2396 2399 2400 2397
f 2396 2398 2401 2399
f 2399 2402 2403 2400
f 2399 2401 2404 2402
f 2402 2405 2406 2403
f 2402 2404 2407 2405
f 2405 2408 2409 2406
f 2405 2407 2410 2408
f 2408 2411 2412 2409
f 2408 2410 2413 2411
f 2411 2414 2415 2412
f 2411 2413 2416 2414
f 2414 2417 2418 2415
f 2414 2416 2419 2417
f 2417 2420 2421 2418
f 2417 2419 2422 2420
f 2420 2423 2424 2421
f 2420 2422 2425 2423
f 2423 2425 2426 2424
f 2368 2367 2427 2428
f 2368 2428 2429 2371
f 2367 2373 2430 2427
f 2373 2376 2431 2430
f 2376 2379 2432 2431
f 2379 2382 2433 2432
f 2382 2385 2434 2433
f 2385 2388 2435 2434
f 2388 2391 2436 2435
f 2391 2394 2437 2436
f 2394 2397 2438 2437
f 2397 2400 2439 2438
f 2400 2403 2440 2439
f 2403 2406 2441 2440
f 2406 2409 2442 2441
f 2409 2412 2443 2442
f 2412 2415 2444 2443
f 2415 2418 2445 2444
f 2418 2421 2446 2445
f 2421 2424 2447 2446
f 2424 2426 2448 2447
f 2428 2427 2449 2450
f 2428 2450 2451 2429
f 2427 2430 2452 2449
f 2430 2431 2453 2452
f 2431 2432 2454 2453
f 2432 2433 2455 2454
f 2433 2434 2456 2455
f 2434 2435 2457 2456
f 2435 2436 2458 2457
f 2436 2437 2459 2458
f 2437 2438 2460 2459
f 2438 2439 2461 2460
f 2439 2440 2462 2461
f 2440 2441 2463 2462
f 2441 2442 2464 2463
f 2442 2443 2465 2464
f 2443 2444 2466 2465
f 2444 2445 2467 2466
f 2445 2446 2468 2467
f 2446 2447 2469 2468
f 2447 2448 2470 2469
f 2450 2449 2471 2472
f 2472 2471 2473 2474
f 2450 2472 2474 2451
f 2449 2452 2475 2471
f 2471 2475 2476 2473
f 2452 2453 2477 2475
f 2475 2477 2478 2476
f 2453 2454 2479 2477
f 2477 2479 2480 2478
f 2454 2455 2481 2479
f 2479 2481 2482 2480
f 2455 2456 2483 2481
f 2481 2483 2484 2482
f 2456 2457 2485 2483
f 2483 2485 2486 2484
f 2457 2458 2487 2485
f 2485 2487 2488 2486
f 2458 2459 2489 2487
f 2487 2489 2490 2488
f 2459 2460 2491 2489
f 2489 2491 2492 2490
f 2460 2461 2493 2491
f 2491 2493 2494 2492
f 2461 2462 2495 2493
f 2493 2495 2496 2494
f 2462 2463 2497 2495
f 2495 2497 2498 2496
f 2463 2464 2499 2497
f 2497 2499 2500 2498
f 2464 2465 2501 2499
f 2499 2501 2502 2500
f 2465 2466 2503 2501
f 2501 2503 2504 2502
f 2466 2467 2505 2503
f 2503 2505 2506 2504
f 2467 2468 2507 2505
f 2505 2507 2508 2506
f 2468 2469 2509 2507
f 2507 2509 2510 2508
f 2469 2470 2510 2509
f 2511 2512 2513 2514
f 2369 2511 2514 2370
f 2369 2371 2512 2511
f 2514 2513 2515 2516
f 2370 2514 2516 2374
f 2516 2515 2517 2518
f 2374 2516 2518 2377
f 2518 2517 2519 2520
f 2377 2518 2520 2380
f 2520 2519 2521 2522
f 2380 2520 2522 2383
f 2522 2521 2523 2524
f 2383 2522 2524 2386
f 2524 2523 2525 2526
f 2386 2524 2526 2389
f 2526 2525 2527 2528
f 2389 2526 2528 2392
f 2528 2527 2529 2530
f 2392 2528 2530 2395
f 2530 2529 49 37
f 2395 2530 37 2398
f 2398 37 36 2401
f 2401 36 39 2404
f 2404 39 40 2407
f 2407 40 41 2410
f 2410 41 42 2413
f 2413 42 43 2416
f 2416 43 44 2419
f 2419 44 45 2422
f 2422 45 46 2425
f 2425 46 52 2426
f 2512 2531 2532 2513
f 2371 2429 2531 2512
f 2513 2532 2533 2515
f 2515 2533 2534 2517
f 2517 2534 2535 2519
f 2519 2535 2536 2521
f 2521 2536 2537 2523
f 2523 2537 2538 2525
f 2525 2538 2539 2527
f 2527 2539 2540 2529
f 2529 2540 54 49
f 2426 52 57 2448
f 2531 2541 2542 2532
f 2429 2451 2541 2531
f 2532 2542 2543 2533
f 2533 2543 2544 2534
f 2534 2544 2545 2535
f 2535 2545 2546 2536
f 2536 2546 2547 2537
f 2537 2547 2548 2538
f 2538 2548 2549 2539
f 2539 2549 2550 2540
f 2540 2550 59 54
f 2448 57 62 2470
f 2541 2551 2552 2542
f 2474 2473 2552 2551
f 2451 2474 2551 2541
f 2542 2552 2553 2543
f 2473 2476 2553 2552
f 2543 2553 2554 2544
f 2476 2478 2554 2553
f 2544 2554 2555 2545
f 2478 2480 2555 2554
f 2545 2555 2556 2546
f 2480 2482 2556 2555
f 2546 2556 2557 2547
f 2482 2484 2557 2556
f 2547 2557 2558 2548
f 2484 2486 2558 2557
f 2548 2558 2559 2549
f 2486 2488 2559 2558
f 2549 2559 2560 2550
f 2488 2490 2560 2559
f 2550 2560 64 59
f 2490 2492 64 2560
f 2492 2494 69 64
f 2494 2496 73 69
f 2496 2498 75 73
f 2498 2500 77 75
f 2500 2502 79 77
f 2502 2504 81 79
f 2504 2506 83 81
f 2506 2508 85 83
f 2508 2510 67 85
f 2470 62 67 2510
