# generado por tools/vox_to_obj.py desde vaca_v3.vox
mtllib vaca_v3.mtl
v -1.8500 1.0000 0.6000
v -1.8500 1.1000 0.6000
v -1.8500 1.1000 0.5000
v -1.8500 1.0000 0.5000
v -1.7500 1.0000 0.6000
v -1.7500 1.1000 0.6000
v -1.7500 1.0000 0.5000
v -1.8500 1.2000 0.6000
v -1.8500 1.2000 0.5000
v -1.7500 1.2000 0.6000
v -1.8500 1.3000 0.6000
v -1.8500 1.3000 0.5000
v -1.7500 1.3000 0.6000
v -1.8500 1.4000 0.6000
v -1.8500 1.4000 0.5000
v -1.7500 1.4000 0.6000
v -1.8500 1.5000 0.6000
v -1.8500 1.5000 0.5000
v -1.7500 1.5000 0.6000
v -1.8500 1.6000 0.6000
v -1.8500 1.6000 0.5000
v -1.7500 1.6000 0.6000
v -1.8500 1.7000 0.6000
v -1.8500 1.7000 0.5000
v -1.7500 1.7000 0.6000
v -1.8500 1.8000 0.6000
v -1.8500 1.8000 0.5000
v -1.7500 1.8000 0.6000
v -1.8500 1.9000 0.6000
v -1.8500 1.9000 0.5000
v -1.7500 1.9000 0.6000
v -1.8500 2.0000 0.6000
v -1.8500 2.0000 0.5000
v -1.7500 2.0000 0.6000
v -1.8500 2.1000 0.6000
v -1.8500 2.1000 0.5000
v -1.7500 2.1000 0.6000
v -1.8500 2.2000 0.6000
v -1.8500 2.2000 0.5000
v -1.7500 2.2000 0.6000
v -1.8500 2.3000 0.6000
v -1.8500 2.3000 0.5000
v -1.7500 2.3000 0.6000
v -1.8500 2.4000 0.6000
v -1.8500 2.4000 0.5000
v -1.7500 2.4000 0.6000
v -1.7500 2.4000 0.5000
v -1.8500 1.1000 0.4000
v -1.8500 1.0000 0.4000
v -1.7500 1.0000 0.4000
v -1.8500 1.2000 0.4000
v -1.8500 1.3000 0.4000
v -1.8500 1.4000 0.4000
v -1.8500 1.5000 0.4000
v -1.8500 1.6000 0.4000
v -1.8500 1.7000 0.4000
v -1.8500 1.8000 0.4000
v -1.8500 1.9000 0.4000
v -1.8500 2.0000 0.4000
v -1.8500 2.1000 0.4000
v -1.8500 2.2000 0.4000
v -1.8500 2.3000 0.4000
v -1.8500 2.4000 0.4000
v -1.7500 2.4000 0.4000
v -1.8500 1.1000 0.3000
v -1.8500 1.0000 0.3000
v -1.7500 1.0000 0.3000
v -1.8500 1.2000 0.3000
v -1.8500 1.3000 0.3000
v -1.8500 1.4000 0.3000
v -1.8500 1.5000 0.3000
v -1.8500 1.6000 0.3000
v -1.8500 1.7000 0.3000
v -1.8500 1.8000 0.3000
v -1.8500 1.9000 0.3000
v -1.8500 2.0000 0.3000
v -1.8500 2.1000 0.3000
v -1.8500 2.2000 0.3000
v -1.8500 2.3000 0.3000
v -1.8500 2.4000 0.3000
v -1.7500 2.4000 0.3000
v -1.8500 1.1000 0.2000
v -1.8500 1.0000 0.2000
v -1.7500 1.0000 0.2000
v -1.8500 1.2000 0.2000
v -1.8500 1.3000 0.2000
v -1.8500 1.4000 0.2000
v -1.8500 1.5000 0.2000
v -1.8500 1.6000 0.2000
v -1.8500 1.7000 0.2000
v -1.8500 1.8000 0.2000
v -1.8500 1.9000 0.2000
v -1.8500 2.0000 0.2000
v -1.8500 2.1000 0.2000
v -1.8500 2.2000 0.2000
v -1.8500 2.3000 0.2000
v -1.8500 2.4000 0.2000
v -1.7500 2.4000 0.2000
v -1.8500 1.1000 0.1000
v -1.8500 1.0000 0.1000
v -1.7500 1.0000 0.1000
v -1.8500 1.2000 0.1000
v -1.8500 1.3000 0.1000
v -1.8500 1.4000 0.1000
v -1.8500 1.5000 0.1000
v -1.8500 1.6000 0.1000
v -1.8500 1.7000 0.1000
v -1.8500 1.8000 0.1000
v -1.8500 1.9000 0.1000
v -1.8500 2.0000 0.1000
v -1.8500 2.1000 0.1000
v -1.8500 2.2000 0.1000
v -1.8500 2.3000 0.1000
v -1.8500 2.4000 0.1000
v -1.7500 2.4000 0.1000
v -1.8500 2.4000 0.0000
v -1.8500 2.3000 0.0000
v -1.7500 2.4000 0.0000
v -1.8500 2.4000 -0.1000
v -1.8500 2.3000 -0.1000
v -1.7500 2.4000 -0.1000
v -1.8500 1.0000 -0.1000
v -1.8500 1.1000 -0.1000
v -1.8500 1.1000 -0.2000
v -1.8500 1.0000 -0.2000
v -1.7500 1.0000 -0.2000
v -1.7500 1.0000 -0.1000
v -1.8500 1.2000 -0.1000
v -1.8500 1.2000 -0.2000
v -1.8500 1.3000 -0.1000
v -1.8500 1.3000 -0.2000
v -1.8500 1.4000 -0.1000
v -1.8500 1.4000 -0.2000
v -1.8500 1.5000 -0.1000
v -1.8500 1.5000 -0.2000
v -1.8500 1.6000 -0.1000
v -1.8500 1.6000 -0.2000
v -1.8500 1.7000 -0.1000
v -1.8500 1.7000 -0.2000
v -1.8500 1.8000 -0.1000
v -1.8500 1.8000 -0.2000
v -1.8500 1.9000 -0.1000
v -1.8500 1.9000 -0.2000
v -1.8500 2.0000 -0.1000
v -1.8500 2.0000 -0.2000
v -1.8500 2.1000 -0.1000
v -1.8500 2.1000 -0.2000
v -1.8500 2.2000 -0.1000
v -1.8500 2.2000 -0.2000
v -1.8500 2.3000 -0.2000
v -1.8500 2.4000 -0.2000
v -1.7500 2.4000 -0.2000
v -1.8500 1.1000 -0.3000
v -1.8500 1.0000 -0.3000
v -1.7500 1.0000 -0.3000
v -1.8500 1.2000 -0.3000
v -1.8500 1.3000 -0.3000
v -1.8500 1.4000 -0.3000
v -1.8500 1.5000 -0.3000
v -1.8500 1.6000 -0.3000
v -1.8500 1.7000 -0.3000
v -1.8500 1.8000 -0.3000
v -1.8500 1.9000 -0.3000
v -1.8500 2.0000 -0.3000
v -1.8500 2.1000 -0.3000
v -1.8500 2.2000 -0.3000
v -1.8500 2.3000 -0.3000
v -1.8500 2.4000 -0.3000
v -1.7500 2.4000 -0.3000
v -1.8500 1.1000 -0.4000
v -1.8500 1.0000 -0.4000
v -1.7500 1.0000 -0.4000
v -1.8500 1.2000 -0.4000
v -1.8500 1.3000 -0.4000
v -1.8500 1.4000 -0.4000
v -1.8500 1.5000 -0.4000
v -1.8500 1.6000 -0.4000
v -1.8500 1.7000 -0.4000
v -1.8500 1.8000 -0.4000
v -1.8500 1.9000 -0.4000
v -1.8500 2.0000 -0.4000
v -1.8500 2.1000 -0.4000
v -1.8500 2.2000 -0.4000
v -1.8500 2.3000 -0.4000
v -1.8500 2.4000 -0.4000
v -1.7500 2.4000 -0.4000
v -1.8500 1.1000 -0.5000
v -1.8500 1.0000 -0.5000
v -1.7500 1.0000 -0.5000
v -1.8500 1.2000 -0.5000
v -1.8500 1.3000 -0.5000
v -1.8500 1.4000 -0.5000
v -1.8500 1.5000 -0.5000
v -1.8500 1.6000 -0.5000
v -1.8500 1.7000 -0.5000
v -1.8500 1.8000 -0.5000
v -1.8500 1.9000 -0.5000
v -1.8500 2.0000 -0.5000
v -1.8500 2.1000 -0.5000
v -1.8500 2.2000 -0.5000
v -1.8500 2.3000 -0.5000
v -1.8500 2.4000 -0.5000
v -1.7500 2.4000 -0.5000
v -1.8500 1.1000 -0.6000
v -1.8500 1.0000 -0.6000
v -1.7500 1.1000 -0.6000
v -1.7500 1.0000 -0.6000
v -1.8500 1.2000 -0.6000
v -1.7500 1.2000 -0.6000
v -1.8500 1.3000 -0.6000
v -1.7500 1.3000 -0.6000
v -1.8500 1.4000 -0.6000
v -1.7500 1.4000 -0.6000
v -1.8500 1.5000 -0.6000
v -1.7500 1.5000 -0.6000
v -1.8500 1.6000 -0.6000
v -1.7500 1.6000 -0.6000
v -1.8500 1.7000 -0.6000
v -1.7500 1.7000 -0.6000
v -1.8500 1.8000 -0.6000
v -1.7500 1.8000 -0.6000
v -1.8500 1.9000 -0.6000
v -1.7500 1.9000 -0.6000
v -1.8500 2.0000 -0.6000
v -1.7500 2.0000 -0.6000
v -1.8500 2.1000 -0.6000
v -1.7500 2.1000 -0.6000
v -1.8500 2.2000 -0.6000
v -1.7500 2.2000 -0.6000
v -1.8500 2.3000 -0.6000
v -1.7500 2.3000 -0.6000
v -1.8500 2.4000 -0.6000
v -1.7500 2.4000 -0.6000
v -1.6500 1.0000 0.6000
v -1.6500 1.1000 0.6000
v -1.6500 1.0000 0.5000
v -1.6500 1.2000 0.6000
v -1.6500 1.3000 0.6000
v -1.6500 1.4000 0.6000
v -1.6500 1.5000 0.6000
v -1.6500 1.6000 0.6000
v -1.6500 1.7000 0.6000
v -1.6500 1.8000 0.6000
v -1.6500 1.9000 0.6000
v -1.6500 2.0000 0.6000
v -1.6500 2.1000 0.6000
v -1.6500 2.2000 0.6000
v -1.6500 2.3000 0.6000
v -1.6500 2.4000 0.6000
v -1.6500 2.4000 0.5000
v -1.6500 1.0000 0.4000
v -1.6500 2.4000 0.4000
v -1.6500 1.0000 0.3000
v -1.6500 2.4000 0.3000
v -1.6500 1.0000 0.2000
v -1.6500 2.4000 0.2000
v -1.6500 1.0000 0.1000
v -1.6500 2.4000 0.1000
v -1.7500 1.0000 0.0000
v -1.6500 1.0000 0.0000
v -1.6500 2.4000 0.0000
v -1.6500 1.0000 -0.1000
v -1.6500 2.4000 -0.1000
v -1.6500 1.0000 -0.2000
v -1.6500 2.4000 -0.2000
v -1.6500 1.0000 -0.3000
v -1.6500 2.4000 -0.3000
v -1.6500 1.0000 -0.4000
v -1.6500 2.4000 -0.4000
v -1.6500 1.0000 -0.5000
v -1.6500 2.4000 -0.5000
v -1.6500 1.1000 -0.6000
v -1.6500 1.0000 -0.6000
v -1.6500 1.2000 -0.6000
v -1.6500 1.3000 -0.6000
v -1.6500 1.4000 -0.6000
v -1.6500 1.5000 -0.6000
v -1.6500 1.6000 -0.6000
v -1.6500 1.7000 -0.6000
v -1.6500 1.8000 -0.6000
v -1.6500 1.9000 -0.6000
v -1.6500 2.0000 -0.6000
v -1.6500 2.1000 -0.6000
v -1.6500 2.2000 -0.6000
v -1.6500 2.3000 -0.6000
v -1.6500 2.4000 -0.6000
v -1.5500 1.0000 0.6000
v -1.5500 1.1000 0.6000
v -1.5500 1.0000 0.5000
v -1.5500 1.2000 0.6000
v -1.5500 1.3000 0.6000
v -1.5500 1.4000 0.6000
v -1.5500 1.5000 0.6000
v -1.5500 1.6000 0.6000
v -1.5500 1.7000 0.6000
v -1.5500 1.8000 0.6000
v -1.5500 1.9000 0.6000
v -1.5500 2.0000 0.6000
v -1.5500 2.1000 0.6000
v -1.5500 2.2000 0.6000
v -1.5500 2.3000 0.6000
v -1.5500 2.4000 0.6000
v -1.5500 2.4000 0.5000
v -1.5500 1.0000 0.4000
v -1.5500 2.4000 0.4000
v -1.5500 1.0000 0.3000
v -1.5500 2.4000 0.3000
v -1.5500 1.0000 0.2000
v -1.5500 2.4000 0.2000
v -1.5500 1.0000 0.1000
v -1.5500 2.4000 0.1000
v -1.5500 1.0000 0.0000
v -1.5500 2.4000 0.0000
v -1.5500 1.0000 -0.1000
v -1.5500 2.4000 -0.1000
v -1.5500 1.0000 -0.2000
v -1.5500 2.4000 -0.2000
v -1.5500 1.0000 -0.3000
v -1.5500 2.4000 -0.3000
v -1.5500 1.0000 -0.4000
v -1.5500 2.4000 -0.4000
v -1.5500 1.0000 -0.5000
v -1.5500 2.4000 -0.5000
v -1.5500 1.1000 -0.6000
v -1.5500 1.0000 -0.6000
v -1.5500 1.2000 -0.6000
v -1.5500 1.3000 -0.6000
v -1.5500 1.4000 -0.6000
v -1.5500 1.5000 -0.6000
v -1.5500 1.6000 -0.6000
v -1.5500 1.7000 -0.6000
v -1.5500 1.8000 -0.6000
v -1.5500 1.9000 -0.6000
v -1.5500 2.0000 -0.6000
v -1.5500 2.1000 -0.6000
v -1.5500 2.2000 -0.6000
v -1.5500 2.3000 -0.6000
v -1.5500 2.4000 -0.6000
v -1.4500 1.0000 0.6000
v -1.4500 1.1000 0.6000
v -1.4500 1.0000 0.5000
v -1.4500 1.2000 0.6000
v -1.4500 1.3000 0.6000
v -1.4500 1.4000 0.6000
v -1.4500 1.5000 0.6000
v -1.4500 1.6000 0.6000
v -1.4500 1.7000 0.6000
v -1.4500 1.8000 0.6000
v -1.4500 1.9000 0.6000
v -1.4500 2.0000 0.6000
v -1.4500 2.1000 0.6000
v -1.4500 2.2000 0.6000
v -1.4500 2.3000 0.6000
v -1.4500 2.4000 0.6000
v -1.4500 2.4000 0.5000
v -1.4500 2.4000 0.4000
v -1.4500 2.4000 0.3000
v -1.4500 2.4000 0.2000
v -1.4500 2.4000 0.1000
v -1.4500 1.0000 0.0000
v -1.4500 1.0000 0.1000
v -1.4500 2.4000 0.0000
v -1.4500 1.0000 -0.1000
v -1.4500 2.4000 -0.1000
v -1.4500 2.4000 -0.2000
v -1.4500 2.4000 -0.3000
v -1.4500 2.4000 -0.4000
v -1.4500 2.4000 -0.5000
v -1.4500 1.1000 -0.6000
v -1.4500 1.0000 -0.6000
v -1.4500 1.0000 -0.5000
v -1.4500 1.2000 -0.6000
v -1.4500 1.3000 -0.6000
v -1.4500 1.4000 -0.6000
v -1.4500 1.5000 -0.6000
v -1.4500 1.6000 -0.6000
v -1.4500 1.7000 -0.6000
v -1.4500 1.8000 -0.6000
v -1.4500 1.9000 -0.6000
v -1.4500 2.0000 -0.6000
v -1.4500 2.1000 -0.6000
v -1.4500 2.2000 -0.6000
v -1.4500 2.3000 -0.6000
v -1.4500 2.4000 -0.6000
v -1.3500 1.0000 0.6000
v -1.3500 1.1000 0.6000
v -1.3500 1.0000 0.5000
v -1.3500 1.2000 0.6000
v -1.3500 1.3000 0.6000
v -1.3500 1.4000 0.6000
v -1.3500 1.5000 0.6000
v -1.3500 1.6000 0.6000
v -1.3500 1.7000 0.6000
v -1.3500 1.8000 0.6000
v -1.3500 1.9000 0.6000
v -1.3500 2.0000 0.6000
v -1.3500 2.1000 0.6000
v -1.3500 2.2000 0.6000
v -1.3500 2.3000 0.6000
v -1.3500 2.4000 0.6000
v -1.3500 2.4000 0.5000
v -1.3500 2.4000 0.4000
v -1.3500 2.4000 0.3000
v -1.3500 2.4000 0.2000
v -1.3500 2.4000 0.1000
v -1.3500 1.0000 0.0000
v -1.3500 1.0000 0.1000
v -1.3500 2.4000 0.0000
v -1.3500 1.0000 -0.1000
v -1.3500 2.4000 -0.1000
v -1.3500 2.4000 -0.2000
v -1.3500 2.4000 -0.3000
v -1.3500 2.4000 -0.4000
v -1.3500 2.4000 -0.5000
v -1.3500 1.1000 -0.6000
v -1.3500 1.0000 -0.6000
v -1.3500 1.0000 -0.5000
v -1.3500 1.2000 -0.6000
v -1.3500 1.3000 -0.6000
v -1.3500 1.4000 -0.6000
v -1.3500 1.5000 -0.6000
v -1.3500 1.6000 -0.6000
v -1.3500 1.7000 -0.6000
v -1.3500 1.8000 -0.6000
v -1.3500 1.9000 -0.6000
v -1.3500 2.0000 -0.6000
v -1.3500 2.1000 -0.6000
v -1.3500 2.2000 -0.6000
v -1.3500 2.3000 -0.6000
v -1.3500 2.4000 -0.6000
v -1.2500 1.0000 0.6000
v -1.2500 1.1000 0.6000
v -1.2500 1.0000 0.5000
v -1.2500 1.2000 0.6000
v -1.2500 1.3000 0.6000
v -1.2500 1.4000 0.6000
v -1.2500 1.5000 0.6000
v -1.2500 1.6000 0.6000
v -1.2500 1.7000 0.6000
v -1.2500 1.8000 0.6000
v -1.2500 1.9000 0.6000
v -1.2500 2.0000 0.6000
v -1.2500 2.1000 0.6000
v -1.2500 2.2000 0.6000
v -1.2500 2.3000 0.6000
v -1.2500 2.4000 0.6000
v -1.2500 2.4000 0.5000
v -1.2500 2.4000 0.4000
v -1.2500 2.4000 0.3000
v -1.2500 2.4000 0.2000
v -1.2500 2.4000 0.1000
v -1.2500 1.0000 0.0000
v -1.2500 1.0000 0.1000
v -1.2500 2.4000 0.0000
v -1.2500 1.0000 -0.1000
v -1.2500 2.4000 -0.1000
v -1.2500 2.4000 -0.2000
v -1.2500 2.4000 -0.3000
v -1.2500 2.4000 -0.4000
v -1.2500 2.4000 -0.5000
v -1.2500 1.1000 -0.6000
v -1.2500 1.0000 -0.6000
v -1.2500 1.0000 -0.5000
v -1.2500 1.2000 -0.6000
v -1.2500 1.3000 -0.6000
v -1.2500 1.4000 -0.6000
v -1.2500 1.5000 -0.6000
v -1.2500 1.6000 -0.6000
v -1.2500 1.7000 -0.6000
v -1.2500 1.8000 -0.6000
v -1.2500 1.9000 -0.6000
v -1.2500 2.0000 -0.6000
v -1.2500 2.1000 -0.6000
v -1.2500 2.2000 -0.6000
v -1.2500 2.3000 -0.6000
v -1.2500 2.4000 -0.6000
v -1.1500 1.0000 0.6000
v -1.1500 1.1000 0.6000
v -1.1500 1.0000 0.5000
v -1.1500 1.2000 0.6000
v -1.1500 1.3000 0.6000
v -1.1500 1.4000 0.6000
v -1.1500 1.5000 0.6000
v -1.1500 1.6000 0.6000
v -1.1500 1.7000 0.6000
v -1.1500 1.8000 0.6000
v -1.1500 1.9000 0.6000
v -1.1500 2.0000 0.6000
v -1.1500 2.1000 0.6000
v -1.1500 2.2000 0.6000
v -1.1500 2.3000 0.6000
v -1.1500 2.4000 0.6000
v -1.1500 2.4000 0.5000
v -1.1500 2.4000 0.4000
v -1.1500 2.4000 0.3000
v -1.1500 2.4000 0.2000
v -1.1500 2.4000 0.1000
v -1.1500 1.0000 0.0000
v -1.1500 1.0000 0.1000
v -1.1500 2.4000 0.0000
v -1.1500 1.0000 -0.1000
v -1.1500 2.4000 -0.1000
v -1.1500 2.4000 -0.2000
v -1.1500 2.4000 -0.3000
v -1.1500 2.4000 -0.4000
v -1.1500 2.4000 -0.5000
v -1.1500 1.1000 -0.6000
v -1.1500 1.0000 -0.6000
v -1.1500 1.0000 -0.5000
v -1.1500 1.2000 -0.6000
v -1.1500 1.3000 -0.6000
v -1.1500 1.4000 -0.6000
v -1.1500 1.5000 -0.6000
v -1.1500 1.6000 -0.6000
v -1.1500 1.7000 -0.6000
v -1.1500 1.8000 -0.6000
v -1.1500 1.9000 -0.6000
v -1.1500 2.0000 -0.6000
v -1.1500 2.1000 -0.6000
v -1.1500 2.2000 -0.6000
v -1.1500 2.3000 -0.6000
v -1.1500 2.4000 -0.6000
v -1.0500 1.0000 0.6000
v -1.0500 1.1000 0.6000
v -1.0500 1.0000 0.5000
v -1.0500 1.2000 0.6000
v -1.0500 1.3000 0.6000
v -1.0500 1.4000 0.6000
v -1.0500 1.5000 0.6000
v -1.0500 1.6000 0.6000
v -1.0500 1.7000 0.6000
v -1.0500 1.8000 0.6000
v -1.0500 1.9000 0.6000
v -1.0500 2.0000 0.6000
v -1.0500 2.1000 0.6000
v -1.0500 2.2000 0.6000
v -1.0500 2.3000 0.6000
v -1.0500 2.4000 0.6000
v -1.0500 2.4000 0.5000
v -1.1500 1.0000 0.4000
v -1.0500 1.0000 0.4000
v -1.0500 2.4000 0.4000
v -1.1500 1.0000 0.3000
v -1.0500 1.0000 0.3000
v -1.0500 2.4000 0.3000
v -1.1500 1.0000 0.2000
v -1.0500 1.0000 0.2000
v -1.0500 2.4000 0.2000
v -1.0500 1.0000 0.1000
v -1.0500 2.4000 0.1000
v -1.0500 1.0000 0.0000
v -1.0500 2.4000 0.0000
v -1.0500 1.0000 -0.1000
v -1.0500 2.4000 -0.1000
v -1.1500 1.0000 -0.2000
v -1.0500 1.0000 -0.2000
v -1.0500 2.4000 -0.2000
v -1.1500 1.0000 -0.3000
v -1.0500 1.0000 -0.3000
v -1.0500 2.4000 -0.3000
v -1.1500 1.0000 -0.4000
v -1.0500 1.0000 -0.4000
v -1.0500 2.4000 -0.4000
v -1.0500 1.0000 -0.5000
v -1.0500 2.4000 -0.5000
v -1.0500 1.1000 -0.6000
v -1.0500 1.0000 -0.6000
v -1.0500 1.2000 -0.6000
v -1.0500 1.3000 -0.6000
v -1.0500 1.4000 -0.6000
v -1.0500 1.5000 -0.6000
v -1.0500 1.6000 -0.6000
v -1.0500 1.7000 -0.6000
v -1.0500 1.8000 -0.6000
v -1.0500 1.9000 -0.6000
v -1.0500 2.0000 -0.6000
v -1.0500 2.1000 -0.6000
v -1.0500 2.2000 -0.6000
v -1.0500 2.3000 -0.6000
v -1.0500 2.4000 -0.6000
v -0.9500 1.0000 0.6000
v -0.9500 1.1000 0.6000
v -0.9500 1.0000 0.5000
v -0.9500 1.2000 0.6000
v -0.9500 1.3000 0.6000
v -0.9500 1.4000 0.6000
v -0.9500 1.5000 0.6000
v -0.9500 1.6000 0.6000
v -0.9500 1.7000 0.6000
v -0.9500 1.8000 0.6000
v -0.9500 1.9000 0.6000
v -0.9500 2.0000 0.6000
v -0.9500 2.1000 0.6000
v -0.9500 2.2000 0.6000
v -0.9500 2.3000 0.6000
v -0.9500 2.4000 0.6000
v -0.9500 2.4000 0.5000
v -0.9500 1.0000 0.4000
v -0.9500 2.4000 0.4000
v -0.9500 1.0000 0.3000
v -0.9500 2.4000 0.3000
v -0.9500 2.4000 0.2000
v -0.9500 2.4000 0.1000
v -0.9500 2.4000 0.0000
v -0.9500 2.4000 -0.1000
v -0.9500 2.4000 -0.2000
v -0.9500 2.4000 -0.3000
v -0.9500 1.0000 -0.4000
v -0.9500 1.0000 -0.3000
v -0.9500 2.4000 -0.4000
v -0.9500 1.0000 -0.5000
v -0.9500 2.4000 -0.5000
v -0.9500 1.1000 -0.6000
v -0.9500 1.0000 -0.6000
v -0.9500 1.2000 -0.6000
v -0.9500 1.3000 -0.6000
v -0.9500 1.4000 -0.6000
v -0.9500 1.5000 -0.6000
v -0.9500 1.6000 -0.6000
v -0.9500 1.7000 -0.6000
v -0.9500 1.8000 -0.6000
v -0.9500 1.9000 -0.6000
v -0.9500 2.0000 -0.6000
v -0.9500 2.1000 -0.6000
v -0.9500 2.2000 -0.6000
v -0.9500 2.3000 -0.6000
v -0.9500 2.4000 -0.6000
v -0.8500 1.0000 0.6000
v -0.8500 1.1000 0.6000
v -0.8500 1.0000 0.5000
v -0.8500 1.2000 0.6000
v -0.8500 1.3000 0.6000
v -0.8500 1.4000 0.6000
v -0.8500 1.5000 0.6000
v -0.8500 1.6000 0.6000
v -0.8500 1.7000 0.6000
v -0.8500 1.8000 0.6000
v -0.8500 1.9000 0.6000
v -0.8500 2.0000 0.6000
v -0.8500 2.1000 0.6000
v -0.8500 2.2000 0.6000
v -0.8500 2.3000 0.6000
v -0.8500 2.4000 0.6000
v -0.8500 2.4000 0.5000
v -0.8500 1.0000 0.4000
v -0.8500 2.4000 0.4000
v -0.8500 1.0000 0.3000
v -0.8500 2.4000 0.3000
v -0.8500 2.4000 0.2000
v -0.8500 2.4000 0.1000
v -0.8500 2.4000 0.0000
v -0.8500 2.4000 -0.1000
v -0.8500 2.4000 -0.2000
v -0.8500 2.4000 -0.3000
v -0.8500 1.0000 -0.4000
v -0.8500 1.0000 -0.3000
v -0.8500 2.4000 -0.4000
v -0.8500 1.0000 -0.5000
v -0.8500 2.4000 -0.5000
v -0.8500 1.1000 -0.6000
v -0.8500 1.0000 -0.6000
v -0.8500 1.2000 -0.6000
v -0.8500 1.3000 -0.6000
v -0.8500 1.4000 -0.6000
v -0.8500 1.5000 -0.6000
v -0.8500 1.6000 -0.6000
v -0.8500 1.7000 -0.6000
v -0.8500 1.8000 -0.6000
v -0.8500 1.9000 -0.6000
v -0.8500 2.0000 -0.6000
v -0.8500 2.1000 -0.6000
v -0.8500 2.2000 -0.6000
v -0.8500 2.3000 -0.6000
v -0.8500 2.4000 -0.6000
v -0.7500 1.0000 0.6000
v -0.7500 1.1000 0.6000
v -0.7500 1.0000 0.5000
v -0.7500 1.2000 0.6000
v -0.7500 1.3000 0.6000
v -0.7500 1.4000 0.6000
v -0.7500 1.5000 0.6000
v -0.7500 1.6000 0.6000
v -0.7500 1.7000 0.6000
v -0.7500 1.8000 0.6000
v -0.7500 1.9000 0.6000
v -0.7500 2.0000 0.6000
v -0.7500 2.1000 0.6000
v -0.7500 2.2000 0.6000
v -0.7500 2.3000 0.6000
v -0.7500 2.4000 0.6000
v -0.7500 2.4000 0.5000
v -0.7500 1.0000 0.4000
v -0.7500 2.4000 0.4000
v -0.7500 1.0000 0.3000
v -0.7500 2.4000 0.3000
v -0.7500 2.4000 0.2000
v -0.7500 2.4000 0.1000
v -0.7500 2.4000 0.0000
v -0.7500 2.4000 -0.1000
v -0.7500 2.4000 -0.2000
v -0.7500 2.4000 -0.3000
v -0.7500 1.0000 -0.4000
v -0.7500 1.0000 -0.3000
v -0.7500 2.4000 -0.4000
v -0.7500 1.0000 -0.5000
v -0.7500 2.4000 -0.5000
v -0.7500 1.1000 -0.6000
v -0.7500 1.0000 -0.6000
v -0.7500 1.2000 -0.6000
v -0.7500 1.3000 -0.6000
v -0.7500 1.4000 -0.6000
v -0.7500 1.5000 -0.6000
v -0.7500 1.6000 -0.6000
v -0.7500 1.7000 -0.6000
v -0.7500 1.8000 -0.6000
v -0.7500 1.9000 -0.6000
v -0.7500 2.0000 -0.6000
v -0.7500 2.1000 -0.6000
v -0.7500 2.2000 -0.6000
v -0.7500 2.3000 -0.6000
v -0.7500 2.4000 -0.6000
v -0.6500 1.0000 0.6000
v -0.6500 1.1000 0.6000
v -0.6500 1.0000 0.5000
v -0.6500 1.2000 0.6000
v -0.6500 1.3000 0.6000
v -0.6500 1.4000 0.6000
v -0.6500 1.5000 0.6000
v -0.6500 1.6000 0.6000
v -0.6500 1.7000 0.6000
v -0.6500 1.8000 0.6000
v -0.6500 1.9000 0.6000
v -0.6500 2.0000 0.6000
v -0.6500 2.1000 0.6000
v -0.6500 2.2000 0.6000
v -0.6500 2.3000 0.6000
v -0.6500 2.4000 0.6000
v -0.6500 2.4000 0.5000
v -0.6500 1.0000 0.4000
v -0.6500 2.4000 0.4000
v -0.6500 1.0000 0.3000
v -0.6500 2.4000 0.3000
v -0.6500 2.4000 0.2000
v -0.6500 2.4000 0.1000
v -0.6500 2.4000 0.0000
v -0.6500 2.4000 -0.1000
v -0.6500 2.4000 -0.2000
v -0.6500 2.4000 -0.3000
v -0.6500 1.0000 -0.4000
v -0.6500 1.0000 -0.3000
v -0.6500 2.4000 -0.4000
v -0.6500 1.0000 -0.5000
v -0.6500 2.4000 -0.5000
v -0.6500 1.1000 -0.6000
v -0.6500 1.0000 -0.6000
v -0.6500 1.2000 -0.6000
v -0.6500 1.3000 -0.6000
v -0.6500 1.4000 -0.6000
v -0.6500 1.5000 -0.6000
v -0.6500 1.6000 -0.6000
v -0.6500 1.7000 -0.6000
v -0.6500 1.8000 -0.6000
v -0.6500 1.9000 -0.6000
v -0.6500 2.0000 -0.6000
v -0.6500 2.1000 -0.6000
v -0.6500 2.2000 -0.6000
v -0.6500 2.3000 -0.6000
v -0.6500 2.4000 -0.6000
v -0.5500 1.0000 0.6000
v -0.5500 1.1000 0.6000
v -0.5500 1.0000 0.5000
v -0.5500 1.2000 0.6000
v -0.5500 1.3000 0.6000
v -0.5500 1.4000 0.6000
v -0.5500 1.5000 0.6000
v -0.5500 1.6000 0.6000
v -0.5500 1.7000 0.6000
v -0.5500 1.8000 0.6000
v -0.5500 1.9000 0.6000
v -0.5500 2.0000 0.6000
v -0.5500 2.1000 0.6000
v -0.5500 2.2000 0.6000
v -0.5500 2.3000 0.6000
v -0.5500 2.4000 0.6000
v -0.5500 2.4000 0.5000
v -0.5500 1.0000 0.4000
v -0.5500 2.4000 0.4000
v -0.5500 1.0000 0.3000
v -0.5500 2.4000 0.3000
v -0.5500 2.4000 0.2000
v -0.5500 2.4000 0.1000
v -0.5500 2.4000 0.0000
v -0.5500 2.4000 -0.1000
v -0.5500 2.4000 -0.2000
v -0.5500 2.4000 -0.3000
v -0.5500 1.0000 -0.4000
v -0.5500 1.0000 -0.3000
v -0.5500 2.4000 -0.4000
v -0.5500 1.0000 -0.5000
v -0.5500 2.4000 -0.5000
v -0.5500 1.1000 -0.6000
v -0.5500 1.0000 -0.6000
v -0.5500 1.2000 -0.6000
v -0.5500 1.3000 -0.6000
v -0.5500 1.4000 -0.6000
v -0.5500 1.5000 -0.6000
v -0.5500 1.6000 -0.6000
v -0.5500 1.7000 -0.6000
v -0.5500 1.8000 -0.6000
v -0.5500 1.9000 -0.6000
v -0.5500 2.0000 -0.6000
v -0.5500 2.1000 -0.6000
v -0.5500 2.2000 -0.6000
v -0.5500 2.3000 -0.6000
v -0.5500 2.4000 -0.6000
v -0.4500 1.0000 0.6000
v -0.4500 1.1000 0.6000
v -0.4500 1.0000 0.5000
v -0.4500 1.2000 0.6000
v -0.4500 1.3000 0.6000
v -0.4500 1.4000 0.6000
v -0.4500 1.5000 0.6000
v -0.4500 1.6000 0.6000
v -0.4500 1.7000 0.6000
v -0.4500 1.8000 0.6000
v -0.4500 1.9000 0.6000
v -0.4500 2.0000 0.6000
v -0.4500 2.1000 0.6000
v -0.4500 2.2000 0.6000
v -0.4500 2.3000 0.6000
v -0.4500 2.4000 0.6000
v -0.4500 2.4000 0.5000
v -0.4500 1.0000 0.4000
v -0.4500 2.4000 0.4000
v -0.4500 1.0000 0.3000
v -0.4500 2.4000 0.3000
v -0.4500 2.4000 0.2000
v -0.4500 2.4000 0.1000
v -0.4500 2.4000 0.0000
v -0.4500 2.4000 -0.1000
v -0.4500 2.4000 -0.2000
v -0.4500 2.4000 -0.3000
v -0.4500 1.0000 -0.4000
v -0.4500 1.0000 -0.3000
v -0.4500 2.4000 -0.4000
v -0.4500 1.0000 -0.5000
v -0.4500 2.4000 -0.5000
v -0.4500 1.1000 -0.6000
v -0.4500 1.0000 -0.6000
v -0.4500 1.2000 -0.6000
v -0.4500 1.3000 -0.6000
v -0.4500 1.4000 -0.6000
v -0.4500 1.5000 -0.6000
v -0.4500 1.6000 -0.6000
v -0.4500 1.7000 -0.6000
v -0.4500 1.8000 -0.6000
v -0.4500 1.9000 -0.6000
v -0.4500 2.0000 -0.6000
v -0.4500 2.1000 -0.6000
v -0.4500 2.2000 -0.6000
v -0.4500 2.3000 -0.6000
v -0.4500 2.4000 -0.6000
v -0.3500 1.0000 0.6000
v -0.3500 1.1000 0.6000
v -0.3500 1.0000 0.5000
v -0.3500 1.2000 0.6000
v -0.3500 1.3000 0.6000
v -0.3500 1.4000 0.6000
v -0.3500 1.5000 0.6000
v -0.3500 1.6000 0.6000
v -0.3500 1.7000 0.6000
v -0.3500 1.8000 0.6000
v -0.3500 1.9000 0.6000
v -0.3500 2.0000 0.6000
v -0.3500 2.1000 0.6000
v -0.3500 2.2000 0.6000
v -0.3500 2.3000 0.6000
v -0.3500 2.4000 0.6000
v -0.3500 2.4000 0.5000
v -0.3500 1.0000 0.4000
v -0.3500 2.4000 0.4000
v -0.3500 1.0000 0.3000
v -0.3500 2.4000 0.3000
v -0.4500 1.0000 0.2000
v -0.3500 1.0000 0.2000
v -0.3500 2.4000 0.2000
v -0.4500 1.0000 0.1000
v -0.3500 1.0000 0.1000
v -0.3500 2.4000 0.1000
v -0.4500 1.0000 0.0000
v -0.3500 1.0000 0.0000
v -0.3500 2.4000 0.0000
v -0.4500 1.0000 -0.1000
v -0.3500 1.0000 -0.1000
v -0.3500 2.4000 -0.1000
v -0.4500 1.0000 -0.2000
v -0.3500 1.0000 -0.2000
v -0.3500 2.4000 -0.2000
v -0.3500 1.0000 -0.3000
v -0.3500 2.4000 -0.3000
v -0.3500 1.0000 -0.4000
v -0.3500 2.4000 -0.4000
v -0.3500 1.0000 -0.5000
v -0.3500 2.4000 -0.5000
v -0.3500 1.1000 -0.6000
v -0.3500 1.0000 -0.6000
v -0.3500 1.2000 -0.6000
v -0.3500 1.3000 -0.6000
v -0.3500 1.4000 -0.6000
v -0.3500 1.5000 -0.6000
v -0.3500 1.6000 -0.6000
v -0.3500 1.7000 -0.6000
v -0.3500 1.8000 -0.6000
v -0.3500 1.9000 -0.6000
v -0.3500 2.0000 -0.6000
v -0.3500 2.1000 -0.6000
v -0.3500 2.2000 -0.6000
v -0.3500 2.3000 -0.6000
v -0.3500 2.4000 -0.6000
v -0.2500 1.0000 0.6000
v -0.2500 1.1000 0.6000
v -0.2500 1.0000 0.5000
v -0.2500 1.2000 0.6000
v -0.2500 1.3000 0.6000
v -0.2500 1.4000 0.6000
v -0.2500 1.5000 0.6000
v -0.2500 1.6000 0.6000
v -0.2500 1.7000 0.6000
v -0.2500 1.8000 0.6000
v -0.2500 1.9000 0.6000
v -0.2500 2.0000 0.6000
v -0.2500 2.1000 0.6000
v -0.2500 2.2000 0.6000
v -0.2500 2.3000 0.6000
v -0.2500 2.4000 0.6000
v -0.2500 2.4000 0.5000
v -0.2500 1.0000 0.4000
v -0.2500 2.4000 0.4000
v -0.2500 1.0000 0.3000
v -0.2500 2.4000 0.3000
v -0.2500 1.0000 0.2000
v -0.2500 2.4000 0.2000
v -0.2500 1.0000 0.1000
v -0.2500 2.4000 0.1000
v -0.2500 1.0000 0.0000
v -0.2500 2.4000 0.0000
v -0.2500 1.0000 -0.1000
v -0.2500 2.4000 -0.1000
v -0.2500 1.0000 -0.2000
v -0.2500 2.4000 -0.2000
v -0.2500 1.0000 -0.3000
v -0.2500 2.4000 -0.3000
v -0.2500 1.0000 -0.4000
v -0.2500 2.4000 -0.4000
v -0.2500 1.0000 -0.5000
v -0.2500 2.4000 -0.5000
v -0.2500 1.1000 -0.6000
v -0.2500 1.0000 -0.6000
v -0.2500 1.2000 -0.6000
v -0.2500 1.3000 -0.6000
v -0.2500 1.4000 -0.6000
v -0.2500 1.5000 -0.6000
v -0.2500 1.6000 -0.6000
v -0.2500 1.7000 -0.6000
v -0.2500 1.8000 -0.6000
v -0.2500 1.9000 -0.6000
v -0.2500 2.0000 -0.6000
v -0.2500 2.1000 -0.6000
v -0.2500 2.2000 -0.6000
v -0.2500 2.3000 -0.6000
v -0.2500 2.4000 -0.6000
v -0.1500 1.0000 0.6000
v -0.1500 1.1000 0.6000
v -0.1500 1.0000 0.5000
v -0.1500 1.2000 0.6000
v -0.1500 1.3000 0.6000
v -0.1500 1.4000 0.6000
v -0.1500 1.5000 0.6000
v -0.1500 1.6000 0.6000
v -0.1500 1.7000 0.6000
v -0.1500 1.8000 0.6000
v -0.1500 1.9000 0.6000
v -0.1500 2.0000 0.6000
v -0.1500 2.1000 0.6000
v -0.1500 2.2000 0.6000
v -0.1500 2.3000 0.6000
v -0.1500 2.4000 0.6000
v -0.1500 2.4000 0.5000
v -0.1500 1.0000 0.4000
v -0.1500 2.4000 0.4000
v -0.1500 1.0000 0.3000
v -0.1500 2.4000 0.3000
v -0.1500 1.0000 0.2000
v -0.1500 2.4000 0.2000
v -0.1500 1.0000 0.1000
v -0.1500 2.4000 0.1000
v -0.1500 1.0000 0.0000
v -0.1500 2.4000 0.0000
v -0.1500 1.0000 -0.1000
v -0.1500 2.4000 -0.1000
v -0.1500 1.0000 -0.2000
v -0.1500 2.4000 -0.2000
v -0.1500 1.0000 -0.3000
v -0.1500 2.4000 -0.3000
v -0.1500 1.0000 -0.4000
v -0.1500 2.4000 -0.4000
v -0.1500 1.0000 -0.5000
v -0.1500 2.4000 -0.5000
v -0.1500 1.1000 -0.6000
v -0.1500 1.0000 -0.6000
v -0.1500 1.2000 -0.6000
v -0.1500 1.3000 -0.6000
v -0.1500 1.4000 -0.6000
v -0.1500 1.5000 -0.6000
v -0.1500 1.6000 -0.6000
v -0.1500 1.7000 -0.6000
v -0.1500 1.8000 -0.6000
v -0.1500 1.9000 -0.6000
v -0.1500 2.0000 -0.6000
v -0.1500 2.1000 -0.6000
v -0.1500 2.2000 -0.6000
v -0.1500 2.3000 -0.6000
v -0.1500 2.4000 -0.6000
v -0.0500 1.0000 0.6000
v -0.0500 1.1000 0.6000
v -0.0500 1.0000 0.5000
v -0.0500 1.2000 0.6000
v -0.0500 1.3000 0.6000
v -0.0500 1.4000 0.6000
v -0.0500 1.5000 0.6000
v -0.0500 1.6000 0.6000
v -0.0500 1.7000 0.6000
v -0.0500 1.8000 0.6000
v -0.0500 1.9000 0.6000
v -0.0500 2.0000 0.6000
v -0.0500 2.1000 0.6000
v -0.0500 2.2000 0.6000
v -0.0500 2.3000 0.6000
v -0.0500 2.4000 0.6000
v -0.0500 2.4000 0.5000
v -0.0500 1.0000 0.4000
v -0.0500 2.4000 0.4000
v -0.0500 1.0000 0.3000
v -0.0500 2.4000 0.3000
v -0.0500 1.0000 0.2000
v -0.0500 2.4000 0.2000
v -0.0500 1.0000 0.1000
v -0.0500 2.4000 0.1000
v -0.0500 1.0000 0.0000
v -0.0500 2.4000 0.0000
v -0.0500 1.0000 -0.1000
v -0.0500 2.4000 -0.1000
v -0.0500 1.0000 -0.2000
v -0.0500 2.4000 -0.2000
v -0.0500 1.0000 -0.3000
v -0.0500 2.4000 -0.3000
v -0.0500 1.0000 -0.4000
v -0.0500 2.4000 -0.4000
v -0.0500 1.0000 -0.5000
v -0.0500 2.4000 -0.5000
v -0.0500 1.1000 -0.6000
v -0.0500 1.0000 -0.6000
v -0.0500 1.2000 -0.6000
v -0.0500 1.3000 -0.6000
v -0.0500 1.4000 -0.6000
v -0.0500 1.5000 -0.6000
v -0.0500 1.6000 -0.6000
v -0.0500 1.7000 -0.6000
v -0.0500 1.8000 -0.6000
v -0.0500 1.9000 -0.6000
v -0.0500 2.0000 -0.6000
v -0.0500 2.1000 -0.6000
v -0.0500 2.2000 -0.6000
v -0.0500 2.3000 -0.6000
v -0.0500 2.4000 -0.6000
v 0.0500 1.0000 0.6000
v 0.0500 1.1000 0.6000
v 0.0500 1.0000 0.5000
v 0.0500 1.2000 0.6000
v 0.0500 1.3000 0.6000
v 0.0500 1.4000 0.6000
v 0.0500 1.5000 0.6000
v 0.0500 1.6000 0.6000
v 0.0500 1.7000 0.6000
v 0.0500 1.8000 0.6000
v 0.0500 1.9000 0.6000
v 0.0500 2.0000 0.6000
v 0.0500 2.1000 0.6000
v 0.0500 2.2000 0.6000
v 0.0500 2.3000 0.6000
v 0.0500 2.4000 0.6000
v 0.0500 2.4000 0.5000
v 0.0500 1.0000 0.4000
v 0.0500 2.4000 0.4000
v 0.0500 1.0000 0.3000
v 0.0500 2.4000 0.3000
v 0.0500 1.0000 0.2000
v 0.0500 2.4000 0.2000
v 0.0500 1.0000 0.1000
v 0.0500 2.4000 0.1000
v 0.0500 1.0000 0.0000
v 0.0500 2.4000 0.0000
v 0.0500 1.0000 -0.1000
v 0.0500 2.4000 -0.1000
v 0.0500 1.0000 -0.2000
v 0.0500 2.4000 -0.2000
v 0.0500 1.0000 -0.3000
v 0.0500 2.4000 -0.3000
v 0.0500 1.0000 -0.4000
v 0.0500 2.4000 -0.4000
v 0.0500 1.0000 -0.5000
v 0.0500 2.4000 -0.5000
v 0.0500 1.1000 -0.6000
v 0.0500 1.0000 -0.6000
v 0.0500 1.2000 -0.6000
v 0.0500 1.3000 -0.6000
v 0.0500 1.4000 -0.6000
v 0.0500 1.5000 -0.6000
v 0.0500 1.6000 -0.6000
v 0.0500 1.7000 -0.6000
v 0.0500 1.8000 -0.6000
v 0.0500 1.9000 -0.6000
v 0.0500 2.0000 -0.6000
v 0.0500 2.1000 -0.6000
v 0.0500 2.2000 -0.6000
v 0.0500 2.3000 -0.6000
v 0.0500 2.4000 -0.6000
v 0.1500 1.0000 0.6000
v 0.1500 1.1000 0.6000
v 0.1500 1.0000 0.5000
v 0.1500 1.2000 0.6000
v 0.1500 1.3000 0.6000
v 0.1500 1.4000 0.6000
v 0.1500 1.5000 0.6000
v 0.1500 1.6000 0.6000
v 0.1500 1.7000 0.6000
v 0.1500 1.8000 0.6000
v 0.1500 1.9000 0.6000
v 0.1500 2.0000 0.6000
v 0.1500 2.1000 0.6000
v 0.1500 2.2000 0.6000
v 0.1500 2.3000 0.6000
v 0.1500 2.4000 0.6000
v 0.1500 2.4000 0.5000
v 0.1500 1.0000 0.4000
v 0.1500 2.4000 0.4000
v 0.1500 1.0000 0.3000
v 0.1500 2.4000 0.3000
v 0.1500 1.0000 0.2000
v 0.1500 2.4000 0.2000
v 0.1500 1.0000 0.1000
v 0.1500 2.4000 0.1000
v 0.1500 1.0000 0.0000
v 0.1500 2.4000 0.0000
v 0.1500 1.0000 -0.1000
v 0.1500 2.4000 -0.1000
v 0.1500 1.0000 -0.2000
v 0.1500 2.4000 -0.2000
v 0.1500 1.0000 -0.3000
v 0.1500 2.4000 -0.3000
v 0.1500 1.0000 -0.4000
v 0.1500 2.4000 -0.4000
v 0.1500 1.0000 -0.5000
v 0.1500 2.4000 -0.5000
v 0.1500 1.1000 -0.6000
v 0.1500 1.0000 -0.6000
v 0.1500 1.2000 -0.6000
v 0.1500 1.3000 -0.6000
v 0.1500 1.4000 -0.6000
v 0.1500 1.5000 -0.6000
v 0.1500 1.6000 -0.6000
v 0.1500 1.7000 -0.6000
v 0.1500 1.8000 -0.6000
v 0.1500 1.9000 -0.6000
v 0.1500 2.0000 -0.6000
v 0.1500 2.1000 -0.6000
v 0.1500 2.2000 -0.6000
v 0.1500 2.3000 -0.6000
v 0.1500 2.4000 -0.6000
v 0.2500 1.0000 0.6000
v 0.2500 1.1000 0.6000
v 0.2500 1.0000 0.5000
v 0.2500 1.2000 0.6000
v 0.2500 1.3000 0.6000
v 0.2500 1.4000 0.6000
v 0.2500 1.5000 0.6000
v 0.2500 1.6000 0.6000
v 0.2500 1.7000 0.6000
v 0.2500 1.8000 0.6000
v 0.2500 1.9000 0.6000
v 0.2500 2.0000 0.6000
v 0.2500 2.1000 0.6000
v 0.2500 2.2000 0.6000
v 0.2500 2.3000 0.6000
v 0.2500 2.4000 0.6000
v 0.2500 2.4000 0.5000
v 0.2500 1.0000 0.4000
v 0.2500 2.4000 0.4000
v 0.2500 1.0000 0.3000
v 0.2500 2.4000 0.3000
v 0.2500 1.0000 0.2000
v 0.2500 2.4000 0.2000
v 0.2500 1.0000 0.1000
v 0.2500 2.4000 0.1000
v 0.2500 1.0000 0.0000
v 0.2500 2.4000 0.0000
v 0.2500 1.0000 -0.1000
v 0.2500 2.4000 -0.1000
v 0.2500 1.0000 -0.2000
v 0.2500 2.4000 -0.2000
v 0.2500 1.0000 -0.3000
v 0.2500 2.4000 -0.3000
v 0.2500 1.0000 -0.4000
v 0.2500 2.4000 -0.4000
v 0.2500 1.0000 -0.5000
v 0.2500 2.4000 -0.5000
v 0.2500 1.1000 -0.6000
v 0.2500 1.0000 -0.6000
v 0.2500 1.2000 -0.6000
v 0.2500 1.3000 -0.6000
v 0.2500 1.4000 -0.6000
v 0.2500 1.5000 -0.6000
v 0.2500 1.6000 -0.6000
v 0.2500 1.7000 -0.6000
v 0.2500 1.8000 -0.6000
v 0.2500 1.9000 -0.6000
v 0.2500 2.0000 -0.6000
v 0.2500 2.1000 -0.6000
v 0.2500 2.2000 -0.6000
v 0.2500 2.3000 -0.6000
v 0.2500 2.4000 -0.6000
v 0.3500 1.0000 0.6000
v 0.3500 1.1000 0.6000
v 0.3500 1.0000 0.5000
v 0.3500 1.2000 0.6000
v 0.3500 1.3000 0.6000
v 0.3500 1.4000 0.6000
v 0.3500 1.5000 0.6000
v 0.3500 1.6000 0.6000
v 0.3500 1.7000 0.6000
v 0.3500 1.8000 0.6000
v 0.3500 1.9000 0.6000
v 0.3500 2.0000 0.6000
v 0.3500 2.1000 0.6000
v 0.3500 2.2000 0.6000
v 0.3500 2.3000 0.6000
v 0.3500 2.4000 0.6000
v 0.3500 2.4000 0.5000
v 0.3500 1.0000 0.4000
v 0.3500 2.4000 0.4000
v 0.3500 1.0000 0.3000
v 0.3500 1.0000 0.2000
v 0.3500 1.0000 0.1000
v 0.3500 1.0000 0.0000
v 0.3500 1.0000 -0.1000
v 0.3500 1.0000 -0.2000
v 0.3500 1.0000 -0.3000
v 0.3500 1.0000 -0.4000
v 0.3500 1.0000 -0.5000
v 0.3500 2.4000 -0.4000
v 0.3500 2.4000 -0.5000
v 0.3500 1.1000 -0.6000
v 0.3500 1.0000 -0.6000
v 0.3500 1.2000 -0.6000
v 0.3500 1.3000 -0.6000
v 0.3500 1.4000 -0.6000
v 0.3500 1.5000 -0.6000
v 0.3500 1.6000 -0.6000
v 0.3500 1.7000 -0.6000
v 0.3500 1.8000 -0.6000
v 0.3500 1.9000 -0.6000
v 0.3500 2.0000 -0.6000
v 0.3500 2.1000 -0.6000
v 0.3500 2.2000 -0.6000
v 0.3500 2.3000 -0.6000
v 0.3500 2.4000 -0.6000
v 0.4500 1.0000 0.6000
v 0.4500 1.1000 0.6000
v 0.4500 1.0000 0.5000
v 0.4500 1.2000 0.6000
v 0.4500 1.3000 0.6000
v 0.4500 1.4000 0.6000
v 0.4500 1.5000 0.6000
v 0.4500 1.6000 0.6000
v 0.4500 1.7000 0.6000
v 0.4500 1.8000 0.6000
v 0.4500 1.9000 0.6000
v 0.4500 2.0000 0.6000
v 0.4500 2.1000 0.6000
v 0.4500 2.2000 0.6000
v 0.4500 2.3000 0.6000
v 0.4500 2.4000 0.6000
v 0.4500 2.4000 0.5000
v 0.4500 2.4000 0.4000
v 0.4500 1.0000 0.0000
v 0.4500 1.0000 0.1000
v 0.4500 1.0000 -0.1000
v 0.4500 2.4000 -0.4000
v 0.4500 2.4000 -0.5000
v 0.4500 1.1000 -0.6000
v 0.4500 1.0000 -0.6000
v 0.4500 1.0000 -0.5000
v 0.4500 1.2000 -0.6000
v 0.4500 1.3000 -0.6000
v 0.4500 1.4000 -0.6000
v 0.4500 1.5000 -0.6000
v 0.4500 1.6000 -0.6000
v 0.4500 1.7000 -0.6000
v 0.4500 1.8000 -0.6000
v 0.4500 1.9000 -0.6000
v 0.4500 2.0000 -0.6000
v 0.4500 2.1000 -0.6000
v 0.4500 2.2000 -0.6000
v 0.4500 2.3000 -0.6000
v 0.4500 2.4000 -0.6000
v 0.5500 1.0000 0.6000
v 0.5500 1.1000 0.6000
v 0.5500 1.0000 0.5000
v 0.5500 1.2000 0.6000
v 0.5500 1.3000 0.6000
v 0.5500 1.4000 0.6000
v 0.5500 1.5000 0.6000
v 0.5500 1.6000 0.6000
v 0.5500 1.7000 0.6000
v 0.5500 1.8000 0.6000
v 0.5500 1.9000 0.6000
v 0.5500 2.0000 0.6000
v 0.5500 2.1000 0.6000
v 0.5500 2.2000 0.6000
v 0.5500 2.3000 0.6000
v 0.5500 2.4000 0.6000
v 0.5500 2.4000 0.5000
v 0.5500 2.4000 0.4000
v 0.5500 1.0000 0.0000
v 0.5500 1.0000 0.1000
v 0.5500 1.0000 -0.1000
v 0.5500 2.4000 -0.4000
v 0.5500 2.4000 -0.5000
v 0.5500 1.1000 -0.6000
v 0.5500 1.0000 -0.6000
v 0.5500 1.0000 -0.5000
v 0.5500 1.2000 -0.6000
v 0.5500 1.3000 -0.6000
v 0.5500 1.4000 -0.6000
v 0.5500 1.5000 -0.6000
v 0.5500 1.6000 -0.6000
v 0.5500 1.7000 -0.6000
v 0.5500 1.8000 -0.6000
v 0.5500 1.9000 -0.6000
v 0.5500 2.0000 -0.6000
v 0.5500 2.1000 -0.6000
v 0.5500 2.2000 -0.6000
v 0.5500 2.3000 -0.6000
v 0.5500 2.4000 -0.6000
v 0.6500 1.0000 0.6000
v 0.6500 1.1000 0.6000
v 0.6500 1.0000 0.5000
v 0.6500 1.2000 0.6000
v 0.6500 1.3000 0.6000
v 0.6500 1.4000 0.6000
v 0.6500 1.5000 0.6000
v 0.6500 1.6000 0.6000
v 0.6500 1.7000 0.6000
v 0.6500 1.8000 0.6000
v 0.6500 1.9000 0.6000
v 0.6500 2.0000 0.6000
v 0.6500 2.1000 0.6000
v 0.6500 2.2000 0.6000
v 0.6500 2.3000 0.6000
v 0.6500 2.4000 0.6000
v 0.6500 2.4000 0.5000
v 0.6500 2.4000 0.4000
v 0.6500 1.0000 0.0000
v 0.6500 1.0000 0.1000
v 0.6500 1.0000 -0.1000
v 0.6500 2.4000 -0.4000
v 0.6500 2.4000 -0.5000
v 0.6500 1.1000 -0.6000
v 0.6500 1.0000 -0.6000
v 0.6500 1.0000 -0.5000
v 0.6500 1.2000 -0.6000
v 0.6500 1.3000 -0.6000
v 0.6500 1.4000 -0.6000
v 0.6500 1.5000 -0.6000
v 0.6500 1.6000 -0.6000
v 0.6500 1.7000 -0.6000
v 0.6500 1.8000 -0.6000
v 0.6500 1.9000 -0.6000
v 0.6500 2.0000 -0.6000
v 0.6500 2.1000 -0.6000
v 0.6500 2.2000 -0.6000
v 0.6500 2.3000 -0.6000
v 0.6500 2.4000 -0.6000
v 0.7500 1.0000 0.6000
v 0.7500 1.1000 0.6000
v 0.7500 1.0000 0.5000
v 0.7500 1.2000 0.6000
v 0.7500 1.3000 0.6000
v 0.7500 1.4000 0.6000
v 0.7500 1.5000 0.6000
v 0.7500 1.6000 0.6000
v 0.7500 1.7000 0.6000
v 0.7500 1.8000 0.6000
v 0.7500 1.9000 0.6000
v 0.7500 2.0000 0.6000
v 0.7500 2.1000 0.6000
v 0.7500 2.2000 0.6000
v 0.7500 2.3000 0.6000
v 0.7500 2.4000 0.6000
v 0.7500 2.4000 0.5000
v 0.7500 2.4000 0.4000
v 0.7500 1.0000 0.0000
v 0.7500 1.0000 0.1000
v 0.7500 1.0000 -0.1000
v 0.7500 2.4000 -0.4000
v 0.7500 2.4000 -0.5000
v 0.7500 1.1000 -0.6000
v 0.7500 1.0000 -0.6000
v 0.7500 1.0000 -0.5000
v 0.7500 1.2000 -0.6000
v 0.7500 1.3000 -0.6000
v 0.7500 1.4000 -0.6000
v 0.7500 1.5000 -0.6000
v 0.7500 1.6000 -0.6000
v 0.7500 1.7000 -0.6000
v 0.7500 1.8000 -0.6000
v 0.7500 1.9000 -0.6000
v 0.7500 2.0000 -0.6000
v 0.7500 2.1000 -0.6000
v 0.7500 2.2000 -0.6000
v 0.7500 2.3000 -0.6000
v 0.7500 2.4000 -0.6000
v 0.8500 1.0000 0.6000
v 0.8500 1.1000 0.6000
v 0.8500 1.0000 0.5000
v 0.8500 1.2000 0.6000
v 0.8500 1.3000 0.6000
v 0.8500 1.4000 0.6000
v 0.8500 1.5000 0.6000
v 0.8500 1.6000 0.6000
v 0.8500 1.7000 0.6000
v 0.8500 1.8000 0.6000
v 0.8500 1.9000 0.6000
v 0.8500 2.0000 0.6000
v 0.8500 2.1000 0.6000
v 0.8500 2.2000 0.6000
v 0.8500 2.3000 0.6000
v 0.8500 2.4000 0.6000
v 0.8500 2.4000 0.5000
v 0.7500 1.0000 0.4000
v 0.8500 1.0000 0.4000
v 0.8500 2.4000 0.4000
v 0.7500 1.0000 0.3000
v 0.8500 1.0000 0.3000
v 0.7500 1.0000 0.2000
v 0.8500 1.0000 0.2000
v 0.8500 1.0000 0.1000
v 0.8500 1.0000 0.0000
v 0.8500 1.0000 -0.1000
v 0.7500 1.0000 -0.2000
v 0.8500 1.0000 -0.2000
v 0.7500 1.0000 -0.3000
v 0.8500 1.0000 -0.3000
v 0.7500 1.0000 -0.4000
v 0.8500 1.0000 -0.4000
v 0.8500 1.0000 -0.5000
v 0.8500 2.4000 -0.4000
v 0.8500 2.4000 -0.5000
v 0.8500 1.1000 -0.6000
v 0.8500 1.0000 -0.6000
v 0.8500 1.2000 -0.6000
v 0.8500 1.3000 -0.6000
v 0.8500 1.4000 -0.6000
v 0.8500 1.5000 -0.6000
v 0.8500 1.6000 -0.6000
v 0.8500 1.7000 -0.6000
v 0.8500 1.8000 -0.6000
v 0.8500 1.9000 -0.6000
v 0.8500 2.0000 -0.6000
v 0.8500 2.1000 -0.6000
v 0.8500 2.2000 -0.6000
v 0.8500 2.3000 -0.6000
v 0.8500 2.4000 -0.6000
v 0.9500 1.0000 0.6000
v 0.9500 1.1000 0.6000
v 0.9500 1.0000 0.5000
v 0.9500 1.2000 0.6000
v 0.9500 1.3000 0.6000
v 0.9500 1.4000 0.6000
v 0.9500 1.5000 0.6000
v 0.9500 1.6000 0.6000
v 0.9500 1.7000 0.6000
v 0.9500 1.8000 0.6000
v 0.9500 1.9000 0.6000
v 0.9500 2.0000 0.6000
v 0.9500 2.1000 0.6000
v 0.9500 2.2000 0.6000
v 0.9500 2.3000 0.6000
v 0.9500 2.4000 0.6000
v 0.9500 2.4000 0.5000
v 0.9500 1.0000 0.4000
v 0.9500 2.4000 0.4000
v 0.9500 1.0000 0.3000
v 0.9500 1.0000 0.2000
v 0.9500 1.0000 0.1000
v 0.9500 1.0000 0.0000
v 0.9500 1.0000 -0.1000
v 0.9500 1.0000 -0.2000
v 0.9500 1.0000 -0.3000
v 0.9500 1.0000 -0.4000
v 0.9500 1.0000 -0.5000
v 0.9500 2.4000 -0.4000
v 0.9500 2.4000 -0.5000
v 0.9500 1.1000 -0.6000
v 0.9500 1.0000 -0.6000
v 0.9500 1.2000 -0.6000
v 0.9500 1.3000 -0.6000
v 0.9500 1.4000 -0.6000
v 0.9500 1.5000 -0.6000
v 0.9500 1.6000 -0.6000
v 0.9500 1.7000 -0.6000
v 0.9500 1.8000 -0.6000
v 0.9500 1.9000 -0.6000
v 0.9500 2.0000 -0.6000
v 0.9500 2.1000 -0.6000
v 0.9500 2.2000 -0.6000
v 0.9500 2.3000 -0.6000
v 0.9500 2.4000 -0.6000
v 1.0500 1.0000 0.6000
v 1.0500 1.0000 0.5000
v 1.0500 1.1000 0.5000
v 1.0500 1.1000 0.6000
v 1.0500 1.2000 0.5000
v 1.0500 1.2000 0.6000
v 1.0500 1.3000 0.5000
v 1.0500 1.3000 0.6000
v 1.0500 1.4000 0.5000
v 1.0500 1.4000 0.6000
v 1.0500 1.5000 0.5000
v 1.0500 1.5000 0.6000
v 1.0500 1.6000 0.6000
v 1.0500 1.7000 0.6000
v 1.0500 1.8000 0.6000
v 1.0500 1.9000 0.6000
v 1.0500 2.0000 0.6000
v 1.0500 2.1000 0.6000
v 1.0500 2.1000 0.5000
v 1.0500 2.2000 0.5000
v 1.0500 2.2000 0.6000
v 1.0500 2.3000 0.5000
v 1.0500 2.3000 0.6000
v 1.0500 2.4000 0.5000
v 1.0500 2.4000 0.6000
v 1.0500 1.0000 0.4000
v 1.0500 1.1000 0.4000
v 1.0500 1.2000 0.4000
v 1.0500 1.3000 0.4000
v 1.0500 1.4000 0.4000
v 1.0500 1.5000 0.4000
v 1.0500 2.1000 0.4000
v 1.0500 2.2000 0.4000
v 1.0500 2.3000 0.4000
v 1.0500 2.4000 0.4000
v 1.0500 1.0000 0.3000
v 1.0500 1.1000 0.3000
v 1.0500 1.2000 0.3000
v 1.0500 2.3000 0.3000
v 1.0500 2.4000 0.3000
v 0.9500 2.4000 0.3000
v 1.0500 2.3000 0.2000
v 1.0500 2.4000 0.2000
v 0.9500 2.4000 0.2000
v 1.0500 2.3000 0.1000
v 1.0500 2.4000 0.1000
v 0.9500 2.4000 0.1000
v 1.0500 2.3000 0.0000
v 1.0500 2.4000 0.0000
v 0.9500 2.4000 0.0000
v 1.0500 2.3000 -0.1000
v 1.0500 2.4000 -0.1000
v 0.9500 2.4000 -0.1000
v 1.0500 2.3000 -0.2000
v 1.0500 2.4000 -0.2000
v 0.9500 2.4000 -0.2000
v 1.0500 2.3000 -0.3000
v 1.0500 2.4000 -0.3000
v 0.9500 2.4000 -0.3000
v 1.0500 1.0000 -0.3000
v 1.0500 1.0000 -0.4000
v 1.0500 1.1000 -0.4000
v 1.0500 1.1000 -0.3000
v 1.0500 1.2000 -0.4000
v 1.0500 1.2000 -0.3000
v 1.0500 2.3000 -0.4000
v 1.0500 2.4000 -0.4000
v 1.0500 1.0000 -0.5000
v 1.0500 1.1000 -0.5000
v 1.0500 1.2000 -0.5000
v 1.0500 1.3000 -0.5000
v 1.0500 1.3000 -0.4000
v 1.0500 1.4000 -0.5000
v 1.0500 1.4000 -0.4000
v 1.0500 1.5000 -0.5000
v 1.0500 1.5000 -0.4000
v 1.0500 2.1000 -0.4000
v 1.0500 2.1000 -0.5000
v 1.0500 2.2000 -0.5000
v 1.0500 2.2000 -0.4000
v 1.0500 2.3000 -0.5000
v 1.0500 2.4000 -0.5000
v 1.0500 1.0000 -0.6000
v 1.0500 1.1000 -0.6000
v 1.0500 1.2000 -0.6000
v 1.0500 1.3000 -0.6000
v 1.0500 1.4000 -0.6000
v 1.0500 1.5000 -0.6000
v 1.0500 1.6000 -0.6000
v 1.0500 1.7000 -0.6000
v 1.0500 1.8000 -0.6000
v 1.0500 1.9000 -0.6000
v 1.0500 2.0000 -0.6000
v 1.0500 2.1000 -0.6000
v 1.0500 2.2000 -0.6000
v 1.0500 2.3000 -0.6000
v 1.0500 2.4000 -0.6000
v 1.1500 1.2000 0.4000
v 1.1500 1.3000 0.4000
v 1.1500 1.2000 0.3000
v 1.1500 1.4000 0.4000
v 1.1500 1.5000 0.4000
v 1.1500 2.1000 0.4000
v 1.1500 2.2000 0.4000
v 1.1500 2.3000 0.4000
v 1.1500 2.3000 0.3000
v 1.1500 2.3000 0.2000
v 1.1500 2.3000 0.1000
v 1.1500 2.3000 0.0000
v 1.1500 2.3000 -0.1000
v 1.1500 2.3000 -0.2000
v 1.1500 2.3000 -0.3000
v 1.1500 1.3000 -0.4000
v 1.1500 1.2000 -0.4000
v 1.1500 1.2000 -0.3000
v 1.1500 1.4000 -0.4000
v 1.1500 1.5000 -0.4000
v 1.1500 2.2000 -0.4000
v 1.1500 2.1000 -0.4000
v 1.1500 2.3000 -0.4000
v 1.2500 1.2000 0.4000
v 1.2500 1.3000 0.4000
v 1.2500 1.2000 0.3000
v 1.2500 1.4000 0.4000
v 1.2500 1.5000 0.4000
v 1.2500 2.1000 0.4000
v 1.2500 2.2000 0.4000
v 1.2500 2.3000 0.4000
v 1.2500 2.3000 0.3000
v 1.2500 2.3000 0.2000
v 1.2500 2.3000 0.1000
v 1.2500 2.3000 0.0000
v 1.2500 2.3000 -0.1000
v 1.2500 2.3000 -0.2000
v 1.2500 2.3000 -0.3000
v 1.2500 1.3000 -0.4000
v 1.2500 1.2000 -0.4000
v 1.2500 1.2000 -0.3000
v 1.2500 1.4000 -0.4000
v 1.2500 1.5000 -0.4000
v 1.2500 2.2000 -0.4000
v 1.2500 2.1000 -0.4000
v 1.2500 2.3000 -0.4000
v 1.3500 1.2000 0.4000
v 1.3500 1.3000 0.4000
v 1.3500 1.2000 0.3000
v 1.3500 1.4000 0.4000
v 1.3500 1.5000 0.4000
v 1.3500 2.1000 0.4000
v 1.3500 2.2000 0.4000
v 1.3500 2.3000 0.4000
v 1.3500 2.3000 0.3000
v 1.3500 2.3000 0.2000
v 1.3500 2.3000 0.1000
v 1.3500 2.3000 0.0000
v 1.3500 2.3000 -0.1000
v 1.3500 2.3000 -0.2000
v 1.3500 2.3000 -0.3000
v 1.3500 1.3000 -0.4000
v 1.3500 1.2000 -0.4000
v 1.3500 1.2000 -0.3000
v 1.3500 1.4000 -0.4000
v 1.3500 1.5000 -0.4000
v 1.3500 2.2000 -0.4000
v 1.3500 2.1000 -0.4000
v 1.3500 2.3000 -0.4000
v 1.4500 1.2000 0.4000
v 1.4500 1.3000 0.4000
v 1.4500 1.2000 0.3000
v 1.4500 1.4000 0.4000
v 1.4500 1.5000 0.4000
v 1.4500 1.6000 0.4000
v 1.3500 1.6000 0.4000
v 1.4500 1.7000 0.4000
v 1.3500 1.7000 0.4000
v 1.4500 1.8000 0.4000
v 1.3500 1.8000 0.4000
v 1.4500 1.9000 0.4000
v 1.3500 1.9000 0.4000
v 1.4500 2.0000 0.4000
v 1.3500 2.0000 0.4000
v 1.4500 2.1000 0.4000
v 1.4500 2.2000 0.4000
v 1.4500 2.3000 0.4000
v 1.4500 2.3000 0.3000
v 1.3500 1.2000 0.2000
v 1.4500 1.2000 0.2000
v 1.4500 2.3000 0.2000
v 1.3500 1.2000 0.1000
v 1.4500 1.2000 0.1000
v 1.4500 2.3000 0.1000
v 1.3500 1.2000 0.0000
v 1.4500 1.2000 0.0000
v 1.4500 2.3000 0.0000
v 1.3500 1.2000 -0.1000
v 1.4500 1.2000 -0.1000
v 1.4500 2.3000 -0.1000
v 1.3500 1.2000 -0.2000
v 1.4500 1.2000 -0.2000
v 1.4500 2.3000 -0.2000
v 1.4500 1.2000 -0.3000
v 1.4500 2.3000 -0.3000
v 1.4500 1.3000 -0.4000
v 1.4500 1.2000 -0.4000
v 1.4500 1.4000 -0.4000
v 1.4500 1.5000 -0.4000
v 1.3500 1.6000 -0.4000
v 1.4500 1.6000 -0.4000
v 1.3500 1.7000 -0.4000
v 1.4500 1.7000 -0.4000
v 1.3500 1.8000 -0.4000
v 1.4500 1.8000 -0.4000
v 1.3500 1.9000 -0.4000
v 1.4500 1.9000 -0.4000
v 1.3500 2.0000 -0.4000
v 1.4500 2.0000 -0.4000
v 1.4500 2.1000 -0.4000
v 1.4500 2.2000 -0.4000
v 1.4500 2.3000 -0.4000
v 1.5500 1.2000 0.4000
v 1.5500 1.3000 0.4000
v 1.5500 1.2000 0.3000
v 1.5500 1.4000 0.4000
v 1.5500 1.5000 0.4000
v 1.5500 1.6000 0.4000
v 1.5500 1.7000 0.4000
v 1.5500 1.8000 0.4000
v 1.5500 1.9000 0.4000
v 1.5500 2.0000 0.4000
v 1.5500 2.1000 0.4000
v 1.5500 2.2000 0.4000
v 1.5500 2.3000 0.4000
v 1.5500 2.3000 0.3000
v 1.5500 1.2000 0.2000
v 1.5500 2.3000 0.2000
v 1.5500 1.2000 0.1000
v 1.5500 2.3000 0.1000
v 1.5500 1.2000 0.0000
v 1.5500 2.3000 0.0000
v 1.5500 1.2000 -0.1000
v 1.5500 2.3000 -0.1000
v 1.5500 1.2000 -0.2000
v 1.5500 2.3000 -0.2000
v 1.5500 1.2000 -0.3000
v 1.5500 2.3000 -0.3000
v 1.5500 1.3000 -0.4000
v 1.5500 1.2000 -0.4000
v 1.5500 1.4000 -0.4000
v 1.5500 1.5000 -0.4000
v 1.5500 1.6000 -0.4000
v 1.5500 1.7000 -0.4000
v 1.5500 1.8000 -0.4000
v 1.5500 1.9000 -0.4000
v 1.5500 2.0000 -0.4000
v 1.5500 2.1000 -0.4000
v 1.5500 2.2000 -0.4000
v 1.5500 2.3000 -0.4000
v 1.6500 1.2000 0.4000
v 1.6500 1.3000 0.4000
v 1.6500 1.2000 0.3000
v 1.6500 1.4000 0.4000
v 1.6500 1.5000 0.4000
v 1.6500 1.6000 0.4000
v 1.6500 1.7000 0.4000
v 1.6500 1.8000 0.4000
v 1.6500 1.9000 0.4000
v 1.6500 2.0000 0.4000
v 1.6500 2.1000 0.4000
v 1.6500 2.2000 0.4000
v 1.6500 2.3000 0.4000
v 1.6500 2.3000 0.3000
v 1.6500 1.2000 0.2000
v 1.6500 2.3000 0.2000
v 1.6500 1.2000 0.1000
v 1.6500 2.3000 0.1000
v 1.6500 1.2000 0.0000
v 1.6500 2.3000 0.0000
v 1.6500 1.2000 -0.1000
v 1.6500 2.3000 -0.1000
v 1.6500 1.2000 -0.2000
v 1.6500 2.3000 -0.2000
v 1.6500 1.2000 -0.3000
v 1.6500 2.3000 -0.3000
v 1.6500 1.3000 -0.4000
v 1.6500 1.2000 -0.4000
v 1.6500 1.4000 -0.4000
v 1.6500 1.5000 -0.4000
v 1.6500 1.6000 -0.4000
v 1.6500 1.7000 -0.4000
v 1.6500 1.8000 -0.4000
v 1.6500 1.9000 -0.4000
v 1.6500 2.0000 -0.4000
v 1.6500 2.1000 -0.4000
v 1.6500 2.2000 -0.4000
v 1.6500 2.3000 -0.4000
v 1.7500 1.2000 0.4000
v 1.7500 1.3000 0.4000
v 1.7500 1.2000 0.3000
v 1.7500 1.4000 0.4000
v 1.7500 1.5000 0.4000
v 1.7500 1.6000 0.4000
v 1.7500 1.7000 0.4000
v 1.7500 1.8000 0.4000
v 1.7500 1.9000 0.4000
v 1.7500 2.0000 0.4000
v 1.7500 2.1000 0.4000
v 1.7500 2.2000 0.4000
v 1.7500 2.3000 0.4000
v 1.7500 2.3000 0.3000
v 1.7500 1.2000 0.2000
v 1.7500 2.3000 0.2000
v 1.7500 1.2000 0.1000
v 1.7500 2.3000 0.1000
v 1.7500 1.2000 0.0000
v 1.7500 2.3000 0.0000
v 1.7500 1.2000 -0.1000
v 1.7500 2.3000 -0.1000
v 1.7500 1.2000 -0.2000
v 1.7500 2.3000 -0.2000
v 1.7500 1.2000 -0.3000
v 1.7500 2.3000 -0.3000
v 1.7500 1.3000 -0.4000
v 1.7500 1.2000 -0.4000
v 1.7500 1.4000 -0.4000
v 1.7500 1.5000 -0.4000
v 1.7500 1.6000 -0.4000
v 1.7500 1.7000 -0.4000
v 1.7500 1.8000 -0.4000
v 1.7500 1.9000 -0.4000
v 1.7500 2.0000 -0.4000
v 1.7500 2.1000 -0.4000
v 1.7500 2.2000 -0.4000
v 1.7500 2.3000 -0.4000
v 1.8500 1.2000 0.4000
v 1.8500 1.2000 0.3000
v 1.8500 1.3000 0.3000
v 1.8500 1.3000 0.4000
v 1.8500 1.4000 0.3000
v 1.8500 1.4000 0.4000
v 1.8500 1.5000 0.3000
v 1.8500 1.5000 0.4000
v 1.8500 1.6000 0.3000
v 1.8500 1.6000 0.4000
v 1.8500 1.7000 0.3000
v 1.8500 1.7000 0.4000
v 1.8500 1.8000 0.3000
v 1.8500 1.8000 0.4000
v 1.8500 1.9000 0.3000
v 1.8500 1.9000 0.4000
v 1.8500 2.0000 0.3000
v 1.8500 2.0000 0.4000
v 1.8500 2.1000 0.3000
v 1.8500 2.1000 0.4000
v 1.8500 2.2000 0.3000
v 1.8500 2.2000 0.4000
v 1.8500 2.3000 0.3000
v 1.8500 2.3000 0.4000
v 1.8500 1.2000 0.2000
v 1.8500 1.8000 0.2000
v 1.8500 1.9000 0.2000
v 1.8500 2.0000 0.2000
v 1.8500 2.1000 0.2000
v 1.8500 2.2000 0.2000
v 1.8500 2.3000 0.2000
v 1.8500 1.2000 0.1000
v 1.8500 1.8000 0.1000
v 1.8500 1.9000 0.1000
v 1.8500 2.0000 0.1000
v 1.8500 2.1000 0.1000
v 1.8500 2.2000 0.1000
v 1.8500 2.3000 0.1000
v 1.8500 1.2000 0.0000
v 1.8500 1.8000 0.0000
v 1.8500 1.9000 0.0000
v 1.8500 2.0000 0.0000
v 1.8500 2.1000 0.0000
v 1.8500 2.2000 0.0000
v 1.8500 2.3000 0.0000
v 1.8500 1.2000 -0.1000
v 1.8500 1.8000 -0.1000
v 1.8500 1.9000 -0.1000
v 1.8500 2.0000 -0.1000
v 1.8500 2.1000 -0.1000
v 1.8500 2.2000 -0.1000
v 1.8500 2.3000 -0.1000
v 1.8500 1.2000 -0.2000
v 1.8500 1.8000 -0.2000
v 1.8500 1.9000 -0.2000
v 1.8500 2.0000 -0.2000
v 1.8500 2.1000 -0.2000
v 1.8500 2.2000 -0.2000
v 1.8500 2.3000 -0.2000
v 1.8500 1.2000 -0.3000
v 1.8500 1.8000 -0.3000
v 1.8500 1.9000 -0.3000
v 1.8500 2.0000 -0.3000
v 1.8500 2.1000 -0.3000
v 1.8500 2.2000 -0.3000
v 1.8500 2.3000 -0.3000
v 1.8500 1.2000 -0.4000
v 1.8500 1.3000 -0.4000
v 1.8500 1.3000 -0.3000
v 1.8500 1.4000 -0.4000
v 1.8500 1.4000 -0.3000
v 1.8500 1.5000 -0.4000
v 1.8500 1.5000 -0.3000
v 1.8500 1.6000 -0.4000
v 1.8500 1.6000 -0.3000
v 1.8500 1.7000 -0.4000
v 1.8500 1.7000 -0.3000
v 1.8500 1.8000 -0.4000
v 1.8500 1.9000 -0.4000
v 1.8500 2.0000 -0.4000
v 1.8500 2.1000 -0.4000
v 1.8500 2.2000 -0.4000
v 1.8500 2.3000 -0.4000
v 0.2500 2.5000 0.4000
v 0.2500 2.5000 0.3000
v 0.3500 2.5000 0.4000
v 0.2500 2.6000 0.4000
v 0.2500 2.6000 0.3000
v 0.3500 2.6000 0.4000
v 0.2500 2.7000 0.4000
v 0.2500 2.7000 0.3000
v 0.3500 2.7000 0.4000
v 0.2500 2.8000 0.4000
v 0.2500 2.8000 0.3000
v 0.3500 2.8000 0.4000
v 0.3500 2.8000 0.3000
v 0.2500 2.5000 0.2000
v 0.2500 2.6000 0.2000
v 0.2500 2.7000 0.2000
v 0.2500 2.8000 0.2000
v 0.3500 2.8000 0.2000
v 0.2500 2.5000 0.1000
v 0.2500 2.6000 0.1000
v 0.2500 2.7000 0.1000
v 0.2500 2.8000 0.1000
v 0.3500 2.8000 0.1000
v 0.2500 2.5000 0.0000
v 0.2500 2.6000 0.0000
v 0.2500 2.7000 0.0000
v 0.2500 2.8000 0.0000
v 0.3500 2.8000 0.0000
v 0.2500 2.5000 -0.1000
v 0.2500 2.6000 -0.1000
v 0.2500 2.7000 -0.1000
v 0.2500 2.8000 -0.1000
v 0.3500 2.8000 -0.1000
v 0.2500 2.5000 -0.2000
v 0.2500 2.6000 -0.2000
v 0.2500 2.7000 -0.2000
v 0.2500 2.8000 -0.2000
v 0.3500 2.8000 -0.2000
v 0.2500 2.5000 -0.3000
v 0.2500 2.6000 -0.3000
v 0.2500 2.7000 -0.3000
v 0.2500 2.8000 -0.3000
v 0.3500 2.8000 -0.3000
v 0.2500 2.5000 -0.4000
v 0.3500 2.5000 -0.4000
v 0.2500 2.6000 -0.4000
v 0.3500 2.6000 -0.4000
v 0.2500 2.7000 -0.4000
v 0.3500 2.7000 -0.4000
v 0.2500 2.8000 -0.4000
v 0.3500 2.8000 -0.4000
v 0.4500 2.5000 0.4000
v 0.4500 2.6000 0.4000
v 0.4500 2.7000 0.4000
v 0.4500 2.8000 0.4000
v 0.4500 2.8000 0.3000
v 0.4500 2.8000 0.2000
v 0.4500 2.8000 0.1000
v 0.4500 2.8000 0.0000
v 0.4500 2.8000 -0.1000
v 0.4500 2.8000 -0.2000
v 0.4500 2.8000 -0.3000
v 0.4500 2.5000 -0.4000
v 0.4500 2.6000 -0.4000
v 0.4500 2.7000 -0.4000
v 0.4500 2.8000 -0.4000
v 0.5500 2.5000 0.4000
v 0.5500 2.6000 0.4000
v 0.5500 2.7000 0.4000
v 0.5500 2.8000 0.4000
v 0.5500 2.8000 0.3000
v 0.5500 2.8000 0.2000
v 0.5500 2.8000 0.1000
v 0.5500 2.8000 0.0000
v 0.5500 2.8000 -0.1000
v 0.5500 2.8000 -0.2000
v 0.5500 2.8000 -0.3000
v 0.5500 2.5000 -0.4000
v 0.5500 2.6000 -0.4000
v 0.5500 2.7000 -0.4000
v 0.5500 2.8000 -0.4000
v 0.6500 2.5000 0.4000
v 0.6500 2.6000 0.4000
v 0.6500 2.7000 0.4000
v 0.6500 2.8000 0.4000
v 0.6500 2.8000 0.3000
v 0.6500 2.8000 0.2000
v 0.6500 2.8000 0.1000
v 0.6500 2.8000 0.0000
v 0.6500 2.8000 -0.1000
v 0.6500 2.8000 -0.2000
v 0.6500 2.8000 -0.3000
v 0.6500 2.5000 -0.4000
v 0.6500 2.6000 -0.4000
v 0.6500 2.7000 -0.4000
v 0.6500 2.8000 -0.4000
v 0.7500 2.5000 0.4000
v 0.7500 2.6000 0.4000
v 0.7500 2.7000 0.4000
v 0.7500 2.8000 0.4000
v 0.7500 2.8000 0.3000
v 0.7500 2.8000 0.2000
v 0.7500 2.8000 0.1000
v 0.7500 2.8000 0.0000
v 0.7500 2.8000 -0.1000
v 0.7500 2.8000 -0.2000
v 0.7500 2.8000 -0.3000
v 0.7500 2.5000 -0.4000
v 0.7500 2.6000 -0.4000
v 0.7500 2.7000 -0.4000
v 0.7500 2.8000 -0.4000
v 0.8500 2.5000 0.4000
v 0.8500 2.6000 0.4000
v 0.8500 2.7000 0.4000
v 0.8500 2.8000 0.4000
v 0.8500 2.8000 0.3000
v 0.8500 2.8000 0.2000
v 0.8500 2.8000 0.1000
v 0.8500 2.8000 0.0000
v 0.8500 2.8000 -0.1000
v 0.8500 2.8000 -0.2000
v 0.8500 2.8000 -0.3000
v 0.8500 2.5000 -0.4000
v 0.8500 2.6000 -0.4000
v 0.8500 2.7000 -0.4000
v 0.8500 2.8000 -0.4000
v 0.9500 2.5000 0.3000
v 0.9500 2.5000 0.4000
v 0.9500 2.6000 0.3000
v 0.9500 2.6000 0.4000
v 0.9500 2.7000 0.3000
v 0.9500 2.7000 0.4000
v 0.9500 2.8000 0.3000
v 0.9500 2.8000 0.4000
v 0.9500 2.5000 0.2000
v 0.9500 2.6000 0.2000
v 0.9500 2.7000 0.2000
v 0.9500 2.8000 0.2000
v 0.9500 2.5000 0.1000
v 0.9500 2.6000 0.1000
v 0.9500 2.7000 0.1000
v 0.9500 2.8000 0.1000
v 0.9500 2.5000 0.0000
v 0.9500 2.6000 0.0000
v 0.9500 2.7000 0.0000
v 0.9500 2.8000 0.0000
v 0.9500 2.5000 -0.1000
v 0.9500 2.6000 -0.1000
v 0.9500 2.7000 -0.1000
v 0.9500 2.8000 -0.1000
v 0.9500 2.5000 -0.2000
v 0.9500 2.6000 -0.2000
v 0.9500 2.7000 -0.2000
v 0.9500 2.8000 -0.2000
v 0.9500 2.5000 -0.3000
v 0.9500 2.6000 -0.3000
v 0.9500 2.7000 -0.3000
v 0.9500 2.8000 -0.3000
v 0.9500 2.5000 -0.4000
v 0.9500 2.6000 -0.4000
v 0.9500 2.7000 -0.4000
v 0.9500 2.8000 -0.4000
v 0.9500 0.4000 0.3000
v 0.9500 0.5000 0.3000
v 0.9500 0.5000 0.2000
v 0.9500 0.4000 0.2000
v 1.0500 0.4000 0.3000
v 1.0500 0.5000 0.3000
v 1.0500 0.4000 0.2000
v 0.9500 0.6000 0.3000
v 0.9500 0.6000 0.2000
v 1.0500 0.6000 0.3000
v 0.9500 0.7000 0.3000
v 0.9500 0.7000 0.2000
v 1.0500 0.7000 0.3000
v 0.9500 0.8000 0.3000
v 0.9500 0.8000 0.2000
v 1.0500 0.8000 0.3000
v 0.9500 0.9000 0.3000
v 0.9500 0.9000 0.2000
v 1.0500 0.9000 0.3000
v 0.9500 0.5000 0.1000
v 0.9500 0.4000 0.1000
v 1.0500 0.4000 0.1000
v 0.9500 0.6000 0.1000
v 0.9500 0.7000 0.1000
v 0.9500 0.8000 0.1000
v 0.9500 0.9000 0.1000
v 0.9500 0.5000 0.0000
v 0.9500 0.4000 0.0000
v 1.0500 0.4000 0.0000
v 0.9500 0.6000 0.0000
v 0.9500 0.7000 0.0000
v 0.9500 0.8000 0.0000
v 0.9500 0.9000 0.0000
v 0.9500 0.5000 -0.1000
v 0.9500 0.4000 -0.1000
v 1.0500 0.4000 -0.1000
v 0.9500 0.6000 -0.1000
v 0.9500 0.7000 -0.1000
v 0.9500 0.8000 -0.1000
v 0.9500 0.9000 -0.1000
v 0.9500 0.5000 -0.2000
v 0.9500 0.4000 -0.2000
v 1.0500 0.4000 -0.2000
v 0.9500 0.6000 -0.2000
v 0.9500 0.7000 -0.2000
v 0.9500 0.8000 -0.2000
v 0.9500 0.9000 -0.2000
v 0.9500 0.5000 -0.3000
v 0.9500 0.4000 -0.3000
v 1.0500 0.5000 -0.3000
v 1.0500 0.4000 -0.3000
v 0.9500 0.6000 -0.3000
v 1.0500 0.6000 -0.3000
v 0.9500 0.7000 -0.3000
v 1.0500 0.7000 -0.3000
v 0.9500 0.8000 -0.3000
v 1.0500 0.8000 -0.3000
v 0.9500 0.9000 -0.3000
v 1.0500 0.9000 -0.3000
v 1.1500 0.4000 0.3000
v 1.1500 0.5000 0.3000
v 1.1500 0.4000 0.2000
v 1.1500 0.6000 0.3000
v 1.1500 0.7000 0.3000
v 1.1500 0.8000 0.3000
v 1.1500 0.9000 0.3000
v 1.1500 1.0000 0.3000
v 1.1500 1.1000 0.3000
v 1.1500 0.4000 0.1000
v 1.1500 0.4000 0.0000
v 1.1500 0.4000 -0.1000
v 1.1500 0.4000 -0.2000
v 1.1500 0.5000 -0.3000
v 1.1500 0.4000 -0.3000
v 1.1500 0.6000 -0.3000
v 1.1500 0.7000 -0.3000
v 1.1500 0.8000 -0.3000
v 1.1500 0.9000 -0.3000
v 1.1500 1.0000 -0.3000
v 1.1500 1.1000 -0.3000
v 1.2500 0.4000 0.3000
v 1.2500 0.5000 0.3000
v 1.2500 0.4000 0.2000
v 1.2500 0.6000 0.3000
v 1.2500 0.7000 0.3000
v 1.2500 0.8000 0.3000
v 1.2500 0.9000 0.3000
v 1.2500 1.0000 0.3000
v 1.2500 1.1000 0.3000
v 1.2500 0.4000 0.1000
v 1.2500 0.4000 0.0000
v 1.2500 0.4000 -0.1000
v 1.2500 0.4000 -0.2000
v 1.2500 0.5000 -0.3000
v 1.2500 0.4000 -0.3000
v 1.2500 0.6000 -0.3000
v 1.2500 0.7000 -0.3000
v 1.2500 0.8000 -0.3000
v 1.2500 0.9000 -0.3000
v 1.2500 1.0000 -0.3000
v 1.2500 1.1000 -0.3000
v 1.3500 0.4000 0.3000
v 1.3500 0.4000 0.2000
v 1.3500 0.5000 0.2000
v 1.3500 0.5000 0.3000
v 1.3500 0.6000 0.2000
v 1.3500 0.6000 0.3000
v 1.3500 0.7000 0.2000
v 1.3500 0.7000 0.3000
v 1.3500 0.8000 0.2000
v 1.3500 0.8000 0.3000
v 1.3500 0.9000 0.2000
v 1.3500 0.9000 0.3000
v 1.3500 1.0000 0.2000
v 1.3500 1.0000 0.3000
v 1.3500 1.1000 0.2000
v 1.3500 1.1000 0.3000
v 1.3500 0.4000 0.1000
v 1.3500 0.5000 0.1000
v 1.3500 0.6000 0.1000
v 1.3500 0.7000 0.1000
v 1.3500 0.8000 0.1000
v 1.3500 0.9000 0.1000
v 1.3500 1.0000 0.1000
v 1.3500 1.1000 0.1000
v 1.3500 0.4000 0.0000
v 1.3500 0.5000 0.0000
v 1.3500 0.6000 0.0000
v 1.3500 0.7000 0.0000
v 1.3500 0.8000 0.0000
v 1.3500 0.9000 0.0000
v 1.3500 1.0000 0.0000
v 1.3500 1.1000 0.0000
v 1.3500 0.4000 -0.1000
v 1.3500 0.5000 -0.1000
v 1.3500 0.6000 -0.1000
v 1.3500 0.7000 -0.1000
v 1.3500 0.8000 -0.1000
v 1.3500 0.9000 -0.1000
v 1.3500 1.0000 -0.1000
v 1.3500 1.1000 -0.1000
v 1.3500 0.4000 -0.2000
v 1.3500 0.5000 -0.2000
v 1.3500 0.6000 -0.2000
v 1.3500 0.7000 -0.2000
v 1.3500 0.8000 -0.2000
v 1.3500 0.9000 -0.2000
v 1.3500 1.0000 -0.2000
v 1.3500 1.1000 -0.2000
v 1.3500 0.4000 -0.3000
v 1.3500 0.5000 -0.3000
v 1.3500 0.6000 -0.3000
v 1.3500 0.7000 -0.3000
v 1.3500 0.8000 -0.3000
v 1.3500 0.9000 -0.3000
v 1.3500 1.0000 -0.3000
v 1.3500 1.1000 -0.3000
v -1.0500 0.7000 0.3000
v -1.0500 0.8000 0.3000
v -1.0500 0.8000 0.2000
v -1.0500 0.7000 0.2000
v -0.9500 0.7000 0.3000
v -0.9500 0.8000 0.3000
v -0.9500 0.7000 0.2000
v -1.0500 0.9000 0.3000
v -1.0500 0.9000 0.2000
v -0.9500 0.9000 0.3000
v -1.0500 0.8000 0.1000
v -1.0500 0.7000 0.1000
v -0.9500 0.7000 0.1000
v -1.0500 0.9000 0.1000
v -1.0500 0.8000 0.0000
v -1.0500 0.7000 0.0000
v -0.9500 0.7000 0.0000
v -1.0500 0.9000 0.0000
v -1.0500 0.8000 -0.1000
v -1.0500 0.7000 -0.1000
v -0.9500 0.7000 -0.1000
v -1.0500 0.9000 -0.1000
v -1.0500 0.8000 -0.2000
v -1.0500 0.7000 -0.2000
v -0.9500 0.7000 -0.2000
v -1.0500 0.9000 -0.2000
v -1.0500 0.8000 -0.3000
v -1.0500 0.7000 -0.3000
v -0.9500 0.8000 -0.3000
v -0.9500 0.7000 -0.3000
v -1.0500 0.9000 -0.3000
v -0.9500 0.9000 -0.3000
v -0.8500 0.7000 0.3000
v -0.8500 0.8000 0.3000
v -0.8500 0.7000 0.2000
v -0.8500 0.9000 0.3000
v -0.8500 0.7000 0.1000
v -0.8500 0.7000 0.0000
v -0.8500 0.7000 -0.1000
v -0.8500 0.7000 -0.2000
v -0.8500 0.8000 -0.3000
v -0.8500 0.7000 -0.3000
v -0.8500 0.9000 -0.3000
v -0.7500 0.7000 0.3000
v -0.7500 0.8000 0.3000
v -0.7500 0.7000 0.2000
v -0.7500 0.9000 0.3000
v -0.7500 0.7000 0.1000
v -0.7500 0.7000 0.0000
v -0.7500 0.7000 -0.1000
v -0.7500 0.7000 -0.2000
v -0.7500 0.8000 -0.3000
v -0.7500 0.7000 -0.3000
v -0.7500 0.9000 -0.3000
v -0.6500 0.7000 0.3000
v -0.6500 0.8000 0.3000
v -0.6500 0.7000 0.2000
v -0.6500 0.9000 0.3000
v -0.6500 0.7000 0.1000
v -0.6500 0.7000 0.0000
v -0.6500 0.7000 -0.1000
v -0.6500 0.7000 -0.2000
v -0.6500 0.8000 -0.3000
v -0.6500 0.7000 -0.3000
v -0.6500 0.9000 -0.3000
v -0.5500 0.7000 0.3000
v -0.5500 0.8000 0.3000
v -0.5500 0.7000 0.2000
v -0.5500 0.9000 0.3000
v -0.5500 0.7000 0.1000
v -0.5500 0.7000 0.0000
v -0.5500 0.7000 -0.1000
v -0.5500 0.7000 -0.2000
v -0.5500 0.8000 -0.3000
v -0.5500 0.7000 -0.3000
v -0.5500 0.9000 -0.3000
v -0.4500 0.7000 0.3000
v -0.4500 0.7000 0.2000
v -0.4500 0.8000 0.2000
v -0.4500 0.8000 0.3000
v -0.4500 0.9000 0.2000
v -0.4500 0.9000 0.3000
v -0.4500 0.7000 0.1000
v -0.4500 0.8000 0.1000
v -0.4500 0.9000 0.1000
v -0.4500 0.7000 0.0000
v -0.4500 0.8000 0.0000
v -0.4500 0.9000 0.0000
v -0.4500 0.7000 -0.1000
v -0.4500 0.8000 -0.1000
v -0.4500 0.9000 -0.1000
v -0.4500 0.7000 -0.2000
v -0.4500 0.8000 -0.2000
v -0.4500 0.9000 -0.2000
v -0.4500 0.7000 -0.3000
v -0.4500 0.8000 -0.3000
v -0.4500 0.9000 -0.3000
v 1.9500 1.2000 0.3000
v 1.9500 1.2000 0.2000
v 1.9500 1.3000 0.2000
v 1.9500 1.3000 0.3000
v 1.9500 1.4000 0.2000
v 1.9500 1.4000 0.3000
v 1.9500 1.5000 0.2000
v 1.9500 1.5000 0.3000
v 1.9500 1.6000 0.2000
v 1.9500 1.6000 0.3000
v 1.9500 1.7000 0.2000
v 1.9500 1.7000 0.3000
v 1.9500 1.8000 0.2000
v 1.9500 1.8000 0.3000
v 1.9500 1.2000 0.1000
v 1.9500 1.3000 0.1000
v 1.9500 1.4000 0.1000
v 1.9500 1.5000 0.1000
v 1.9500 1.6000 0.1000
v 1.9500 1.7000 0.1000
v 1.9500 1.8000 0.1000
v 1.9500 1.2000 0.0000
v 1.9500 1.3000 0.0000
v 1.9500 1.4000 0.0000
v 1.9500 1.5000 0.0000
v 1.9500 1.6000 0.0000
v 1.9500 1.7000 0.0000
v 1.9500 1.8000 0.0000
v 1.9500 1.2000 -0.1000
v 1.9500 1.3000 -0.1000
v 1.9500 1.4000 -0.1000
v 1.9500 1.5000 -0.1000
v 1.9500 1.6000 -0.1000
v 1.9500 1.7000 -0.1000
v 1.9500 1.8000 -0.1000
v 1.9500 1.2000 -0.2000
v 1.9500 1.3000 -0.2000
v 1.9500 1.4000 -0.2000
v 1.9500 1.5000 -0.2000
v 1.9500 1.6000 -0.2000
v 1.9500 1.7000 -0.2000
v 1.9500 1.8000 -0.2000
v 1.9500 1.2000 -0.3000
v 1.9500 1.3000 -0.3000
v 1.9500 1.4000 -0.3000
v 1.9500 1.5000 -0.3000
v 1.9500 1.6000 -0.3000
v 1.9500 1.7000 -0.3000
v 1.9500 1.8000 -0.3000
v 0.3500 0.0000 0.5000
v 0.3500 0.1000 0.5000
v 0.3500 0.1000 0.4000
v 0.3500 0.0000 0.4000
v 0.4500 0.0000 0.5000
v 0.4500 0.1000 0.5000
v 0.4500 0.0000 0.4000
v 0.3500 0.2000 0.5000
v 0.3500 0.2000 0.4000
v 0.4500 0.2000 0.5000
v 0.3500 0.3000 0.5000
v 0.3500 0.3000 0.4000
v 0.4500 0.3000 0.5000
v 0.3500 0.4000 0.5000
v 0.3500 0.4000 0.4000
v 0.4500 0.4000 0.5000
v 0.3500 0.5000 0.5000
v 0.3500 0.5000 0.4000
v 0.4500 0.5000 0.5000
v 0.3500 0.6000 0.5000
v 0.3500 0.6000 0.4000
v 0.4500 0.6000 0.5000
v 0.3500 0.7000 0.5000
v 0.3500 0.7000 0.4000
v 0.4500 0.7000 0.5000
v 0.3500 0.8000 0.5000
v 0.3500 0.8000 0.4000
v 0.4500 0.8000 0.5000
v 0.3500 0.9000 0.5000
v 0.3500 0.9000 0.4000
v 0.4500 0.9000 0.5000
v 0.3500 0.1000 0.3000
v 0.3500 0.0000 0.3000
v 0.4500 0.0000 0.3000
v 0.3500 0.2000 0.3000
v 0.3500 0.3000 0.3000
v 0.3500 0.4000 0.3000
v 0.3500 0.5000 0.3000
v 0.3500 0.6000 0.3000
v 0.3500 0.7000 0.3000
v 0.3500 0.8000 0.3000
v 0.3500 0.9000 0.3000
v 0.3500 0.1000 0.2000
v 0.3500 0.0000 0.2000
v 0.4500 0.0000 0.2000
v 0.3500 0.2000 0.2000
v 0.3500 0.3000 0.2000
v 0.3500 0.4000 0.2000
v 0.3500 0.5000 0.2000
v 0.3500 0.6000 0.2000
v 0.3500 0.7000 0.2000
v 0.3500 0.8000 0.2000
v 0.3500 0.9000 0.2000
v 0.3500 0.1000 0.1000
v 0.3500 0.0000 0.1000
v 0.4500 0.1000 0.1000
v 0.4500 0.0000 0.1000
v 0.3500 0.2000 0.1000
v 0.4500 0.2000 0.1000
v 0.3500 0.3000 0.1000
v 0.4500 0.3000 0.1000
v 0.3500 0.4000 0.1000
v 0.4500 0.4000 0.1000
v 0.3500 0.5000 0.1000
v 0.4500 0.5000 0.1000
v 0.3500 0.6000 0.1000
v 0.4500 0.6000 0.1000
v 0.3500 0.7000 0.1000
v 0.4500 0.7000 0.1000
v 0.3500 0.8000 0.1000
v 0.4500 0.8000 0.1000
v 0.3500 0.9000 0.1000
v 0.4500 0.9000 0.1000
v 0.5500 0.0000 0.5000
v 0.5500 0.1000 0.5000
v 0.5500 0.0000 0.4000
v 0.5500 0.2000 0.5000
v 0.5500 0.3000 0.5000
v 0.5500 0.4000 0.5000
v 0.5500 0.5000 0.5000
v 0.5500 0.6000 0.5000
v 0.5500 0.7000 0.5000
v 0.5500 0.8000 0.5000
v 0.5500 0.9000 0.5000
v 0.5500 0.0000 0.3000
v 0.5500 0.0000 0.2000
v 0.5500 0.1000 0.1000
v 0.5500 0.0000 0.1000
v 0.5500 0.2000 0.1000
v 0.5500 0.3000 0.1000
v 0.5500 0.4000 0.1000
v 0.5500 0.5000 0.1000
v 0.5500 0.6000 0.1000
v 0.5500 0.7000 0.1000
v 0.5500 0.8000 0.1000
v 0.5500 0.9000 0.1000
v 0.6500 0.0000 0.5000
v 0.6500 0.1000 0.5000
v 0.6500 0.0000 0.4000
v 0.6500 0.2000 0.5000
v 0.6500 0.3000 0.5000
v 0.6500 0.4000 0.5000
v 0.6500 0.5000 0.5000
v 0.6500 0.6000 0.5000
v 0.6500 0.7000 0.5000
v 0.6500 0.8000 0.5000
v 0.6500 0.9000 0.5000
v 0.6500 0.0000 0.3000
v 0.6500 0.0000 0.2000
v 0.6500 0.1000 0.1000
v 0.6500 0.0000 0.1000
v 0.6500 0.2000 0.1000
v 0.6500 0.3000 0.1000
v 0.6500 0.4000 0.1000
v 0.6500 0.5000 0.1000
v 0.6500 0.6000 0.1000
v 0.6500 0.7000 0.1000
v 0.6500 0.8000 0.1000
v 0.6500 0.9000 0.1000
v 0.7500 0.0000 0.5000
v 0.7500 0.0000 0.4000
v 0.7500 0.1000 0.4000
v 0.7500 0.1000 0.5000
v 0.7500 0.2000 0.4000
v 0.7500 0.2000 0.5000
v 0.7500 0.3000 0.4000
v 0.7500 0.3000 0.5000
v 0.7500 0.4000 0.4000
v 0.7500 0.4000 0.5000
v 0.7500 0.5000 0.4000
v 0.7500 0.5000 0.5000
v 0.7500 0.6000 0.4000
v 0.7500 0.6000 0.5000
v 0.7500 0.7000 0.4000
v 0.7500 0.7000 0.5000
v 0.7500 0.8000 0.4000
v 0.7500 0.8000 0.5000
v 0.7500 0.9000 0.4000
v 0.7500 0.9000 0.5000
v 0.7500 0.0000 0.3000
v 0.7500 0.1000 0.3000
v 0.7500 0.2000 0.3000
v 0.7500 0.3000 0.3000
v 0.7500 0.4000 0.3000
v 0.7500 0.5000 0.3000
v 0.7500 0.6000 0.3000
v 0.7500 0.7000 0.3000
v 0.7500 0.8000 0.3000
v 0.7500 0.9000 0.3000
v 0.7500 0.0000 0.2000
v 0.7500 0.1000 0.2000
v 0.7500 0.2000 0.2000
v 0.7500 0.3000 0.2000
v 0.7500 0.4000 0.2000
v 0.7500 0.5000 0.2000
v 0.7500 0.6000 0.2000
v 0.7500 0.7000 0.2000
v 0.7500 0.8000 0.2000
v 0.7500 0.9000 0.2000
v 0.7500 0.0000 0.1000
v 0.7500 0.1000 0.1000
v 0.7500 0.2000 0.1000
v 0.7500 0.3000 0.1000
v 0.7500 0.4000 0.1000
v 0.7500 0.5000 0.1000
v 0.7500 0.6000 0.1000
v 0.7500 0.7000 0.1000
v 0.7500 0.8000 0.1000
v 0.7500 0.9000 0.1000
v 0.3500 0.0000 -0.1000
v 0.3500 0.1000 -0.1000
v 0.3500 0.1000 -0.2000
v 0.3500 0.0000 -0.2000
v 0.4500 0.0000 -0.1000
v 0.4500 0.1000 -0.1000
v 0.4500 0.0000 -0.2000
v 0.3500 0.2000 -0.1000
v 0.3500 0.2000 -0.2000
v 0.4500 0.2000 -0.1000
v 0.3500 0.3000 -0.1000
v 0.3500 0.3000 -0.2000
v 0.4500 0.3000 -0.1000
v 0.3500 0.4000 -0.1000
v 0.3500 0.4000 -0.2000
v 0.4500 0.4000 -0.1000
v 0.3500 0.5000 -0.1000
v 0.3500 0.5000 -0.2000
v 0.4500 0.5000 -0.1000
v 0.3500 0.6000 -0.1000
v 0.3500 0.6000 -0.2000
v 0.4500 0.6000 -0.1000
v 0.3500 0.7000 -0.1000
v 0.3500 0.7000 -0.2000
v 0.4500 0.7000 -0.1000
v 0.3500 0.8000 -0.1000
v 0.3500 0.8000 -0.2000
v 0.4500 0.8000 -0.1000
v 0.3500 0.9000 -0.1000
v 0.3500 0.9000 -0.2000
v 0.4500 0.9000 -0.1000
v 0.3500 0.1000 -0.3000
v 0.3500 0.0000 -0.3000
v 0.4500 0.0000 -0.3000
v 0.3500 0.2000 -0.3000
v 0.3500 0.3000 -0.3000
v 0.3500 0.4000 -0.3000
v 0.3500 0.5000 -0.3000
v 0.3500 0.6000 -0.3000
v 0.3500 0.7000 -0.3000
v 0.3500 0.8000 -0.3000
v 0.3500 0.9000 -0.3000
v 0.3500 0.1000 -0.4000
v 0.3500 0.0000 -0.4000
v 0.4500 0.0000 -0.4000
v 0.3500 0.2000 -0.4000
v 0.3500 0.3000 -0.4000
v 0.3500 0.4000 -0.4000
v 0.3500 0.5000 -0.4000
v 0.3500 0.6000 -0.4000
v 0.3500 0.7000 -0.4000
v 0.3500 0.8000 -0.4000
v 0.3500 0.9000 -0.4000
v 0.3500 0.1000 -0.5000
v 0.3500 0.0000 -0.5000
v 0.4500 0.1000 -0.5000
v 0.4500 0.0000 -0.5000
v 0.3500 0.2000 -0.5000
v 0.4500 0.2000 -0.5000
v 0.3500 0.3000 -0.5000
v 0.4500 0.3000 -0.5000
v 0.3500 0.4000 -0.5000
v 0.4500 0.4000 -0.5000
v 0.3500 0.5000 -0.5000
v 0.4500 0.5000 -0.5000
v 0.3500 0.6000 -0.5000
v 0.4500 0.6000 -0.5000
v 0.3500 0.7000 -0.5000
v 0.4500 0.7000 -0.5000
v 0.3500 0.8000 -0.5000
v 0.4500 0.8000 -0.5000
v 0.3500 0.9000 -0.5000
v 0.4500 0.9000 -0.5000
v 0.5500 0.0000 -0.1000
v 0.5500 0.1000 -0.1000
v 0.5500 0.0000 -0.2000
v 0.5500 0.2000 -0.1000
v 0.5500 0.3000 -0.1000
v 0.5500 0.4000 -0.1000
v 0.5500 0.5000 -0.1000
v 0.5500 0.6000 -0.1000
v 0.5500 0.7000 -0.1000
v 0.5500 0.8000 -0.1000
v 0.5500 0.9000 -0.1000
v 0.5500 0.0000 -0.3000
v 0.5500 0.0000 -0.4000
v 0.5500 0.1000 -0.5000
v 0.5500 0.0000 -0.5000
v 0.5500 0.2000 -0.5000
v 0.5500 0.3000 -0.5000
v 0.5500 0.4000 -0.5000
v 0.5500 0.5000 -0.5000
v 0.5500 0.6000 -0.5000
v 0.5500 0.7000 -0.5000
v 0.5500 0.8000 -0.5000
v 0.5500 0.9000 -0.5000
v 0.6500 0.0000 -0.1000
v 0.6500 0.1000 -0.1000
v 0.6500 0.0000 -0.2000
v 0.6500 0.2000 -0.1000
v 0.6500 0.3000 -0.1000
v 0.6500 0.4000 -0.1000
v 0.6500 0.5000 -0.1000
v 0.6500 0.6000 -0.1000
v 0.6500 0.7000 -0.1000
v 0.6500 0.8000 -0.1000
v 0.6500 0.9000 -0.1000
v 0.6500 0.0000 -0.3000
v 0.6500 0.0000 -0.4000
v 0.6500 0.1000 -0.5000
v 0.6500 0.0000 -0.5000
v 0.6500 0.2000 -0.5000
v 0.6500 0.3000 -0.5000
v 0.6500 0.4000 -0.5000
v 0.6500 0.5000 -0.5000
v 0.6500 0.6000 -0.5000
v 0.6500 0.7000 -0.5000
v 0.6500 0.8000 -0.5000
v 0.6500 0.9000 -0.5000
v 0.7500 0.0000 -0.1000
v 0.7500 0.0000 -0.2000
v 0.7500 0.1000 -0.2000
v 0.7500 0.1000 -0.1000
v 0.7500 0.2000 -0.2000
v 0.7500 0.2000 -0.1000
v 0.7500 0.3000 -0.2000
v 0.7500 0.3000 -0.1000
v 0.7500 0.4000 -0.2000
v 0.7500 0.4000 -0.1000
v 0.7500 0.5000 -0.2000
v 0.7500 0.5000 -0.1000
v 0.7500 0.6000 -0.2000
v 0.7500 0.6000 -0.1000
v 0.7500 0.7000 -0.2000
v 0.7500 0.7000 -0.1000
v 0.7500 0.8000 -0.2000
v 0.7500 0.8000 -0.1000
v 0.7500 0.9000 -0.2000
v 0.7500 0.9000 -0.1000
v 0.7500 0.0000 -0.3000
v 0.7500 0.1000 -0.3000
v 0.7500 0.2000 -0.3000
v 0.7500 0.3000 -0.3000
v 0.7500 0.4000 -0.3000
v 0.7500 0.5000 -0.3000
v 0.7500 0.6000 -0.3000
v 0.7500 0.7000 -0.3000
v 0.7500 0.8000 -0.3000
v 0.7500 0.9000 -0.3000
v 0.7500 0.0000 -0.4000
v 0.7500 0.1000 -0.4000
v 0.7500 0.2000 -0.4000
v 0.7500 0.3000 -0.4000
v 0.7500 0.4000 -0.4000
v 0.7500 0.5000 -0.4000
v 0.7500 0.6000 -0.4000
v 0.7500 0.7000 -0.4000
v 0.7500 0.8000 -0.4000
v 0.7500 0.9000 -0.4000
v 0.7500 0.0000 -0.5000
v 0.7500 0.1000 -0.5000
v 0.7500 0.2000 -0.5000
v 0.7500 0.3000 -0.5000
v 0.7500 0.4000 -0.5000
v 0.7500 0.5000 -0.5000
v 0.7500 0.6000 -0.5000
v 0.7500 0.7000 -0.5000
v 0.7500 0.8000 -0.5000
v 0.7500 0.9000 -0.5000
v -1.5500 0.0000 0.5000
v -1.5500 0.1000 0.5000
v -1.5500 0.1000 0.4000
v -1.5500 0.0000 0.4000
v -1.4500 0.0000 0.5000
v -1.4500 0.1000 0.5000
v -1.4500 0.0000 0.4000
v -1.5500 0.2000 0.5000
v -1.5500 0.2000 0.4000
v -1.4500 0.2000 0.5000
v -1.5500 0.3000 0.5000
v -1.5500 0.3000 0.4000
v -1.4500 0.3000 0.5000
v -1.5500 0.4000 0.5000
v -1.5500 0.4000 0.4000
v -1.4500 0.4000 0.5000
v -1.5500 0.5000 0.5000
v -1.5500 0.5000 0.4000
v -1.4500 0.5000 0.5000
v -1.5500 0.6000 0.5000
v -1.5500 0.6000 0.4000
v -1.4500 0.6000 0.5000
v -1.5500 0.7000 0.5000
v -1.5500 0.7000 0.4000
v -1.4500 0.7000 0.5000
v -1.5500 0.8000 0.5000
v -1.5500 0.8000 0.4000
v -1.4500 0.8000 0.5000
v -1.5500 0.9000 0.5000
v -1.5500 0.9000 0.4000
v -1.4500 0.9000 0.5000
v -1.5500 0.1000 0.3000
v -1.5500 0.0000 0.3000
v -1.4500 0.0000 0.3000
v -1.5500 0.2000 0.3000
v -1.5500 0.3000 0.3000
v -1.5500 0.4000 0.3000
v -1.5500 0.5000 0.3000
v -1.5500 0.6000 0.3000
v -1.5500 0.7000 0.3000
v -1.5500 0.8000 0.3000
v -1.5500 0.9000 0.3000
v -1.5500 0.1000 0.2000
v -1.5500 0.0000 0.2000
v -1.4500 0.0000 0.2000
v -1.5500 0.2000 0.2000
v -1.5500 0.3000 0.2000
v -1.5500 0.4000 0.2000
v -1.5500 0.5000 0.2000
v -1.5500 0.6000 0.2000
v -1.5500 0.7000 0.2000
v -1.5500 0.8000 0.2000
v -1.5500 0.9000 0.2000
v -1.5500 0.1000 0.1000
v -1.5500 0.0000 0.1000
v -1.4500 0.1000 0.1000
v -1.4500 0.0000 0.1000
v -1.5500 0.2000 0.1000
v -1.4500 0.2000 0.1000
v -1.5500 0.3000 0.1000
v -1.4500 0.3000 0.1000
v -1.5500 0.4000 0.1000
v -1.4500 0.4000 0.1000
v -1.5500 0.5000 0.1000
v -1.4500 0.5000 0.1000
v -1.5500 0.6000 0.1000
v -1.4500 0.6000 0.1000
v -1.5500 0.7000 0.1000
v -1.4500 0.7000 0.1000
v -1.5500 0.8000 0.1000
v -1.4500 0.8000 0.1000
v -1.5500 0.9000 0.1000
v -1.4500 0.9000 0.1000
v -1.3500 0.0000 0.5000
v -1.3500 0.1000 0.5000
v -1.3500 0.0000 0.4000
v -1.3500 0.2000 0.5000
v -1.3500 0.3000 0.5000
v -1.3500 0.4000 0.5000
v -1.3500 0.5000 0.5000
v -1.3500 0.6000 0.5000
v -1.3500 0.7000 0.5000
v -1.3500 0.8000 0.5000
v -1.3500 0.9000 0.5000
v -1.3500 0.0000 0.3000
v -1.3500 0.0000 0.2000
v -1.3500 0.1000 0.1000
v -1.3500 0.0000 0.1000
v -1.3500 0.2000 0.1000
v -1.3500 0.3000 0.1000
v -1.3500 0.4000 0.1000
v -1.3500 0.5000 0.1000
v -1.3500 0.6000 0.1000
v -1.3500 0.7000 0.1000
v -1.3500 0.8000 0.1000
v -1.3500 0.9000 0.1000
v -1.2500 0.0000 0.5000
v -1.2500 0.1000 0.5000
v -1.2500 0.0000 0.4000
v -1.2500 0.2000 0.5000
v -1.2500 0.3000 0.5000
v -1.2500 0.4000 0.5000
v -1.2500 0.5000 0.5000
v -1.2500 0.6000 0.5000
v -1.2500 0.7000 0.5000
v -1.2500 0.8000 0.5000
v -1.2500 0.9000 0.5000
v -1.2500 0.0000 0.3000
v -1.2500 0.0000 0.2000
v -1.2500 0.1000 0.1000
v -1.2500 0.0000 0.1000
v -1.2500 0.2000 0.1000
v -1.2500 0.3000 0.1000
v -1.2500 0.4000 0.1000
v -1.2500 0.5000 0.1000
v -1.2500 0.6000 0.1000
v -1.2500 0.7000 0.1000
v -1.2500 0.8000 0.1000
v -1.2500 0.9000 0.1000
v -1.1500 0.0000 0.5000
v -1.1500 0.0000 0.4000
v -1.1500 0.1000 0.4000
v -1.1500 0.1000 0.5000
v -1.1500 0.2000 0.4000
v -1.1500 0.2000 0.5000
v -1.1500 0.3000 0.4000
v -1.1500 0.3000 0.5000
v -1.1500 0.4000 0.4000
v -1.1500 0.4000 0.5000
v -1.1500 0.5000 0.4000
v -1.1500 0.5000 0.5000
v -1.1500 0.6000 0.4000
v -1.1500 0.6000 0.5000
v -1.1500 0.7000 0.4000
v -1.1500 0.7000 0.5000
v -1.1500 0.8000 0.4000
v -1.1500 0.8000 0.5000
v -1.1500 0.9000 0.4000
v -1.1500 0.9000 0.5000
v -1.1500 0.0000 0.3000
v -1.1500 0.1000 0.3000
v -1.1500 0.2000 0.3000
v -1.1500 0.3000 0.3000
v -1.1500 0.4000 0.3000
v -1.1500 0.5000 0.3000
v -1.1500 0.6000 0.3000
v -1.1500 0.7000 0.3000
v -1.1500 0.8000 0.3000
v -1.1500 0.9000 0.3000
v -1.1500 0.0000 0.2000
v -1.1500 0.1000 0.2000
v -1.1500 0.2000 0.2000
v -1.1500 0.3000 0.2000
v -1.1500 0.4000 0.2000
v -1.1500 0.5000 0.2000
v -1.1500 0.6000 0.2000
v -1.1500 0.7000 0.2000
v -1.1500 0.8000 0.2000
v -1.1500 0.9000 0.2000
v -1.1500 0.0000 0.1000
v -1.1500 0.1000 0.1000
v -1.1500 0.2000 0.1000
v -1.1500 0.3000 0.1000
v -1.1500 0.4000 0.1000
v -1.1500 0.5000 0.1000
v -1.1500 0.6000 0.1000
v -1.1500 0.7000 0.1000
v -1.1500 0.8000 0.1000
v -1.1500 0.9000 0.1000
v -1.5500 0.0000 -0.1000
v -1.5500 0.1000 -0.1000
v -1.5500 0.1000 -0.2000
v -1.5500 0.0000 -0.2000
v -1.4500 0.0000 -0.1000
v -1.4500 0.1000 -0.1000
v -1.4500 0.0000 -0.2000
v -1.5500 0.2000 -0.1000
v -1.5500 0.2000 -0.2000
v -1.4500 0.2000 -0.1000
v -1.5500 0.3000 -0.1000
v -1.5500 0.3000 -0.2000
v -1.4500 0.3000 -0.1000
v -1.5500 0.4000 -0.1000
v -1.5500 0.4000 -0.2000
v -1.4500 0.4000 -0.1000
v -1.5500 0.5000 -0.1000
v -1.5500 0.5000 -0.2000
v -1.4500 0.5000 -0.1000
v -1.5500 0.6000 -0.1000
v -1.5500 0.6000 -0.2000
v -1.4500 0.6000 -0.1000
v -1.5500 0.7000 -0.1000
v -1.5500 0.7000 -0.2000
v -1.4500 0.7000 -0.1000
v -1.5500 0.8000 -0.1000
v -1.5500 0.8000 -0.2000
v -1.4500 0.8000 -0.1000
v -1.5500 0.9000 -0.1000
v -1.5500 0.9000 -0.2000
v -1.4500 0.9000 -0.1000
v -1.5500 0.1000 -0.3000
v -1.5500 0.0000 -0.3000
v -1.4500 0.0000 -0.3000
v -1.5500 0.2000 -0.3000
v -1.5500 0.3000 -0.3000
v -1.5500 0.4000 -0.3000
v -1.5500 0.5000 -0.3000
v -1.5500 0.6000 -0.3000
v -1.5500 0.7000 -0.3000
v -1.5500 0.8000 -0.3000
v -1.5500 0.9000 -0.3000
v -1.5500 0.1000 -0.4000
v -1.5500 0.0000 -0.4000
v -1.4500 0.0000 -0.4000
v -1.5500 0.2000 -0.4000
v -1.5500 0.3000 -0.4000
v -1.5500 0.4000 -0.4000
v -1.5500 0.5000 -0.4000
v -1.5500 0.6000 -0.4000
v -1.5500 0.7000 -0.4000
v -1.5500 0.8000 -0.4000
v -1.5500 0.9000 -0.4000
v -1.5500 0.1000 -0.5000
v -1.5500 0.0000 -0.5000
v -1.4500 0.1000 -0.5000
v -1.4500 0.0000 -0.5000
v -1.5500 0.2000 -0.5000
v -1.4500 0.2000 -0.5000
v -1.5500 0.3000 -0.5000
v -1.4500 0.3000 -0.5000
v -1.5500 0.4000 -0.5000
v -1.4500 0.4000 -0.5000
v -1.5500 0.5000 -0.5000
v -1.4500 0.5000 -0.5000
v -1.5500 0.6000 -0.5000
v -1.4500 0.6000 -0.5000
v -1.5500 0.7000 -0.5000
v -1.4500 0.7000 -0.5000
v -1.5500 0.8000 -0.5000
v -1.4500 0.8000 -0.5000
v -1.5500 0.9000 -0.5000
v -1.4500 0.9000 -0.5000
v -1.3500 0.0000 -0.1000
v -1.3500 0.1000 -0.1000
v -1.3500 0.0000 -0.2000
v -1.3500 0.2000 -0.1000
v -1.3500 0.3000 -0.1000
v -1.3500 0.4000 -0.1000
v -1.3500 0.5000 -0.1000
v -1.3500 0.6000 -0.1000
v -1.3500 0.7000 -0.1000
v -1.3500 0.8000 -0.1000
v -1.3500 0.9000 -0.1000
v -1.3500 0.0000 -0.3000
v -1.3500 0.0000 -0.4000
v -1.3500 0.1000 -0.5000
v -1.3500 0.0000 -0.5000
v -1.3500 0.2000 -0.5000
v -1.3500 0.3000 -0.5000
v -1.3500 0.4000 -0.5000
v -1.3500 0.5000 -0.5000
v -1.3500 0.6000 -0.5000
v -1.3500 0.7000 -0.5000
v -1.3500 0.8000 -0.5000
v -1.3500 0.9000 -0.5000
v -1.2500 0.0000 -0.1000
v -1.2500 0.1000 -0.1000
v -1.2500 0.0000 -0.2000
v -1.2500 0.2000 -0.1000
v -1.2500 0.3000 -0.1000
v -1.2500 0.4000 -0.1000
v -1.2500 0.5000 -0.1000
v -1.2500 0.6000 -0.1000
v -1.2500 0.7000 -0.1000
v -1.2500 0.8000 -0.1000
v -1.2500 0.9000 -0.1000
v -1.2500 0.0000 -0.3000
v -1.2500 0.0000 -0.4000
v -1.2500 0.1000 -0.5000
v -1.2500 0.0000 -0.5000
v -1.2500 0.2000 -0.5000
v -1.2500 0.3000 -0.5000
v -1.2500 0.4000 -0.5000
v -1.2500 0.5000 -0.5000
v -1.2500 0.6000 -0.5000
v -1.2500 0.7000 -0.5000
v -1.2500 0.8000 -0.5000
v -1.2500 0.9000 -0.5000
v -1.1500 0.0000 -0.1000
v -1.1500 0.0000 -0.2000
v -1.1500 0.1000 -0.2000
v -1.1500 0.1000 -0.1000
v -1.1500 0.2000 -0.2000
v -1.1500 0.2000 -0.1000
v -1.1500 0.3000 -0.2000
v -1.1500 0.3000 -0.1000
v -1.1500 0.4000 -0.2000
v -1.1500 0.4000 -0.1000
v -1.1500 0.5000 -0.2000
v -1.1500 0.5000 -0.1000
v -1.1500 0.6000 -0.2000
v -1.1500 0.6000 -0.1000
v -1.1500 0.7000 -0.2000
v -1.1500 0.7000 -0.1000
v -1.1500 0.8000 -0.2000
v -1.1500 0.8000 -0.1000
v -1.1500 0.9000 -0.2000
v -1.1500 0.9000 -0.1000
v -1.1500 0.0000 -0.3000
v -1.1500 0.1000 -0.3000
v -1.1500 0.2000 -0.3000
v -1.1500 0.3000 -0.3000
v -1.1500 0.4000 -0.3000
v -1.1500 0.5000 -0.3000
v -1.1500 0.6000 -0.3000
v -1.1500 0.7000 -0.3000
v -1.1500 0.8000 -0.3000
v -1.1500 0.9000 -0.3000
v -1.1500 0.0000 -0.4000
v -1.1500 0.1000 -0.4000
v -1.1500 0.2000 -0.4000
v -1.1500 0.3000 -0.4000
v -1.1500 0.4000 -0.4000
v -1.1500 0.5000 -0.4000
v -1.1500 0.6000 -0.4000
v -1.1500 0.7000 -0.4000
v -1.1500 0.8000 -0.4000
v -1.1500 0.9000 -0.4000
v -1.1500 0.0000 -0.5000
v -1.1500 0.1000 -0.5000
v -1.1500 0.2000 -0.5000
v -1.1500 0.3000 -0.5000
v -1.1500 0.4000 -0.5000
v -1.1500 0.5000 -0.5000
v -1.1500 0.6000 -0.5000
v -1.1500 0.7000 -0.5000
v -1.1500 0.8000 -0.5000
v -1.1500 0.9000 -0.5000
v 1.1500 1.5000 0.6000
v 1.1500 1.6000 0.6000
v 1.1500 1.5000 0.5000
v 1.1500 1.7000 0.6000
v 1.1500 1.8000 0.6000
v 1.1500 1.9000 0.6000
v 1.1500 2.0000 0.6000
v 1.1500 2.1000 0.6000
v 1.1500 2.1000 0.5000
v 1.2500 1.5000 0.6000
v 1.2500 1.6000 0.6000
v 1.2500 1.5000 0.5000
v 1.2500 1.7000 0.6000
v 1.2500 1.8000 0.6000
v 1.2500 1.9000 0.6000
v 1.2500 2.0000 0.6000
v 1.2500 2.1000 0.6000
v 1.2500 2.1000 0.5000
v 1.3500 1.5000 0.6000
v 1.3500 1.5000 0.5000
v 1.3500 1.6000 0.5000
v 1.3500 1.6000 0.6000
v 1.3500 1.7000 0.5000
v 1.3500 1.7000 0.6000
v 1.3500 1.8000 0.5000
v 1.3500 1.8000 0.6000
v 1.3500 1.9000 0.5000
v 1.3500 1.9000 0.6000
v 1.3500 2.0000 0.5000
v 1.3500 2.0000 0.6000
v 1.3500 2.1000 0.5000
v 1.3500 2.1000 0.6000
v 1.1500 1.5000 -0.5000
v 1.1500 2.1000 -0.5000
v 1.1500 1.6000 -0.6000
v 1.1500 1.5000 -0.6000
v 1.1500 1.7000 -0.6000
v 1.1500 1.8000 -0.6000
v 1.1500 1.9000 -0.6000
v 1.1500 2.0000 -0.6000
v 1.1500 2.1000 -0.6000
v 1.2500 1.5000 -0.5000
v 1.2500 2.1000 -0.5000
v 1.2500 1.6000 -0.6000
v 1.2500 1.5000 -0.6000
v 1.2500 1.7000 -0.6000
v 1.2500 1.8000 -0.6000
v 1.2500 1.9000 -0.6000
v 1.2500 2.0000 -0.6000
v 1.2500 2.1000 -0.6000
v 1.3500 1.5000 -0.5000
v 1.3500 1.6000 -0.5000
v 1.3500 1.7000 -0.5000
v 1.3500 1.8000 -0.5000
v 1.3500 1.9000 -0.5000
v 1.3500 2.0000 -0.5000
v 1.3500 2.1000 -0.5000
v 1.3500 1.5000 -0.6000
v 1.3500 1.6000 -0.6000
v 1.3500 1.7000 -0.6000
v 1.3500 1.8000 -0.6000
v 1.3500 1.9000 -0.6000
v 1.3500 2.0000 -0.6000
v 1.3500 2.1000 -0.6000
v -1.9500 0.8000 0.1000
v -1.9500 0.9000 0.1000
v -1.9500 0.9000 0.0000
v -1.9500 0.8000 0.0000
v -1.8500 0.8000 0.1000
v -1.8500 0.9000 0.1000
v -1.9500 1.0000 0.1000
v -1.9500 1.0000 0.0000
v -1.9500 1.1000 0.1000
v -1.9500 1.1000 0.0000
v -1.9500 1.2000 0.1000
v -1.9500 1.2000 0.0000
v -1.9500 1.3000 0.1000
v -1.9500 1.3000 0.0000
v -1.9500 1.4000 0.1000
v -1.9500 1.4000 0.0000
v -1.9500 1.5000 0.1000
v -1.9500 1.5000 0.0000
v -1.9500 1.6000 0.1000
v -1.9500 1.6000 0.0000
v -1.9500 1.7000 0.1000
v -1.9500 1.7000 0.0000
v -1.9500 1.8000 0.1000
v -1.9500 1.8000 0.0000
v -1.9500 1.9000 0.1000
v -1.9500 1.9000 0.0000
v -1.9500 2.0000 0.1000
v -1.9500 2.0000 0.0000
v -1.9500 2.1000 0.1000
v -1.9500 2.1000 0.0000
v -1.9500 2.2000 0.1000
v -1.9500 2.2000 0.0000
v -1.9500 2.3000 0.1000
v -1.9500 2.3000 0.0000
v -1.9500 0.9000 -0.1000
v -1.9500 0.8000 -0.1000
v -1.8500 0.9000 -0.1000
v -1.8500 0.8000 -0.1000
v -1.9500 1.0000 -0.1000
v -1.9500 1.1000 -0.1000
v -1.9500 1.2000 -0.1000
v -1.9500 1.3000 -0.1000
v -1.9500 1.4000 -0.1000
v -1.9500 1.5000 -0.1000
v -1.9500 1.6000 -0.1000
v -1.9500 1.7000 -0.1000
v -1.9500 1.8000 -0.1000
v -1.9500 1.9000 -0.1000
v -1.9500 2.0000 -0.1000
v -1.9500 2.1000 -0.1000
v -1.9500 2.2000 -0.1000
v -1.9500 2.3000 -0.1000
v -1.7500 0.8000 0.1000
v -1.7500 0.8000 0.0000
v -1.7500 0.9000 0.0000
v -1.7500 0.9000 0.1000
v -1.7500 0.8000 -0.1000
v -1.7500 0.9000 -0.1000
v -1.9500 0.6000 0.1000
v -1.9500 0.7000 0.1000
v -1.9500 0.7000 0.0000
v -1.9500 0.6000 0.0000
v -1.8500 0.6000 0.1000
v -1.8500 0.7000 0.1000
v -1.8500 0.6000 0.0000
v -1.9500 0.7000 -0.1000
v -1.9500 0.6000 -0.1000
v -1.8500 0.7000 -0.1000
v -1.8500 0.6000 -0.1000
v -1.7500 0.6000 0.1000
v -1.7500 0.6000 0.0000
v -1.7500 0.7000 0.0000
v -1.7500 0.7000 0.1000
v -1.7500 0.6000 -0.1000
v -1.7500 0.7000 -0.1000
usemtl c19
f 1756 1794 1795 1757
f 1781 1782 1820 1819
usemtl c21
f 1 2 3 4
f 1 5 6 2
f 1 4 7 5
f 2 8 9 3
f 2 6 10 8
f 4 3 48 49
f 4 49 50 7
f 3 9 51 48
f 49 48 65 66
f 49 66 67 50
f 48 51 68 65
f 66 65 82 83
f 66 83 84 67
f 65 68 85 82
f 83 82 99 100
f 83 100 101 84
f 82 85 102 99
f 122 123 124 125
f 122 125 126 127
f 123 128 129 124
f 125 124 153 154
f 125 154 155 126
f 124 129 156 153
f 154 153 170 171
f 154 171 172 155
f 153 156 173 170
f 171 170 187 188
f 171 188 189 172
f 170 173 190 187
f 188 187 204 205
f 205 204 206 207
f 188 205 207 189
f 187 190 208 204
f 204 208 209 206
f 5 234 235 6
f 5 7 236 234
f 6 235 237 10
f 7 50 251 236
f 50 67 253 251
f 67 84 255 253
f 84 101 257 255
f 101 259 260 257
f 259 127 262 260
f 127 126 264 262
f 126 155 266 264
f 155 172 268 266
f 172 189 270 268
f 207 206 272 273
f 189 207 273 270
f 206 209 274 272
f 234 287 288 235
f 234 236 289 287
f 235 288 290 237
f 236 251 304 289
f 251 253 306 304
f 253 255 308 306
f 255 257 310 308
f 257 260 312 310
f 260 262 314 312
f 262 264 316 314
f 264 266 318 316
f 266 268 320 318
f 268 270 322 320
f 273 272 324 325
f 270 273 325 322
f 272 274 326 324
f 287 339 340 288
f 287 289 341 339
f 288 340 342 290
f 310 312 360 361
f 312 314 363 360
f 325 324 369 370
f 322 325 370 371
f 324 326 372 369
f 339 385 386 340
f 339 341 387 385
f 340 386 388 342
f 361 360 406 407
f 360 363 409 406
f 370 369 415 416
f 371 370 416 417
f 369 372 418 415
f 385 431 432 386
f 385 387 433 431
f 386 432 434 388
f 407 406 452 453
f 406 409 455 452
f 416 415 461 462
f 417 416 462 463
f 415 418 464 461
f 431 477 478 432
f 431 433 479 477
f 432 478 480 434
f 453 452 498 499
f 452 455 501 498
f 462 461 507 508
f 463 462 508 509
f 461 464 510 507
f 477 523 524 478
f 477 479 525 523
f 478 524 526 480
f 479 540 541 525
f 540 543 544 541
f 543 546 547 544
f 546 499 549 547
f 499 498 551 549
f 498 501 553 551
f 501 555 556 553
f 555 558 559 556
f 558 561 562 559
f 561 509 564 562
f 508 507 566 567
f 509 508 567 564
f 507 510 568 566
f 523 581 582 524
f 523 525 583 581
f 524 582 584 526
f 525 541 598 583
f 541 544 600 598
f 559 562 608 609
f 562 564 611 608
f 567 566 613 614
f 564 567 614 611
f 566 568 615 613
f 581 628 629 582
f 581 583 630 628
f 582 629 631 584
f 583 598 645 630
f 598 600 647 645
f 609 608 655 656
f 608 611 658 655
f 614 613 660 661
f 611 614 661 658
f 613 615 662 660
f 628 675 676 629
f 628 630 677 675
f 629 676 678 631
f 630 645 692 677
f 645 647 694 692
f 656 655 702 703
f 655 658 705 702
f 661 660 707 708
f 658 661 708 705
f 660 662 709 707
f 675 722 723 676
f 675 677 724 722
f 676 723 725 678
f 677 692 739 724
f 692 694 741 739
f 703 702 749 750
f 702 705 752 749
f 708 707 754 755
f 705 708 755 752
f 707 709 756 754
f 722 769 770 723
f 722 724 771 769
f 723 770 772 725
f 724 739 786 771
f 739 741 788 786
f 750 749 796 797
f 749 752 799 796
f 755 754 801 802
f 752 755 802 799
f 754 756 803 801
f 769 816 817 770
f 769 771 818 816
f 770 817 819 772
f 771 786 833 818
f 786 788 835 833
f 797 796 843 844
f 796 799 846 843
f 802 801 848 849
f 799 802 849 846
f 801 803 850 848
f 816 863 864 817
f 816 818 865 863
f 817 864 866 819
f 818 833 880 865
f 833 835 882 880
f 835 884 885 882
f 884 887 888 885
f 887 890 891 888
f 890 893 894 891
f 893 896 897 894
f 896 844 899 897
f 844 843 901 899
f 843 846 903 901
f 849 848 905 906
f 846 849 906 903
f 848 850 907 905
f 863 920 921 864
f 863 865 922 920
f 864 921 923 866
f 865 880 937 922
f 880 882 939 937
f 882 885 941 939
f 885 888 943 941
f 888 891 945 943
f 891 894 947 945
f 894 897 949 947
f 897 899 951 949
f 899 901 953 951
f 901 903 955 953
f 906 905 957 958
f 903 906 958 955
f 905 907 959 957
f 920 972 973 921
f 920 922 974 972
f 921 973 975 923
f 922 937 989 974
f 937 939 991 989
f 939 941 993 991
f 941 943 995 993
f 943 945 997 995
f 945 947 999 997
f 947 949 1001 999
f 949 951 1003 1001
f 951 953 1005 1003
f 953 955 1007 1005
f 958 957 1009 1010
f 955 958 1010 1007
f 957 959 1011 1009
f 972 1024 1025 973
f 972 974 1026 1024
f 973 1025 1027 975
f 974 989 1041 1026
f 989 991 1043 1041
f 991 993 1045 1043
f 993 995 1047 1045
f 995 997 1049 1047
f 997 999 1051 1049
f 999 1001 1053 1051
f 1001 1003 1055 1053
f 1003 1005 1057 1055
f 1005 1007 1059 1057
f 1010 1009 1061 1062
f 1007 1010 1062 1059
f 1009 1011 1063 1061
f 1024 1076 1077 1025
f 1024 1026 1078 1076
f 1025 1077 1079 1027
f 1026 1041 1093 1078
f 1041 1043 1095 1093
f 1043 1045 1097 1095
f 1045 1047 1099 1097
f 1047 1049 1101 1099
f 1049 1051 1103 1101
f 1051 1053 1105 1103
f 1053 1055 1107 1105
f 1055 1057 1109 1107
f 1057 1059 1111 1109
f 1062 1061 1113 1114
f 1059 1062 1114 1111
f 1061 1063 1115 1113
f 1076 1128 1129 1077
f 1076 1078 1130 1128
f 1077 1129 1131 1079
f 1078 1093 1145 1130
f 1093 1095 1147 1145
f 1095 1097 1149 1147
f 1097 1099 1151 1149
f 1099 1101 1153 1151
f 1101 1103 1155 1153
f 1103 1105 1157 1155
f 1105 1107 1159 1157
f 1107 1109 1161 1159
f 1109 1111 1163 1161
f 1114 1113 1165 1166
f 1111 1114 1166 1163
f 1113 1115 1167 1165
f 1128 1180 1181 1129
f 1128 1130 1182 1180
f 1129 1181 1183 1131
f 1130 1145 1197 1182
f 1145 1147 1199 1197
f 1147 1149 1201 1199
f 1149 1151 1203 1201
f 1151 1153 1205 1203
f 1153 1155 1207 1205
f 1155 1157 1209 1207
f 1157 1159 1211 1209
f 1159 1161 1213 1211
f 1161 1163 1215 1213
f 1166 1165 1217 1218
f 1163 1166 1218 1215
f 1165 1167 1219 1217
f 1180 1232 1233 1181
f 1180 1182 1234 1232
f 1181 1233 1235 1183
f 1182 1197 1249 1234
f 1197 1199 1251 1249
f 1199 1201 1252 1251
f 1201 1203 1253 1252
f 1203 1205 1254 1253
f 1205 1207 1255 1254
f 1207 1209 1256 1255
f 1209 1211 1257 1256
f 1211 1213 1258 1257
f 1213 1215 1259 1258
f 1218 1217 1262 1263
f 1215 1218 1263 1259
f 1217 1219 1264 1262
f 1232 1277 1278 1233
f 1232 1234 1279 1277
f 1233 1278 1280 1235
f 1253 1254 1295 1296
f 1254 1255 1297 1295
f 1263 1262 1300 1301
f 1259 1263 1301 1302
f 1262 1264 1303 1300
f 1277 1316 1317 1278
f 1277 1279 1318 1316
f 1278 1317 1319 1280
f 1296 1295 1334 1335
f 1295 1297 1336 1334
f 1301 1300 1339 1340
f 1302 1301 1340 1341
f 1300 1303 1342 1339
f 1316 1355 1356 1317
f 1316 1318 1357 1355
f 1317 1356 1358 1319
f 1335 1334 1373 1374
f 1334 1336 1375 1373
f 1340 1339 1378 1379
f 1341 1340 1379 1380
f 1339 1342 1381 1378
f 1355 1394 1395 1356
f 1355 1357 1396 1394
f 1356 1395 1397 1358
f 1374 1373 1412 1413
f 1373 1375 1414 1412
f 1379 1378 1417 1418
f 1380 1379 1418 1419
f 1378 1381 1420 1417
f 1394 1433 1434 1395
f 1394 1396 1435 1433
f 1395 1434 1436 1397
f 1396 1450 1451 1435
f 1450 1453 1454 1451
f 1453 1455 1456 1454
f 1455 1413 1457 1456
f 1413 1412 1458 1457
f 1412 1414 1459 1458
f 1414 1460 1461 1459
f 1460 1462 1463 1461
f 1462 1464 1465 1463
f 1464 1419 1466 1465
f 1418 1417 1469 1470
f 1419 1418 1470 1466
f 1417 1420 1471 1469
f 1433 1484 1485 1434
f 1433 1435 1486 1484
f 1434 1485 1487 1436
f 1435 1451 1501 1486
f 1451 1454 1503 1501
f 1454 1456 1504 1503
f 1456 1457 1505 1504
f 1457 1458 1506 1505
f 1458 1459 1507 1506
f 1459 1461 1508 1507
f 1461 1463 1509 1508
f 1463 1465 1510 1509
f 1465 1466 1511 1510
f 1470 1469 1514 1515
f 1466 1470 1515 1511
f 1469 1471 1516 1514
f 1529 1530 1531 1532
f 1484 1529 1532 1485
f 1484 1486 1530 1529
f 1532 1531 1533 1534
f 1485 1532 1534 1487
f 1530 1554 1555 1531
f 1486 1501 1554 1530
f 1531 1555 1556 1533
f 1554 1564 1565 1555
f 1501 1503 1564 1554
f 1555 1565 1566 1556
f 1588 1589 1590 1591
f 1509 1510 1589 1588
f 1591 1590 1592 1593
f 1589 1596 1597 1590
f 1510 1511 1596 1589
f 1590 1597 1598 1592
f 1596 1611 1612 1597
f 1515 1514 1612 1611
f 1511 1515 1611 1596
f 1597 1612 1613 1598
f 1514 1516 1613 1612
usemtl c22
f 1826 1838 1886 1863
f 1838 1840 1893 1886
f 1840 1842 1900 1893
f 1842 1844 1907 1900
f 1844 1846 1914 1907
f 1846 1848 1921 1914
f 2264 2265 2266 2267
f 2264 2268 2269 2265
f 2264 2267 2270 2268
f 2265 2271 2272 2266
f 2265 2269 2273 2271
f 2271 544 547 2272
f 2271 2273 600 544
f 2267 2266 2274 2275
f 2267 2275 2276 2270
f 2266 2272 2277 2274
f 2272 547 549 2277
f 2275 2274 2278 2279
f 2275 2279 2280 2276
f 2274 2277 2281 2278
f 2277 549 551 2281
f 2279 2278 2282 2283
f 2279 2283 2284 2280
f 2278 2281 2285 2282
f 2281 551 553 2285
f 2283 2282 2286 2287
f 2283 2287 2288 2284
f 2282 2285 2289 2286
f 2285 553 556 2289
f 2287 2286 2290 2291
f 2291 2290 2292 2293
f 2287 2291 2293 2288
f 2286 2289 2294 2290
f 2290 2294 2295 2292
f 2289 556 559 2294
f 2294 559 609 2295
f 2268 2296 2297 2269
f 2268 2270 2298 2296
f 2269 2297 2299 2273
f 2273 2299 647 600
f 2270 2276 2300 2298
f 2276 2280 2301 2300
f 2280 2284 2302 2301
f 2284 2288 2303 2302
f 2293 2292 2304 2305
f 2288 2293 2305 2303
f 2292 2295 2306 2304
f 2295 609 656 2306
f 2296 2307 2308 2297
f 2296 2298 2309 2307
f 2297 2308 2310 2299
f 2299 2310 694 647
f 2298 2300 2311 2309
f 2300 2301 2312 2311
f 2301 2302 2313 2312
f 2302 2303 2314 2313
f 2305 2304 2315 2316
f 2303 2305 2316 2314
f 2304 2306 2317 2315
f 2306 656 703 2317
f 2307 2318 2319 2308
f 2307 2309 2320 2318
f 2308 2319 2321 2310
f 2310 2321 741 694
f 2309 2311 2322 2320
f 2311 2312 2323 2322
f 2312 2313 2324 2323
f 2313 2314 2325 2324
f 2316 2315 2326 2327
f 2314 2316 2327 2325
f 2315 2317 2328 2326
f 2317 703 750 2328
f 2318 2329 2330 2319
f 2318 2320 2331 2329
f 2319 2330 2332 2321
f 2321 2332 788 741
f 2320 2322 2333 2331
f 2322 2323 2334 2333
f 2323 2324 2335 2334
f 2324 2325 2336 2335
f 2327 2326 2337 2338
f 2325 2327 2338 2336
f 2326 2328 2339 2337
f 2328 750 797 2339
f 2340 2341 2342 2343
f 2329 2340 2343 2330
f 2329 2331 2341 2340
f 2343 2342 2344 2345
f 2330 2343 2345 2332
f 2345 2344 884 835
f 2332 2345 835 788
f 2341 2346 2347 2342
f 2331 2333 2346 2341
f 2342 2347 2348 2344
f 2344 2348 887 884
f 2346 2349 2350 2347
f 2333 2334 2349 2346
f 2347 2350 2351 2348
f 2348 2351 890 887
f 2349 2352 2353 2350
f 2334 2335 2352 2349
f 2350 2353 2354 2351
f 2351 2354 893 890
f 2352 2355 2356 2353
f 2335 2336 2355 2352
f 2353 2356 2357 2354
f 2354 2357 896 893
f 2355 2358 2359 2356
f 2338 2337 2359 2358
f 2336 2338 2358 2355
f 2356 2359 2360 2357
f 2337 2339 2360 2359
f 2357 2360 844 896
f 2339 797 844 2360
f 2361 2362 2363 2364
f 1863 2361 2364 1864
f 1863 1886 2362 2361
f 2364 2363 2365 2366
f 1864 2364 2366 1866
f 2366 2365 2367 2368
f 1866 2366 2368 1868
f 2368 2367 2369 2370
f 1868 2368 2370 1870
f 2370 2369 2371 2372
f 1870 2370 2372 1872
f 2372 2371 2373 2374
f 1872 2372 2374 1874
f 1874 2374 2373 1887
f 2362 2375 2376 2363
f 1886 1893 2375 2362
f 2363 2376 2377 2365
f 2365 2377 2378 2367
f 2367 2378 2379 2369
f 2369 2379 2380 2371
f 2371 2380 2381 2373
f 1887 2373 2381 1894
f 2375 2382 2383 2376
f 1893 1900 2382 2375
f 2376 2383 2384 2377
f 2377 2384 2385 2378
f 2378 2385 2386 2379
f 2379 2386 2387 2380
f 2380 2387 2388 2381
f 1894 2381 2388 1901
f 2382 2389 2390 2383
f 1900 1907 2389 2382
f 2383 2390 2391 2384
f 2384 2391 2392 2385
f 2385 2392 2393 2386
f 2386 2393 2394 2387
f 2387 2394 2395 2388
f 1901 2388 2395 1908
f 2389 2396 2397 2390
f 1907 1914 2396 2389
f 2390 2397 2398 2391
f 2391 2398 2399 2392
f 2392 2399 2400 2393
f 2393 2400 2401 2394
f 2394 2401 2402 2395
f 1908 2395 2402 1915
f 2396 2403 2404 2397
f 1921 1930 2404 2403
f 1914 1921 2403 2396
f 2397 2404 2405 2398
f 1930 1932 2405 2404
f 2398 2405 2406 2399
f 1932 1934 2406 2405
f 2399 2406 2407 2400
f 1934 1936 2407 2406
f 2400 2407 2408 2401
f 1936 1938 2408 2407
f 2401 2408 2409 2402
f 1938 1922 2409 2408
f 1915 2402 2409 1922
usemtl c24
f 8 11 12 9
f 8 10 13 11
f 11 14 15 12
f 11 13 16 14
f 14 17 18 15
f 14 16 19 17
f 17 20 21 18
f 17 19 22 20
f 20 23 24 21
f 20 22 25 23
f 23 26 27 24
f 23 25 28 26
f 26 29 30 27
f 26 28 31 29
f 29 32 33 30
f 29 31 34 32
f 32 35 36 33
f 32 34 37 35
f 35 38 39 36
f 35 37 40 38
f 38 41 42 39
f 38 40 43 41
f 41 44 45 42
f 41 43 46 44
f 44 46 47 45
f 9 12 52 51
f 12 15 53 52
f 15 18 54 53
f 18 21 55 54
f 21 24 56 55
f 24 27 57 56
f 27 30 58 57
f 30 33 59 58
f 33 36 60 59
f 36 39 61 60
f 39 42 62 61
f 42 45 63 62
f 45 47 64 63
f 51 52 69 68
f 52 53 70 69
f 53 54 71 70
f 54 55 72 71
f 55 56 73 72
f 56 57 74 73
f 57 58 75 74
f 58 59 76 75
f 59 60 77 76
f 60 61 78 77
f 61 62 79 78
f 62 63 80 79
f 63 64 81 80
f 68 69 86 85
f 69 70 87 86
f 70 71 88 87
f 71 72 89 88
f 72 73 90 89
f 73 74 91 90
f 74 75 92 91
f 75 76 93 92
f 76 77 94 93
f 77 78 95 94
f 78 79 96 95
f 79 80 97 96
f 80 81 98 97
f 85 86 103 102
f 86 87 104 103
f 87 88 105 104
f 88 89 106 105
f 89 90 107 106
f 90 91 108 107
f 91 92 109 108
f 92 93 110 109
f 93 94 111 110
f 94 95 112 111
f 95 96 113 112
f 96 97 114 113
f 97 98 115 114
f 113 114 116 117
f 114 115 118 116
f 117 116 119 120
f 116 118 121 119
f 128 130 131 129
f 130 132 133 131
f 132 134 135 133
f 134 136 137 135
f 136 138 139 137
f 138 140 141 139
f 140 142 143 141
f 142 144 145 143
f 144 146 147 145
f 146 148 149 147
f 148 120 150 149
f 120 119 151 150
f 119 121 152 151
f 129 131 157 156
f 131 133 158 157
f 133 135 159 158
f 135 137 160 159
f 137 139 161 160
f 139 141 162 161
f 141 143 163 162
f 143 145 164 163
f 145 147 165 164
f 147 149 166 165
f 149 150 167 166
f 150 151 168 167
f 151 152 169 168
f 156 157 174 173
f 157 158 175 174
f 158 159 176 175
f 159 160 177 176
f 160 161 178 177
f 161 162 179 178
f 162 163 180 179
f 163 164 181 180
f 164 165 182 181
f 165 166 183 182
f 166 167 184 183
f 167 168 185 184
f 168 169 186 185
f 173 174 191 190
f 174 175 192 191
f 175 176 193 192
f 176 177 194 193
f 177 178 195 194
f 178 179 196 195
f 179 180 197 196
f 180 181 198 197
f 181 182 199 198
f 182 183 200 199
f 183 184 201 200
f 184 185 202 201
f 185 186 203 202
f 190 191 210 208
f 208 210 211 209
f 191 192 212 210
f 210 212 213 211
f 192 193 214 212
f 212 214 215 213
f 193 194 216 214
f 214 216 217 215
f 194 195 218 216
f 216 218 219 217
f 195 196 220 218
f 218 220 221 219
f 196 197 222 220
f 220 222 223 221
f 197 198 224 222
f 222 224 225 223
f 198 199 226 224
f 224 226 227 225
f 199 200 228 226
f 226 228 229 227
f 200 201 230 228
f 228 230 231 229
f 201 202 232 230
f 230 232 233 231
f 202 203 233 232
f 10 237 238 13
f 13 238 239 16
f 16 239 240 19
f 19 240 241 22
f 22 241 242 25
f 25 242 243 28
f 28 243 244 31
f 31 244 245 34
f 34 245 246 37
f 37 246 247 40
f 40 247 248 43
f 43 248 249 46
f 46 249 250 47
f 47 250 252 64
f 64 252 254 81
f 81 254 256 98
f 98 256 258 115
f 115 258 261 118
f 118 261 263 121
f 121 263 265 152
f 152 265 267 169
f 169 267 269 186
f 186 269 271 203
f 209 211 275 274
f 211 213 276 275
f 213 215 277 276
f 215 217 278 277
f 217 219 279 278
f 219 221 280 279
f 221 223 281 280
f 223 225 282 281
f 225 227 283 282
f 227 229 284 283
f 229 231 285 284
f 231 233 286 285
f 203 271 286 233
f 237 290 291 238
f 238 291 292 239
f 239 292 293 240
f 240 293 294 241
f 241 294 295 242
f 242 295 296 243
f 243 296 297 244
f 244 297 298 245
f 245 298 299 246
f 246 299 300 247
f 247 300 301 248
f 248 301 302 249
f 249 302 303 250
f 250 303 305 252
f 252 305 307 254
f 254 307 309 256
f 256 309 311 258
f 258 311 313 261
f 261 313 315 263
f 263 315 317 265
f 265 317 319 267
f 267 319 321 269
f 269 321 323 271
f 274 275 327 326
f 275 276 328 327
f 276 277 329 328
f 277 278 330 329
f 278 279 331 330
f 279 280 332 331
f 280 281 333 332
f 281 282 334 333
f 282 283 335 334
f 283 284 336 335
f 284 285 337 336
f 285 286 338 337
f 271 323 338 286
f 290 342 343 291
f 291 343 344 292
f 292 344 345 293
f 293 345 346 294
f 294 346 347 295
f 295 347 348 296
f 296 348 349 297
f 297 349 350 298
f 298 350 351 299
f 299 351 352 300
f 300 352 353 301
f 301 353 354 302
f 302 354 355 303
f 303 355 356 305
f 305 356 357 307
f 307 357 358 309
f 309 358 359 311
f 311 359 362 313
f 313 362 364 315
f 315 364 365 317
f 317 365 366 319
f 319 366 367 321
f 321 367 368 323
f 326 327 373 372
f 327 328 374 373
f 328 329 375 374
f 329 330 376 375
f 330 331 377 376
f 331 332 378 377
f 332 333 379 378
f 333 334 380 379
f 334 335 381 380
f 335 336 382 381
f 336 337 383 382
f 337 338 384 383
f 323 368 384 338
f 342 388 389 343
f 343 389 390 344
f 344 390 391 345
f 345 391 392 346
f 346 392 393 347
f 347 393 394 348
f 348 394 395 349
f 349 395 396 350
f 350 396 397 351
f 351 397 398 352
f 352 398 399 353
f 353 399 400 354
f 354 400 401 355
f 355 401 402 356
f 356 402 403 357
f 357 403 404 358
f 358 404 405 359
f 359 405 408 362
f 362 408 410 364
f 364 410 411 365
f 365 411 412 366
f 366 412 413 367
f 367 413 414 368
f 372 373 419 418
f 373 374 420 419
f 374 375 421 420
f 375 376 422 421
f 376 377 423 422
f 377 378 424 423
f 378 379 425 424
f 379 380 426 425
f 380 381 427 426
f 381 382 428 427
f 382 383 429 428
f 383 384 430 429
f 368 414 430 384
f 388 434 435 389
f 389 435 436 390
f 390 436 437 391
f 391 437 438 392
f 392 438 439 393
f 393 439 440 394
f 394 440 441 395
f 395 441 442 396
f 396 442 443 397
f 397 443 444 398
f 398 444 445 399
f 399 445 446 400
f 400 446 447 401
f 401 447 448 402
f 402 448 449 403
f 403 449 450 404
f 404 450 451 405
f 405 451 454 408
f 408 454 456 410
f 410 456 457 411
f 411 457 458 412
f 412 458 459 413
f 413 459 460 414
f 418 419 465 464
f 419 420 466 465
f 420 421 467 466
f 421 422 468 467
f 422 423 469 468
f 423 424 470 469
f 424 425 471 470
f 425 426 472 471
f 426 427 473 472
f 427 428 474 473
f 428 429 475 474
f 429 430 476 475
f 414 460 476 430
f 434 480 481 435
f 435 481 482 436
f 436 482 483 437
f 437 483 484 438
f 438 484 485 439
f 439 485 486 440
f 440 486 487 441
f 441 487 488 442
f 442 488 489 443
f 443 489 490 444
f 444 490 491 445
f 445 491 492 446
f 446 492 493 447
f 447 493 494 448
f 448 494 495 449
f 449 495 496 450
f 450 496 497 451
f 451 497 500 454
f 454 500 502 456
f 456 502 503 457
f 457 503 504 458
f 458 504 505 459
f 459 505 506 460
f 464 465 511 510
f 465 466 512 511
f 466 467 513 512
f 467 468 514 513
f 468 469 515 514
f 469 470 516 515
f 470 471 517 516
f 471 472 518 517
f 472 473 519 518
f 473 474 520 519
f 474 475 521 520
f 475 476 522 521
f 460 506 522 476
f 480 526 527 481
f 481 527 528 482
f 482 528 529 483
f 483 529 530 484
f 484 530 531 485
f 485 531 532 486
f 486 532 533 487
f 487 533 534 488
f 488 534 535 489
f 489 535 536 490
f 490 536 537 491
f 491 537 538 492
f 492 538 539 493
f 493 539 542 494
f 494 542 545 495
f 495 545 548 496
f 496 548 550 497
f 497 550 552 500
f 500 552 554 502
f 502 554 557 503
f 503 557 560 504
f 504 560 563 505
f 505 563 565 506
f 510 511 569 568
f 511 512 570 569
f 512 513 571 570
f 513 514 572 571
f 514 515 573 572
f 515 516 574 573
f 516 517 575 574
f 517 518 576 575
f 518 519 577 576
f 519 520 578 577
f 520 521 579 578
f 521 522 580 579
f 506 565 580 522
f 526 584 585 527
f 527 585 586 528
f 528 586 587 529
f 529 587 588 530
f 530 588 589 531
f 531 589 590 532
f 532 590 591 533
f 533 591 592 534
f 534 592 593 535
f 535 593 594 536
f 536 594 595 537
f 537 595 596 538
f 538 596 597 539
f 539 597 599 542
f 542 599 601 545
f 545 601 602 548
f 548 602 603 550
f 550 603 604 552
f 552 604 605 554
f 554 605 606 557
f 557 606 607 560
f 560 607 610 563
f 563 610 612 565
f 568 569 616 615
f 569 570 617 616
f 570 571 618 617
f 571 572 619 618
f 572 573 620 619
f 573 574 621 620
f 574 575 622 621
f 575 576 623 622
f 576 577 624 623
f 577 578 625 624
f 578 579 626 625
f 579 580 627 626
f 565 612 627 580
f 584 631 632 585
f 585 632 633 586
f 586 633 634 587
f 587 634 635 588
f 588 635 636 589
f 589 636 637 590
f 590 637 638 591
f 591 638 639 592
f 592 639 640 593
f 593 640 641 594
f 594 641 642 595
f 595 642 643 596
f 596 643 644 597
f 597 644 646 599
f 599 646 648 601
f 601 648 649 602
f 602 649 650 603
f 603 650 651 604
f 604 651 652 605
f 605 652 653 606
f 606 653 654 607
f 607 654 657 610
f 610 657 659 612
f 615 616 663 662
f 616 617 664 663
f 617 618 665 664
f 618 619 666 665
f 619 620 667 666
f 620 621 668 667
f 621 622 669 668
f 622 623 670 669
f 623 624 671 670
f 624 625 672 671
f 625 626 673 672
f 626 627 674 673
f 612 659 674 627
f 631 678 679 632
f 632 679 680 633
f 633 680 681 634
f 634 681 682 635
f 635 682 683 636
f 636 683 684 637
f 637 684 685 638
f 638 685 686 639
f 639 686 687 640
f 640 687 688 641
f 641 688 689 642
f 642 689 690 643
f 643 690 691 644
f 644 691 693 646
f 646 693 695 648
f 648 695 696 649
f 649 696 697 650
f 650 697 698 651
f 651 698 699 652
f 652 699 700 653
f 653 700 701 654
f 654 701 704 657
f 657 704 706 659
f 662 663 710 709
f 663 664 711 710
f 664 665 712 711
f 665 666 713 712
f 666 667 714 713
f 667 668 715 714
f 668 669 716 715
f 669 670 717 716
f 670 671 718 717
f 671 672 719 718
f 672 673 720 719
f 673 674 721 720
f 659 706 721 674
f 678 725 726 679
f 679 726 727 680
f 680 727 728 681
f 681 728 729 682
f 682 729 730 683
f 683 730 731 684
f 684 731 732 685
f 685 732 733 686
f 686 733 734 687
f 687 734 735 688
f 688 735 736 689
f 689 736 737 690
f 690 737 738 691
f 691 738 740 693
f 693 740 742 695
f 695 742 743 696
f 696 743 744 697
f 697 744 745 698
f 698 745 746 699
f 699 746 747 700
f 700 747 748 701
f 701 748 751 704
f 704 751 753 706
f 709 710 757 756
f 710 711 758 757
f 711 712 759 758
f 712 713 760 759
f 713 714 761 760
f 714 715 762 761
f 715 716 763 762
f 716 717 764 763
f 717 718 765 764
f 718 719 766 765
f 719 720 767 766
f 720 721 768 767
f 706 753 768 721
f 725 772 773 726
f 726 773 774 727
f 727 774 775 728
f 728 775 776 729
f 729 776 777 730
f 730 777 778 731
f 731 778 779 732
f 732 779 780 733
f 733 780 781 734
f 734 781 782 735
f 735 782 783 736
f 736 783 784 737
f 737 784 785 738
f 738 785 787 740
f 740 787 789 742
f 742 789 790 743
f 743 790 791 744
f 744 791 792 745
f 745 792 793 746
f 746 793 794 747
f 747 794 795 748
f 748 795 798 751
f 751 798 800 753
f 756 757 804 803
f 757 758 805 804
f 758 759 806 805
f 759 760 807 806
f 760 761 808 807
f 761 762 809 808
f 762 763 810 809
f 763 764 811 810
f 764 765 812 811
f 765 766 813 812
f 766 767 814 813
f 767 768 815 814
f 753 800 815 768
f 772 819 820 773
f 773 820 821 774
f 774 821 822 775
f 775 822 823 776
f 776 823 824 777
f 777 824 825 778
f 778 825 826 779
f 779 826 827 780
f 780 827 828 781
f 781 828 829 782
f 782 829 830 783
f 783 830 831 784
f 784 831 832 785
f 785 832 834 787
f 787 834 836 789
f 789 836 837 790
f 790 837 838 791
f 791 838 839 792
f 792 839 840 793
f 793 840 841 794
f 794 841 842 795
f 795 842 845 798
f 798 845 847 800
f 803 804 851 850
f 804 805 852 851
f 805 806 853 852
f 806 807 854 853
f 807 808 855 854
f 808 809 856 855
f 809 810 857 856
f 810 811 858 857
f 811 812 859 858
f 812 813 860 859
f 813 814 861 860
f 814 815 862 861
f 800 847 862 815
f 819 866 867 820
f 820 867 868 821
f 821 868 869 822
f 822 869 870 823
f 823 870 871 824
f 824 871 872 825
f 825 872 873 826
f 826 873 874 827
f 827 874 875 828
f 828 875 876 829
f 829 876 877 830
f 830 877 878 831
f 831 878 879 832
f 832 879 881 834
f 834 881 883 836
f 836 883 886 837
f 837 886 889 838
f 838 889 892 839
f 839 892 895 840
f 840 895 898 841
f 841 898 900 842
f 842 900 902 845
f 845 902 904 847
f 850 851 908 907
f 851 852 909 908
f 852 853 910 909
f 853 854 911 910
f 854 855 912 911
f 855 856 913 912
f 856 857 914 913
f 857 858 915 914
f 858 859 916 915
f 859 860 917 916
f 860 861 918 917
f 861 862 919 918
f 847 904 919 862
f 866 923 924 867
f 867 924 925 868
f 868 925 926 869
f 869 926 927 870
f 870 927 928 871
f 871 928 929 872
f 872 929 930 873
f 873 930 931 874
f 874 931 932 875
f 875 932 933 876
f 876 933 934 877
f 877 934 935 878
f 878 935 936 879
f 879 936 938 881
f 881 938 940 883
f 883 940 942 886
f 886 942 944 889
f 889 944 946 892
f 892 946 948 895
f 895 948 950 898
f 898 950 952 900
f 900 952 954 902
f 902 954 956 904
f 907 908 960 959
f 908 909 961 960
f 909 910 962 961
f 910 911 963 962
f 911 912 964 963
f 912 913 965 964
f 913 914 966 965
f 914 915 967 966
f 915 916 968 967
f 916 917 969 968
f 917 918 970 969
f 918 919 971 970
f 904 956 971 919
f 923 975 976 924
f 924 976 977 925
f 925 977 978 926
f 926 978 979 927
f 927 979 980 928
f 928 980 981 929
f 929 981 982 930
f 930 982 983 931
f 931 983 984 932
f 932 984 985 933
f 933 985 986 934
f 934 986 987 935
f 935 987 988 936
f 936 988 990 938
f 938 990 992 940
f 940 992 994 942
f 942 994 996 944
f 944 996 998 946
f 946 998 1000 948
f 948 1000 1002 950
f 950 1002 1004 952
f 952 1004 1006 954
f 954 1006 1008 956
f 959 960 1012 1011
f 960 961 1013 1012
f 961 962 1014 1013
f 962 963 1015 1014
f 963 964 1016 1015
f 964 965 1017 1016
f 965 966 1018 1017
f 966 967 1019 1018
f 967 968 1020 1019
f 968 969 1021 1020
f 969 970 1022 1021
f 970 971 1023 1022
f 956 1008 1023 971
f 975 1027 1028 976
f 976 1028 1029 977
f 977 1029 1030 978
f 978 1030 1031 979
f 979 1031 1032 980
f 980 1032 1033 981
f 981 1033 1034 982
f 982 1034 1035 983
f 983 1035 1036 984
f 984 1036 1037 985
f 985 1037 1038 986
f 986 1038 1039 987
f 987 1039 1040 988
f 988 1040 1042 990
f 990 1042 1044 992
f 992 1044 1046 994
f 994 1046 1048 996
f 996 1048 1050 998
f 998 1050 1052 1000
f 1000 1052 1054 1002
f 1002 1054 1056 1004
f 1004 1056 1058 1006
f 1006 1058 1060 1008
f 1011 1012 1064 1063
f 1012 1013 1065 1064
f 1013 1014 1066 1065
f 1014 1015 1067 1066
f 1015 1016 1068 1067
f 1016 1017 1069 1068
f 1017 1018 1070 1069
f 1018 1019 1071 1070
f 1019 1020 1072 1071
f 1020 1021 1073 1072
f 1021 1022 1074 1073
f 1022 1023 1075 1074
f 1008 1060 1075 1023
f 1027 1079 1080 1028
f 1028 1080 1081 1029
f 1029 1081 1082 1030
f 1030 1082 1083 1031
f 1031 1083 1084 1032
f 1032 1084 1085 1033
f 1033 1085 1086 1034
f 1034 1086 1087 1035
f 1035 1087 1088 1036
f 1036 1088 1089 1037
f 1037 1089 1090 1038
f 1038 1090 1091 1039
f 1039 1091 1092 1040
f 1040 1092 1094 1042
f 1042 1094 1096 1044
f 1044 1096 1098 1046
f 1046 1098 1100 1048
f 1048 1100 1102 1050
f 1050 1102 1104 1052
f 1052 1104 1106 1054
f 1054 1106 1108 1056
f 1056 1108 1110 1058
f 1058 1110 1112 1060
f 1063 1064 1116 1115
f 1064 1065 1117 1116
f 1065 1066 1118 1117
f 1066 1067 1119 1118
f 1067 1068 1120 1119
f 1068 1069 1121 1120
f 1069 1070 1122 1121
f 1070 1071 1123 1122
f 1071 1072 1124 1123
f 1072 1073 1125 1124
f 1073 1074 1126 1125
f 1074 1075 1127 1126
f 1060 1112 1127 1075
f 1079 1131 1132 1080
f 1080 1132 1133 1081
f 1081 1133 1134 1082
f 1082 1134 1135 1083
f 1083 1135 1136 1084
f 1084 1136 1137 1085
f 1085 1137 1138 1086
f 1086 1138 1139 1087
f 1087 1139 1140 1088
f 1088 1140 1141 1089
f 1089 1141 1142 1090
f 1090 1142 1143 1091
f 1091 1143 1144 1092
f 1092 1144 1146 1094
f 1094 1146 1148 1096
f 1096 1148 1150 1098
f 1098 1150 1152 1100
f 1100 1152 1154 1102
f 1102 1154 1156 1104
f 1104 1156 1158 1106
f 1106 1158 1160 1108
f 1108 1160 1162 1110
f 1110 1162 1164 1112
f 1115 1116 1168 1167
f 1116 1117 1169 1168
f 1117 1118 1170 1169
f 1118 1119 1171 1170
f 1119 1120 1172 1171
f 1120 1121 1173 1172
f 1121 1122 1174 1173
f 1122 1123 1175 1174
f 1123 1124 1176 1175
f 1124 1125 1177 1176
f 1125 1126 1178 1177
f 1126 1127 1179 1178
f 1112 1164 1179 1127
f 1131 1183 1184 1132
f 1132 1184 1185 1133
f 1133 1185 1186 1134
f 1134 1186 1187 1135
f 1135 1187 1188 1136
f 1136 1188 1189 1137
f 1137 1189 1190 1138
f 1138 1190 1191 1139
f 1139 1191 1192 1140
f 1140 1192 1193 1141
f 1141 1193 1194 1142
f 1142 1194 1195 1143
f 1143 1195 1196 1144
f 1144 1196 1198 1146
f 1146 1198 1200 1148
f 1148 1200 1202 1150
f 1150 1202 1204 1152
f 1152 1204 1206 1154
f 1154 1206 1208 1156
f 1156 1208 1210 1158
f 1158 1210 1212 1160
f 1160 1212 1214 1162
f 1162 1214 1216 1164
f 1167 1168 1220 1219
f 1168 1169 1221 1220
f 1169 1170 1222 1221
f 1170 1171 1223 1222
f 1171 1172 1224 1223
f 1172 1173 1225 1224
f 1173 1174 1226 1225
f 1174 1175 1227 1226
f 1175 1176 1228 1227
f 1176 1177 1229 1228
f 1177 1178 1230 1229
f 1178 1179 1231 1230
f 1164 1216 1231 1179
f 1183 1235 1236 1184
f 1184 1236 1237 1185
f 1185 1237 1238 1186
f 1186 1238 1239 1187
f 1187 1239 1240 1188
f 1188 1240 1241 1189
f 1189 1241 1242 1190
f 1190 1242 1243 1191
f 1191 1243 1244 1192
f 1192 1244 1245 1193
f 1193 1245 1246 1194
f 1194 1246 1247 1195
f 1195 1247 1248 1196
f 1196 1248 1250 1198
f 1214 1260 1261 1216
f 1219 1220 1265 1264
f 1220 1221 1266 1265
f 1221 1222 1267 1266
f 1222 1223 1268 1267
f 1223 1224 1269 1268
f 1224 1225 1270 1269
f 1225 1226 1271 1270
f 1226 1227 1272 1271
f 1227 1228 1273 1272
f 1228 1229 1274 1273
f 1229 1230 1275 1274
f 1230 1231 1276 1275
f 1216 1261 1276 1231
f 1235 1280 1281 1236
f 1236 1281 1282 1237
f 1237 1282 1283 1238
f 1238 1283 1284 1239
f 1239 1284 1285 1240
f 1240 1285 1286 1241
f 1241 1286 1287 1242
f 1242 1287 1288 1243
f 1243 1288 1289 1244
f 1244 1289 1290 1245
f 1245 1290 1291 1246
f 1246 1291 1292 1247
f 1247 1292 1293 1248
f 1248 1293 1294 1250
f 1260 1298 1299 1261
f 1264 1265 1304 1303
f 1265 1266 1305 1304
f 1266 1267 1306 1305
f 1267 1268 1307 1306
f 1268 1269 1308 1307
f 1269 1270 1309 1308
f 1270 1271 1310 1309
f 1271 1272 1311 1310
f 1272 1273 1312 1311
f 1273 1274 1313 1312
f 1274 1275 1314 1313
f 1275 1276 1315 1314
f 1261 1299 1315 1276
f 1280 1319 1320 1281
f 1281 1320 1321 1282
f 1282 1321 1322 1283
f 1283 1322 1323 1284
f 1284 1323 1324 1285
f 1285 1324 1325 1286
f 1286 1325 1326 1287
f 1287 1326 1327 1288
f 1288 1327 1328 1289
f 1289 1328 1329 1290
f 1290 1329 1330 1291
f 1291 1330 1331 1292
f 1292 1331 1332 1293
f 1293 1332 1333 1294
f 1298 1337 1338 1299
f 1303 1304 1343 1342
f 1304 1305 1344 1343
f 1305 1306 1345 1344
f 1306 1307 1346 1345
f 1307 1308 1347 1346
f 1308 1309 1348 1347
f 1309 1310 1349 1348
f 1310 1311 1350 1349
f 1311 1312 1351 1350
f 1312 1313 1352 1351
f 1313 1314 1353 1352
f 1314 1315 1354 1353
f 1299 1338 1354 1315
f 1319 1358 1359 1320
f 1320 1359 1360 1321
f 1321 1360 1361 1322
f 1322 1361 1362 1323
f 1323 1362 1363 1324
f 1324 1363 1364 1325
f 1325 1364 1365 1326
f 1326 1365 1366 1327
f 1327 1366 1367 1328
f 1328 1367 1368 1329
f 1329 1368 1369 1330
f 1330 1369 1370 1331
f 1331 1370 1371 1332
f 1332 1371 1372 1333
f 1337 1376 1377 1338
f 1342 1343 1382 1381
f 1343 1344 1383 1382
f 1344 1345 1384 1383
f 1345 1346 1385 1384
f 1346 1347 1386 1385
f 1347 1348 1387 1386
f 1348 1349 1388 1387
f 1349 1350 1389 1388
f 1350 1351 1390 1389
f 1351 1352 1391 1390
f 1352 1353 1392 1391
f 1353 1354 1393 1392
f 1338 1377 1393 1354
f 1358 1397 1398 1359
f 1359 1398 1399 1360
f 1360 1399 1400 1361
f 1361 1400 1401 1362
f 1362 1401 1402 1363
f 1363 1402 1403 1364
f 1364 1403 1404 1365
f 1365 1404 1405 1366
f 1366 1405 1406 1367
f 1367 1406 1407 1368
f 1368 1407 1408 1369
f 1369 1408 1409 1370
f 1370 1409 1410 1371
f 1371 1410 1411 1372
f 1376 1415 1416 1377
f 1381 1382 1421 1420
f 1382 1383 1422 1421
f 1383 1384 1423 1422
f 1384 1385 1424 1423
f 1385 1386 1425 1424
f 1386 1387 1426 1425
f 1387 1388 1427 1426
f 1388 1389 1428 1427
f 1389 1390 1429 1428
f 1390 1391 1430 1429
f 1391 1392 1431 1430
f 1392 1393 1432 1431
f 1377 1416 1432 1393
f 1397 1436 1437 1398
f 1398 1437 1438 1399
f 1399 1438 1439 1400
f 1400 1439 1440 1401
f 1401 1440 1441 1402
f 1402 1441 1442 1403
f 1403 1442 1443 1404
f 1404 1443 1444 1405
f 1405 1444 1445 1406
f 1406 1445 1446 1407
f 1407 1446 1447 1408
f 1408 1447 1448 1409
f 1409 1448 1449 1410
f 1410 1449 1452 1411
f 1415 1467 1468 1416
f 1420 1421 1472 1471
f 1421 1422 1473 1472
f 1422 1423 1474 1473
f 1423 1424 1475 1474
f 1424 1425 1476 1475
f 1425 1426 1477 1476
f 1426 1427 1478 1477
f 1427 1428 1479 1478
f 1428 1429 1480 1479
f 1429 1430 1481 1480
f 1430 1431 1482 1481
f 1431 1432 1483 1482
f 1416 1468 1483 1432
f 1436 1487 1488 1437
f 1437 1488 1489 1438
f 1438 1489 1490 1439
f 1439 1490 1491 1440
f 1440 1491 1492 1441
f 1441 1492 1493 1442
f 1442 1493 1494 1443
f 1443 1494 1495 1444
f 1444 1495 1496 1445
f 1445 1496 1497 1446
f 1446 1497 1498 1447
f 1447 1498 1499 1448
f 1448 1499 1500 1449
f 1449 1500 1502 1452
f 1467 1512 1513 1468
f 1471 1472 1517 1516
f 1472 1473 1518 1517
f 1473 1474 1519 1518
f 1474 1475 1520 1519
f 1475 1476 1521 1520
f 1476 1477 1522 1521
f 1477 1478 1523 1522
f 1478 1479 1524 1523
f 1479 1480 1525 1524
f 1480 1481 1526 1525
f 1481 1482 1527 1526
f 1482 1483 1528 1527
f 1468 1513 1528 1483
f 1534 1533 1535 1536
f 1487 1534 1536 1488
f 1536 1535 1537 1538
f 1488 1536 1538 1489
f 1538 1537 1539 1540
f 1489 1538 1540 1490
f 1490 1540 1541 1491
f 1491 1541 1542 1492
f 1492 1542 1543 1493
f 1493 1543 1544 1494
f 1494 1544 1545 1495
f 1495 1545 1546 1496
f 1546 1547 1548 1549
f 1496 1546 1549 1497
f 1549 1548 1550 1551
f 1497 1549 1551 1498
f 1551 1550 1552 1553
f 1498 1551 1553 1499
f 1499 1553 1552 1500
f 1533 1556 1557 1535
f 1535 1557 1558 1537
f 1537 1558 1559 1539
f 1547 1560 1561 1548
f 1548 1561 1562 1550
f 1550 1562 1563 1552
f 1500 1552 1563 1502
f 1562 1567 1568 1563
f 1502 1563 1568 1569
f 1567 1570 1571 1568
f 1569 1568 1571 1572
f 1570 1573 1574 1571
f 1572 1571 1574 1575
f 1573 1576 1577 1574
f 1575 1574 1577 1578
f 1576 1579 1580 1577
f 1578 1577 1580 1581
f 1579 1582 1583 1580
f 1581 1580 1583 1584
f 1582 1585 1586 1583
f 1584 1583 1586 1587
f 1585 1594 1595 1586
f 1587 1586 1595 1512
f 1592 1598 1599 1600
f 1600 1599 1601 1602
f 1602 1601 1603 1604
f 1605 1606 1607 1608
f 1608 1607 1609 1594
f 1594 1609 1610 1595
f 1512 1595 1610 1513
f 1598 1613 1614 1599
f 1516 1517 1614 1613
f 1599 1614 1615 1601
f 1517 1518 1615 1614
f 1601 1615 1616 1603
f 1518 1519 1616 1615
f 1519 1520 1617 1616
f 1520 1521 1618 1617
f 1521 1522 1619 1618
f 1522 1523 1620 1619
f 1523 1524 1621 1620
f 1524 1525 1622 1621
f 1606 1622 1623 1607
f 1525 1526 1623 1622
f 1607 1623 1624 1609
f 1526 1527 1624 1623
f 1609 1624 1625 1610
f 1527 1528 1625 1624
f 1513 1610 1625 1528
f 1556 1626 1627 1557
f 1556 1566 1628 1626
f 1557 1627 1629 1558
f 1558 1629 1630 1559
f 1560 1631 1632 1561
f 1561 1632 1633 1562
f 1562 1633 1634 1567
f 1567 1634 1635 1570
f 1570 1635 1636 1573
f 1573 1636 1637 1576
f 1576 1637 1638 1579
f 1579 1638 1639 1582
f 1582 1639 1640 1585
f 1592 1600 1641 1642
f 1593 1592 1642 1643
f 1600 1602 1644 1641
f 1602 1604 1645 1644
f 1605 1608 1646 1647
f 1608 1594 1648 1646
f 1585 1640 1648 1594
f 1626 1649 1650 1627
f 1626 1628 1651 1649
f 1627 1650 1652 1629
f 1629 1652 1653 1630
f 1631 1654 1655 1632
f 1632 1655 1656 1633
f 1633 1656 1657 1634
f 1634 1657 1658 1635
f 1635 1658 1659 1636
f 1636 1659 1660 1637
f 1637 1660 1661 1638
f 1638 1661 1662 1639
f 1639 1662 1663 1640
f 1642 1641 1664 1665
f 1643 1642 1665 1666
f 1641 1644 1667 1664
f 1644 1645 1668 1667
f 1647 1646 1669 1670
f 1646 1648 1671 1669
f 1640 1663 1671 1648
f 1649 1672 1673 1650
f 1649 1651 1674 1672
f 1650 1673 1675 1652
f 1652 1675 1676 1653
f 1654 1677 1678 1655
f 1655 1678 1679 1656
f 1656 1679 1680 1657
f 1657 1680 1681 1658
f 1658 1681 1682 1659
f 1659 1682 1683 1660
f 1660 1683 1684 1661
f 1661 1684 1685 1662
f 1662 1685 1686 1663
f 1665 1664 1687 1688
f 1666 1665 1688 1689
f 1664 1667 1690 1687
f 1667 1668 1691 1690
f 1670 1669 1692 1693
f 1669 1671 1694 1692
f 1663 1686 1694 1671
f 1672 1695 1696 1673
f 1672 1674 1697 1695
f 1673 1696 1698 1675
f 1675 1698 1699 1676
f 1676 1699 1700 1701
f 1701 1700 1702 1703
f 1703 1702 1704 1705
f 1705 1704 1706 1707
f 1707 1706 1708 1709
f 1709 1708 1710 1677
f 1677 1710 1711 1678
f 1678 1711 1712 1679
f 1679 1712 1713 1680
f 1674 1714 1715 1697
f 1680 1713 1716 1681
f 1714 1717 1718 1715
f 1681 1716 1719 1682
f 1717 1720 1721 1718
f 1682 1719 1722 1683
f 1720 1723 1724 1721
f 1683 1722 1725 1684
f 1723 1726 1727 1724
f 1684 1725 1728 1685
f 1726 1689 1729 1727
f 1685 1728 1730 1686
f 1688 1687 1731 1732
f 1689 1688 1732 1729
f 1687 1690 1733 1731
f 1690 1691 1734 1733
f 1691 1735 1736 1734
f 1735 1737 1738 1736
f 1737 1739 1740 1738
f 1739 1741 1742 1740
f 1741 1743 1744 1742
f 1743 1693 1745 1744
f 1693 1692 1746 1745
f 1692 1694 1747 1746
f 1686 1730 1747 1694
f 1695 1748 1749 1696
f 1695 1697 1750 1748
f 1696 1749 1751 1698
f 1698 1751 1752 1699
f 1699 1752 1753 1700
f 1700 1753 1754 1702
f 1702 1754 1755 1704
f 1704 1755 1756 1706
f 1706 1756 1757 1708
f 1708 1757 1758 1710
f 1710 1758 1759 1711
f 1711 1759 1760 1712
f 1712 1760 1761 1713
f 1697 1715 1762 1750
f 1713 1761 1763 1716
f 1715 1718 1764 1762
f 1716 1763 1765 1719
f 1718 1721 1766 1764
f 1719 1765 1767 1722
f 1721 1724 1768 1766
f 1722 1767 1769 1725
f 1724 1727 1770 1768
f 1725 1769 1771 1728
f 1727 1729 1772 1770
f 1728 1771 1773 1730
f 1732 1731 1774 1775
f 1729 1732 1775 1772
f 1731 1733 1776 1774
f 1733 1734 1777 1776
f 1734 1736 1778 1777
f 1736 1738 1779 1778
f 1738 1740 1780 1779
f 1740 1742 1781 1780
f 1742 1744 1782 1781
f 1744 1745 1783 1782
f 1745 1746 1784 1783
f 1746 1747 1785 1784
f 1730 1773 1785 1747
f 1748 1786 1787 1749
f 1748 1750 1788 1786
f 1749 1787 1789 1751
f 1751 1789 1790 1752
f 1752 1790 1791 1753
f 1753 1791 1792 1754
f 1754 1792 1793 1755
f 1757 1795 1796 1758
f 1758 1796 1797 1759
f 1759 1797 1798 1760
f 1760 1798 1799 1761
f 1750 1762 1800 1788
f 1761 1799 1801 1763
f 1762 1764 1802 1800
f 1763 1801 1803 1765
f 1764 1766 1804 1802
f 1765 1803 1805 1767
f 1766 1768 1806 1804
f 1767 1805 1807 1769
f 1768 1770 1808 1806
f 1769 1807 1809 1771
f 1770 1772 1810 1808
f 1771 1809 1811 1773
f 1775 1774 1812 1813
f 1772 1775 1813 1810
f 1774 1776 1814 1812
f 1776 1777 1815 1814
f 1777 1778 1816 1815
f 1778 1779 1817 1816
f 1779 1780 1818 1817
f 1782 1783 1821 1820
f 1783 1784 1822 1821
f 1784 1785 1823 1822
f 1773 1811 1823 1785
f 1786 1824 1825 1787
f 1786 1788 1826 1824
f 1787 1825 1827 1789
f 1789 1827 1828 1790
f 1790 1828 1829 1791
f 1791 1829 1830 1792
f 1792 1830 1831 1793
f 1793 1831 1832 1794
f 1794 1832 1833 1795
f 1795 1833 1834 1796
f 1796 1834 1835 1797
f 1797 1835 1836 1798
f 1798 1836 1837 1799
f 1788 1800 1838 1826
f 1799 1837 1839 1801
f 1800 1802 1840 1838
f 1801 1839 1841 1803
f 1802 1804 1842 1840
f 1803 1841 1843 1805
f 1804 1806 1844 1842
f 1805 1843 1845 1807
f 1806 1808 1846 1844
f 1807 1845 1847 1809
f 1808 1810 1848 1846
f 1809 1847 1849 1811
f 1813 1812 1850 1851
f 1810 1813 1851 1848
f 1812 1814 1852 1850
f 1814 1815 1853 1852
f 1815 1816 1854 1853
f 1816 1817 1855 1854
f 1817 1818 1856 1855
f 1818 1819 1857 1856
f 1819 1820 1858 1857
f 1820 1821 1859 1858
f 1821 1822 1860 1859
f 1822 1823 1861 1860
f 1811 1849 1861 1823
f 1862 1863 1864 1865
f 1824 1862 1865 1825
f 1824 1826 1863 1862
f 1865 1864 1866 1867
f 1825 1865 1867 1827
f 1867 1866 1868 1869
f 1827 1867 1869 1828
f 1869 1868 1870 1871
f 1828 1869 1871 1829
f 1871 1870 1872 1873
f 1829 1871 1873 1830
f 1873 1872 1874 1875
f 1830 1873 1875 1831
f 1875 1874 1876 1877
f 1831 1875 1877 1832
f 1877 1876 1878 1879
f 1832 1877 1879 1833
f 1879 1878 1880 1881
f 1833 1879 1881 1834
f 1881 1880 1882 1883
f 1834 1881 1883 1835
f 1883 1882 1884 1885
f 1835 1883 1885 1836
f 1836 1885 1884 1837
f 1874 1887 1888 1876
f 1876 1888 1889 1878
f 1878 1889 1890 1880
f 1880 1890 1891 1882
f 1882 1891 1892 1884
f 1837 1884 1892 1839
f 1887 1894 1895 1888
f 1888 1895 1896 1889
f 1889 1896 1897 1890
f 1890 1897 1898 1891
f 1891 1898 1899 1892
f 1839 1892 1899 1841
f 1894 1901 1902 1895
f 1895 1902 1903 1896
f 1896 1903 1904 1897
f 1897 1904 1905 1898
f 1898 1905 1906 1899
f 1841 1899 1906 1843
f 1901 1908 1909 1902
f 1902 1909 1910 1903
f 1903 1910 1911 1904
f 1904 1911 1912 1905
f 1905 1912 1913 1906
f 1843 1906 1913 1845
f 1908 1915 1916 1909
f 1909 1916 1917 1910
f 1910 1917 1918 1911
f 1911 1918 1919 1912
f 1912 1919 1920 1913
f 1845 1913 1920 1847
f 1915 1922 1923 1916
f 1916 1923 1924 1917
f 1917 1924 1925 1918
f 1918 1925 1926 1919
f 1919 1926 1927 1920
f 1847 1920 1927 1849
f 1921 1928 1929 1930
f 1851 1850 1929 1928
f 1848 1851 1928 1921
f 1930 1929 1931 1932
f 1850 1852 1931 1929
f 1932 1931 1933 1934
f 1852 1853 1933 1931
f 1934 1933 1935 1936
f 1853 1854 1935 1933
f 1936 1935 1937 1938
f 1854 1855 1937 1935
f 1938 1937 1939 1922
f 1855 1856 1939 1937
f 1922 1939 1940 1923
f 1856 1857 1940 1939
f 1923 1940 1941 1924
f 1857 1858 1941 1940
f 1924 1941 1942 1925
f 1858 1859 1942 1941
f 1925 1942 1943 1926
f 1859 1860 1943 1942
f 1926 1943 1944 1927
f 1860 1861 1944 1943
f 1849 1927 1944 1861
f 1198 1945 1946 1200
f 1198 1250 1947 1945
f 1945 1948 1949 1946
f 1945 1947 1950 1948
f 1948 1951 1952 1949
f 1948 1950 1953 1951
f 1951 1954 1955 1952
f 1951 1953 1956 1954
f 1954 1956 1957 1955
f 1200 1946 1958 1202
f 1946 1949 1959 1958
f 1949 1952 1960 1959
f 1952 1955 1961 1960
f 1955 1957 1962 1961
f 1202 1958 1963 1204
f 1958 1959 1964 1963
f 1959 1960 1965 1964
f 1960 1961 1966 1965
f 1961 1962 1967 1966
f 1204 1963 1968 1206
f 1963 1964 1969 1968
f 1964 1965 1970 1969
f 1965 1966 1971 1970
f 1966 1967 1972 1971
f 1206 1968 1973 1208
f 1968 1969 1974 1973
f 1969 1970 1975 1974
f 1970 1971 1976 1975
f 1971 1972 1977 1976
f 1208 1973 1978 1210
f 1973 1974 1979 1978
f 1974 1975 1980 1979
f 1975 1976 1981 1980
f 1976 1977 1982 1981
f 1210 1978 1983 1212
f 1978 1979 1984 1983
f 1979 1980 1985 1984
f 1980 1981 1986 1985
f 1981 1982 1987 1986
f 1212 1983 1988 1214
f 1214 1988 1989 1260
f 1983 1984 1990 1988
f 1988 1990 1991 1989
f 1984 1985 1992 1990
f 1990 1992 1993 1991
f 1985 1986 1994 1992
f 1992 1994 1995 1993
f 1986 1987 1995 1994
f 1250 1294 1996 1947
f 1947 1996 1997 1950
f 1950 1997 1998 1953
f 1953 1998 1999 1956
f 1956 1999 2000 1957
f 1957 2000 2001 1962
f 1962 2001 2002 1967
f 1967 2002 2003 1972
f 1972 2003 2004 1977
f 1977 2004 2005 1982
f 1982 2005 2006 1987
f 1260 1989 2007 1298
f 1989 1991 2008 2007
f 1991 1993 2009 2008
f 1993 1995 2010 2009
f 1987 2006 2010 1995
f 1294 1333 2011 1996
f 1996 2011 2012 1997
f 1997 2012 2013 1998
f 1998 2013 2014 1999
f 1999 2014 2015 2000
f 2000 2015 2016 2001
f 2001 2016 2017 2002
f 2002 2017 2018 2003
f 2003 2018 2019 2004
f 2004 2019 2020 2005
f 2005 2020 2021 2006
f 1298 2007 2022 1337
f 2007 2008 2023 2022
f 2008 2009 2024 2023
f 2009 2010 2025 2024
f 2006 2021 2025 2010
f 1333 1372 2026 2011
f 2011 2026 2027 2012
f 2012 2027 2028 2013
f 2013 2028 2029 2014
f 2014 2029 2030 2015
f 2015 2030 2031 2016
f 2016 2031 2032 2017
f 2017 2032 2033 2018
f 2018 2033 2034 2019
f 2019 2034 2035 2020
f 2020 2035 2036 2021
f 1337 2022 2037 1376
f 2022 2023 2038 2037
f 2023 2024 2039 2038
f 2024 2025 2040 2039
f 2021 2036 2040 2025
f 1372 1411 2041 2026
f 2026 2041 2042 2027
f 2027 2042 2043 2028
f 2028 2043 2044 2029
f 2029 2044 2045 2030
f 2030 2045 2046 2031
f 2031 2046 2047 2032
f 2032 2047 2048 2033
f 2033 2048 2049 2034
f 2034 2049 2050 2035
f 2035 2050 2051 2036
f 1376 2037 2052 1415
f 2037 2038 2053 2052
f 2038 2039 2054 2053
f 2039 2040 2055 2054
f 2036 2051 2055 2040
f 1411 1452 2056 2041
f 2041 2056 2057 2042
f 2042 2057 2058 2043
f 2043 2058 2059 2044
f 2044 2059 2060 2045
f 2045 2060 2061 2046
f 2046 2061 2062 2047
f 2047 2062 2063 2048
f 2048 2063 2064 2049
f 2049 2064 2065 2050
f 2050 2065 2066 2051
f 1415 2052 2067 1467
f 2052 2053 2068 2067
f 2053 2054 2069 2068
f 2054 2055 2070 2069
f 2051 2066 2070 2055
f 1502 1569 2071 2072
f 1452 1502 2072 2056
f 2072 2071 2073 2074
f 2056 2072 2074 2057
f 2074 2073 2075 2076
f 2057 2074 2076 2058
f 2076 2075 2077 2078
f 2058 2076 2078 2059
f 2059 2078 2077 2060
f 1569 1572 2079 2071
f 2071 2079 2080 2073
f 2073 2080 2081 2075
f 2075 2081 2082 2077
f 2060 2077 2082 2061
f 1572 1575 2083 2079
f 2079 2083 2084 2080
f 2080 2084 2085 2081
f 2081 2085 2086 2082
f 2061 2082 2086 2062
f 1575 1578 2087 2083
f 2083 2087 2088 2084
f 2084 2088 2089 2085
f 2085 2089 2090 2086
f 2062 2086 2090 2063
f 1578 1581 2091 2087
f 2087 2091 2092 2088
f 2088 2092 2093 2089
f 2089 2093 2094 2090
f 2063 2090 2094 2064
f 1581 1584 2095 2091
f 2091 2095 2096 2092
f 2092 2096 2097 2093
f 2093 2097 2098 2094
f 2064 2094 2098 2065
f 1584 1587 2099 2095
f 2095 2099 2100 2096
f 2096 2100 2101 2097
f 2097 2101 2102 2098
f 2065 2098 2102 2066
f 1587 1512 2103 2099
f 1467 2067 2103 1512
f 2099 2103 2104 2100
f 2067 2068 2104 2103
f 2100 2104 2105 2101
f 2068 2069 2105 2104
f 2101 2105 2106 2102
f 2069 2070 2106 2105
f 2066 2102 2106 2070
f 2107 2108 2109 2110
f 2107 2111 2112 2108
f 2107 2110 2113 2111
f 2108 2114 2115 2109
f 2108 2112 2116 2114
f 2114 2117 2118 2115
f 2114 2116 2119 2117
f 2117 2120 2121 2118
f 2117 2119 2122 2120
f 2120 2123 2124 2121
f 2120 2122 2125 2123
f 2123 1503 1504 2124
f 2123 2125 1564 1503
f 2110 2109 2126 2127
f 2110 2127 2128 2113
f 2109 2115 2129 2126
f 2115 2118 2130 2129
f 2118 2121 2131 2130
f 2121 2124 2132 2131
f 2124 1504 1505 2132
f 2127 2126 2133 2134
f 2127 2134 2135 2128
f 2126 2129 2136 2133
f 2129 2130 2137 2136
f 2130 2131 2138 2137
f 2131 2132 2139 2138
f 2132 1505 1506 2139
f 2134 2133 2140 2141
f 2134 2141 2142 2135
f 2133 2136 2143 2140
f 2136 2137 2144 2143
f 2137 2138 2145 2144
f 2138 2139 2146 2145
f 2139 1506 1507 2146
f 2141 2140 2147 2148
f 2141 2148 2149 2142
f 2140 2143 2150 2147
f 2143 2144 2151 2150
f 2144 2145 2152 2151
f 2145 2146 2153 2152
f 2146 1507 1508 2153
f 2148 2147 2154 2155
f 2155 2154 2156 2157
f 2148 2155 2157 2149
f 2147 2150 2158 2154
f 2154 2158 2159 2156
f 2150 2151 2160 2158
f 2158 2160 2161 2159
f 2151 2152 2162 2160
f 2160 2162 2163 2161
f 2152 2153 2164 2162
f 2162 2164 2165 2163
f 2153 1508 1509 2164
f 2164 1509 1588 2165
f 2111 2166 2167 2112
f 2111 2113 2168 2166
f 2112 2167 2169 2116
f 2116 2169 2170 2119
f 2119 2170 2171 2122
f 2122 2171 2172 2125
f 2125 2172 2173 1564
f 1564 2173 2174 1565
f 1565 2174 1628 1566
f 2113 2128 2175 2168
f 2128 2135 2176 2175
f 2135 2142 2177 2176
f 2142 2149 2178 2177
f 2157 2156 2179 2180
f 2149 2157 2180 2178
f 2156 2159 2181 2179
f 2159 2161 2182 2181
f 2161 2163 2183 2182
f 2163 2165 2184 2183
f 2165 1588 2185 2184
f 1588 1591 2186 2185
f 1591 1593 1643 2186
f 2166 2187 2188 2167
f 2166 2168 2189 2187
f 2167 2188 2190 2169
f 2169 2190 2191 2170
f 2170 2191 2192 2171
f 2171 2192 2193 2172
f 2172 2193 2194 2173
f 2173 2194 2195 2174
f 2174 2195 1651 1628
f 2168 2175 2196 2189
f 2175 2176 2197 2196
f 2176 2177 2198 2197
f 2177 2178 2199 2198
f 2180 2179 2200 2201
f 2178 2180 2201 2199
f 2179 2181 2202 2200
f 2181 2182 2203 2202
f 2182 2183 2204 2203
f 2183 2184 2205 2204
f 2184 2185 2206 2205
f 2185 2186 2207 2206
f 2186 1643 1666 2207
f 2208 2209 2210 2211
f 2187 2208 2211 2188
f 2187 2189 2209 2208
f 2211 2210 2212 2213
f 2188 2211 2213 2190
f 2213 2212 2214 2215
f 2190 2213 2215 2191
f 2215 2214 2216 2217
f 2191 2215 2217 2192
f 2217 2216 2218 2219
f 2192 2217 2219 2193
f 2219 2218 2220 2221
f 2193 2219 2221 2194
f 2221 2220 2222 2223
f 2194 2221 2223 2195
f 2223 2222 1714 1674
f 2195 2223 1674 1651
f 2209 2224 2225 2210
f 2189 2196 2224 2209
f 2210 2225 2226 2212
f 2212 2226 2227 2214
f 2214 2227 2228 2216
f 2216 2228 2229 2218
f 2218 2229 2230 2220
f 2220 2230 2231 2222
f 2222 2231 1717 1714
f 2224 2232 2233 2225
f 2196 2197 2232 2224
f 2225 2233 2234 2226
f 2226 2234 2235 2227
f 2227 2235 2236 2228
f 2228 2236 2237 2229
f 2229 2237 2238 2230
f 2230 2238 2239 2231
f 2231 2239 1720 1717
f 2232 2240 2241 2233
f 2197 2198 2240 2232
f 2233 2241 2242 2234
f 2234 2242 2243 2235
f 2235 2243 2244 2236
f 2236 2244 2245 2237
f 2237 2245 2246 2238
f 2238 2246 2247 2239
f 2239 2247 1723 1720
f 2240 2248 2249 2241
f 2198 2199 2248 2240
f 2241 2249 2250 2242
f 2242 2250 2251 2243
f 2243 2251 2252 2244
f 2244 2252 2253 2245
f 2245 2253 2254 2246
f 2246 2254 2255 2247
f 2247 2255 1726 1723
f 2248 2256 2257 2249
f 2201 2200 2257 2256
f 2199 2201 2256 2248
f 2249 2257 2258 2250
f 2200 2202 2258 2257
f 2250 2258 2259 2251
f 2202 2203 2259 2258
f 2251 2259 2260 2252
f 2203 2204 2260 2259
f 2252 2260 2261 2253
f 2204 2205 2261 2260
f 2253 2261 2262 2254
f 2205 2206 2262 2261
f 2254 2262 2263 2255
f 2206 2207 2263 2262
f 2255 2263 1689 1726
f 2207 1666 1689 2263
f 2410 2411 2412 2413
f 2410 2414 2415 2411
f 2410 2413 2416 2414
f 2411 2417 2418 2412
f 2411 2415 2419 2417
f 2417 2420 2421 2418
f 2417 2419 2422 2420
f 2420 2423 2424 2421
f 2420 2422 2425 2423
f 2423 2426 2427 2424
f 2423 2425 2428 2426
f 2426 2429 2430 2427
f 2426 2428 2431 2429
f 2429 2432 2433 2430
f 2429 2431 2434 2432
f 2432 2435 2436 2433
f 2432 2434 2437 2435
f 2435 2438 2439 2436
f 2435 2437 2440 2438
f 2438 1234 1249 2439
f 2438 2440 1279 1234
f 2413 2412 2441 2442
f 2413 2442 2443 2416
f 2412 2418 2444 2441
f 2418 2421 2445 2444
f 2421 2424 2446 2445
f 2424 2427 2447 2446
f 2427 2430 2448 2447
f 2430 2433 2449 2448
f 2433 2436 2450 2449
f 2436 2439 2451 2450
f 2439 1249 1251 2451
f 2442 2441 2452 2453
f 2442 2453 2454 2443
f 2441 2444 2455 2452
f 2444 2445 2456 2455
f 2445 2446 2457 2456
f 2446 2447 2458 2457
f 2447 2448 2459 2458
f 2448 2449 2460 2459
f 2449 2450 2461 2460
f 2450 2451 2462 2461
f 2451 1251 1252 2462
f 2453 2452 2463 2464
f 2464 2463 2465 2466
f 2453 2464 2466 2454
f 2452 2455 2467 2463
f 2463 2467 2468 2465
f 2455 2456 2469 2467
f 2467 2469 2470 2468
f 2456 2457 2471 2469
f 2469 2471 2472 2470
f 2457 2458 2473 2471
f 2471 2473 2474 2472
f 2458 2459 2475 2473
f 2473 2475 2476 2474
f 2459 2460 2477 2475
f 2475 2477 2478 2476
f 2460 2461 2479 2477
f 2477 2479 2480 2478
f 2461 2462 2481 2479
f 2479 2481 2482 2480
f 2462 1252 1253 2481
f 2481 1253 1296 2482
f 2414 2483 2484 2415
f 2414 2416 2485 2483
f 2415 2484 2486 2419
f 2419 2486 2487 2422
f 2422 2487 2488 2425
f 2425 2488 2489 2428
f 2428 2489 2490 2431
f 2431 2490 2491 2434
f 2434 2491 2492 2437
f 2437 2492 2493 2440
f 2440 2493 1318 1279
f 2416 2443 2494 2485
f 2443 2454 2495 2494
f 2466 2465 2496 2497
f 2454 2466 2497 2495
f 2465 2468 2498 2496
f 2468 2470 2499 2498
f 2470 2472 2500 2499
f 2472 2474 2501 2500
f 2474 2476 2502 2501
f 2476 2478 2503 2502
f 2478 2480 2504 2503
f 2480 2482 2505 2504
f 2482 1296 1335 2505
f 2483 2506 2507 2484
f 2483 2485 2508 2506
f 2484 2507 2509 2486
f 2486 2509 2510 2487
f 2487 2510 2511 2488
f 2488 2511 2512 2489
f 2489 2512 2513 2490
f 2490 2513 2514 2491
f 2491 2514 2515 2492
f 2492 2515 2516 2493
f 2493 2516 1357 1318
f 2485 2494 2517 2508
f 2494 2495 2518 2517
f 2497 2496 2519 2520
f 2495 2497 2520 2518
f 2496 2498 2521 2519
f 2498 2499 2522 2521
f 2499 2500 2523 2522
f 2500 2501 2524 2523
f 2501 2502 2525 2524
f 2502 2503 2526 2525
f 2503 2504 2527 2526
f 2504 2505 2528 2527
f 2505 1335 1374 2528
f 2529 2530 2531 2532
f 2506 2529 2532 2507
f 2506 2508 2530 2529
f 2532 2531 2533 2534
f 2507 2532 2534 2509
f 2534 2533 2535 2536
f 2509 2534 2536 2510
f 2536 2535 2537 2538
f 2510 2536 2538 2511
f 2538 2537 2539 2540
f 2511 2538 2540 2512
f 2540 2539 2541 2542
f 2512 2540 2542 2513
f 2542 2541 2543 2544
f 2513 2542 2544 2514
f 2544 2543 2545 2546
f 2514 2544 2546 2515
f 2546 2545 2547 2548
f 2515 2546 2548 2516
f 2548 2547 1450 1396
f 2516 2548 1396 1357
f 2530 2549 2550 2531
f 2508 2517 2549 2530
f 2531 2550 2551 2533
f 2533 2551 2552 2535
f 2535 2552 2553 2537
f 2537 2553 2554 2539
f 2539 2554 2555 2541
f 2541 2555 2556 2543
f 2543 2556 2557 2545
f 2545 2557 2558 2547
f 2547 2558 1453 1450
f 2549 2559 2560 2550
f 2517 2518 2559 2549
f 2550 2560 2561 2551
f 2551 2561 2562 2552
f 2552 2562 2563 2553
f 2553 2563 2564 2554
f 2554 2564 2565 2555
f 2555 2565 2566 2556
f 2556 2566 2567 2557
f 2557 2567 2568 2558
f 2558 2568 1455 1453
f 2559 2569 2570 2560
f 2520 2519 2570 2569
f 2518 2520 2569 2559
f 2560 2570 2571 2561
f 2519 2521 2571 2570
f 2561 2571 2572 2562
f 2521 2522 2572 2571
f 2562 2572 2573 2563
f 2522 2523 2573 2572
f 2563 2573 2574 2564
f 2523 2524 2574 2573
f 2564 2574 2575 2565
f 2524 2525 2575 2574
f 2565 2575 2576 2566
f 2525 2526 2576 2575
f 2566 2576 2577 2567
f 2526 2527 2577 2576
f 2567 2577 2578 2568
f 2527 2528 2578 2577
f 2568 2578 1413 1455
f 2528 1374 1413 2578
f 2579 2580 2581 2582
f 2579 2583 2584 2580
f 2579 2582 2585 2583
f 2580 2586 2587 2581
f 2580 2584 2588 2586
f 2586 2589 2590 2587
f 2586 2588 2591 2589
f 2589 2592 2593 2590
f 2589 2591 2594 2592
f 2592 2595 2596 2593
f 2592 2594 2597 2595
f 2595 2598 2599 2596
f 2595 2597 2600 2598
f 2598 2601 2602 2599
f 2598 2600 2603 2601
f 2601 2604 2605 2602
f 2601 2603 2606 2604
f 2604 2607 2608 2605
f 2604 2606 2609 2607
f 2607 1255 1256 2608
f 2607 2609 1297 1255
f 2582 2581 2610 2611
f 2582 2611 2612 2585
f 2581 2587 2613 2610
f 2587 2590 2614 2613
f 2590 2593 2615 2614
f 2593 2596 2616 2615
f 2596 2599 2617 2616
f 2599 2602 2618 2617
f 2602 2605 2619 2618
f 2605 2608 2620 2619
f 2608 1256 1257 2620
f 2611 2610 2621 2622
f 2611 2622 2623 2612
f 2610 2613 2624 2621
f 2613 2614 2625 2624
f 2614 2615 2626 2625
f 2615 2616 2627 2626
f 2616 2617 2628 2627
f 2617 2618 2629 2628
f 2618 2619 2630 2629
f 2619 2620 2631 2630
f 2620 1257 1258 2631
f 2622 2621 2632 2633
f 2633 2632 2634 2635
f 2622 2633 2635 2623
f 2621 2624 2636 2632
f 2632 2636 2637 2634
f 2624 2625 2638 2636
f 2636 2638 2639 2637
f 2625 2626 2640 2638
f 2638 2640 2641 2639
f 2626 2627 2642 2640
f 2640 2642 2643 2641
f 2627 2628 2644 2642
f 2642 2644 2645 2643
f 2628 2629 2646 2644
f 2644 2646 2647 2645
f 2629 2630 2648 2646
f 2646 2648 2649 2647
f 2630 2631 2650 2648
f 2648 2650 2651 2649
f 2631 1258 1259 2650
f 2650 1259 1302 2651
f 2583 2652 2653 2584
f 2583 2585 2654 2652
f 2584 2653 2655 2588
f 2588 2655 2656 2591
f 2591 2656 2657 2594
f 2594 2657 2658 2597
f 2597 2658 2659 2600
f 2600 2659 2660 2603
f 2603 2660 2661 2606
f 2606 2661 2662 2609
f 2609 2662 1336 1297
f 2585 2612 2663 2654
f 2612 2623 2664 2663
f 2635 2634 2665 2666
f 2623 2635 2666 2664
f 2634 2637 2667 2665
f 2637 2639 2668 2667
f 2639 2641 2669 2668
f 2641 2643 2670 2669
f 2643 2645 2671 2670
f 2645 2647 2672 2671
f 2647 2649 2673 2672
f 2649 2651 2674 2673
f 2651 1302 1341 2674
f 2652 2675 2676 2653
f 2652 2654 2677 2675
f 2653 2676 2678 2655
f 2655 2678 2679 2656
f 2656 2679 2680 2657
f 2657 2680 2681 2658
f 2658 2681 2682 2659
f 2659 2682 2683 2660
f 2660 2683 2684 2661
f 2661 2684 2685 2662
f 2662 2685 1375 1336
f 2654 2663 2686 2677
f 2663 2664 2687 2686
f 2666 2665 2688 2689
f 2664 2666 2689 2687
f 2665 2667 2690 2688
f 2667 2668 2691 2690
f 2668 2669 2692 2691
f 2669 2670 2693 2692
f 2670 2671 2694 2693
f 2671 2672 2695 2694
f 2672 2673 2696 2695
f 2673 2674 2697 2696
f 2674 1341 1380 2697
f 2698 2699 2700 2701
f 2675 2698 2701 2676
f 2675 2677 2699 2698
f 2701 2700 2702 2703
f 2676 2701 2703 2678
f 2703 2702 2704 2705
f 2678 2703 2705 2679
f 2705 2704 2706 2707
f 2679 2705 2707 2680
f 2707 2706 2708 2709
f 2680 2707 2709 2681
f 2709 2708 2710 2711
f 2681 2709 2711 2682
f 2711 2710 2712 2713
f 2682 2711 2713 2683
f 2713 2712 2714 2715
f 2683 2713 2715 2684
f 2715 2714 2716 2717
f 2684 2715 2717 2685
f 2717 2716 1460 1414
f 2685 2717 1414 1375
f 2699 2718 2719 2700
f 2677 2686 2718 2699
f 2700 2719 2720 2702
f 2702 2720 2721 2704
f 2704 2721 2722 2706
f 2706 2722 2723 2708
f 2708 2723 2724 2710
f 2710 2724 2725 2712
f 2712 2725 2726 2714
f 2714 2726 2727 2716
f 2716 2727 1462 1460
f 2718 2728 2729 2719
f 2686 2687 2728 2718
f 2719 2729 2730 2720
f 2720 2730 2731 2721
f 2721 2731 2732 2722
f 2722 2732 2733 2723
f 2723 2733 2734 2724
f 2724 2734 2735 2725
f 2725 2735 2736 2726
f 2726 2736 2737 2727
f 2727 2737 1464 1462
f 2728 2738 2739 2729
f 2689 2688 2739 2738
f 2687 2689 2738 2728
f 2729 2739 2740 2730
f 2688 2690 2740 2739
f 2730 2740 2741 2731
f 2690 2691 2741 2740
f 2731 2741 2742 2732
f 2691 2692 2742 2741
f 2732 2742 2743 2733
f 2692 2693 2743 2742
f 2733 2743 2744 2734
f 2693 2694 2744 2743
f 2734 2744 2745 2735
f 2694 2695 2745 2744
f 2735 2745 2746 2736
f 2695 2696 2746 2745
f 2736 2746 2747 2737
f 2696 2697 2747 2746
f 2737 2747 1419 1464
f 2697 1380 1419 2747
f 2748 2749 2750 2751
f 2748 2752 2753 2749
f 2748 2751 2754 2752
f 2749 2755 2756 2750
f 2749 2753 2757 2755
f 2755 2758 2759 2756
f 2755 2757 2760 2758
f 2758 2761 2762 2759
f 2758 2760 2763 2761
f 2761 2764 2765 2762
f 2761 2763 2766 2764
f 2764 2767 2768 2765
f 2764 2766 2769 2767
f 2767 2770 2771 2768
f 2767 2769 2772 2770
f 2770 2773 2774 2771
f 2770 2772 2775 2773
f 2773 2776 2777 2774
f 2773 2775 2778 2776
f 2776 289 304 2777
f 2776 2778 341 289
f 2751 2750 2779 2780
f 2751 2780 2781 2754
f 2750 2756 2782 2779
f 2756 2759 2783 2782
f 2759 2762 2784 2783
f 2762 2765 2785 2784
f 2765 2768 2786 2785
f 2768 2771 2787 2786
f 2771 2774 2788 2787
f 2774 2777 2789 2788
f 2777 304 306 2789
f 2780 2779 2790 2791
f 2780 2791 2792 2781
f 2779 2782 2793 2790
f 2782 2783 2794 2793
f 2783 2784 2795 2794
f 2784 2785 2796 2795
f 2785 2786 2797 2796
f 2786 2787 2798 2797
f 2787 2788 2799 2798
f 2788 2789 2800 2799
f 2789 306 308 2800
f 2791 2790 2801 2802
f 2802 2801 2803 2804
f 2791 2802 2804 2792
f 2790 2793 2805 2801
f 2801 2805 2806 2803
f 2793 2794 2807 2805
f 2805 2807 2808 2806
f 2794 2795 2809 2807
f 2807 2809 2810 2808
f 2795 2796 2811 2809
f 2809 2811 2812 2810
f 2796 2797 2813 2811
f 2811 2813 2814 2812
f 2797 2798 2815 2813
f 2813 2815 2816 2814
f 2798 2799 2817 2815
f 2815 2817 2818 2816
f 2799 2800 2819 2817
f 2817 2819 2820 2818
f 2800 308 310 2819
f 2819 310 361 2820
f 2752 2821 2822 2753
f 2752 2754 2823 2821
f 2753 2822 2824 2757
f 2757 2824 2825 2760
f 2760 2825 2826 2763
f 2763 2826 2827 2766
f 2766 2827 2828 2769
f 2769 2828 2829 2772
f 2772 2829 2830 2775
f 2775 2830 2831 2778
f 2778 2831 387 341
f 2754 2781 2832 2823
f 2781 2792 2833 2832
f 2804 2803 2834 2835
f 2792 2804 2835 2833
f 2803 2806 2836 2834
f 2806 2808 2837 2836
f 2808 2810 2838 2837
f 2810 2812 2839 2838
f 2812 2814 2840 2839
f 2814 2816 2841 2840
f 2816 2818 2842 2841
f 2818 2820 2843 2842
f 2820 361 407 2843
f 2821 2844 2845 2822
f 2821 2823 2846 2844
f 2822 2845 2847 2824
f 2824 2847 2848 2825
f 2825 2848 2849 2826
f 2826 2849 2850 2827
f 2827 2850 2851 2828
f 2828 2851 2852 2829
f 2829 2852 2853 2830
f 2830 2853 2854 2831
f 2831 2854 433 387
f 2823 2832 2855 2846
f 2832 2833 2856 2855
f 2835 2834 2857 2858
f 2833 2835 2858 2856
f 2834 2836 2859 2857
f 2836 2837 2860 2859
f 2837 2838 2861 2860
f 2838 2839 2862 2861
f 2839 2840 2863 2862
f 2840 2841 2864 2863
f 2841 2842 2865 2864
f 2842 2843 2866 2865
f 2843 407 453 2866
f 2867 2868 2869 2870
f 2844 2867 2870 2845
f 2844 2846 2868 2867
f 2870 2869 2871 2872
f 2845 2870 2872 2847
f 2872 2871 2873 2874
f 2847 2872 2874 2848
f 2874 2873 2875 2876
f 2848 2874 2876 2849
f 2876 2875 2877 2878
f 2849 2876 2878 2850
f 2878 2877 2879 2880
f 2850 2878 2880 2851
f 2880 2879 2881 2882
f 2851 2880 2882 2852
f 2882 2881 2883 2884
f 2852 2882 2884 2853
f 2884 2883 2885 2886
f 2853 2884 2886 2854
f 2886 2885 540 479
f 2854 2886 479 433
f 2868 2887 2888 2869
f 2846 2855 2887 2868
f 2869 2888 2889 2871
f 2871 2889 2890 2873
f 2873 2890 2891 2875
f 2875 2891 2892 2877
f 2877 2892 2893 2879
f 2879 2893 2894 2881
f 2881 2894 2895 2883
f 2883 2895 2896 2885
f 2885 2896 543 540
f 2887 2897 2898 2888
f 2855 2856 2897 2887
f 2888 2898 2899 2889
f 2889 2899 2900 2890
f 2890 2900 2901 2891
f 2891 2901 2902 2892
f 2892 2902 2903 2893
f 2893 2903 2904 2894
f 2894 2904 2905 2895
f 2895 2905 2906 2896
f 2896 2906 546 543
f 2897 2907 2908 2898
f 2858 2857 2908 2907
f 2856 2858 2907 2897
f 2898 2908 2909 2899
f 2857 2859 2909 2908
f 2899 2909 2910 2900
f 2859 2860 2910 2909
f 2900 2910 2911 2901
f 2860 2861 2911 2910
f 2901 2911 2912 2902
f 2861 2862 2912 2911
f 2902 2912 2913 2903
f 2862 2863 2913 2912
f 2903 2913 2914 2904
f 2863 2864 2914 2913
f 2904 2914 2915 2905
f 2864 2865 2915 2914
f 2905 2915 2916 2906
f 2865 2866 2916 2915
f 2906 2916 499 546
f 2866 453 499 2916
f 2917 2918 2919 2920
f 2917 2921 2922 2918
f 2917 2920 2923 2921
f 2918 2924 2925 2919
f 2918 2922 2926 2924
f 2924 2927 2928 2925
f 2924 2926 2929 2927
f 2927 2930 2931 2928
f 2927 2929 2932 2930
f 2930 2933 2934 2931
f 2930 2932 2935 2933
f 2933 2936 2937 2934
f 2933 2935 2938 2936
f 2936 2939 2940 2937
f 2936 2938 2941 2939
f 2939 2942 2943 2940
f 2939 2941 2944 2942
f 2942 2945 2946 2943
f 2942 2944 2947 2945
f 2945 314 316 2946
f 2945 2947 363 314
f 2920 2919 2948 2949
f 2920 2949 2950 2923
f 2919 2925 2951 2948
f 2925 2928 2952 2951
f 2928 2931 2953 2952
f 2931 2934 2954 2953
f 2934 2937 2955 2954
f 2937 2940 2956 2955
f 2940 2943 2957 2956
f 2943 2946 2958 2957
f 2946 316 318 2958
f 2949 2948 2959 2960
f 2949 2960 2961 2950
f 2948 2951 2962 2959
f 2951 2952 2963 2962
f 2952 2953 2964 2963
f 2953 2954 2965 2964
f 2954 2955 2966 2965
f 2955 2956 2967 2966
f 2956 2957 2968 2967
f 2957 2958 2969 2968
f 2958 318 320 2969
f 2960 2959 2970 2971
f 2971 2970 2972 2973
f 2960 2971 2973 2961
f 2959 2962 2974 2970
f 2970 2974 2975 2972
f 2962 2963 2976 2974
f 2974 2976 2977 2975
f 2963 2964 2978 2976
f 2976 2978 2979 2977
f 2964 2965 2980 2978
f 2978 2980 2981 2979
f 2965 2966 2982 2980
f 2980 2982 2983 2981
f 2966 2967 2984 2982
f 2982 2984 2985 2983
f 2967 2968 2986 2984
f 2984 2986 2987 2985
f 2968 2969 2988 2986
f 2986 2988 2989 2987
f 2969 320 322 2988
f 2988 322 371 2989
f 2921 2990 2991 2922
f 2921 2923 2992 2990
f 2922 2991 2993 2926
f 2926 2993 2994 2929
f 2929 2994 2995 2932
f 2932 2995 2996 2935
f 2935 2996 2997 2938
f 2938 2997 2998 2941
f 2941 2998 2999 2944
f 2944 2999 3000 2947
f 2947 3000 409 363
f 2923 2950 3001 2992
f 2950 2961 3002 3001
f 2973 2972 3003 3004
f 2961 2973 3004 3002
f 2972 2975 3005 3003
f 2975 2977 3006 3005
f 2977 2979 3007 3006
f 2979 2981 3008 3007
f 2981 2983 3009 3008
f 2983 2985 3010 3009
f 2985 2987 3011 3010
f 2987 2989 3012 3011
f 2989 371 417 3012
f 2990 3013 3014 2991
f 2990 2992 3015 3013
f 2991 3014 3016 2993
f 2993 3016 3017 2994
f 2994 3017 3018 2995
f 2995 3018 3019 2996
f 2996 3019 3020 2997
f 2997 3020 3021 2998
f 2998 3021 3022 2999
f 2999 3022 3023 3000
f 3000 3023 455 409
f 2992 3001 3024 3015
f 3001 3002 3025 3024
f 3004 3003 3026 3027
f 3002 3004 3027 3025
f 3003 3005 3028 3026
f 3005 3006 3029 3028
f 3006 3007 3030 3029
f 3007 3008 3031 3030
f 3008 3009 3032 3031
f 3009 3010 3033 3032
f 3010 3011 3034 3033
f 3011 3012 3035 3034
f 3012 417 463 3035
f 3036 3037 3038 3039
f 3013 3036 3039 3014
f 3013 3015 3037 3036
f 3039 3038 3040 3041
f 3014 3039 3041 3016
f 3041 3040 3042 3043
f 3016 3041 3043 3017
f 3043 3042 3044 3045
f 3017 3043 3045 3018
f 3045 3044 3046 3047
f 3018 3045 3047 3019
f 3047 3046 3048 3049
f 3019 3047 3049 3020
f 3049 3048 3050 3051
f 3020 3049 3051 3021
f 3051 3050 3052 3053
f 3021 3051 3053 3022
f 3053 3052 3054 3055
f 3022 3053 3055 3023
f 3055 3054 555 501
f 3023 3055 501 455
f 3037 3056 3057 3038
f 3015 3024 3056 3037
f 3038 3057 3058 3040
f 3040 3058 3059 3042
f 3042 3059 3060 3044
f 3044 3060 3061 3046
f 3046 3061 3062 3048
f 3048 3062 3063 3050
f 3050 3063 3064 3052
f 3052 3064 3065 3054
f 3054 3065 558 555
f 3056 3066 3067 3057
f 3024 3025 3066 3056
f 3057 3067 3068 3058
f 3058 3068 3069 3059
f 3059 3069 3070 3060
f 3060 3070 3071 3061
f 3061 3071 3072 3062
f 3062 3072 3073 3063
f 3063 3073 3074 3064
f 3064 3074 3075 3065
f 3065 3075 561 558
f 3066 3076 3077 3067
f 3027 3026 3077 3076
f 3025 3027 3076 3066
f 3067 3077 3078 3068
f 3026 3028 3078 3077
f 3068 3078 3079 3069
f 3028 3029 3079 3078
f 3069 3079 3080 3070
f 3029 3030 3080 3079
f 3070 3080 3081 3071
f 3030 3031 3081 3080
f 3071 3081 3082 3072
f 3031 3032 3082 3081
f 3072 3082 3083 3073
f 3032 3033 3083 3082
f 3073 3083 3084 3074
f 3033 3034 3084 3083
f 3074 3084 3085 3075
f 3034 3035 3085 3084
f 3075 3085 509 561
f 3035 463 509 3085
f 1540 3086 3087 1541
f 1540 1539 3088 3086
f 1541 3087 3089 1542
f 1542 3089 3090 1543
f 1543 3090 3091 1544
f 1544 3091 3092 1545
f 1545 3092 3093 1546
f 1546 3093 3094 1547
f 1539 1559 1630 3088
f 1547 3094 1631 1560
f 3086 3095 3096 3087
f 3086 3088 3097 3095
f 3087 3096 3098 3089
f 3089 3098 3099 3090
f 3090 3099 3100 3091
f 3091 3100 3101 3092
f 3092 3101 3102 3093
f 3093 3102 3103 3094
f 3088 1630 1653 3097
f 3094 3103 1654 1631
f 3104 3105 3106 3107
f 3095 3104 3107 3096
f 3095 3097 3105 3104
f 3107 3106 3108 3109
f 3096 3107 3109 3098
f 3109 3108 3110 3111
f 3098 3109 3111 3099
f 3111 3110 3112 3113
f 3099 3111 3113 3100
f 3113 3112 3114 3115
f 3100 3113 3115 3101
f 3115 3114 3116 3117
f 3101 3115 3117 3102
f 3102 3117 3116 3103
f 3105 1676 1701 3106
f 3097 1653 1676 3105
f 3106 1701 1703 3108
f 3108 1703 1705 3110
f 3110 1705 1707 3112
f 3112 1707 1709 3114
f 3114 1709 1677 3116
f 3103 3116 1677 1654
f 1604 1603 3118 1645
f 1605 1647 3119 1606
f 1616 1617 3120 3121
f 1603 1616 3121 3118
f 1617 1618 3122 3120
f 1618 1619 3123 3122
f 1619 1620 3124 3123
f 1620 1621 3125 3124
f 1621 1622 3126 3125
f 1606 3119 3126 1622
f 1645 3118 3127 1668
f 1647 1670 3128 3119
f 3121 3120 3129 3130
f 3118 3121 3130 3127
f 3120 3122 3131 3129
f 3122 3123 3132 3131
f 3123 3124 3133 3132
f 3124 3125 3134 3133
f 3125 3126 3135 3134
f 3119 3128 3135 3126
f 1691 3136 3137 1735
f 1668 3127 3136 1691
f 1735 3137 3138 1737
f 1737 3138 3139 1739
f 1739 3139 3140 1741
f 1741 3140 3141 1743
f 1743 3141 3142 1693
f 1670 1693 3142 3128
f 3136 3143 3144 3137
f 3130 3129 3144 3143
f 3127 3130 3143 3136
f 3137 3144 3145 3138
f 3129 3131 3145 3144
f 3138 3145 3146 3139
f 3131 3132 3146 3145
f 3139 3146 3147 3140
f 3132 3133 3147 3146
f 3140 3147 3148 3141
f 3133 3134 3148 3147
f 3141 3148 3149 3142
f 3134 3135 3149 3148
f 3128 3142 3149 3135
f 3150 3151 3152 3153
f 3150 3154 3155 3151
f 3151 3156 3157 3152
f 3151 3155 100 3156
f 3156 3158 3159 3157
f 3156 100 99 3158
f 3158 3160 3161 3159
f 3158 99 102 3160
f 3160 3162 3163 3161
f 3160 102 103 3162
f 3162 3164 3165 3163
f 3162 103 104 3164
f 3164 3166 3167 3165
f 3164 104 105 3166
f 3166 3168 3169 3167
f 3166 105 106 3168
f 3168 3170 3171 3169
f 3168 106 107 3170
f 3170 3172 3173 3171
f 3170 107 108 3172
f 3172 3174 3175 3173
f 3172 108 109 3174
f 3174 3176 3177 3175
f 3174 109 110 3176
f 3176 3178 3179 3177
f 3176 110 111 3178
f 3178 3180 3181 3179
f 3178 111 112 3180
f 3180 3182 3183 3181
f 3180 112 113 3182
f 3182 113 117 3183
f 3153 3152 3184 3185
f 3185 3184 3186 3187
f 3152 3157 3188 3184
f 3184 3188 122 3186
f 3157 3159 3189 3188
f 3188 3189 123 122
f 3159 3161 3190 3189
f 3189 3190 128 123
f 3161 3163 3191 3190
f 3190 3191 130 128
f 3163 3165 3192 3191
f 3191 3192 132 130
f 3165 3167 3193 3192
f 3192 3193 134 132
f 3167 3169 3194 3193
f 3193 3194 136 134
f 3169 3171 3195 3194
f 3194 3195 138 136
f 3171 3173 3196 3195
f 3195 3196 140 138
f 3173 3175 3197 3196
f 3196 3197 142 140
f 3175 3177 3198 3197
f 3197 3198 144 142
f 3177 3179 3199 3198
f 3198 3199 146 144
f 3179 3181 3200 3199
f 3199 3200 148 146
f 3181 3183 3201 3200
f 3200 3201 120 148
f 3183 117 120 3201
f 3202 3203 3204 3205
f 3154 3202 3205 3155
f 3205 3204 259 101
f 3155 3205 101 100
f 3203 3206 3207 3204
f 3187 3186 3207 3206
f 3204 3207 127 259
f 3186 122 127 3207
usemtl c25
f 1755 1793 1794 1756
f 1780 1781 1819 1818
f 3208 3209 3210 3211
f 3208 3212 3213 3209
f 3208 3211 3214 3212
f 3209 3150 3153 3210
f 3209 3213 3154 3150
f 3211 3210 3215 3216
f 3216 3215 3217 3218
f 3211 3216 3218 3214
f 3210 3153 3185 3215
f 3215 3185 3187 3217
f 3219 3220 3221 3222
f 3212 3219 3222 3213
f 3212 3214 3220 3219
f 3222 3221 3203 3202
f 3213 3222 3202 3154
f 3220 3223 3224 3221
f 3218 3217 3224 3223
f 3214 3218 3223 3220
f 3221 3224 3206 3203
f 3217 3187 3206 3224
