# generado por tools/vox_to_obj.py desde aguacate_v3.vox
mtllib aguacate_v3.mtl
v -2.0000 0.0000 2.0000
v -2.0000 1.0000 2.0000
v -2.0000 1.0000 1.0000
v -2.0000 0.0000 1.0000
v -1.0000 0.0000 2.0000
v -1.0000 1.0000 2.0000
v -1.0000 0.0000 1.0000
v -2.0000 2.0000 2.0000
v -2.0000 2.0000 1.0000
v -1.0000 2.0000 2.0000
v -2.0000 3.0000 2.0000
v -2.0000 3.0000 1.0000
v -1.0000 3.0000 2.0000
v -2.0000 4.0000 2.0000
v -2.0000 4.0000 1.0000
v -1.0000 4.0000 2.0000
v -2.0000 5.0000 2.0000
v -2.0000 5.0000 1.0000
v -1.0000 5.0000 2.0000
v -2.0000 6.0000 2.0000
v -2.0000 6.0000 1.0000
v -1.0000 6.0000 2.0000
v -2.0000 7.0000 2.0000
v -2.0000 7.0000 1.0000
v -1.0000 7.0000 2.0000
v -2.0000 8.0000 2.0000
v -2.0000 8.0000 1.0000
v -1.0000 8.0000 2.0000
v -2.0000 9.0000 2.0000
v -2.0000 9.0000 1.0000
v -1.0000 9.0000 2.0000
v -2.0000 10.0000 2.0000
v -2.0000 10.0000 1.0000
v -1.0000 10.0000 2.0000
v -2.0000 11.0000 2.0000
v -2.0000 11.0000 1.0000
v -1.0000 11.0000 2.0000
v -2.0000 12.0000 2.0000
v -2.0000 12.0000 1.0000
v -1.0000 12.0000 2.0000
v -2.0000 13.0000 2.0000
v -2.0000 13.0000 1.0000
v -1.0000 13.0000 2.0000
v -2.0000 14.0000 2.0000
v -2.0000 14.0000 1.0000
v -1.0000 14.0000 2.0000
v -2.0000 15.0000 2.0000
v -2.0000 15.0000 1.0000
v -1.0000 15.0000 2.0000
v -2.0000 16.0000 2.0000
v -2.0000 16.0000 1.0000
v -1.0000 16.0000 2.0000
v -2.0000 1.0000 0.0000
v -2.0000 0.0000 0.0000
v -1.0000 0.0000 0.0000
v -2.0000 2.0000 0.0000
v -2.0000 3.0000 0.0000
v -2.0000 4.0000 0.0000
v -2.0000 5.0000 0.0000
v -2.0000 6.0000 0.0000
v -2.0000 7.0000 0.0000
v -2.0000 8.0000 0.0000
v -2.0000 9.0000 0.0000
v -2.0000 10.0000 0.0000
v -2.0000 11.0000 0.0000
v -2.0000 12.0000 0.0000
v -2.0000 13.0000 0.0000
v -2.0000 14.0000 0.0000
v -2.0000 15.0000 0.0000
v -2.0000 16.0000 0.0000
v -2.0000 1.0000 -1.0000
v -2.0000 0.0000 -1.0000
v -1.0000 0.0000 -1.0000
v -2.0000 2.0000 -1.0000
v -2.0000 3.0000 -1.0000
v -2.0000 4.0000 -1.0000
v -2.0000 5.0000 -1.0000
v -2.0000 6.0000 -1.0000
v -2.0000 7.0000 -1.0000
v -2.0000 8.0000 -1.0000
v -2.0000 9.0000 -1.0000
v -2.0000 10.0000 -1.0000
v -2.0000 11.0000 -1.0000
v -2.0000 12.0000 -1.0000
v -2.0000 13.0000 -1.0000
v -2.0000 14.0000 -1.0000
v -2.0000 15.0000 -1.0000
v -2.0000 16.0000 -1.0000
v -2.0000 1.0000 -2.0000
v -2.0000 0.0000 -2.0000
v -1.0000 1.0000 -2.0000
v -1.0000 0.0000 -2.0000
v -2.0000 2.0000 -2.0000
v -1.0000 2.0000 -2.0000
v -2.0000 3.0000 -2.0000
v -1.0000 3.0000 -2.0000
v -2.0000 4.0000 -2.0000
v -1.0000 4.0000 -2.0000
v -2.0000 5.0000 -2.0000
v -1.0000 5.0000 -2.0000
v -2.0000 6.0000 -2.0000
v -1.0000 6.0000 -2.0000
v -2.0000 7.0000 -2.0000
v -1.0000 7.0000 -2.0000
v -2.0000 8.0000 -2.0000
v -1.0000 8.0000 -2.0000
v -2.0000 9.0000 -2.0000
v -1.0000 9.0000 -2.0000
v -2.0000 10.0000 -2.0000
v -1.0000 10.0000 -2.0000
v -2.0000 11.0000 -2.0000
v -1.0000 11.0000 -2.0000
v -2.0000 12.0000 -2.0000
v -1.0000 12.0000 -2.0000
v -2.0000 13.0000 -2.0000
v -1.0000 13.0000 -2.0000
v -2.0000 14.0000 -2.0000
v -1.0000 14.0000 -2.0000
v -2.0000 15.0000 -2.0000
v -1.0000 15.0000 -2.0000
v -2.0000 16.0000 -2.0000
v -1.0000 16.0000 -2.0000
v 0.0000 0.0000 2.0000
v 0.0000 1.0000 2.0000
v 0.0000 0.0000 1.0000
v 0.0000 2.0000 2.0000
v 0.0000 3.0000 2.0000
v 0.0000 4.0000 2.0000
v 0.0000 5.0000 2.0000
v 0.0000 6.0000 2.0000
v 0.0000 7.0000 2.0000
v 0.0000 8.0000 2.0000
v 0.0000 9.0000 2.0000
v 0.0000 10.0000 2.0000
v 0.0000 11.0000 2.0000
v 0.0000 12.0000 2.0000
v 0.0000 13.0000 2.0000
v 0.0000 14.0000 2.0000
v 0.0000 15.0000 2.0000
v 0.0000 16.0000 2.0000
v 0.0000 0.0000 0.0000
v 0.0000 0.0000 -1.0000
v 0.0000 1.0000 -2.0000
v 0.0000 0.0000 -2.0000
v 0.0000 2.0000 -2.0000
v 0.0000 3.0000 -2.0000
v 0.0000 4.0000 -2.0000
v 0.0000 5.0000 -2.0000
v 0.0000 6.0000 -2.0000
v 0.0000 7.0000 -2.0000
v 0.0000 8.0000 -2.0000
v 0.0000 9.0000 -2.0000
v 0.0000 10.0000 -2.0000
v 0.0000 11.0000 -2.0000
v 0.0000 12.0000 -2.0000
v 0.0000 13.0000 -2.0000
v 0.0000 14.0000 -2.0000
v 0.0000 15.0000 -2.0000
v 0.0000 16.0000 -2.0000
v 1.0000 0.0000 2.0000
v 1.0000 1.0000 2.0000
v 1.0000 0.0000 1.0000
v 1.0000 2.0000 2.0000
v 1.0000 3.0000 2.0000
v 1.0000 4.0000 2.0000
v 1.0000 5.0000 2.0000
v 1.0000 6.0000 2.0000
v 1.0000 7.0000 2.0000
v 1.0000 8.0000 2.0000
v 1.0000 9.0000 2.0000
v 1.0000 10.0000 2.0000
v 1.0000 11.0000 2.0000
v 1.0000 12.0000 2.0000
v 1.0000 13.0000 2.0000
v 1.0000 14.0000 2.0000
v 1.0000 15.0000 2.0000
v 1.0000 16.0000 2.0000
v 1.0000 0.0000 0.0000
v 1.0000 0.0000 -1.0000
v 1.0000 1.0000 -2.0000
v 1.0000 0.0000 -2.0000
v 1.0000 2.0000 -2.0000
v 1.0000 3.0000 -2.0000
v 1.0000 4.0000 -2.0000
v 1.0000 5.0000 -2.0000
v 1.0000 6.0000 -2.0000
v 1.0000 7.0000 -2.0000
v 1.0000 8.0000 -2.0000
v 1.0000 9.0000 -2.0000
v 1.0000 10.0000 -2.0000
v 1.0000 11.0000 -2.0000
v 1.0000 12.0000 -2.0000
v 1.0000 13.0000 -2.0000
v 1.0000 14.0000 -2.0000
v 1.0000 15.0000 -2.0000
v 1.0000 16.0000 -2.0000
v 2.0000 0.0000 2.0000
v 2.0000 0.0000 1.0000
v 2.0000 1.0000 1.0000
v 2.0000 1.0000 2.0000
v 2.0000 2.0000 1.0000
v 2.0000 2.0000 2.0000
v 2.0000 3.0000 1.0000
v 2.0000 3.0000 2.0000
v 2.0000 4.0000 1.0000
v 2.0000 4.0000 2.0000
v 2.0000 5.0000 1.0000
v 2.0000 5.0000 2.0000
v 2.0000 6.0000 1.0000
v 2.0000 6.0000 2.0000
v 2.0000 7.0000 1.0000
v 2.0000 7.0000 2.0000
v 2.0000 8.0000 1.0000
v 2.0000 8.0000 2.0000
v 2.0000 9.0000 1.0000
v 2.0000 9.0000 2.0000
v 2.0000 10.0000 1.0000
v 2.0000 10.0000 2.0000
v 2.0000 11.0000 1.0000
v 2.0000 11.0000 2.0000
v 2.0000 12.0000 1.0000
v 2.0000 12.0000 2.0000
v 2.0000 13.0000 1.0000
v 2.0000 13.0000 2.0000
v 2.0000 14.0000 1.0000
v 2.0000 14.0000 2.0000
v 2.0000 15.0000 1.0000
v 2.0000 15.0000 2.0000
v 2.0000 16.0000 1.0000
v 2.0000 16.0000 2.0000
v 2.0000 0.0000 0.0000
v 2.0000 1.0000 0.0000
v 2.0000 2.0000 0.0000
v 2.0000 3.0000 0.0000
v 2.0000 4.0000 0.0000
v 2.0000 5.0000 0.0000
v 2.0000 6.0000 0.0000
v 2.0000 7.0000 0.0000
v 2.0000 8.0000 0.0000
v 2.0000 9.0000 0.0000
v 2.0000 10.0000 0.0000
v 2.0000 11.0000 0.0000
v 2.0000 12.0000 0.0000
v 2.0000 13.0000 0.0000
v 2.0000 14.0000 0.0000
v 2.0000 15.0000 0.0000
v 2.0000 16.0000 0.0000
v 2.0000 0.0000 -1.0000
v 2.0000 1.0000 -1.0000
v 2.0000 2.0000 -1.0000
v 2.0000 3.0000 -1.0000
v 2.0000 4.0000 -1.0000
v 2.0000 5.0000 -1.0000
v 2.0000 6.0000 -1.0000
v 2.0000 7.0000 -1.0000
v 2.0000 8.0000 -1.0000
v 2.0000 9.0000 -1.0000
v 2.0000 10.0000 -1.0000
v 2.0000 11.0000 -1.0000
v 2.0000 12.0000 -1.0000
v 2.0000 13.0000 -1.0000
v 2.0000 14.0000 -1.0000
v 2.0000 15.0000 -1.0000
v 2.0000 16.0000 -1.0000
v 2.0000 0.0000 -2.0000
v 2.0000 1.0000 -2.0000
v 2.0000 2.0000 -2.0000
v 2.0000 3.0000 -2.0000
v 2.0000 4.0000 -2.0000
v 2.0000 5.0000 -2.0000
v 2.0000 6.0000 -2.0000
v 2.0000 7.0000 -2.0000
v 2.0000 8.0000 -2.0000
v 2.0000 9.0000 -2.0000
v 2.0000 10.0000 -2.0000
v 2.0000 11.0000 -2.0000
v 2.0000 12.0000 -2.0000
v 2.0000 13.0000 -2.0000
v 2.0000 14.0000 -2.0000
v 2.0000 15.0000 -2.0000
v 2.0000 16.0000 -2.0000
v -8.0000 16.0000 8.0000
v -8.0000 17.0000 8.0000
v -8.0000 17.0000 7.0000
v -8.0000 16.0000 7.0000
v -7.0000 16.0000 8.0000
v -7.0000 17.0000 8.0000
v -7.0000 16.0000 7.0000
v -8.0000 18.0000 8.0000
v -8.0000 18.0000 7.0000
v -7.0000 18.0000 8.0000
v -8.0000 19.0000 8.0000
v -8.0000 19.0000 7.0000
v -7.0000 19.0000 8.0000
v -8.0000 20.0000 8.0000
v -8.0000 20.0000 7.0000
v -7.0000 20.0000 8.0000
v -8.0000 21.0000 8.0000
v -8.0000 21.0000 7.0000
v -7.0000 21.0000 8.0000
v -8.0000 17.0000 6.0000
v -8.0000 16.0000 6.0000
v -7.0000 16.0000 6.0000
v -8.0000 18.0000 6.0000
v -8.0000 19.0000 6.0000
v -8.0000 20.0000 6.0000
v -8.0000 21.0000 6.0000
v -8.0000 17.0000 5.0000
v -8.0000 16.0000 5.0000
v -7.0000 16.0000 5.0000
v -8.0000 18.0000 5.0000
v -8.0000 19.0000 5.0000
v -8.0000 20.0000 5.0000
v -8.0000 21.0000 5.0000
v -8.0000 17.0000 4.0000
v -8.0000 16.0000 4.0000
v -7.0000 16.0000 4.0000
v -8.0000 18.0000 4.0000
v -8.0000 19.0000 4.0000
v -8.0000 20.0000 4.0000
v -8.0000 21.0000 4.0000
v -8.0000 17.0000 3.0000
v -8.0000 16.0000 3.0000
v -7.0000 16.0000 3.0000
v -8.0000 18.0000 3.0000
v -8.0000 19.0000 3.0000
v -8.0000 20.0000 3.0000
v -8.0000 21.0000 3.0000
v -8.0000 17.0000 2.0000
v -8.0000 16.0000 2.0000
v -7.0000 16.0000 2.0000
v -8.0000 18.0000 2.0000
v -8.0000 19.0000 2.0000
v -8.0000 20.0000 2.0000
v -8.0000 21.0000 2.0000
v -8.0000 17.0000 1.0000
v -8.0000 16.0000 1.0000
v -7.0000 16.0000 1.0000
v -8.0000 18.0000 1.0000
v -8.0000 19.0000 1.0000
v -8.0000 20.0000 1.0000
v -8.0000 21.0000 1.0000
v -8.0000 17.0000 0.0000
v -8.0000 16.0000 0.0000
v -7.0000 16.0000 0.0000
v -8.0000 18.0000 0.0000
v -8.0000 19.0000 0.0000
v -8.0000 20.0000 0.0000
v -8.0000 21.0000 0.0000
v -8.0000 17.0000 -1.0000
v -8.0000 16.0000 -1.0000
v -7.0000 16.0000 -1.0000
v -8.0000 18.0000 -1.0000
v -8.0000 19.0000 -1.0000
v -8.0000 20.0000 -1.0000
v -8.0000 21.0000 -1.0000
v -8.0000 17.0000 -2.0000
v -8.0000 16.0000 -2.0000
v -7.0000 16.0000 -2.0000
v -8.0000 18.0000 -2.0000
v -8.0000 19.0000 -2.0000
v -8.0000 20.0000 -2.0000
v -8.0000 21.0000 -2.0000
v -8.0000 17.0000 -3.0000
v -8.0000 16.0000 -3.0000
v -7.0000 16.0000 -3.0000
v -8.0000 18.0000 -3.0000
v -8.0000 19.0000 -3.0000
v -8.0000 20.0000 -3.0000
v -8.0000 21.0000 -3.0000
v -8.0000 17.0000 -4.0000
v -8.0000 16.0000 -4.0000
v -7.0000 16.0000 -4.0000
v -8.0000 18.0000 -4.0000
v -8.0000 19.0000 -4.0000
v -8.0000 20.0000 -4.0000
v -8.0000 21.0000 -4.0000
v -8.0000 17.0000 -5.0000
v -8.0000 16.0000 -5.0000
v -7.0000 16.0000 -5.0000
v -8.0000 18.0000 -5.0000
v -8.0000 19.0000 -5.0000
v -8.0000 20.0000 -5.0000
v -8.0000 21.0000 -5.0000
v -8.0000 17.0000 -6.0000
v -8.0000 16.0000 -6.0000
v -7.0000 16.0000 -6.0000
v -8.0000 18.0000 -6.0000
v -8.0000 19.0000 -6.0000
v -8.0000 20.0000 -6.0000
v -8.0000 21.0000 -6.0000
v -8.0000 17.0000 -7.0000
v -8.0000 16.0000 -7.0000
v -7.0000 16.0000 -7.0000
v -8.0000 18.0000 -7.0000
v -8.0000 19.0000 -7.0000
v -8.0000 20.0000 -7.0000
v -8.0000 21.0000 -7.0000
v -8.0000 17.0000 -8.0000
v -8.0000 16.0000 -8.0000
v -7.0000 17.0000 -8.0000
v -7.0000 16.0000 -8.0000
v -8.0000 18.0000 -8.0000
v -7.0000 18.0000 -8.0000
v -8.0000 19.0000 -8.0000
v -7.0000 19.0000 -8.0000
v -8.0000 20.0000 -8.0000
v -7.0000 20.0000 -8.0000
v -8.0000 21.0000 -8.0000
v -7.0000 21.0000 -8.0000
v -6.0000 16.0000 8.0000
v -6.0000 17.0000 8.0000
v -6.0000 16.0000 7.0000
v -6.0000 18.0000 8.0000
v -6.0000 19.0000 8.0000
v -6.0000 20.0000 8.0000
v -6.0000 21.0000 8.0000
v -6.0000 16.0000 6.0000
v -6.0000 16.0000 5.0000
v -6.0000 16.0000 4.0000
v -6.0000 16.0000 3.0000
v -6.0000 16.0000 2.0000
v -6.0000 16.0000 1.0000
v -6.0000 16.0000 0.0000
v -6.0000 16.0000 -1.0000
v -6.0000 16.0000 -2.0000
v -6.0000 16.0000 -3.0000
v -6.0000 16.0000 -4.0000
v -6.0000 16.0000 -5.0000
v -6.0000 16.0000 -6.0000
v -6.0000 16.0000 -7.0000
v -6.0000 17.0000 -8.0000
v -6.0000 16.0000 -8.0000
v -6.0000 18.0000 -8.0000
v -6.0000 19.0000 -8.0000
v -6.0000 20.0000 -8.0000
v -6.0000 21.0000 -8.0000
v -5.0000 16.0000 8.0000
v -5.0000 17.0000 8.0000
v -5.0000 16.0000 7.0000
v -5.0000 18.0000 8.0000
v -5.0000 19.0000 8.0000
v -5.0000 20.0000 8.0000
v -5.0000 21.0000 8.0000
v -5.0000 16.0000 6.0000
v -5.0000 16.0000 5.0000
v -5.0000 16.0000 4.0000
v -5.0000 16.0000 3.0000
v -5.0000 16.0000 2.0000
v -5.0000 16.0000 1.0000
v -5.0000 16.0000 0.0000
v -5.0000 16.0000 -1.0000
v -5.0000 16.0000 -2.0000
v -5.0000 16.0000 -3.0000
v -5.0000 16.0000 -4.0000
v -5.0000 16.0000 -5.0000
v -5.0000 16.0000 -6.0000
v -5.0000 16.0000 -7.0000
v -5.0000 17.0000 -8.0000
v -5.0000 16.0000 -8.0000
v -5.0000 18.0000 -8.0000
v -5.0000 19.0000 -8.0000
v -5.0000 20.0000 -8.0000
v -5.0000 21.0000 -8.0000
v -4.0000 16.0000 8.0000
v -4.0000 17.0000 8.0000
v -4.0000 16.0000 7.0000
v -4.0000 18.0000 8.0000
v -4.0000 19.0000 8.0000
v -4.0000 20.0000 8.0000
v -4.0000 21.0000 8.0000
v -4.0000 16.0000 6.0000
v -4.0000 16.0000 5.0000
v -4.0000 16.0000 4.0000
v -4.0000 16.0000 3.0000
v -4.0000 16.0000 2.0000
v -4.0000 16.0000 1.0000
v -4.0000 16.0000 0.0000
v -4.0000 16.0000 -1.0000
v -4.0000 16.0000 -2.0000
v -4.0000 16.0000 -3.0000
v -4.0000 16.0000 -4.0000
v -4.0000 16.0000 -5.0000
v -4.0000 16.0000 -6.0000
v -4.0000 16.0000 -7.0000
v -4.0000 17.0000 -8.0000
v -4.0000 16.0000 -8.0000
v -4.0000 18.0000 -8.0000
v -4.0000 19.0000 -8.0000
v -4.0000 20.0000 -8.0000
v -4.0000 21.0000 -8.0000
v -3.0000 16.0000 8.0000
v -3.0000 17.0000 8.0000
v -3.0000 16.0000 7.0000
v -3.0000 18.0000 8.0000
v -3.0000 19.0000 8.0000
v -3.0000 20.0000 8.0000
v -3.0000 21.0000 8.0000
v -3.0000 16.0000 6.0000
v -3.0000 16.0000 5.0000
v -3.0000 16.0000 4.0000
v -3.0000 16.0000 3.0000
v -3.0000 16.0000 2.0000
v -3.0000 16.0000 1.0000
v -3.0000 16.0000 0.0000
v -3.0000 16.0000 -1.0000
v -3.0000 16.0000 -2.0000
v -3.0000 16.0000 -3.0000
v -3.0000 16.0000 -4.0000
v -3.0000 16.0000 -5.0000
v -3.0000 16.0000 -6.0000
v -3.0000 16.0000 -7.0000
v -3.0000 17.0000 -8.0000
v -3.0000 16.0000 -8.0000
v -3.0000 18.0000 -8.0000
v -3.0000 19.0000 -8.0000
v -3.0000 20.0000 -8.0000
v -3.0000 21.0000 -8.0000
v -2.0000 16.0000 8.0000
v -2.0000 17.0000 8.0000
v -2.0000 16.0000 7.0000
v -2.0000 18.0000 8.0000
v -2.0000 19.0000 8.0000
v -2.0000 20.0000 8.0000
v -2.0000 21.0000 8.0000
v -2.0000 16.0000 6.0000
v -2.0000 16.0000 5.0000
v -2.0000 16.0000 4.0000
v -2.0000 16.0000 3.0000
v -2.0000 16.0000 -3.0000
v -2.0000 16.0000 -4.0000
v -2.0000 16.0000 -5.0000
v -2.0000 16.0000 -6.0000
v -2.0000 16.0000 -7.0000
v -2.0000 17.0000 -8.0000
v -2.0000 16.0000 -8.0000
v -2.0000 18.0000 -8.0000
v -2.0000 19.0000 -8.0000
v -2.0000 20.0000 -8.0000
v -2.0000 21.0000 -8.0000
v -1.0000 16.0000 8.0000
v -1.0000 17.0000 8.0000
v -1.0000 16.0000 7.0000
v -1.0000 18.0000 8.0000
v -1.0000 19.0000 8.0000
v -1.0000 20.0000 8.0000
v -1.0000 21.0000 8.0000
v -1.0000 16.0000 6.0000
v -1.0000 16.0000 5.0000
v -1.0000 16.0000 4.0000
v -1.0000 16.0000 3.0000
v -1.0000 16.0000 -3.0000
v -1.0000 16.0000 -4.0000
v -1.0000 16.0000 -5.0000
v -1.0000 16.0000 -6.0000
v -1.0000 16.0000 -7.0000
v -1.0000 17.0000 -8.0000
v -1.0000 16.0000 -8.0000
v -1.0000 18.0000 -8.0000
v -1.0000 19.0000 -8.0000
v -1.0000 20.0000 -8.0000
v -1.0000 21.0000 -8.0000
v 0.0000 16.0000 8.0000
v 0.0000 17.0000 8.0000
v 0.0000 16.0000 7.0000
v 0.0000 18.0000 8.0000
v 0.0000 19.0000 8.0000
v 0.0000 20.0000 8.0000
v 0.0000 21.0000 8.0000
v 0.0000 16.0000 6.0000
v 0.0000 16.0000 5.0000
v 0.0000 16.0000 4.0000
v 0.0000 16.0000 3.0000
v 0.0000 16.0000 -3.0000
v 0.0000 16.0000 -4.0000
v 0.0000 16.0000 -5.0000
v 0.0000 16.0000 -6.0000
v 0.0000 16.0000 -7.0000
v 0.0000 17.0000 -8.0000
v 0.0000 16.0000 -8.0000
v 0.0000 18.0000 -8.0000
v 0.0000 19.0000 -8.0000
v 0.0000 20.0000 -8.0000
v 0.0000 21.0000 -8.0000
v 1.0000 16.0000 8.0000
v 1.0000 17.0000 8.0000
v 1.0000 16.0000 7.0000
v 1.0000 18.0000 8.0000
v 1.0000 19.0000 8.0000
v 1.0000 20.0000 8.0000
v 1.0000 21.0000 8.0000
v 1.0000 16.0000 6.0000
v 1.0000 16.0000 5.0000
v 1.0000 16.0000 4.0000
v 1.0000 16.0000 3.0000
v 1.0000 16.0000 -3.0000
v 1.0000 16.0000 -4.0000
v 1.0000 16.0000 -5.0000
v 1.0000 16.0000 -6.0000
v 1.0000 16.0000 -7.0000
v 1.0000 17.0000 -8.0000
v 1.0000 16.0000 -8.0000
v 1.0000 18.0000 -8.0000
v 1.0000 19.0000 -8.0000
v 1.0000 20.0000 -8.0000
v 1.0000 21.0000 -8.0000
v 2.0000 16.0000 8.0000
v 2.0000 17.0000 8.0000
v 2.0000 16.0000 7.0000
v 2.0000 18.0000 8.0000
v 2.0000 19.0000 8.0000
v 2.0000 20.0000 8.0000
v 2.0000 21.0000 8.0000
v 2.0000 16.0000 6.0000
v 2.0000 16.0000 5.0000
v 2.0000 16.0000 4.0000
v 2.0000 16.0000 3.0000
v 2.0000 16.0000 -3.0000
v 2.0000 16.0000 -4.0000
v 2.0000 16.0000 -5.0000
v 2.0000 16.0000 -6.0000
v 2.0000 16.0000 -7.0000
v 2.0000 17.0000 -8.0000
v 2.0000 16.0000 -8.0000
v 2.0000 18.0000 -8.0000
v 2.0000 19.0000 -8.0000
v 2.0000 20.0000 -8.0000
v 2.0000 21.0000 -8.0000
v 3.0000 16.0000 8.0000
v 3.0000 17.0000 8.0000
v 3.0000 16.0000 7.0000
v 3.0000 18.0000 8.0000
v 3.0000 19.0000 8.0000
v 3.0000 20.0000 8.0000
v 3.0000 21.0000 8.0000
v 3.0000 16.0000 6.0000
v 3.0000 16.0000 5.0000
v 3.0000 16.0000 4.0000
v 3.0000 16.0000 3.0000
v 3.0000 16.0000 2.0000
v 3.0000 16.0000 1.0000
v 3.0000 16.0000 0.0000
v 3.0000 16.0000 -1.0000
v 3.0000 16.0000 -2.0000
v 3.0000 16.0000 -3.0000
v 3.0000 16.0000 -4.0000
v 3.0000 16.0000 -5.0000
v 3.0000 16.0000 -6.0000
v 3.0000 16.0000 -7.0000
v 3.0000 17.0000 -8.0000
v 3.0000 16.0000 -8.0000
v 3.0000 18.0000 -8.0000
v 3.0000 19.0000 -8.0000
v 3.0000 20.0000 -8.0000
v 3.0000 21.0000 -8.0000
v 4.0000 16.0000 8.0000
v 4.0000 17.0000 8.0000
v 4.0000 16.0000 7.0000
v 4.0000 18.0000 8.0000
v 4.0000 19.0000 8.0000
v 4.0000 20.0000 8.0000
v 4.0000 21.0000 8.0000
v 4.0000 16.0000 6.0000
v 4.0000 16.0000 5.0000
v 4.0000 16.0000 4.0000
v 4.0000 16.0000 3.0000
v 4.0000 16.0000 2.0000
v 4.0000 16.0000 1.0000
v 4.0000 16.0000 0.0000
v 4.0000 16.0000 -1.0000
v 4.0000 16.0000 -2.0000
v 4.0000 16.0000 -3.0000
v 4.0000 16.0000 -4.0000
v 4.0000 16.0000 -5.0000
v 4.0000 16.0000 -6.0000
v 4.0000 16.0000 -7.0000
v 4.0000 17.0000 -8.0000
v 4.0000 16.0000 -8.0000
v 4.0000 18.0000 -8.0000
v 4.0000 19.0000 -8.0000
v 4.0000 20.0000 -8.0000
v 4.0000 21.0000 -8.0000
v 5.0000 16.0000 8.0000
v 5.0000 17.0000 8.0000
v 5.0000 16.0000 7.0000
v 5.0000 18.0000 8.0000
v 5.0000 19.0000 8.0000
v 5.0000 20.0000 8.0000
v 5.0000 21.0000 8.0000
v 5.0000 16.0000 6.0000
v 5.0000 16.0000 5.0000
v 5.0000 16.0000 4.0000
v 5.0000 16.0000 3.0000
v 5.0000 16.0000 2.0000
v 5.0000 16.0000 1.0000
v 5.0000 16.0000 0.0000
v 5.0000 16.0000 -1.0000
v 5.0000 16.0000 -2.0000
v 5.0000 16.0000 -3.0000
v 5.0000 16.0000 -4.0000
v 5.0000 16.0000 -5.0000
v 5.0000 16.0000 -6.0000
v 5.0000 16.0000 -7.0000
v 5.0000 17.0000 -8.0000
v 5.0000 16.0000 -8.0000
v 5.0000 18.0000 -8.0000
v 5.0000 19.0000 -8.0000
v 5.0000 20.0000 -8.0000
v 5.0000 21.0000 -8.0000
v 6.0000 16.0000 8.0000
v 6.0000 17.0000 8.0000
v 6.0000 16.0000 7.0000
v 6.0000 18.0000 8.0000
v 6.0000 19.0000 8.0000
v 6.0000 20.0000 8.0000
v 6.0000 21.0000 8.0000
v 6.0000 16.0000 6.0000
v 6.0000 16.0000 5.0000
v 6.0000 16.0000 4.0000
v 6.0000 16.0000 3.0000
v 6.0000 16.0000 2.0000
v 6.0000 16.0000 1.0000
v 6.0000 16.0000 0.0000
v 6.0000 16.0000 -1.0000
v 6.0000 16.0000 -2.0000
v 6.0000 16.0000 -3.0000
v 6.0000 16.0000 -4.0000
v 6.0000 16.0000 -5.0000
v 6.0000 16.0000 -6.0000
v 6.0000 16.0000 -7.0000
v 6.0000 17.0000 -8.0000
v 6.0000 16.0000 -8.0000
v 6.0000 18.0000 -8.0000
v 6.0000 19.0000 -8.0000
v 6.0000 20.0000 -8.0000
v 6.0000 21.0000 -8.0000
v 7.0000 16.0000 8.0000
v 7.0000 17.0000 8.0000
v 7.0000 16.0000 7.0000
v 7.0000 18.0000 8.0000
v 7.0000 19.0000 8.0000
v 7.0000 20.0000 8.0000
v 7.0000 21.0000 8.0000
v 7.0000 16.0000 6.0000
v 7.0000 16.0000 5.0000
v 7.0000 16.0000 4.0000
v 7.0000 16.0000 3.0000
v 7.0000 16.0000 2.0000
v 7.0000 16.0000 1.0000
v 7.0000 16.0000 0.0000
v 7.0000 16.0000 -1.0000
v 7.0000 16.0000 -2.0000
v 7.0000 16.0000 -3.0000
v 7.0000 16.0000 -4.0000
v 7.0000 16.0000 -5.0000
v 7.0000 16.0000 -6.0000
v 7.0000 16.0000 -7.0000
v 7.0000 17.0000 -8.0000
v 7.0000 16.0000 -8.0000
v 7.0000 21.0000 -8.0000
v 7.0000 20.0000 -8.0000
v 8.0000 16.0000 8.0000
v 8.0000 16.0000 7.0000
v 8.0000 17.0000 7.0000
v 8.0000 17.0000 8.0000
v 8.0000 18.0000 7.0000
v 8.0000 18.0000 8.0000
v 8.0000 19.0000 7.0000
v 8.0000 19.0000 8.0000
v 8.0000 20.0000 7.0000
v 8.0000 20.0000 8.0000
v 8.0000 21.0000 7.0000
v 8.0000 21.0000 8.0000
v 8.0000 16.0000 6.0000
v 8.0000 17.0000 6.0000
v 8.0000 18.0000 6.0000
v 8.0000 19.0000 6.0000
v 8.0000 20.0000 6.0000
v 8.0000 21.0000 6.0000
v 8.0000 16.0000 5.0000
v 8.0000 17.0000 5.0000
v 8.0000 18.0000 5.0000
v 8.0000 19.0000 5.0000
v 8.0000 20.0000 5.0000
v 8.0000 21.0000 5.0000
v 8.0000 16.0000 4.0000
v 8.0000 17.0000 4.0000
v 8.0000 18.0000 4.0000
v 8.0000 19.0000 4.0000
v 8.0000 20.0000 4.0000
v 8.0000 21.0000 4.0000
v 8.0000 16.0000 3.0000
v 8.0000 17.0000 3.0000
v 8.0000 18.0000 3.0000
v 8.0000 19.0000 3.0000
v 8.0000 20.0000 3.0000
v 8.0000 21.0000 3.0000
v 8.0000 16.0000 2.0000
v 8.0000 17.0000 2.0000
v 8.0000 18.0000 2.0000
v 8.0000 19.0000 2.0000
v 8.0000 20.0000 2.0000
v 8.0000 21.0000 2.0000
v 8.0000 16.0000 1.0000
v 8.0000 17.0000 1.0000
v 8.0000 18.0000 1.0000
v 8.0000 19.0000 1.0000
v 8.0000 20.0000 1.0000
v 8.0000 21.0000 1.0000
v 8.0000 16.0000 0.0000
v 8.0000 17.0000 0.0000
v 8.0000 18.0000 0.0000
v 8.0000 19.0000 0.0000
v 8.0000 20.0000 0.0000
v 8.0000 21.0000 0.0000
v 8.0000 16.0000 -1.0000
v 8.0000 17.0000 -1.0000
v 8.0000 18.0000 -1.0000
v 8.0000 19.0000 -1.0000
v 8.0000 20.0000 -1.0000
v 8.0000 21.0000 -1.0000
v 8.0000 16.0000 -2.0000
v 8.0000 17.0000 -2.0000
v 8.0000 18.0000 -2.0000
v 8.0000 19.0000 -2.0000
v 8.0000 20.0000 -2.0000
v 8.0000 21.0000 -2.0000
v 8.0000 16.0000 -3.0000
v 8.0000 17.0000 -3.0000
v 8.0000 18.0000 -3.0000
v 8.0000 19.0000 -3.0000
v 8.0000 20.0000 -3.0000
v 8.0000 21.0000 -3.0000
v 8.0000 16.0000 -4.0000
v 8.0000 17.0000 -4.0000
v 8.0000 18.0000 -4.0000
v 8.0000 19.0000 -4.0000
v 8.0000 20.0000 -4.0000
v 8.0000 21.0000 -4.0000
v 8.0000 16.0000 -5.0000
v 8.0000 17.0000 -5.0000
v 8.0000 18.0000 -5.0000
v 8.0000 19.0000 -5.0000
v 8.0000 20.0000 -5.0000
v 8.0000 21.0000 -5.0000
v 8.0000 16.0000 -6.0000
v 8.0000 17.0000 -6.0000
v 8.0000 18.0000 -6.0000
v 8.0000 19.0000 -6.0000
v 8.0000 20.0000 -6.0000
v 8.0000 21.0000 -6.0000
v 8.0000 16.0000 -7.0000
v 8.0000 17.0000 -7.0000
v 8.0000 20.0000 -7.0000
v 8.0000 21.0000 -7.0000
v 8.0000 16.0000 -8.0000
v 8.0000 17.0000 -8.0000
v 8.0000 20.0000 -8.0000
v 8.0000 21.0000 -8.0000
v -11.0000 21.0000 11.0000
v -10.0000 21.0000 11.0000
v -10.0000 22.0000 11.0000
v -11.0000 22.0000 11.0000
v -10.0000 23.0000 11.0000
v -11.0000 23.0000 11.0000
v -11.0000 24.0000 11.0000
v -11.0000 24.0000 10.0000
v -11.0000 23.0000 10.0000
v -10.0000 24.0000 11.0000
v -11.0000 25.0000 11.0000
v -11.0000 25.0000 10.0000
v -10.0000 25.0000 11.0000
v -11.0000 26.0000 11.0000
v -11.0000 26.0000 10.0000
v -10.0000 26.0000 11.0000
v -11.0000 27.0000 11.0000
v -11.0000 27.0000 10.0000
v -10.0000 27.0000 11.0000
v -11.0000 28.0000 11.0000
v -11.0000 28.0000 10.0000
v -10.0000 28.0000 11.0000
v -11.0000 29.0000 11.0000
v -11.0000 29.0000 10.0000
v -10.0000 29.0000 11.0000
v -11.0000 30.0000 11.0000
v -11.0000 30.0000 10.0000
v -10.0000 30.0000 11.0000
v -11.0000 31.0000 11.0000
v -11.0000 31.0000 10.0000
v -10.0000 31.0000 11.0000
v -11.0000 24.0000 9.0000
v -11.0000 23.0000 9.0000
v -11.0000 25.0000 9.0000
v -11.0000 26.0000 9.0000
v -11.0000 27.0000 9.0000
v -11.0000 28.0000 9.0000
v -11.0000 29.0000 9.0000
v -11.0000 30.0000 9.0000
v -11.0000 31.0000 9.0000
v -11.0000 21.0000 9.0000
v -11.0000 22.0000 9.0000
v -11.0000 22.0000 8.0000
v -11.0000 21.0000 8.0000
v -11.0000 23.0000 8.0000
v -11.0000 24.0000 8.0000
v -11.0000 25.0000 8.0000
v -11.0000 26.0000 8.0000
v -11.0000 27.0000 8.0000
v -11.0000 28.0000 8.0000
v -11.0000 29.0000 8.0000
v -11.0000 30.0000 8.0000
v -11.0000 31.0000 8.0000
v -11.0000 22.0000 7.0000
v -11.0000 21.0000 7.0000
v -10.0000 21.0000 7.0000
v -10.0000 21.0000 8.0000
v -11.0000 23.0000 7.0000
v -11.0000 24.0000 7.0000
v -11.0000 25.0000 7.0000
v -11.0000 26.0000 7.0000
v -11.0000 27.0000 7.0000
v -11.0000 28.0000 7.0000
v -11.0000 29.0000 7.0000
v -11.0000 30.0000 7.0000
v -11.0000 31.0000 7.0000
v -11.0000 22.0000 6.0000
v -11.0000 21.0000 6.0000
v -10.0000 21.0000 6.0000
v -11.0000 23.0000 6.0000
v -11.0000 24.0000 6.0000
v -11.0000 25.0000 6.0000
v -11.0000 26.0000 6.0000
v -11.0000 27.0000 6.0000
v -11.0000 28.0000 6.0000
v -11.0000 29.0000 6.0000
v -11.0000 30.0000 6.0000
v -11.0000 31.0000 6.0000
v -11.0000 22.0000 5.0000
v -11.0000 21.0000 5.0000
v -10.0000 21.0000 5.0000
v -11.0000 23.0000 5.0000
v -11.0000 24.0000 5.0000
v -11.0000 25.0000 5.0000
v -11.0000 26.0000 5.0000
v -11.0000 27.0000 5.0000
v -11.0000 28.0000 5.0000
v -11.0000 29.0000 5.0000
v -11.0000 30.0000 5.0000
v -11.0000 31.0000 5.0000
v -11.0000 22.0000 4.0000
v -11.0000 21.0000 4.0000
v -10.0000 21.0000 4.0000
v -11.0000 23.0000 4.0000
v -11.0000 24.0000 4.0000
v -11.0000 25.0000 4.0000
v -11.0000 26.0000 4.0000
v -11.0000 27.0000 4.0000
v -11.0000 28.0000 4.0000
v -11.0000 29.0000 4.0000
v -11.0000 30.0000 4.0000
v -11.0000 31.0000 4.0000
v -11.0000 22.0000 3.0000
v -11.0000 21.0000 3.0000
v -10.0000 21.0000 3.0000
v -11.0000 23.0000 3.0000
v -11.0000 24.0000 3.0000
v -11.0000 25.0000 3.0000
v -11.0000 26.0000 3.0000
v -11.0000 27.0000 3.0000
v -11.0000 28.0000 3.0000
v -11.0000 29.0000 3.0000
v -11.0000 30.0000 3.0000
v -11.0000 31.0000 3.0000
v -11.0000 22.0000 2.0000
v -11.0000 21.0000 2.0000
v -10.0000 21.0000 2.0000
v -11.0000 23.0000 2.0000
v -11.0000 24.0000 2.0000
v -11.0000 25.0000 2.0000
v -11.0000 26.0000 2.0000
v -11.0000 27.0000 2.0000
v -11.0000 28.0000 2.0000
v -11.0000 29.0000 2.0000
v -11.0000 30.0000 2.0000
v -11.0000 31.0000 2.0000
v -11.0000 22.0000 1.0000
v -11.0000 21.0000 1.0000
v -10.0000 21.0000 1.0000
v -11.0000 23.0000 1.0000
v -11.0000 24.0000 1.0000
v -11.0000 25.0000 1.0000
v -11.0000 26.0000 1.0000
v -11.0000 27.0000 1.0000
v -11.0000 28.0000 1.0000
v -11.0000 29.0000 1.0000
v -11.0000 30.0000 1.0000
v -11.0000 31.0000 1.0000
v -11.0000 22.0000 0.0000
v -11.0000 21.0000 0.0000
v -10.0000 21.0000 0.0000
v -11.0000 23.0000 0.0000
v -11.0000 24.0000 0.0000
v -11.0000 25.0000 0.0000
v -11.0000 26.0000 0.0000
v -11.0000 27.0000 0.0000
v -11.0000 28.0000 0.0000
v -11.0000 29.0000 0.0000
v -11.0000 30.0000 0.0000
v -11.0000 31.0000 0.0000
v -11.0000 22.0000 -1.0000
v -11.0000 21.0000 -1.0000
v -10.0000 21.0000 -1.0000
v -11.0000 23.0000 -1.0000
v -11.0000 24.0000 -1.0000
v -11.0000 25.0000 -1.0000
v -11.0000 26.0000 -1.0000
v -11.0000 27.0000 -1.0000
v -11.0000 28.0000 -1.0000
v -11.0000 29.0000 -1.0000
v -11.0000 30.0000 -1.0000
v -11.0000 31.0000 -1.0000
v -11.0000 22.0000 -2.0000
v -11.0000 21.0000 -2.0000
v -10.0000 21.0000 -2.0000
v -11.0000 23.0000 -2.0000
v -11.0000 24.0000 -2.0000
v -11.0000 25.0000 -2.0000
v -11.0000 26.0000 -2.0000
v -11.0000 27.0000 -2.0000
v -11.0000 28.0000 -2.0000
v -11.0000 29.0000 -2.0000
v -11.0000 30.0000 -2.0000
v -11.0000 31.0000 -2.0000
v -11.0000 22.0000 -3.0000
v -11.0000 21.0000 -3.0000
v -10.0000 21.0000 -3.0000
v -11.0000 23.0000 -3.0000
v -11.0000 24.0000 -3.0000
v -11.0000 25.0000 -3.0000
v -11.0000 26.0000 -3.0000
v -11.0000 27.0000 -3.0000
v -11.0000 28.0000 -3.0000
v -11.0000 29.0000 -3.0000
v -11.0000 30.0000 -3.0000
v -11.0000 31.0000 -3.0000
v -11.0000 22.0000 -4.0000
v -11.0000 21.0000 -4.0000
v -10.0000 21.0000 -4.0000
v -11.0000 23.0000 -4.0000
v -11.0000 24.0000 -4.0000
v -11.0000 25.0000 -4.0000
v -11.0000 26.0000 -4.0000
v -11.0000 27.0000 -4.0000
v -11.0000 28.0000 -4.0000
v -11.0000 29.0000 -4.0000
v -11.0000 30.0000 -4.0000
v -11.0000 31.0000 -4.0000
v -11.0000 22.0000 -5.0000
v -11.0000 21.0000 -5.0000
v -10.0000 21.0000 -5.0000
v -11.0000 23.0000 -5.0000
v -11.0000 24.0000 -5.0000
v -11.0000 25.0000 -5.0000
v -11.0000 26.0000 -5.0000
v -11.0000 27.0000 -5.0000
v -11.0000 28.0000 -5.0000
v -11.0000 29.0000 -5.0000
v -11.0000 30.0000 -5.0000
v -11.0000 31.0000 -5.0000
v -11.0000 22.0000 -6.0000
v -11.0000 21.0000 -6.0000
v -10.0000 21.0000 -6.0000
v -11.0000 23.0000 -6.0000
v -11.0000 24.0000 -6.0000
v -11.0000 25.0000 -6.0000
v -11.0000 26.0000 -6.0000
v -11.0000 27.0000 -6.0000
v -11.0000 28.0000 -6.0000
v -11.0000 29.0000 -6.0000
v -11.0000 30.0000 -6.0000
v -11.0000 31.0000 -6.0000
v -11.0000 22.0000 -7.0000
v -11.0000 21.0000 -7.0000
v -10.0000 21.0000 -7.0000
v -11.0000 23.0000 -7.0000
v -11.0000 24.0000 -7.0000
v -11.0000 25.0000 -7.0000
v -11.0000 26.0000 -7.0000
v -11.0000 27.0000 -7.0000
v -11.0000 28.0000 -7.0000
v -11.0000 29.0000 -7.0000
v -11.0000 30.0000 -7.0000
v -11.0000 31.0000 -7.0000
v -11.0000 22.0000 -8.0000
v -11.0000 21.0000 -8.0000
v -10.0000 21.0000 -8.0000
v -11.0000 23.0000 -8.0000
v -11.0000 24.0000 -8.0000
v -11.0000 25.0000 -8.0000
v -11.0000 26.0000 -8.0000
v -11.0000 27.0000 -8.0000
v -11.0000 28.0000 -8.0000
v -11.0000 29.0000 -8.0000
v -11.0000 30.0000 -8.0000
v -11.0000 31.0000 -8.0000
v -11.0000 22.0000 -9.0000
v -11.0000 21.0000 -9.0000
v -10.0000 21.0000 -9.0000
v -11.0000 23.0000 -9.0000
v -11.0000 24.0000 -9.0000
v -11.0000 25.0000 -9.0000
v -11.0000 26.0000 -9.0000
v -11.0000 27.0000 -9.0000
v -11.0000 28.0000 -9.0000
v -11.0000 29.0000 -9.0000
v -11.0000 30.0000 -9.0000
v -11.0000 31.0000 -9.0000
v -11.0000 22.0000 -10.0000
v -11.0000 21.0000 -10.0000
v -10.0000 21.0000 -10.0000
v -11.0000 23.0000 -10.0000
v -11.0000 24.0000 -10.0000
v -11.0000 25.0000 -10.0000
v -11.0000 26.0000 -10.0000
v -11.0000 27.0000 -10.0000
v -11.0000 28.0000 -10.0000
v -11.0000 29.0000 -10.0000
v -11.0000 30.0000 -10.0000
v -11.0000 31.0000 -10.0000
v -11.0000 22.0000 -11.0000
v -11.0000 21.0000 -11.0000
v -10.0000 22.0000 -11.0000
v -10.0000 21.0000 -11.0000
v -11.0000 23.0000 -11.0000
v -10.0000 23.0000 -11.0000
v -11.0000 24.0000 -11.0000
v -10.0000 24.0000 -11.0000
v -11.0000 25.0000 -11.0000
v -10.0000 25.0000 -11.0000
v -11.0000 26.0000 -11.0000
v -10.0000 26.0000 -11.0000
v -11.0000 27.0000 -11.0000
v -10.0000 27.0000 -11.0000
v -11.0000 28.0000 -11.0000
v -10.0000 28.0000 -11.0000
v -11.0000 29.0000 -11.0000
v -10.0000 29.0000 -11.0000
v -11.0000 30.0000 -11.0000
v -10.0000 30.0000 -11.0000
v -11.0000 31.0000 -11.0000
v -10.0000 31.0000 -11.0000
v -9.0000 21.0000 11.0000
v -9.0000 22.0000 11.0000
v -9.0000 23.0000 11.0000
v -9.0000 24.0000 11.0000
v -9.0000 25.0000 11.0000
v -9.0000 26.0000 11.0000
v -9.0000 27.0000 11.0000
v -9.0000 28.0000 11.0000
v -9.0000 29.0000 11.0000
v -9.0000 30.0000 11.0000
v -9.0000 31.0000 11.0000
v -9.0000 21.0000 7.0000
v -9.0000 21.0000 8.0000
v -9.0000 21.0000 6.0000
v -9.0000 21.0000 5.0000
v -9.0000 21.0000 4.0000
v -9.0000 21.0000 3.0000
v -9.0000 21.0000 2.0000
v -9.0000 21.0000 1.0000
v -9.0000 21.0000 0.0000
v -9.0000 21.0000 -1.0000
v -9.0000 21.0000 -2.0000
v -9.0000 21.0000 -3.0000
v -9.0000 21.0000 -4.0000
v -9.0000 21.0000 -5.0000
v -9.0000 21.0000 -6.0000
v -9.0000 21.0000 -7.0000
v -9.0000 21.0000 -8.0000
v -9.0000 21.0000 -9.0000
v -9.0000 21.0000 -10.0000
v -9.0000 22.0000 -11.0000
v -9.0000 21.0000 -11.0000
v -9.0000 23.0000 -11.0000
v -9.0000 24.0000 -11.0000
v -9.0000 25.0000 -11.0000
v -9.0000 26.0000 -11.0000
v -9.0000 27.0000 -11.0000
v -9.0000 28.0000 -11.0000
v -9.0000 29.0000 -11.0000
v -9.0000 30.0000 -11.0000
v -9.0000 31.0000 -11.0000
v -8.0000 21.0000 11.0000
v -8.0000 22.0000 11.0000
v -9.0000 21.0000 10.0000
v -8.0000 21.0000 10.0000
v -8.0000 23.0000 11.0000
v -8.0000 24.0000 11.0000
v -8.0000 25.0000 11.0000
v -8.0000 26.0000 11.0000
v -8.0000 27.0000 11.0000
v -8.0000 28.0000 11.0000
v -8.0000 29.0000 11.0000
v -8.0000 30.0000 11.0000
v -8.0000 31.0000 11.0000
v -9.0000 21.0000 9.0000
v -8.0000 21.0000 9.0000
v -8.0000 21.0000 -9.0000
v -8.0000 21.0000 -10.0000
v -8.0000 22.0000 -11.0000
v -8.0000 21.0000 -11.0000
v -8.0000 23.0000 -11.0000
v -8.0000 24.0000 -11.0000
v -8.0000 25.0000 -11.0000
v -8.0000 26.0000 -11.0000
v -8.0000 27.0000 -11.0000
v -8.0000 28.0000 -11.0000
v -8.0000 29.0000 -11.0000
v -8.0000 30.0000 -11.0000
v -8.0000 31.0000 -11.0000
v -7.0000 21.0000 11.0000
v -7.0000 22.0000 11.0000
v -7.0000 21.0000 10.0000
v -7.0000 23.0000 11.0000
v -7.0000 24.0000 11.0000
v -7.0000 25.0000 11.0000
v -7.0000 26.0000 11.0000
v -7.0000 27.0000 11.0000
v -7.0000 28.0000 11.0000
v -7.0000 29.0000 11.0000
v -7.0000 30.0000 11.0000
v -7.0000 31.0000 11.0000
v -7.0000 21.0000 9.0000
v -7.0000 21.0000 -9.0000
v -7.0000 21.0000 -10.0000
v -7.0000 22.0000 -11.0000
v -7.0000 21.0000 -11.0000
v -7.0000 23.0000 -11.0000
v -7.0000 24.0000 -11.0000
v -7.0000 25.0000 -11.0000
v -7.0000 26.0000 -11.0000
v -7.0000 27.0000 -11.0000
v -7.0000 28.0000 -11.0000
v -7.0000 29.0000 -11.0000
v -7.0000 30.0000 -11.0000
v -7.0000 31.0000 -11.0000
v -6.0000 21.0000 11.0000
v -6.0000 22.0000 11.0000
v -6.0000 21.0000 10.0000
v -6.0000 23.0000 11.0000
v -6.0000 24.0000 11.0000
v -6.0000 25.0000 11.0000
v -6.0000 26.0000 11.0000
v -6.0000 27.0000 11.0000
v -6.0000 28.0000 11.0000
v -6.0000 29.0000 11.0000
v -6.0000 30.0000 11.0000
v -6.0000 31.0000 11.0000
v -6.0000 21.0000 9.0000
v -6.0000 21.0000 -9.0000
v -6.0000 21.0000 -10.0000
v -6.0000 22.0000 -11.0000
v -6.0000 21.0000 -11.0000
v -6.0000 23.0000 -11.0000
v -6.0000 24.0000 -11.0000
v -6.0000 25.0000 -11.0000
v -6.0000 26.0000 -11.0000
v -6.0000 27.0000 -11.0000
v -6.0000 28.0000 -11.0000
v -6.0000 29.0000 -11.0000
v -6.0000 30.0000 -11.0000
v -6.0000 31.0000 -11.0000
v -5.0000 21.0000 11.0000
v -5.0000 22.0000 11.0000
v -5.0000 21.0000 10.0000
v -5.0000 23.0000 11.0000
v -5.0000 24.0000 11.0000
v -5.0000 25.0000 11.0000
v -5.0000 26.0000 11.0000
v -5.0000 27.0000 11.0000
v -5.0000 28.0000 11.0000
v -5.0000 29.0000 11.0000
v -5.0000 30.0000 11.0000
v -5.0000 31.0000 11.0000
v -5.0000 21.0000 9.0000
v -5.0000 21.0000 -9.0000
v -5.0000 21.0000 -10.0000
v -5.0000 22.0000 -11.0000
v -5.0000 21.0000 -11.0000
v -5.0000 23.0000 -11.0000
v -5.0000 24.0000 -11.0000
v -5.0000 25.0000 -11.0000
v -5.0000 26.0000 -11.0000
v -5.0000 27.0000 -11.0000
v -5.0000 28.0000 -11.0000
v -5.0000 29.0000 -11.0000
v -5.0000 30.0000 -11.0000
v -5.0000 31.0000 -11.0000
v -4.0000 21.0000 11.0000
v -4.0000 22.0000 11.0000
v -4.0000 21.0000 10.0000
v -4.0000 23.0000 11.0000
v -4.0000 24.0000 11.0000
v -4.0000 25.0000 11.0000
v -4.0000 26.0000 11.0000
v -4.0000 27.0000 11.0000
v -4.0000 28.0000 11.0000
v -4.0000 29.0000 11.0000
v -4.0000 30.0000 11.0000
v -4.0000 31.0000 11.0000
v -4.0000 21.0000 9.0000
v -4.0000 21.0000 -9.0000
v -4.0000 21.0000 -10.0000
v -4.0000 22.0000 -11.0000
v -4.0000 21.0000 -11.0000
v -4.0000 23.0000 -11.0000
v -4.0000 24.0000 -11.0000
v -4.0000 25.0000 -11.0000
v -4.0000 26.0000 -11.0000
v -4.0000 27.0000 -11.0000
v -4.0000 28.0000 -11.0000
v -4.0000 29.0000 -11.0000
v -4.0000 30.0000 -11.0000
v -4.0000 31.0000 -11.0000
v -3.0000 21.0000 11.0000
v -3.0000 22.0000 11.0000
v -3.0000 21.0000 10.0000
v -3.0000 23.0000 11.0000
v -3.0000 24.0000 11.0000
v -3.0000 25.0000 11.0000
v -3.0000 26.0000 11.0000
v -3.0000 27.0000 11.0000
v -3.0000 28.0000 11.0000
v -3.0000 29.0000 11.0000
v -3.0000 30.0000 11.0000
v -3.0000 31.0000 11.0000
v -3.0000 21.0000 9.0000
v -3.0000 21.0000 -9.0000
v -3.0000 21.0000 -10.0000
v -3.0000 22.0000 -11.0000
v -3.0000 21.0000 -11.0000
v -3.0000 23.0000 -11.0000
v -3.0000 24.0000 -11.0000
v -3.0000 25.0000 -11.0000
v -3.0000 26.0000 -11.0000
v -3.0000 27.0000 -11.0000
v -3.0000 28.0000 -11.0000
v -3.0000 29.0000 -11.0000
v -3.0000 30.0000 -11.0000
v -3.0000 31.0000 -11.0000
v -2.0000 21.0000 11.0000
v -2.0000 22.0000 11.0000
v -2.0000 21.0000 10.0000
v -2.0000 23.0000 11.0000
v -2.0000 24.0000 11.0000
v -2.0000 25.0000 11.0000
v -2.0000 26.0000 11.0000
v -2.0000 27.0000 11.0000
v -2.0000 28.0000 11.0000
v -2.0000 29.0000 11.0000
v -2.0000 30.0000 11.0000
v -2.0000 31.0000 11.0000
v -2.0000 21.0000 9.0000
v -2.0000 21.0000 -9.0000
v -2.0000 21.0000 -10.0000
v -2.0000 22.0000 -11.0000
v -2.0000 21.0000 -11.0000
v -2.0000 23.0000 -11.0000
v -2.0000 24.0000 -11.0000
v -2.0000 25.0000 -11.0000
v -2.0000 26.0000 -11.0000
v -2.0000 27.0000 -11.0000
v -2.0000 28.0000 -11.0000
v -2.0000 29.0000 -11.0000
v -2.0000 30.0000 -11.0000
v -2.0000 31.0000 -11.0000
v -1.0000 21.0000 11.0000
v -1.0000 22.0000 11.0000
v -1.0000 21.0000 10.0000
v -1.0000 23.0000 11.0000
v -1.0000 24.0000 11.0000
v -1.0000 25.0000 11.0000
v -1.0000 26.0000 11.0000
v -1.0000 27.0000 11.0000
v -1.0000 28.0000 11.0000
v -1.0000 29.0000 11.0000
v -1.0000 30.0000 11.0000
v -1.0000 31.0000 11.0000
v -1.0000 21.0000 9.0000
v -1.0000 21.0000 -9.0000
v -1.0000 21.0000 -10.0000
v -1.0000 22.0000 -11.0000
v -1.0000 21.0000 -11.0000
v -1.0000 23.0000 -11.0000
v -1.0000 24.0000 -11.0000
v -1.0000 25.0000 -11.0000
v -1.0000 26.0000 -11.0000
v -1.0000 27.0000 -11.0000
v -1.0000 28.0000 -11.0000
v -1.0000 29.0000 -11.0000
v -1.0000 30.0000 -11.0000
v -1.0000 31.0000 -11.0000
v 0.0000 21.0000 11.0000
v 0.0000 22.0000 11.0000
v 0.0000 21.0000 10.0000
v 0.0000 23.0000 11.0000
v 0.0000 24.0000 11.0000
v 0.0000 25.0000 11.0000
v 0.0000 26.0000 11.0000
v 0.0000 27.0000 11.0000
v 0.0000 28.0000 11.0000
v 0.0000 29.0000 11.0000
v 0.0000 30.0000 11.0000
v 0.0000 31.0000 11.0000
v 0.0000 21.0000 9.0000
v 0.0000 21.0000 -9.0000
v 0.0000 21.0000 -10.0000
v 0.0000 22.0000 -11.0000
v 0.0000 21.0000 -11.0000
v 0.0000 23.0000 -11.0000
v 0.0000 24.0000 -11.0000
v 0.0000 25.0000 -11.0000
v 0.0000 26.0000 -11.0000
v 0.0000 27.0000 -11.0000
v 0.0000 28.0000 -11.0000
v 0.0000 29.0000 -11.0000
v 0.0000 30.0000 -11.0000
v 0.0000 31.0000 -11.0000
v 1.0000 21.0000 11.0000
v 1.0000 22.0000 11.0000
v 1.0000 21.0000 10.0000
v 1.0000 23.0000 11.0000
v 1.0000 24.0000 11.0000
v 1.0000 25.0000 11.0000
v 1.0000 26.0000 11.0000
v 1.0000 27.0000 11.0000
v 1.0000 28.0000 11.0000
v 1.0000 29.0000 11.0000
v 1.0000 30.0000 11.0000
v 1.0000 31.0000 11.0000
v 1.0000 21.0000 9.0000
v 1.0000 21.0000 -9.0000
v 1.0000 21.0000 -10.0000
v 1.0000 22.0000 -11.0000
v 1.0000 21.0000 -11.0000
v 1.0000 23.0000 -11.0000
v 1.0000 24.0000 -11.0000
v 1.0000 25.0000 -11.0000
v 1.0000 26.0000 -11.0000
v 1.0000 27.0000 -11.0000
v 1.0000 28.0000 -11.0000
v 1.0000 29.0000 -11.0000
v 1.0000 30.0000 -11.0000
v 1.0000 31.0000 -11.0000
v 2.0000 21.0000 11.0000
v 2.0000 22.0000 11.0000
v 2.0000 21.0000 10.0000
v 2.0000 23.0000 11.0000
v 2.0000 24.0000 11.0000
v 2.0000 25.0000 11.0000
v 2.0000 26.0000 11.0000
v 2.0000 27.0000 11.0000
v 2.0000 28.0000 11.0000
v 2.0000 29.0000 11.0000
v 2.0000 30.0000 11.0000
v 2.0000 31.0000 11.0000
v 2.0000 21.0000 9.0000
v 2.0000 21.0000 -9.0000
v 2.0000 21.0000 -10.0000
v 2.0000 22.0000 -11.0000
v 2.0000 21.0000 -11.0000
v 2.0000 23.0000 -11.0000
v 2.0000 24.0000 -11.0000
v 2.0000 25.0000 -11.0000
v 2.0000 26.0000 -11.0000
v 2.0000 27.0000 -11.0000
v 2.0000 28.0000 -11.0000
v 2.0000 29.0000 -11.0000
v 2.0000 30.0000 -11.0000
v 2.0000 31.0000 -11.0000
v 3.0000 21.0000 11.0000
v 3.0000 22.0000 11.0000
v 3.0000 21.0000 10.0000
v 3.0000 23.0000 11.0000
v 3.0000 24.0000 11.0000
v 3.0000 25.0000 11.0000
v 3.0000 26.0000 11.0000
v 3.0000 27.0000 11.0000
v 3.0000 28.0000 11.0000
v 3.0000 29.0000 11.0000
v 3.0000 30.0000 11.0000
v 3.0000 31.0000 11.0000
v 3.0000 21.0000 9.0000
v 3.0000 21.0000 -9.0000
v 3.0000 21.0000 -10.0000
v 3.0000 22.0000 -11.0000
v 3.0000 21.0000 -11.0000
v 3.0000 23.0000 -11.0000
v 3.0000 24.0000 -11.0000
v 3.0000 25.0000 -11.0000
v 3.0000 26.0000 -11.0000
v 3.0000 27.0000 -11.0000
v 3.0000 28.0000 -11.0000
v 3.0000 29.0000 -11.0000
v 3.0000 30.0000 -11.0000
v 3.0000 31.0000 -11.0000
v 4.0000 21.0000 11.0000
v 4.0000 22.0000 11.0000
v 4.0000 21.0000 10.0000
v 4.0000 23.0000 11.0000
v 4.0000 24.0000 11.0000
v 4.0000 25.0000 11.0000
v 4.0000 26.0000 11.0000
v 4.0000 27.0000 11.0000
v 4.0000 28.0000 11.0000
v 4.0000 29.0000 11.0000
v 4.0000 30.0000 11.0000
v 4.0000 31.0000 11.0000
v 4.0000 21.0000 9.0000
v 4.0000 21.0000 -9.0000
v 4.0000 21.0000 -10.0000
v 4.0000 22.0000 -11.0000
v 4.0000 21.0000 -11.0000
v 4.0000 23.0000 -11.0000
v 4.0000 24.0000 -11.0000
v 4.0000 25.0000 -11.0000
v 4.0000 26.0000 -11.0000
v 4.0000 27.0000 -11.0000
v 4.0000 28.0000 -11.0000
v 4.0000 29.0000 -11.0000
v 4.0000 30.0000 -11.0000
v 4.0000 31.0000 -11.0000
v 5.0000 21.0000 11.0000
v 5.0000 22.0000 11.0000
v 5.0000 21.0000 10.0000
v 5.0000 23.0000 11.0000
v 5.0000 24.0000 11.0000
v 5.0000 25.0000 11.0000
v 5.0000 26.0000 11.0000
v 5.0000 27.0000 11.0000
v 5.0000 28.0000 11.0000
v 5.0000 29.0000 11.0000
v 5.0000 30.0000 11.0000
v 5.0000 31.0000 11.0000
v 5.0000 21.0000 9.0000
v 5.0000 21.0000 -9.0000
v 5.0000 21.0000 -10.0000
v 5.0000 22.0000 -11.0000
v 5.0000 21.0000 -11.0000
v 5.0000 23.0000 -11.0000
v 5.0000 24.0000 -11.0000
v 5.0000 25.0000 -11.0000
v 5.0000 26.0000 -11.0000
v 5.0000 27.0000 -11.0000
v 5.0000 28.0000 -11.0000
v 5.0000 29.0000 -11.0000
v 5.0000 30.0000 -11.0000
v 5.0000 31.0000 -11.0000
v 6.0000 21.0000 11.0000
v 6.0000 22.0000 11.0000
v 6.0000 21.0000 10.0000
v 6.0000 23.0000 11.0000
v 6.0000 24.0000 11.0000
v 6.0000 25.0000 11.0000
v 6.0000 26.0000 11.0000
v 6.0000 27.0000 11.0000
v 6.0000 28.0000 11.0000
v 6.0000 29.0000 11.0000
v 6.0000 30.0000 11.0000
v 6.0000 31.0000 11.0000
v 6.0000 21.0000 9.0000
v 6.0000 21.0000 -9.0000
v 6.0000 21.0000 -10.0000
v 6.0000 22.0000 -11.0000
v 6.0000 21.0000 -11.0000
v 6.0000 23.0000 -11.0000
v 6.0000 24.0000 -11.0000
v 6.0000 25.0000 -11.0000
v 6.0000 26.0000 -11.0000
v 6.0000 27.0000 -11.0000
v 6.0000 28.0000 -11.0000
v 6.0000 29.0000 -11.0000
v 6.0000 30.0000 -11.0000
v 6.0000 31.0000 -11.0000
v 7.0000 21.0000 11.0000
v 7.0000 22.0000 11.0000
v 7.0000 21.0000 10.0000
v 7.0000 23.0000 11.0000
v 7.0000 24.0000 11.0000
v 7.0000 25.0000 11.0000
v 7.0000 26.0000 11.0000
v 7.0000 27.0000 11.0000
v 7.0000 28.0000 11.0000
v 7.0000 29.0000 11.0000
v 7.0000 30.0000 11.0000
v 7.0000 31.0000 11.0000
v 7.0000 21.0000 9.0000
v 7.0000 21.0000 -9.0000
v 7.0000 21.0000 -10.0000
v 7.0000 22.0000 -11.0000
v 7.0000 21.0000 -11.0000
v 7.0000 23.0000 -11.0000
v 7.0000 24.0000 -11.0000
v 7.0000 25.0000 -11.0000
v 7.0000 26.0000 -11.0000
v 7.0000 27.0000 -11.0000
v 7.0000 28.0000 -11.0000
v 7.0000 29.0000 -11.0000
v 7.0000 30.0000 -11.0000
v 7.0000 31.0000 -11.0000
v 8.0000 21.0000 11.0000
v 8.0000 22.0000 11.0000
v 8.0000 21.0000 10.0000
v 8.0000 23.0000 11.0000
v 8.0000 24.0000 11.0000
v 8.0000 25.0000 11.0000
v 8.0000 26.0000 11.0000
v 8.0000 27.0000 11.0000
v 8.0000 28.0000 11.0000
v 8.0000 29.0000 11.0000
v 8.0000 30.0000 11.0000
v 8.0000 31.0000 11.0000
v 8.0000 21.0000 9.0000
v 8.0000 21.0000 -9.0000
v 8.0000 21.0000 -10.0000
v 8.0000 22.0000 -11.0000
v 8.0000 21.0000 -11.0000
v 8.0000 23.0000 -11.0000
v 8.0000 24.0000 -11.0000
v 8.0000 25.0000 -11.0000
v 8.0000 26.0000 -11.0000
v 8.0000 27.0000 -11.0000
v 8.0000 28.0000 -11.0000
v 8.0000 29.0000 -11.0000
v 8.0000 30.0000 -11.0000
v 8.0000 31.0000 -11.0000
v 9.0000 21.0000 11.0000
v 9.0000 22.0000 11.0000
v 9.0000 21.0000 10.0000
v 9.0000 23.0000 11.0000
v 9.0000 24.0000 11.0000
v 9.0000 25.0000 11.0000
v 9.0000 26.0000 11.0000
v 9.0000 27.0000 11.0000
v 9.0000 28.0000 11.0000
v 9.0000 29.0000 11.0000
v 9.0000 30.0000 11.0000
v 9.0000 31.0000 11.0000
v 9.0000 21.0000 9.0000
v 9.0000 21.0000 8.0000
v 9.0000 21.0000 7.0000
v 9.0000 21.0000 6.0000
v 9.0000 21.0000 5.0000
v 9.0000 21.0000 4.0000
v 9.0000 21.0000 3.0000
v 9.0000 21.0000 2.0000
v 9.0000 21.0000 1.0000
v 9.0000 21.0000 0.0000
v 9.0000 21.0000 -1.0000
v 9.0000 21.0000 -2.0000
v 9.0000 21.0000 -3.0000
v 9.0000 21.0000 -4.0000
v 9.0000 21.0000 -5.0000
v 9.0000 21.0000 -6.0000
v 9.0000 21.0000 -7.0000
v 9.0000 21.0000 -8.0000
v 9.0000 21.0000 -9.0000
v 9.0000 21.0000 -10.0000
v 9.0000 22.0000 -11.0000
v 9.0000 21.0000 -11.0000
v 9.0000 23.0000 -11.0000
v 9.0000 24.0000 -11.0000
v 9.0000 25.0000 -11.0000
v 9.0000 26.0000 -11.0000
v 9.0000 27.0000 -11.0000
v 9.0000 28.0000 -11.0000
v 9.0000 29.0000 -11.0000
v 9.0000 30.0000 -11.0000
v 9.0000 31.0000 -11.0000
v 10.0000 21.0000 11.0000
v 10.0000 22.0000 11.0000
v 10.0000 21.0000 10.0000
v 10.0000 23.0000 11.0000
v 10.0000 24.0000 11.0000
v 10.0000 25.0000 11.0000
v 10.0000 26.0000 11.0000
v 10.0000 27.0000 11.0000
v 10.0000 28.0000 11.0000
v 10.0000 29.0000 11.0000
v 10.0000 30.0000 11.0000
v 10.0000 31.0000 11.0000
v 10.0000 21.0000 9.0000
v 10.0000 21.0000 8.0000
v 10.0000 21.0000 7.0000
v 10.0000 21.0000 6.0000
v 10.0000 21.0000 5.0000
v 10.0000 21.0000 4.0000
v 10.0000 21.0000 3.0000
v 10.0000 21.0000 2.0000
v 10.0000 21.0000 1.0000
v 10.0000 21.0000 0.0000
v 10.0000 21.0000 -1.0000
v 10.0000 21.0000 -2.0000
v 10.0000 21.0000 -3.0000
v 10.0000 21.0000 -4.0000
v 10.0000 21.0000 -5.0000
v 10.0000 21.0000 -6.0000
v 10.0000 21.0000 -7.0000
v 10.0000 21.0000 -8.0000
v 10.0000 21.0000 -9.0000
v 10.0000 21.0000 -10.0000
v 10.0000 22.0000 -11.0000
v 10.0000 21.0000 -11.0000
v 10.0000 23.0000 -11.0000
v 10.0000 24.0000 -11.0000
v 10.0000 25.0000 -11.0000
v 10.0000 26.0000 -11.0000
v 10.0000 27.0000 -11.0000
v 10.0000 28.0000 -11.0000
v 10.0000 29.0000 -11.0000
v 10.0000 30.0000 -11.0000
v 10.0000 31.0000 -11.0000
v 11.0000 21.0000 11.0000
v 11.0000 21.0000 10.0000
v 11.0000 22.0000 10.0000
v 11.0000 22.0000 11.0000
v 11.0000 23.0000 10.0000
v 11.0000 23.0000 11.0000
v 11.0000 24.0000 10.0000
v 11.0000 24.0000 11.0000
v 11.0000 25.0000 10.0000
v 11.0000 25.0000 11.0000
v 11.0000 26.0000 10.0000
v 11.0000 26.0000 11.0000
v 11.0000 27.0000 10.0000
v 11.0000 27.0000 11.0000
v 11.0000 28.0000 10.0000
v 11.0000 28.0000 11.0000
v 11.0000 29.0000 10.0000
v 11.0000 29.0000 11.0000
v 11.0000 30.0000 10.0000
v 11.0000 30.0000 11.0000
v 11.0000 31.0000 10.0000
v 11.0000 31.0000 11.0000
v 11.0000 21.0000 9.0000
v 11.0000 22.0000 9.0000
v 11.0000 23.0000 9.0000
v 11.0000 24.0000 9.0000
v 11.0000 25.0000 9.0000
v 11.0000 26.0000 9.0000
v 11.0000 27.0000 9.0000
v 11.0000 28.0000 9.0000
v 11.0000 29.0000 9.0000
v 11.0000 30.0000 9.0000
v 11.0000 31.0000 9.0000
v 11.0000 21.0000 8.0000
v 11.0000 22.0000 8.0000
v 11.0000 23.0000 8.0000
v 11.0000 24.0000 8.0000
v 11.0000 25.0000 8.0000
v 11.0000 26.0000 8.0000
v 11.0000 27.0000 8.0000
v 11.0000 28.0000 8.0000
v 11.0000 29.0000 8.0000
v 11.0000 30.0000 8.0000
v 11.0000 31.0000 8.0000
v 11.0000 21.0000 7.0000
v 11.0000 22.0000 7.0000
v 11.0000 23.0000 7.0000
v 11.0000 24.0000 7.0000
v 11.0000 25.0000 7.0000
v 11.0000 26.0000 7.0000
v 11.0000 27.0000 7.0000
v 11.0000 28.0000 7.0000
v 11.0000 29.0000 7.0000
v 11.0000 30.0000 7.0000
v 11.0000 31.0000 7.0000
v 11.0000 21.0000 6.0000
v 11.0000 22.0000 6.0000
v 11.0000 23.0000 6.0000
v 11.0000 24.0000 6.0000
v 11.0000 25.0000 6.0000
v 11.0000 26.0000 6.0000
v 11.0000 27.0000 6.0000
v 11.0000 28.0000 6.0000
v 11.0000 29.0000 6.0000
v 11.0000 30.0000 6.0000
v 11.0000 31.0000 6.0000
v 11.0000 21.0000 5.0000
v 11.0000 22.0000 5.0000
v 11.0000 23.0000 5.0000
v 11.0000 24.0000 5.0000
v 11.0000 25.0000 5.0000
v 11.0000 26.0000 5.0000
v 11.0000 27.0000 5.0000
v 11.0000 28.0000 5.0000
v 11.0000 29.0000 5.0000
v 11.0000 30.0000 5.0000
v 11.0000 31.0000 5.0000
v 11.0000 21.0000 4.0000
v 11.0000 22.0000 4.0000
v 11.0000 23.0000 4.0000
v 11.0000 24.0000 4.0000
v 11.0000 25.0000 4.0000
v 11.0000 26.0000 4.0000
v 11.0000 27.0000 4.0000
v 11.0000 28.0000 4.0000
v 11.0000 29.0000 4.0000
v 11.0000 30.0000 4.0000
v 11.0000 31.0000 4.0000
v 11.0000 21.0000 3.0000
v 11.0000 22.0000 3.0000
v 11.0000 23.0000 3.0000
v 11.0000 24.0000 3.0000
v 11.0000 25.0000 3.0000
v 11.0000 26.0000 3.0000
v 11.0000 27.0000 3.0000
v 11.0000 28.0000 3.0000
v 11.0000 29.0000 3.0000
v 11.0000 30.0000 3.0000
v 11.0000 31.0000 3.0000
v 11.0000 21.0000 2.0000
v 11.0000 22.0000 2.0000
v 11.0000 23.0000 2.0000
v 11.0000 24.0000 2.0000
v 11.0000 25.0000 2.0000
v 11.0000 26.0000 2.0000
v 11.0000 27.0000 2.0000
v 11.0000 28.0000 2.0000
v 11.0000 29.0000 2.0000
v 11.0000 30.0000 2.0000
v 11.0000 31.0000 2.0000
v 11.0000 21.0000 1.0000
v 11.0000 22.0000 1.0000
v 11.0000 23.0000 1.0000
v 11.0000 24.0000 1.0000
v 11.0000 25.0000 1.0000
v 11.0000 26.0000 1.0000
v 11.0000 27.0000 1.0000
v 11.0000 28.0000 1.0000
v 11.0000 29.0000 1.0000
v 11.0000 30.0000 1.0000
v 11.0000 31.0000 1.0000
v 11.0000 21.0000 0.0000
v 11.0000 22.0000 0.0000
v 11.0000 23.0000 0.0000
v 11.0000 24.0000 0.0000
v 11.0000 25.0000 0.0000
v 11.0000 26.0000 0.0000
v 11.0000 27.0000 0.0000
v 11.0000 28.0000 0.0000
v 11.0000 29.0000 0.0000
v 11.0000 30.0000 0.0000
v 11.0000 31.0000 0.0000
v 11.0000 21.0000 -1.0000
v 11.0000 22.0000 -1.0000
v 11.0000 23.0000 -1.0000
v 11.0000 24.0000 -1.0000
v 11.0000 25.0000 -1.0000
v 11.0000 26.0000 -1.0000
v 11.0000 27.0000 -1.0000
v 11.0000 28.0000 -1.0000
v 11.0000 29.0000 -1.0000
v 11.0000 30.0000 -1.0000
v 11.0000 31.0000 -1.0000
v 11.0000 21.0000 -2.0000
v 11.0000 22.0000 -2.0000
v 11.0000 23.0000 -2.0000
v 11.0000 24.0000 -2.0000
v 11.0000 25.0000 -2.0000
v 11.0000 26.0000 -2.0000
v 11.0000 27.0000 -2.0000
v 11.0000 28.0000 -2.0000
v 11.0000 29.0000 -2.0000
v 11.0000 30.0000 -2.0000
v 11.0000 31.0000 -2.0000
v 11.0000 21.0000 -3.0000
v 11.0000 22.0000 -3.0000
v 11.0000 23.0000 -3.0000
v 11.0000 24.0000 -3.0000
v 11.0000 25.0000 -3.0000
v 11.0000 26.0000 -3.0000
v 11.0000 27.0000 -3.0000
v 11.0000 28.0000 -3.0000
v 11.0000 29.0000 -3.0000
v 11.0000 30.0000 -3.0000
v 11.0000 31.0000 -3.0000
v 11.0000 21.0000 -4.0000
v 11.0000 22.0000 -4.0000
v 11.0000 23.0000 -4.0000
v 11.0000 24.0000 -4.0000
v 11.0000 25.0000 -4.0000
v 11.0000 26.0000 -4.0000
v 11.0000 27.0000 -4.0000
v 11.0000 28.0000 -4.0000
v 11.0000 29.0000 -4.0000
v 11.0000 30.0000 -4.0000
v 11.0000 31.0000 -4.0000
v 11.0000 21.0000 -5.0000
v 11.0000 22.0000 -5.0000
v 11.0000 23.0000 -5.0000
v 11.0000 24.0000 -5.0000
v 11.0000 25.0000 -5.0000
v 11.0000 26.0000 -5.0000
v 11.0000 27.0000 -5.0000
v 11.0000 28.0000 -5.0000
v 11.0000 29.0000 -5.0000
v 11.0000 30.0000 -5.0000
v 11.0000 31.0000 -5.0000
v 11.0000 21.0000 -6.0000
v 11.0000 22.0000 -6.0000
v 11.0000 23.0000 -6.0000
v 11.0000 24.0000 -6.0000
v 11.0000 25.0000 -6.0000
v 11.0000 26.0000 -6.0000
v 11.0000 27.0000 -6.0000
v 11.0000 28.0000 -6.0000
v 11.0000 29.0000 -6.0000
v 11.0000 30.0000 -6.0000
v 11.0000 31.0000 -6.0000
v 11.0000 21.0000 -7.0000
v 11.0000 22.0000 -7.0000
v 11.0000 23.0000 -7.0000
v 11.0000 24.0000 -7.0000
v 11.0000 25.0000 -7.0000
v 11.0000 26.0000 -7.0000
v 11.0000 27.0000 -7.0000
v 11.0000 28.0000 -7.0000
v 11.0000 29.0000 -7.0000
v 11.0000 30.0000 -7.0000
v 11.0000 31.0000 -7.0000
v 11.0000 21.0000 -8.0000
v 11.0000 22.0000 -8.0000
v 11.0000 23.0000 -8.0000
v 11.0000 24.0000 -8.0000
v 11.0000 25.0000 -8.0000
v 11.0000 26.0000 -8.0000
v 11.0000 27.0000 -8.0000
v 11.0000 28.0000 -8.0000
v 11.0000 29.0000 -8.0000
v 11.0000 30.0000 -8.0000
v 11.0000 31.0000 -8.0000
v 11.0000 21.0000 -9.0000
v 11.0000 22.0000 -9.0000
v 11.0000 23.0000 -9.0000
v 11.0000 24.0000 -9.0000
v 11.0000 25.0000 -9.0000
v 11.0000 26.0000 -9.0000
v 11.0000 27.0000 -9.0000
v 11.0000 28.0000 -9.0000
v 11.0000 29.0000 -9.0000
v 11.0000 30.0000 -9.0000
v 11.0000 31.0000 -9.0000
v 11.0000 21.0000 -10.0000
v 11.0000 22.0000 -10.0000
v 11.0000 23.0000 -10.0000
v 11.0000 24.0000 -10.0000
v 11.0000 25.0000 -10.0000
v 11.0000 26.0000 -10.0000
v 11.0000 27.0000 -10.0000
v 11.0000 28.0000 -10.0000
v 11.0000 29.0000 -10.0000
v 11.0000 30.0000 -10.0000
v 11.0000 31.0000 -10.0000
v 11.0000 21.0000 -11.0000
v 11.0000 22.0000 -11.0000
v 11.0000 23.0000 -11.0000
v 11.0000 24.0000 -11.0000
v 11.0000 25.0000 -11.0000
v 11.0000 26.0000 -11.0000
v 11.0000 27.0000 -11.0000
v 11.0000 28.0000 -11.0000
v 11.0000 29.0000 -11.0000
v 11.0000 30.0000 -11.0000
v 11.0000 31.0000 -11.0000
v -14.0000 31.0000 14.0000
v -14.0000 32.0000 14.0000
v -14.0000 32.0000 13.0000
v -14.0000 31.0000 13.0000
v -13.0000 31.0000 14.0000
v -13.0000 32.0000 14.0000
v -13.0000 31.0000 13.0000
v -14.0000 33.0000 14.0000
v -14.0000 33.0000 13.0000
v -13.0000 33.0000 14.0000
v -14.0000 34.0000 14.0000
v -14.0000 34.0000 13.0000
v -13.0000 34.0000 14.0000
v -14.0000 35.0000 14.0000
v -14.0000 35.0000 13.0000
v -13.0000 35.0000 14.0000
v -14.0000 36.0000 14.0000
v -14.0000 36.0000 13.0000
v -13.0000 36.0000 14.0000
v -14.0000 37.0000 14.0000
v -14.0000 37.0000 13.0000
v -13.0000 37.0000 14.0000
v -14.0000 38.0000 14.0000
v -14.0000 38.0000 13.0000
v -13.0000 38.0000 14.0000
v -14.0000 39.0000 14.0000
v -14.0000 39.0000 13.0000
v -13.0000 39.0000 14.0000
v -14.0000 40.0000 14.0000
v -14.0000 40.0000 13.0000
v -13.0000 40.0000 14.0000
v -14.0000 41.0000 14.0000
v -14.0000 41.0000 13.0000
v -13.0000 41.0000 14.0000
v -14.0000 42.0000 14.0000
v -14.0000 42.0000 13.0000
v -13.0000 42.0000 14.0000
v -13.0000 42.0000 13.0000
v -14.0000 32.0000 12.0000
v -14.0000 31.0000 12.0000
v -13.0000 31.0000 12.0000
v -14.0000 33.0000 12.0000
v -14.0000 34.0000 12.0000
v -14.0000 35.0000 12.0000
v -14.0000 36.0000 12.0000
v -14.0000 37.0000 12.0000
v -14.0000 38.0000 12.0000
v -14.0000 39.0000 12.0000
v -14.0000 40.0000 12.0000
v -14.0000 41.0000 12.0000
v -14.0000 42.0000 12.0000
v -13.0000 42.0000 12.0000
v -14.0000 32.0000 11.0000
v -14.0000 31.0000 11.0000
v -13.0000 31.0000 11.0000
v -14.0000 33.0000 11.0000
v -14.0000 34.0000 11.0000
v -14.0000 35.0000 11.0000
v -14.0000 36.0000 11.0000
v -14.0000 37.0000 11.0000
v -14.0000 38.0000 11.0000
v -14.0000 39.0000 11.0000
v -14.0000 40.0000 11.0000
v -14.0000 41.0000 11.0000
v -14.0000 42.0000 11.0000
v -13.0000 42.0000 11.0000
v -14.0000 32.0000 10.0000
v -14.0000 31.0000 10.0000
v -13.0000 31.0000 10.0000
v -14.0000 33.0000 10.0000
v -14.0000 34.0000 10.0000
v -14.0000 35.0000 10.0000
v -14.0000 36.0000 10.0000
v -14.0000 37.0000 10.0000
v -14.0000 38.0000 10.0000
v -14.0000 39.0000 10.0000
v -14.0000 40.0000 10.0000
v -14.0000 41.0000 10.0000
v -14.0000 42.0000 10.0000
v -13.0000 42.0000 10.0000
v -14.0000 32.0000 9.0000
v -14.0000 31.0000 9.0000
v -13.0000 31.0000 9.0000
v -14.0000 33.0000 9.0000
v -14.0000 34.0000 9.0000
v -14.0000 35.0000 9.0000
v -14.0000 36.0000 9.0000
v -14.0000 37.0000 9.0000
v -14.0000 38.0000 9.0000
v -14.0000 39.0000 9.0000
v -14.0000 40.0000 9.0000
v -14.0000 41.0000 9.0000
v -14.0000 42.0000 9.0000
v -13.0000 42.0000 9.0000
v -14.0000 32.0000 8.0000
v -14.0000 31.0000 8.0000
v -13.0000 31.0000 8.0000
v -14.0000 33.0000 8.0000
v -14.0000 34.0000 8.0000
v -14.0000 35.0000 8.0000
v -14.0000 36.0000 8.0000
v -14.0000 37.0000 8.0000
v -14.0000 38.0000 8.0000
v -14.0000 39.0000 8.0000
v -14.0000 40.0000 8.0000
v -14.0000 41.0000 8.0000
v -14.0000 42.0000 8.0000
v -13.0000 42.0000 8.0000
v -14.0000 32.0000 7.0000
v -14.0000 31.0000 7.0000
v -13.0000 31.0000 7.0000
v -14.0000 33.0000 7.0000
v -14.0000 34.0000 7.0000
v -14.0000 35.0000 7.0000
v -14.0000 36.0000 7.0000
v -14.0000 37.0000 7.0000
v -14.0000 38.0000 7.0000
v -14.0000 39.0000 7.0000
v -14.0000 40.0000 7.0000
v -14.0000 41.0000 7.0000
v -14.0000 42.0000 7.0000
v -13.0000 42.0000 7.0000
v -14.0000 32.0000 6.0000
v -14.0000 31.0000 6.0000
v -13.0000 31.0000 6.0000
v -14.0000 33.0000 6.0000
v -14.0000 34.0000 6.0000
v -14.0000 35.0000 6.0000
v -14.0000 36.0000 6.0000
v -14.0000 37.0000 6.0000
v -14.0000 38.0000 6.0000
v -14.0000 39.0000 6.0000
v -14.0000 40.0000 6.0000
v -14.0000 41.0000 6.0000
v -14.0000 42.0000 6.0000
v -13.0000 42.0000 6.0000
v -14.0000 32.0000 5.0000
v -14.0000 31.0000 5.0000
v -13.0000 31.0000 5.0000
v -14.0000 33.0000 5.0000
v -14.0000 34.0000 5.0000
v -14.0000 35.0000 5.0000
v -14.0000 36.0000 5.0000
v -14.0000 37.0000 5.0000
v -14.0000 38.0000 5.0000
v -14.0000 39.0000 5.0000
v -14.0000 40.0000 5.0000
v -14.0000 41.0000 5.0000
v -14.0000 42.0000 5.0000
v -13.0000 42.0000 5.0000
v -14.0000 32.0000 4.0000
v -14.0000 31.0000 4.0000
v -13.0000 31.0000 4.0000
v -14.0000 33.0000 4.0000
v -14.0000 34.0000 4.0000
v -14.0000 35.0000 4.0000
v -14.0000 36.0000 4.0000
v -14.0000 37.0000 4.0000
v -14.0000 38.0000 4.0000
v -14.0000 39.0000 4.0000
v -14.0000 40.0000 4.0000
v -14.0000 41.0000 4.0000
v -14.0000 42.0000 4.0000
v -13.0000 42.0000 4.0000
v -14.0000 32.0000 3.0000
v -14.0000 31.0000 3.0000
v -13.0000 31.0000 3.0000
v -14.0000 33.0000 3.0000
v -14.0000 34.0000 3.0000
v -14.0000 35.0000 3.0000
v -14.0000 36.0000 3.0000
v -14.0000 37.0000 3.0000
v -14.0000 38.0000 3.0000
v -14.0000 39.0000 3.0000
v -14.0000 40.0000 3.0000
v -14.0000 41.0000 3.0000
v -14.0000 42.0000 3.0000
v -13.0000 42.0000 3.0000
v -14.0000 32.0000 2.0000
v -14.0000 31.0000 2.0000
v -13.0000 31.0000 2.0000
v -14.0000 33.0000 2.0000
v -14.0000 34.0000 2.0000
v -14.0000 35.0000 2.0000
v -14.0000 36.0000 2.0000
v -14.0000 37.0000 2.0000
v -14.0000 38.0000 2.0000
v -14.0000 39.0000 2.0000
v -14.0000 40.0000 2.0000
v -14.0000 41.0000 2.0000
v -14.0000 42.0000 2.0000
v -13.0000 42.0000 2.0000
v -14.0000 32.0000 1.0000
v -14.0000 31.0000 1.0000
v -13.0000 31.0000 1.0000
v -14.0000 33.0000 1.0000
v -14.0000 34.0000 1.0000
v -14.0000 35.0000 1.0000
v -14.0000 36.0000 1.0000
v -14.0000 37.0000 1.0000
v -14.0000 38.0000 1.0000
v -14.0000 39.0000 1.0000
v -14.0000 40.0000 1.0000
v -14.0000 41.0000 1.0000
v -14.0000 42.0000 1.0000
v -13.0000 42.0000 1.0000
v -14.0000 32.0000 0.0000
v -14.0000 31.0000 0.0000
v -13.0000 31.0000 0.0000
v -14.0000 33.0000 0.0000
v -14.0000 34.0000 0.0000
v -14.0000 35.0000 0.0000
v -14.0000 36.0000 0.0000
v -14.0000 37.0000 0.0000
v -14.0000 38.0000 0.0000
v -14.0000 39.0000 0.0000
v -14.0000 40.0000 0.0000
v -14.0000 41.0000 0.0000
v -14.0000 42.0000 0.0000
v -13.0000 42.0000 0.0000
v -14.0000 32.0000 -1.0000
v -14.0000 31.0000 -1.0000
v -13.0000 31.0000 -1.0000
v -14.0000 33.0000 -1.0000
v -14.0000 34.0000 -1.0000
v -14.0000 35.0000 -1.0000
v -14.0000 36.0000 -1.0000
v -14.0000 37.0000 -1.0000
v -14.0000 38.0000 -1.0000
v -14.0000 39.0000 -1.0000
v -14.0000 40.0000 -1.0000
v -14.0000 41.0000 -1.0000
v -14.0000 42.0000 -1.0000
v -13.0000 42.0000 -1.0000
v -14.0000 32.0000 -2.0000
v -14.0000 31.0000 -2.0000
v -13.0000 31.0000 -2.0000
v -14.0000 33.0000 -2.0000
v -14.0000 34.0000 -2.0000
v -14.0000 35.0000 -2.0000
v -14.0000 36.0000 -2.0000
v -14.0000 37.0000 -2.0000
v -14.0000 38.0000 -2.0000
v -14.0000 39.0000 -2.0000
v -14.0000 40.0000 -2.0000
v -14.0000 41.0000 -2.0000
v -14.0000 42.0000 -2.0000
v -13.0000 42.0000 -2.0000
v -14.0000 32.0000 -3.0000
v -14.0000 31.0000 -3.0000
v -13.0000 31.0000 -3.0000
v -14.0000 33.0000 -3.0000
v -14.0000 34.0000 -3.0000
v -14.0000 35.0000 -3.0000
v -14.0000 36.0000 -3.0000
v -14.0000 37.0000 -3.0000
v -14.0000 38.0000 -3.0000
v -14.0000 39.0000 -3.0000
v -14.0000 40.0000 -3.0000
v -14.0000 41.0000 -3.0000
v -14.0000 42.0000 -3.0000
v -13.0000 42.0000 -3.0000
v -14.0000 32.0000 -4.0000
v -14.0000 31.0000 -4.0000
v -13.0000 31.0000 -4.0000
v -14.0000 33.0000 -4.0000
v -14.0000 34.0000 -4.0000
v -14.0000 35.0000 -4.0000
v -14.0000 36.0000 -4.0000
v -14.0000 37.0000 -4.0000
v -14.0000 38.0000 -4.0000
v -14.0000 39.0000 -4.0000
v -14.0000 40.0000 -4.0000
v -14.0000 41.0000 -4.0000
v -14.0000 42.0000 -4.0000
v -13.0000 42.0000 -4.0000
v -14.0000 32.0000 -5.0000
v -14.0000 31.0000 -5.0000
v -13.0000 31.0000 -5.0000
v -14.0000 33.0000 -5.0000
v -14.0000 34.0000 -5.0000
v -14.0000 35.0000 -5.0000
v -14.0000 36.0000 -5.0000
v -14.0000 37.0000 -5.0000
v -14.0000 38.0000 -5.0000
v -14.0000 39.0000 -5.0000
v -14.0000 40.0000 -5.0000
v -14.0000 41.0000 -5.0000
v -14.0000 42.0000 -5.0000
v -13.0000 42.0000 -5.0000
v -14.0000 32.0000 -6.0000
v -14.0000 31.0000 -6.0000
v -13.0000 31.0000 -6.0000
v -14.0000 33.0000 -6.0000
v -14.0000 34.0000 -6.0000
v -14.0000 35.0000 -6.0000
v -14.0000 36.0000 -6.0000
v -14.0000 37.0000 -6.0000
v -14.0000 38.0000 -6.0000
v -14.0000 39.0000 -6.0000
v -14.0000 40.0000 -6.0000
v -14.0000 41.0000 -6.0000
v -14.0000 42.0000 -6.0000
v -13.0000 42.0000 -6.0000
v -14.0000 32.0000 -7.0000
v -14.0000 31.0000 -7.0000
v -13.0000 31.0000 -7.0000
v -14.0000 33.0000 -7.0000
v -14.0000 34.0000 -7.0000
v -14.0000 35.0000 -7.0000
v -14.0000 36.0000 -7.0000
v -14.0000 37.0000 -7.0000
v -14.0000 38.0000 -7.0000
v -14.0000 39.0000 -7.0000
v -14.0000 40.0000 -7.0000
v -14.0000 41.0000 -7.0000
v -14.0000 42.0000 -7.0000
v -13.0000 42.0000 -7.0000
v -14.0000 32.0000 -8.0000
v -14.0000 31.0000 -8.0000
v -13.0000 31.0000 -8.0000
v -14.0000 33.0000 -8.0000
v -14.0000 34.0000 -8.0000
v -14.0000 35.0000 -8.0000
v -14.0000 36.0000 -8.0000
v -14.0000 37.0000 -8.0000
v -14.0000 38.0000 -8.0000
v -14.0000 39.0000 -8.0000
v -14.0000 40.0000 -8.0000
v -14.0000 41.0000 -8.0000
v -14.0000 42.0000 -8.0000
v -13.0000 42.0000 -8.0000
v -14.0000 32.0000 -9.0000
v -14.0000 31.0000 -9.0000
v -13.0000 31.0000 -9.0000
v -14.0000 33.0000 -9.0000
v -14.0000 34.0000 -9.0000
v -14.0000 35.0000 -9.0000
v -14.0000 36.0000 -9.0000
v -14.0000 37.0000 -9.0000
v -14.0000 38.0000 -9.0000
v -14.0000 39.0000 -9.0000
v -14.0000 40.0000 -9.0000
v -14.0000 41.0000 -9.0000
v -14.0000 42.0000 -9.0000
v -13.0000 42.0000 -9.0000
v -14.0000 32.0000 -10.0000
v -14.0000 31.0000 -10.0000
v -13.0000 31.0000 -10.0000
v -14.0000 33.0000 -10.0000
v -14.0000 34.0000 -10.0000
v -14.0000 35.0000 -10.0000
v -14.0000 36.0000 -10.0000
v -14.0000 37.0000 -10.0000
v -14.0000 38.0000 -10.0000
v -14.0000 39.0000 -10.0000
v -14.0000 40.0000 -10.0000
v -14.0000 41.0000 -10.0000
v -14.0000 42.0000 -10.0000
v -13.0000 42.0000 -10.0000
v -14.0000 32.0000 -11.0000
v -14.0000 31.0000 -11.0000
v -13.0000 31.0000 -11.0000
v -14.0000 33.0000 -11.0000
v -14.0000 34.0000 -11.0000
v -14.0000 35.0000 -11.0000
v -14.0000 36.0000 -11.0000
v -14.0000 37.0000 -11.0000
v -14.0000 38.0000 -11.0000
v -14.0000 39.0000 -11.0000
v -14.0000 40.0000 -11.0000
v -14.0000 41.0000 -11.0000
v -14.0000 42.0000 -11.0000
v -13.0000 42.0000 -11.0000
v -14.0000 32.0000 -12.0000
v -14.0000 31.0000 -12.0000
v -13.0000 31.0000 -12.0000
v -14.0000 33.0000 -12.0000
v -14.0000 34.0000 -12.0000
v -14.0000 35.0000 -12.0000
v -14.0000 36.0000 -12.0000
v -14.0000 37.0000 -12.0000
v -14.0000 38.0000 -12.0000
v -14.0000 39.0000 -12.0000
v -14.0000 40.0000 -12.0000
v -14.0000 41.0000 -12.0000
v -14.0000 42.0000 -12.0000
v -13.0000 42.0000 -12.0000
v -14.0000 32.0000 -13.0000
v -14.0000 31.0000 -13.0000
v -13.0000 31.0000 -13.0000
v -14.0000 33.0000 -13.0000
v -14.0000 34.0000 -13.0000
v -14.0000 35.0000 -13.0000
v -14.0000 36.0000 -13.0000
v -14.0000 37.0000 -13.0000
v -14.0000 38.0000 -13.0000
v -14.0000 39.0000 -13.0000
v -14.0000 40.0000 -13.0000
v -14.0000 41.0000 -13.0000
v -14.0000 42.0000 -13.0000
v -13.0000 42.0000 -13.0000
v -14.0000 32.0000 -14.0000
v -14.0000 31.0000 -14.0000
v -13.0000 32.0000 -14.0000
v -13.0000 31.0000 -14.0000
v -14.0000 33.0000 -14.0000
v -13.0000 33.0000 -14.0000
v -14.0000 34.0000 -14.0000
v -13.0000 34.0000 -14.0000
v -14.0000 35.0000 -14.0000
v -13.0000 35.0000 -14.0000
v -14.0000 36.0000 -14.0000
v -13.0000 36.0000 -14.0000
v -14.0000 37.0000 -14.0000
v -13.0000 37.0000 -14.0000
v -14.0000 38.0000 -14.0000
v -13.0000 38.0000 -14.0000
v -14.0000 39.0000 -14.0000
v -13.0000 39.0000 -14.0000
v -14.0000 40.0000 -14.0000
v -13.0000 40.0000 -14.0000
v -14.0000 41.0000 -14.0000
v -13.0000 41.0000 -14.0000
v -14.0000 42.0000 -14.0000
v -13.0000 42.0000 -14.0000
v -12.0000 31.0000 14.0000
v -12.0000 32.0000 14.0000
v -12.0000 31.0000 13.0000
v -12.0000 33.0000 14.0000
v -12.0000 34.0000 14.0000
v -12.0000 35.0000 14.0000
v -12.0000 36.0000 14.0000
v -12.0000 37.0000 14.0000
v -12.0000 38.0000 14.0000
v -12.0000 39.0000 14.0000
v -12.0000 40.0000 14.0000
v -12.0000 41.0000 14.0000
v -12.0000 42.0000 14.0000
v -12.0000 42.0000 13.0000
v -12.0000 31.0000 12.0000
v -12.0000 42.0000 12.0000
v -12.0000 31.0000 11.0000
v -12.0000 42.0000 11.0000
v -12.0000 31.0000 10.0000
v -12.0000 42.0000 10.0000
v -12.0000 31.0000 9.0000
v -12.0000 42.0000 9.0000
v -12.0000 31.0000 8.0000
v -12.0000 42.0000 8.0000
v -12.0000 31.0000 7.0000
v -12.0000 42.0000 7.0000
v -12.0000 31.0000 6.0000
v -12.0000 42.0000 6.0000
v -12.0000 31.0000 5.0000
v -12.0000 42.0000 5.0000
v -12.0000 31.0000 4.0000
v -12.0000 42.0000 4.0000
v -12.0000 31.0000 3.0000
v -12.0000 42.0000 3.0000
v -12.0000 31.0000 2.0000
v -12.0000 42.0000 2.0000
v -12.0000 31.0000 1.0000
v -12.0000 42.0000 1.0000
v -12.0000 31.0000 0.0000
v -12.0000 42.0000 0.0000
v -12.0000 31.0000 -1.0000
v -12.0000 42.0000 -1.0000
v -12.0000 31.0000 -2.0000
v -12.0000 42.0000 -2.0000
v -12.0000 31.0000 -3.0000
v -12.0000 42.0000 -3.0000
v -12.0000 31.0000 -4.0000
v -12.0000 42.0000 -4.0000
v -12.0000 31.0000 -5.0000
v -12.0000 42.0000 -5.0000
v -12.0000 31.0000 -6.0000
v -12.0000 42.0000 -6.0000
v -12.0000 31.0000 -7.0000
v -12.0000 42.0000 -7.0000
v -12.0000 31.0000 -8.0000
v -12.0000 42.0000 -8.0000
v -12.0000 31.0000 -9.0000
v -12.0000 42.0000 -9.0000
v -12.0000 31.0000 -10.0000
v -12.0000 42.0000 -10.0000
v -12.0000 31.0000 -11.0000
v -12.0000 42.0000 -11.0000
v -12.0000 31.0000 -12.0000
v -12.0000 42.0000 -12.0000
v -12.0000 31.0000 -13.0000
v -12.0000 42.0000 -13.0000
v -12.0000 32.0000 -14.0000
v -12.0000 31.0000 -14.0000
v -12.0000 33.0000 -14.0000
v -12.0000 34.0000 -14.0000
v -12.0000 35.0000 -14.0000
v -12.0000 36.0000 -14.0000
v -12.0000 37.0000 -14.0000
v -12.0000 38.0000 -14.0000
v -12.0000 39.0000 -14.0000
v -12.0000 40.0000 -14.0000
v -12.0000 41.0000 -14.0000
v -12.0000 42.0000 -14.0000
v -11.0000 31.0000 14.0000
v -11.0000 32.0000 14.0000
v -11.0000 31.0000 13.0000
v -11.0000 33.0000 14.0000
v -11.0000 34.0000 14.0000
v -11.0000 35.0000 14.0000
v -11.0000 36.0000 14.0000
v -11.0000 37.0000 14.0000
v -11.0000 38.0000 14.0000
v -11.0000 39.0000 14.0000
v -11.0000 40.0000 14.0000
v -11.0000 41.0000 14.0000
v -11.0000 42.0000 14.0000
v -11.0000 42.0000 13.0000
v -11.0000 31.0000 12.0000
v -11.0000 42.0000 12.0000
v -11.0000 42.0000 11.0000
v -11.0000 42.0000 10.0000
v -11.0000 42.0000 9.0000
v -11.0000 42.0000 8.0000
v -11.0000 42.0000 7.0000
v -11.0000 42.0000 6.0000
v -11.0000 42.0000 5.0000
v -11.0000 42.0000 4.0000
v -11.0000 42.0000 3.0000
v -11.0000 42.0000 2.0000
v -11.0000 42.0000 1.0000
v -11.0000 42.0000 0.0000
v -11.0000 42.0000 -1.0000
v -11.0000 42.0000 -2.0000
v -11.0000 42.0000 -3.0000
v -11.0000 42.0000 -4.0000
v -11.0000 42.0000 -5.0000
v -11.0000 42.0000 -6.0000
v -11.0000 42.0000 -7.0000
v -11.0000 42.0000 -8.0000
v -11.0000 42.0000 -9.0000
v -11.0000 42.0000 -10.0000
v -11.0000 42.0000 -11.0000
v -11.0000 31.0000 -12.0000
v -11.0000 42.0000 -12.0000
v -11.0000 31.0000 -13.0000
v -11.0000 42.0000 -13.0000
v -11.0000 32.0000 -14.0000
v -11.0000 31.0000 -14.0000
v -11.0000 33.0000 -14.0000
v -11.0000 34.0000 -14.0000
v -11.0000 35.0000 -14.0000
v -11.0000 36.0000 -14.0000
v -11.0000 37.0000 -14.0000
v -11.0000 38.0000 -14.0000
v -11.0000 39.0000 -14.0000
v -11.0000 40.0000 -14.0000
v -11.0000 41.0000 -14.0000
v -11.0000 42.0000 -14.0000
v -10.0000 31.0000 14.0000
v -10.0000 32.0000 14.0000
v -10.0000 31.0000 13.0000
v -10.0000 33.0000 14.0000
v -10.0000 34.0000 14.0000
v -10.0000 35.0000 14.0000
v -10.0000 36.0000 14.0000
v -10.0000 37.0000 14.0000
v -10.0000 38.0000 14.0000
v -10.0000 39.0000 14.0000
v -10.0000 40.0000 14.0000
v -10.0000 41.0000 14.0000
v -10.0000 42.0000 14.0000
v -10.0000 42.0000 13.0000
v -10.0000 31.0000 12.0000
v -10.0000 42.0000 12.0000
v -10.0000 42.0000 11.0000
v -10.0000 42.0000 10.0000
v -10.0000 42.0000 9.0000
v -10.0000 42.0000 8.0000
v -10.0000 42.0000 7.0000
v -10.0000 42.0000 6.0000
v -10.0000 42.0000 5.0000
v -10.0000 42.0000 4.0000
v -10.0000 42.0000 3.0000
v -10.0000 42.0000 2.0000
v -10.0000 42.0000 1.0000
v -10.0000 42.0000 0.0000
v -10.0000 42.0000 -1.0000
v -10.0000 42.0000 -2.0000
v -10.0000 42.0000 -3.0000
v -10.0000 42.0000 -4.0000
v -10.0000 42.0000 -5.0000
v -10.0000 42.0000 -6.0000
v -10.0000 42.0000 -7.0000
v -10.0000 42.0000 -8.0000
v -10.0000 42.0000 -9.0000
v -10.0000 42.0000 -10.0000
v -10.0000 42.0000 -11.0000
v -10.0000 31.0000 -12.0000
v -10.0000 42.0000 -12.0000
v -10.0000 31.0000 -13.0000
v -10.0000 42.0000 -13.0000
v -10.0000 32.0000 -14.0000
v -10.0000 31.0000 -14.0000
v -10.0000 33.0000 -14.0000
v -10.0000 34.0000 -14.0000
v -10.0000 35.0000 -14.0000
v -10.0000 36.0000 -14.0000
v -10.0000 37.0000 -14.0000
v -10.0000 38.0000 -14.0000
v -10.0000 39.0000 -14.0000
v -10.0000 40.0000 -14.0000
v -10.0000 41.0000 -14.0000
v -10.0000 42.0000 -14.0000
v -9.0000 31.0000 14.0000
v -9.0000 32.0000 14.0000
v -9.0000 31.0000 13.0000
v -9.0000 33.0000 14.0000
v -9.0000 34.0000 14.0000
v -9.0000 35.0000 14.0000
v -9.0000 36.0000 14.0000
v -9.0000 37.0000 14.0000
v -9.0000 38.0000 14.0000
v -9.0000 39.0000 14.0000
v -9.0000 40.0000 14.0000
v -9.0000 41.0000 14.0000
v -9.0000 42.0000 14.0000
v -9.0000 42.0000 13.0000
v -9.0000 31.0000 12.0000
v -9.0000 42.0000 12.0000
v -9.0000 42.0000 11.0000
v -9.0000 42.0000 10.0000
v -9.0000 42.0000 9.0000
v -9.0000 42.0000 8.0000
v -9.0000 42.0000 7.0000
v -9.0000 42.0000 6.0000
v -9.0000 42.0000 5.0000
v -9.0000 42.0000 4.0000
v -9.0000 42.0000 3.0000
v -9.0000 42.0000 2.0000
v -9.0000 42.0000 1.0000
v -9.0000 42.0000 0.0000
v -9.0000 42.0000 -1.0000
v -9.0000 42.0000 -2.0000
v -9.0000 42.0000 -3.0000
v -9.0000 42.0000 -4.0000
v -9.0000 42.0000 -5.0000
v -9.0000 42.0000 -6.0000
v -9.0000 42.0000 -7.0000
v -9.0000 42.0000 -8.0000
v -9.0000 42.0000 -9.0000
v -9.0000 42.0000 -10.0000
v -9.0000 42.0000 -11.0000
v -9.0000 31.0000 -12.0000
v -9.0000 42.0000 -12.0000
v -9.0000 31.0000 -13.0000
v -9.0000 42.0000 -13.0000
v -9.0000 32.0000 -14.0000
v -9.0000 31.0000 -14.0000
v -9.0000 33.0000 -14.0000
v -9.0000 34.0000 -14.0000
v -9.0000 35.0000 -14.0000
v -9.0000 36.0000 -14.0000
v -9.0000 37.0000 -14.0000
v -9.0000 38.0000 -14.0000
v -9.0000 39.0000 -14.0000
v -9.0000 40.0000 -14.0000
v -9.0000 41.0000 -14.0000
v -9.0000 42.0000 -14.0000
v -8.0000 31.0000 14.0000
v -8.0000 32.0000 14.0000
v -8.0000 31.0000 13.0000
v -8.0000 33.0000 14.0000
v -8.0000 34.0000 14.0000
v -8.0000 35.0000 14.0000
v -8.0000 36.0000 14.0000
v -8.0000 37.0000 14.0000
v -8.0000 38.0000 14.0000
v -8.0000 39.0000 14.0000
v -8.0000 40.0000 14.0000
v -8.0000 41.0000 14.0000
v -8.0000 42.0000 14.0000
v -8.0000 42.0000 13.0000
v -8.0000 31.0000 12.0000
v -8.0000 42.0000 12.0000
v -8.0000 42.0000 11.0000
v -8.0000 42.0000 10.0000
v -8.0000 42.0000 9.0000
v -8.0000 42.0000 -9.0000
v -8.0000 42.0000 -10.0000
v -8.0000 42.0000 -11.0000
v -8.0000 31.0000 -12.0000
v -8.0000 42.0000 -12.0000
v -8.0000 31.0000 -13.0000
v -8.0000 42.0000 -13.0000
v -8.0000 32.0000 -14.0000
v -8.0000 31.0000 -14.0000
v -8.0000 33.0000 -14.0000
v -8.0000 34.0000 -14.0000
v -8.0000 35.0000 -14.0000
v -8.0000 36.0000 -14.0000
v -8.0000 37.0000 -14.0000
v -8.0000 38.0000 -14.0000
v -8.0000 39.0000 -14.0000
v -8.0000 40.0000 -14.0000
v -8.0000 41.0000 -14.0000
v -8.0000 42.0000 -14.0000
v -7.0000 31.0000 14.0000
v -7.0000 32.0000 14.0000
v -7.0000 31.0000 13.0000
v -7.0000 33.0000 14.0000
v -7.0000 34.0000 14.0000
v -7.0000 35.0000 14.0000
v -7.0000 36.0000 14.0000
v -7.0000 37.0000 14.0000
v -7.0000 38.0000 14.0000
v -7.0000 39.0000 14.0000
v -7.0000 40.0000 14.0000
v -7.0000 41.0000 14.0000
v -7.0000 42.0000 14.0000
v -7.0000 42.0000 13.0000
v -7.0000 31.0000 12.0000
v -7.0000 42.0000 12.0000
v -7.0000 42.0000 11.0000
v -7.0000 42.0000 10.0000
v -7.0000 42.0000 9.0000
v -7.0000 42.0000 -9.0000
v -7.0000 42.0000 -10.0000
v -7.0000 42.0000 -11.0000
v -7.0000 31.0000 -12.0000
v -7.0000 42.0000 -12.0000
v -7.0000 31.0000 -13.0000
v -7.0000 42.0000 -13.0000
v -7.0000 32.0000 -14.0000
v -7.0000 31.0000 -14.0000
v -7.0000 33.0000 -14.0000
v -7.0000 34.0000 -14.0000
v -7.0000 35.0000 -14.0000
v -7.0000 36.0000 -14.0000
v -7.0000 37.0000 -14.0000
v -7.0000 38.0000 -14.0000
v -7.0000 39.0000 -14.0000
v -7.0000 40.0000 -14.0000
v -7.0000 41.0000 -14.0000
v -7.0000 42.0000 -14.0000
v -6.0000 31.0000 14.0000
v -6.0000 32.0000 14.0000
v -6.0000 31.0000 13.0000
v -6.0000 33.0000 14.0000
v -6.0000 34.0000 14.0000
v -6.0000 35.0000 14.0000
v -6.0000 36.0000 14.0000
v -6.0000 37.0000 14.0000
v -6.0000 38.0000 14.0000
v -6.0000 39.0000 14.0000
v -6.0000 40.0000 14.0000
v -6.0000 41.0000 14.0000
v -6.0000 42.0000 14.0000
v -6.0000 42.0000 13.0000
v -6.0000 31.0000 12.0000
v -6.0000 42.0000 12.0000
v -6.0000 42.0000 11.0000
v -6.0000 42.0000 10.0000
v -6.0000 42.0000 9.0000
v -6.0000 42.0000 -9.0000
v -6.0000 42.0000 -10.0000
v -6.0000 42.0000 -11.0000
v -6.0000 31.0000 -12.0000
v -6.0000 42.0000 -12.0000
v -6.0000 31.0000 -13.0000
v -6.0000 42.0000 -13.0000
v -6.0000 32.0000 -14.0000
v -6.0000 31.0000 -14.0000
v -6.0000 33.0000 -14.0000
v -6.0000 34.0000 -14.0000
v -6.0000 35.0000 -14.0000
v -6.0000 36.0000 -14.0000
v -6.0000 37.0000 -14.0000
v -6.0000 38.0000 -14.0000
v -6.0000 39.0000 -14.0000
v -6.0000 40.0000 -14.0000
v -6.0000 41.0000 -14.0000
v -6.0000 42.0000 -14.0000
v -5.0000 31.0000 14.0000
v -5.0000 32.0000 14.0000
v -5.0000 31.0000 13.0000
v -5.0000 33.0000 14.0000
v -5.0000 34.0000 14.0000
v -5.0000 35.0000 14.0000
v -5.0000 36.0000 14.0000
v -5.0000 37.0000 14.0000
v -5.0000 38.0000 14.0000
v -5.0000 39.0000 14.0000
v -5.0000 40.0000 14.0000
v -5.0000 41.0000 14.0000
v -5.0000 42.0000 14.0000
v -5.0000 42.0000 13.0000
v -5.0000 31.0000 12.0000
v -5.0000 42.0000 12.0000
v -5.0000 42.0000 11.0000
v -5.0000 42.0000 10.0000
v -5.0000 42.0000 9.0000
v -5.0000 42.0000 -9.0000
v -5.0000 42.0000 -10.0000
v -5.0000 42.0000 -11.0000
v -5.0000 31.0000 -12.0000
v -5.0000 42.0000 -12.0000
v -5.0000 31.0000 -13.0000
v -5.0000 42.0000 -13.0000
v -5.0000 32.0000 -14.0000
v -5.0000 31.0000 -14.0000
v -5.0000 33.0000 -14.0000
v -5.0000 34.0000 -14.0000
v -5.0000 35.0000 -14.0000
v -5.0000 36.0000 -14.0000
v -5.0000 37.0000 -14.0000
v -5.0000 38.0000 -14.0000
v -5.0000 39.0000 -14.0000
v -5.0000 40.0000 -14.0000
v -5.0000 41.0000 -14.0000
v -5.0000 42.0000 -14.0000
v -4.0000 31.0000 14.0000
v -4.0000 32.0000 14.0000
v -4.0000 31.0000 13.0000
v -4.0000 33.0000 14.0000
v -4.0000 34.0000 14.0000
v -4.0000 35.0000 14.0000
v -4.0000 36.0000 14.0000
v -4.0000 37.0000 14.0000
v -4.0000 38.0000 14.0000
v -4.0000 39.0000 14.0000
v -4.0000 40.0000 14.0000
v -4.0000 41.0000 14.0000
v -4.0000 42.0000 14.0000
v -4.0000 42.0000 13.0000
v -4.0000 31.0000 12.0000
v -4.0000 42.0000 12.0000
v -4.0000 42.0000 11.0000
v -4.0000 42.0000 10.0000
v -4.0000 42.0000 9.0000
v -4.0000 42.0000 -9.0000
v -4.0000 42.0000 -10.0000
v -4.0000 42.0000 -11.0000
v -4.0000 31.0000 -12.0000
v -4.0000 42.0000 -12.0000
v -4.0000 31.0000 -13.0000
v -4.0000 42.0000 -13.0000
v -4.0000 32.0000 -14.0000
v -4.0000 31.0000 -14.0000
v -4.0000 33.0000 -14.0000
v -4.0000 34.0000 -14.0000
v -4.0000 35.0000 -14.0000
v -4.0000 36.0000 -14.0000
v -4.0000 37.0000 -14.0000
v -4.0000 38.0000 -14.0000
v -4.0000 39.0000 -14.0000
v -4.0000 40.0000 -14.0000
v -4.0000 41.0000 -14.0000
v -4.0000 42.0000 -14.0000
v -3.0000 31.0000 14.0000
v -3.0000 32.0000 14.0000
v -3.0000 31.0000 13.0000
v -3.0000 33.0000 14.0000
v -3.0000 34.0000 14.0000
v -3.0000 35.0000 14.0000
v -3.0000 36.0000 14.0000
v -3.0000 37.0000 14.0000
v -3.0000 38.0000 14.0000
v -3.0000 39.0000 14.0000
v -3.0000 40.0000 14.0000
v -3.0000 41.0000 14.0000
v -3.0000 42.0000 14.0000
v -3.0000 42.0000 13.0000
v -3.0000 31.0000 12.0000
v -3.0000 42.0000 12.0000
v -3.0000 42.0000 11.0000
v -3.0000 42.0000 10.0000
v -3.0000 42.0000 9.0000
v -3.0000 42.0000 -9.0000
v -3.0000 42.0000 -10.0000
v -3.0000 42.0000 -11.0000
v -3.0000 31.0000 -12.0000
v -3.0000 42.0000 -12.0000
v -3.0000 31.0000 -13.0000
v -3.0000 42.0000 -13.0000
v -3.0000 32.0000 -14.0000
v -3.0000 31.0000 -14.0000
v -3.0000 33.0000 -14.0000
v -3.0000 34.0000 -14.0000
v -3.0000 35.0000 -14.0000
v -3.0000 36.0000 -14.0000
v -3.0000 37.0000 -14.0000
v -3.0000 38.0000 -14.0000
v -3.0000 39.0000 -14.0000
v -3.0000 40.0000 -14.0000
v -3.0000 41.0000 -14.0000
v -3.0000 42.0000 -14.0000
v -2.0000 31.0000 14.0000
v -2.0000 32.0000 14.0000
v -2.0000 31.0000 13.0000
v -2.0000 33.0000 14.0000
v -2.0000 34.0000 14.0000
v -2.0000 35.0000 14.0000
v -2.0000 36.0000 14.0000
v -2.0000 37.0000 14.0000
v -2.0000 38.0000 14.0000
v -2.0000 39.0000 14.0000
v -2.0000 40.0000 14.0000
v -2.0000 41.0000 14.0000
v -2.0000 42.0000 14.0000
v -2.0000 42.0000 13.0000
v -2.0000 31.0000 12.0000
v -2.0000 42.0000 12.0000
v -2.0000 42.0000 11.0000
v -2.0000 42.0000 10.0000
v -2.0000 42.0000 9.0000
v -2.0000 42.0000 -9.0000
v -2.0000 42.0000 -10.0000
v -2.0000 42.0000 -11.0000
v -2.0000 31.0000 -12.0000
v -2.0000 42.0000 -12.0000
v -2.0000 31.0000 -13.0000
v -2.0000 42.0000 -13.0000
v -2.0000 32.0000 -14.0000
v -2.0000 31.0000 -14.0000
v -2.0000 33.0000 -14.0000
v -2.0000 34.0000 -14.0000
v -2.0000 35.0000 -14.0000
v -2.0000 36.0000 -14.0000
v -2.0000 37.0000 -14.0000
v -2.0000 38.0000 -14.0000
v -2.0000 39.0000 -14.0000
v -2.0000 40.0000 -14.0000
v -2.0000 41.0000 -14.0000
v -2.0000 42.0000 -14.0000
v -1.0000 31.0000 14.0000
v -1.0000 32.0000 14.0000
v -1.0000 31.0000 13.0000
v -1.0000 33.0000 14.0000
v -1.0000 34.0000 14.0000
v -1.0000 35.0000 14.0000
v -1.0000 36.0000 14.0000
v -1.0000 37.0000 14.0000
v -1.0000 38.0000 14.0000
v -1.0000 39.0000 14.0000
v -1.0000 40.0000 14.0000
v -1.0000 41.0000 14.0000
v -1.0000 42.0000 14.0000
v -1.0000 42.0000 13.0000
v -1.0000 31.0000 12.0000
v -1.0000 42.0000 12.0000
v -1.0000 42.0000 11.0000
v -1.0000 42.0000 10.0000
v -1.0000 42.0000 9.0000
v -1.0000 42.0000 -9.0000
v -1.0000 42.0000 -10.0000
v -1.0000 42.0000 -11.0000
v -1.0000 31.0000 -12.0000
v -1.0000 42.0000 -12.0000
v -1.0000 31.0000 -13.0000
v -1.0000 42.0000 -13.0000
v -1.0000 32.0000 -14.0000
v -1.0000 31.0000 -14.0000
v -1.0000 33.0000 -14.0000
v -1.0000 34.0000 -14.0000
v -1.0000 35.0000 -14.0000
v -1.0000 36.0000 -14.0000
v -1.0000 37.0000 -14.0000
v -1.0000 38.0000 -14.0000
v -1.0000 39.0000 -14.0000
v -1.0000 40.0000 -14.0000
v -1.0000 41.0000 -14.0000
v -1.0000 42.0000 -14.0000
v 0.0000 31.0000 14.0000
v 0.0000 32.0000 14.0000
v 0.0000 31.0000 13.0000
v 0.0000 33.0000 14.0000
v 0.0000 34.0000 14.0000
v 0.0000 35.0000 14.0000
v 0.0000 36.0000 14.0000
v 0.0000 37.0000 14.0000
v 0.0000 38.0000 14.0000
v 0.0000 39.0000 14.0000
v 0.0000 40.0000 14.0000
v 0.0000 41.0000 14.0000
v 0.0000 42.0000 14.0000
v 0.0000 42.0000 13.0000
v 0.0000 31.0000 12.0000
v 0.0000 42.0000 12.0000
v 0.0000 42.0000 11.0000
v 0.0000 42.0000 10.0000
v 0.0000 42.0000 9.0000
v 0.0000 42.0000 -9.0000
v 0.0000 42.0000 -10.0000
v 0.0000 42.0000 -11.0000
v 0.0000 31.0000 -12.0000
v 0.0000 42.0000 -12.0000
v 0.0000 31.0000 -13.0000
v 0.0000 42.0000 -13.0000
v 0.0000 32.0000 -14.0000
v 0.0000 31.0000 -14.0000
v 0.0000 33.0000 -14.0000
v 0.0000 34.0000 -14.0000
v 0.0000 35.0000 -14.0000
v 0.0000 36.0000 -14.0000
v 0.0000 37.0000 -14.0000
v 0.0000 38.0000 -14.0000
v 0.0000 39.0000 -14.0000
v 0.0000 40.0000 -14.0000
v 0.0000 41.0000 -14.0000
v 0.0000 42.0000 -14.0000
v 1.0000 31.0000 14.0000
v 1.0000 32.0000 14.0000
v 1.0000 31.0000 13.0000
v 1.0000 33.0000 14.0000
v 1.0000 34.0000 14.0000
v 1.0000 35.0000 14.0000
v 1.0000 36.0000 14.0000
v 1.0000 37.0000 14.0000
v 1.0000 38.0000 14.0000
v 1.0000 39.0000 14.0000
v 1.0000 40.0000 14.0000
v 1.0000 41.0000 14.0000
v 1.0000 42.0000 14.0000
v 1.0000 42.0000 13.0000
v 1.0000 31.0000 12.0000
v 1.0000 42.0000 12.0000
v 1.0000 42.0000 11.0000
v 1.0000 42.0000 10.0000
v 1.0000 42.0000 9.0000
v 1.0000 42.0000 -9.0000
v 1.0000 42.0000 -10.0000
v 1.0000 42.0000 -11.0000
v 1.0000 31.0000 -12.0000
v 1.0000 42.0000 -12.0000
v 1.0000 31.0000 -13.0000
v 1.0000 42.0000 -13.0000
v 1.0000 32.0000 -14.0000
v 1.0000 31.0000 -14.0000
v 1.0000 33.0000 -14.0000
v 1.0000 34.0000 -14.0000
v 1.0000 35.0000 -14.0000
v 1.0000 36.0000 -14.0000
v 1.0000 37.0000 -14.0000
v 1.0000 38.0000 -14.0000
v 1.0000 39.0000 -14.0000
v 1.0000 40.0000 -14.0000
v 1.0000 41.0000 -14.0000
v 1.0000 42.0000 -14.0000
v 2.0000 31.0000 14.0000
v 2.0000 32.0000 14.0000
v 2.0000 31.0000 13.0000
v 2.0000 33.0000 14.0000
v 2.0000 34.0000 14.0000
v 2.0000 35.0000 14.0000
v 2.0000 36.0000 14.0000
v 2.0000 37.0000 14.0000
v 2.0000 38.0000 14.0000
v 2.0000 39.0000 14.0000
v 2.0000 40.0000 14.0000
v 2.0000 41.0000 14.0000
v 2.0000 42.0000 14.0000
v 2.0000 42.0000 13.0000
v 2.0000 31.0000 12.0000
v 2.0000 42.0000 12.0000
v 2.0000 42.0000 11.0000
v 2.0000 42.0000 10.0000
v 2.0000 42.0000 9.0000
v 2.0000 42.0000 -9.0000
v 2.0000 42.0000 -10.0000
v 2.0000 42.0000 -11.0000
v 2.0000 31.0000 -12.0000
v 2.0000 42.0000 -12.0000
v 2.0000 31.0000 -13.0000
v 2.0000 42.0000 -13.0000
v 2.0000 32.0000 -14.0000
v 2.0000 31.0000 -14.0000
v 2.0000 33.0000 -14.0000
v 2.0000 34.0000 -14.0000
v 2.0000 35.0000 -14.0000
v 2.0000 36.0000 -14.0000
v 2.0000 37.0000 -14.0000
v 2.0000 38.0000 -14.0000
v 2.0000 39.0000 -14.0000
v 2.0000 40.0000 -14.0000
v 2.0000 41.0000 -14.0000
v 2.0000 42.0000 -14.0000
v 3.0000 31.0000 14.0000
v 3.0000 32.0000 14.0000
v 3.0000 31.0000 13.0000
v 3.0000 33.0000 14.0000
v 3.0000 34.0000 14.0000
v 3.0000 35.0000 14.0000
v 3.0000 36.0000 14.0000
v 3.0000 37.0000 14.0000
v 3.0000 38.0000 14.0000
v 3.0000 39.0000 14.0000
v 3.0000 40.0000 14.0000
v 3.0000 41.0000 14.0000
v 3.0000 42.0000 14.0000
v 3.0000 42.0000 13.0000
v 3.0000 31.0000 12.0000
v 3.0000 42.0000 12.0000
v 3.0000 42.0000 11.0000
v 3.0000 42.0000 10.0000
v 3.0000 42.0000 9.0000
v 3.0000 42.0000 -9.0000
v 3.0000 42.0000 -10.0000
v 3.0000 42.0000 -11.0000
v 3.0000 31.0000 -12.0000
v 3.0000 42.0000 -12.0000
v 3.0000 31.0000 -13.0000
v 3.0000 42.0000 -13.0000
v 3.0000 32.0000 -14.0000
v 3.0000 31.0000 -14.0000
v 3.0000 33.0000 -14.0000
v 3.0000 34.0000 -14.0000
v 3.0000 35.0000 -14.0000
v 3.0000 36.0000 -14.0000
v 3.0000 37.0000 -14.0000
v 3.0000 38.0000 -14.0000
v 3.0000 39.0000 -14.0000
v 3.0000 40.0000 -14.0000
v 3.0000 41.0000 -14.0000
v 3.0000 42.0000 -14.0000
v 4.0000 31.0000 14.0000
v 4.0000 32.0000 14.0000
v 4.0000 31.0000 13.0000
v 4.0000 33.0000 14.0000
v 4.0000 34.0000 14.0000
v 4.0000 35.0000 14.0000
v 4.0000 36.0000 14.0000
v 4.0000 37.0000 14.0000
v 4.0000 38.0000 14.0000
v 4.0000 39.0000 14.0000
v 4.0000 40.0000 14.0000
v 4.0000 41.0000 14.0000
v 4.0000 42.0000 14.0000
v 4.0000 42.0000 13.0000
v 4.0000 31.0000 12.0000
v 4.0000 42.0000 12.0000
v 4.0000 42.0000 11.0000
v 4.0000 42.0000 10.0000
v 4.0000 42.0000 9.0000
v 4.0000 42.0000 -9.0000
v 4.0000 42.0000 -10.0000
v 4.0000 42.0000 -11.0000
v 4.0000 31.0000 -12.0000
v 4.0000 42.0000 -12.0000
v 4.0000 31.0000 -13.0000
v 4.0000 42.0000 -13.0000
v 4.0000 32.0000 -14.0000
v 4.0000 31.0000 -14.0000
v 4.0000 33.0000 -14.0000
v 4.0000 34.0000 -14.0000
v 4.0000 35.0000 -14.0000
v 4.0000 36.0000 -14.0000
v 4.0000 37.0000 -14.0000
v 4.0000 38.0000 -14.0000
v 4.0000 39.0000 -14.0000
v 4.0000 40.0000 -14.0000
v 4.0000 41.0000 -14.0000
v 4.0000 42.0000 -14.0000
v 5.0000 31.0000 14.0000
v 5.0000 32.0000 14.0000
v 5.0000 31.0000 13.0000
v 5.0000 33.0000 14.0000
v 5.0000 34.0000 14.0000
v 5.0000 35.0000 14.0000
v 5.0000 36.0000 14.0000
v 5.0000 37.0000 14.0000
v 5.0000 38.0000 14.0000
v 5.0000 39.0000 14.0000
v 5.0000 40.0000 14.0000
v 5.0000 41.0000 14.0000
v 5.0000 42.0000 14.0000
v 5.0000 42.0000 13.0000
v 5.0000 31.0000 12.0000
v 5.0000 42.0000 12.0000
v 5.0000 42.0000 11.0000
v 5.0000 42.0000 10.0000
v 5.0000 42.0000 9.0000
v 5.0000 42.0000 -9.0000
v 5.0000 42.0000 -10.0000
v 5.0000 42.0000 -11.0000
v 5.0000 31.0000 -12.0000
v 5.0000 42.0000 -12.0000
v 5.0000 31.0000 -13.0000
v 5.0000 42.0000 -13.0000
v 5.0000 32.0000 -14.0000
v 5.0000 31.0000 -14.0000
v 5.0000 33.0000 -14.0000
v 5.0000 34.0000 -14.0000
v 5.0000 35.0000 -14.0000
v 5.0000 36.0000 -14.0000
v 5.0000 37.0000 -14.0000
v 5.0000 38.0000 -14.0000
v 5.0000 39.0000 -14.0000
v 5.0000 40.0000 -14.0000
v 5.0000 41.0000 -14.0000
v 5.0000 42.0000 -14.0000
v 6.0000 31.0000 14.0000
v 6.0000 32.0000 14.0000
v 6.0000 31.0000 13.0000
v 6.0000 33.0000 14.0000
v 6.0000 34.0000 14.0000
v 6.0000 35.0000 14.0000
v 6.0000 36.0000 14.0000
v 6.0000 37.0000 14.0000
v 6.0000 38.0000 14.0000
v 6.0000 39.0000 14.0000
v 6.0000 40.0000 14.0000
v 6.0000 41.0000 14.0000
v 6.0000 42.0000 14.0000
v 6.0000 42.0000 13.0000
v 6.0000 31.0000 12.0000
v 6.0000 42.0000 12.0000
v 6.0000 42.0000 11.0000
v 6.0000 42.0000 10.0000
v 6.0000 42.0000 9.0000
v 6.0000 42.0000 -9.0000
v 6.0000 42.0000 -10.0000
v 6.0000 42.0000 -11.0000
v 6.0000 31.0000 -12.0000
v 6.0000 42.0000 -12.0000
v 6.0000 31.0000 -13.0000
v 6.0000 42.0000 -13.0000
v 6.0000 32.0000 -14.0000
v 6.0000 31.0000 -14.0000
v 6.0000 33.0000 -14.0000
v 6.0000 34.0000 -14.0000
v 6.0000 35.0000 -14.0000
v 6.0000 36.0000 -14.0000
v 6.0000 37.0000 -14.0000
v 6.0000 38.0000 -14.0000
v 6.0000 39.0000 -14.0000
v 6.0000 40.0000 -14.0000
v 6.0000 41.0000 -14.0000
v 6.0000 42.0000 -14.0000
v 7.0000 31.0000 14.0000
v 7.0000 32.0000 14.0000
v 7.0000 31.0000 13.0000
v 7.0000 33.0000 14.0000
v 7.0000 34.0000 14.0000
v 7.0000 35.0000 14.0000
v 7.0000 36.0000 14.0000
v 7.0000 37.0000 14.0000
v 7.0000 38.0000 14.0000
v 7.0000 39.0000 14.0000
v 7.0000 40.0000 14.0000
v 7.0000 41.0000 14.0000
v 7.0000 42.0000 14.0000
v 7.0000 42.0000 13.0000
v 7.0000 31.0000 12.0000
v 7.0000 42.0000 12.0000
v 7.0000 42.0000 11.0000
v 7.0000 42.0000 10.0000
v 7.0000 42.0000 9.0000
v 7.0000 42.0000 -9.0000
v 7.0000 42.0000 -10.0000
v 7.0000 42.0000 -11.0000
v 7.0000 31.0000 -12.0000
v 7.0000 42.0000 -12.0000
v 7.0000 31.0000 -13.0000
v 7.0000 42.0000 -13.0000
v 7.0000 32.0000 -14.0000
v 7.0000 31.0000 -14.0000
v 7.0000 33.0000 -14.0000
v 7.0000 34.0000 -14.0000
v 7.0000 35.0000 -14.0000
v 7.0000 36.0000 -14.0000
v 7.0000 37.0000 -14.0000
v 7.0000 38.0000 -14.0000
v 7.0000 39.0000 -14.0000
v 7.0000 40.0000 -14.0000
v 7.0000 41.0000 -14.0000
v 7.0000 42.0000 -14.0000
v 8.0000 31.0000 14.0000
v 8.0000 32.0000 14.0000
v 8.0000 31.0000 13.0000
v 8.0000 33.0000 14.0000
v 8.0000 34.0000 14.0000
v 8.0000 35.0000 14.0000
v 8.0000 36.0000 14.0000
v 8.0000 37.0000 14.0000
v 8.0000 38.0000 14.0000
v 8.0000 39.0000 14.0000
v 8.0000 40.0000 14.0000
v 8.0000 41.0000 14.0000
v 8.0000 42.0000 14.0000
v 8.0000 42.0000 13.0000
v 8.0000 31.0000 12.0000
v 8.0000 42.0000 12.0000
v 8.0000 42.0000 11.0000
v 8.0000 42.0000 10.0000
v 8.0000 42.0000 9.0000
v 8.0000 42.0000 -9.0000
v 8.0000 42.0000 -10.0000
v 8.0000 42.0000 -11.0000
v 8.0000 31.0000 -12.0000
v 8.0000 42.0000 -12.0000
v 8.0000 31.0000 -13.0000
v 8.0000 42.0000 -13.0000
v 8.0000 32.0000 -14.0000
v 8.0000 31.0000 -14.0000
v 8.0000 33.0000 -14.0000
v 8.0000 34.0000 -14.0000
v 8.0000 35.0000 -14.0000
v 8.0000 36.0000 -14.0000
v 8.0000 37.0000 -14.0000
v 8.0000 38.0000 -14.0000
v 8.0000 39.0000 -14.0000
v 8.0000 40.0000 -14.0000
v 8.0000 41.0000 -14.0000
v 8.0000 42.0000 -14.0000
v 9.0000 31.0000 14.0000
v 9.0000 32.0000 14.0000
v 9.0000 31.0000 13.0000
v 9.0000 33.0000 14.0000
v 9.0000 34.0000 14.0000
v 9.0000 35.0000 14.0000
v 9.0000 36.0000 14.0000
v 9.0000 37.0000 14.0000
v 9.0000 38.0000 14.0000
v 9.0000 39.0000 14.0000
v 9.0000 40.0000 14.0000
v 9.0000 41.0000 14.0000
v 9.0000 42.0000 14.0000
v 9.0000 42.0000 13.0000
v 9.0000 31.0000 12.0000
v 9.0000 42.0000 12.0000
v 9.0000 42.0000 11.0000
v 9.0000 42.0000 10.0000
v 9.0000 42.0000 9.0000
v 9.0000 42.0000 -9.0000
v 9.0000 42.0000 -10.0000
v 9.0000 42.0000 -11.0000
v 9.0000 31.0000 -12.0000
v 9.0000 42.0000 -12.0000
v 9.0000 31.0000 -13.0000
v 9.0000 42.0000 -13.0000
v 9.0000 32.0000 -14.0000
v 9.0000 31.0000 -14.0000
v 9.0000 33.0000 -14.0000
v 9.0000 34.0000 -14.0000
v 9.0000 35.0000 -14.0000
v 9.0000 36.0000 -14.0000
v 9.0000 37.0000 -14.0000
v 9.0000 38.0000 -14.0000
v 9.0000 39.0000 -14.0000
v 9.0000 40.0000 -14.0000
v 9.0000 41.0000 -14.0000
v 9.0000 42.0000 -14.0000
v 10.0000 31.0000 14.0000
v 10.0000 32.0000 14.0000
v 10.0000 31.0000 13.0000
v 10.0000 33.0000 14.0000
v 10.0000 34.0000 14.0000
v 10.0000 35.0000 14.0000
v 10.0000 36.0000 14.0000
v 10.0000 37.0000 14.0000
v 10.0000 38.0000 14.0000
v 10.0000 39.0000 14.0000
v 10.0000 40.0000 14.0000
v 10.0000 41.0000 14.0000
v 10.0000 42.0000 14.0000
v 10.0000 42.0000 13.0000
v 10.0000 31.0000 12.0000
v 10.0000 42.0000 12.0000
v 10.0000 42.0000 11.0000
v 10.0000 42.0000 10.0000
v 10.0000 42.0000 9.0000
v 10.0000 42.0000 8.0000
v 9.0000 42.0000 8.0000
v 10.0000 42.0000 7.0000
v 9.0000 42.0000 7.0000
v 10.0000 42.0000 6.0000
v 9.0000 42.0000 6.0000
v 10.0000 42.0000 5.0000
v 9.0000 42.0000 5.0000
v 10.0000 42.0000 4.0000
v 9.0000 42.0000 4.0000
v 10.0000 42.0000 3.0000
v 9.0000 42.0000 3.0000
v 10.0000 42.0000 2.0000
v 9.0000 42.0000 2.0000
v 10.0000 42.0000 1.0000
v 9.0000 42.0000 1.0000
v 10.0000 42.0000 0.0000
v 9.0000 42.0000 0.0000
v 10.0000 42.0000 -1.0000
v 9.0000 42.0000 -1.0000
v 10.0000 42.0000 -2.0000
v 9.0000 42.0000 -2.0000
v 10.0000 42.0000 -3.0000
v 9.0000 42.0000 -3.0000
v 10.0000 42.0000 -4.0000
v 9.0000 42.0000 -4.0000
v 10.0000 42.0000 -5.0000
v 9.0000 42.0000 -5.0000
v 10.0000 42.0000 -6.0000
v 9.0000 42.0000 -6.0000
v 10.0000 42.0000 -7.0000
v 9.0000 42.0000 -7.0000
v 10.0000 42.0000 -8.0000
v 9.0000 42.0000 -8.0000
v 10.0000 42.0000 -9.0000
v 10.0000 42.0000 -10.0000
v 10.0000 42.0000 -11.0000
v 10.0000 31.0000 -12.0000
v 10.0000 42.0000 -12.0000
v 10.0000 31.0000 -13.0000
v 10.0000 42.0000 -13.0000
v 10.0000 32.0000 -14.0000
v 10.0000 31.0000 -14.0000
v 10.0000 33.0000 -14.0000
v 10.0000 34.0000 -14.0000
v 10.0000 35.0000 -14.0000
v 10.0000 36.0000 -14.0000
v 10.0000 37.0000 -14.0000
v 10.0000 38.0000 -14.0000
v 10.0000 39.0000 -14.0000
v 10.0000 40.0000 -14.0000
v 10.0000 41.0000 -14.0000
v 10.0000 42.0000 -14.0000
v 11.0000 31.0000 14.0000
v 11.0000 32.0000 14.0000
v 11.0000 31.0000 13.0000
v 11.0000 33.0000 14.0000
v 11.0000 34.0000 14.0000
v 11.0000 35.0000 14.0000
v 11.0000 36.0000 14.0000
v 11.0000 37.0000 14.0000
v 11.0000 38.0000 14.0000
v 11.0000 39.0000 14.0000
v 11.0000 40.0000 14.0000
v 11.0000 41.0000 14.0000
v 11.0000 42.0000 14.0000
v 11.0000 42.0000 13.0000
v 11.0000 31.0000 12.0000
v 11.0000 42.0000 12.0000
v 11.0000 42.0000 11.0000
v 11.0000 42.0000 10.0000
v 11.0000 42.0000 9.0000
v 11.0000 42.0000 8.0000
v 11.0000 42.0000 7.0000
v 11.0000 42.0000 6.0000
v 11.0000 42.0000 5.0000
v 11.0000 42.0000 4.0000
v 11.0000 42.0000 3.0000
v 11.0000 42.0000 2.0000
v 11.0000 42.0000 1.0000
v 11.0000 42.0000 0.0000
v 11.0000 42.0000 -1.0000
v 11.0000 42.0000 -2.0000
v 11.0000 42.0000 -3.0000
v 11.0000 42.0000 -4.0000
v 11.0000 42.0000 -5.0000
v 11.0000 42.0000 -6.0000
v 11.0000 42.0000 -7.0000
v 11.0000 42.0000 -8.0000
v 11.0000 42.0000 -9.0000
v 11.0000 42.0000 -10.0000
v 11.0000 42.0000 -11.0000
v 11.0000 31.0000 -12.0000
v 11.0000 42.0000 -12.0000
v 11.0000 31.0000 -13.0000
v 11.0000 42.0000 -13.0000
v 11.0000 32.0000 -14.0000
v 11.0000 31.0000 -14.0000
v 11.0000 33.0000 -14.0000
v 11.0000 34.0000 -14.0000
v 11.0000 35.0000 -14.0000
v 11.0000 36.0000 -14.0000
v 11.0000 37.0000 -14.0000
v 11.0000 38.0000 -14.0000
v 11.0000 39.0000 -14.0000
v 11.0000 40.0000 -14.0000
v 11.0000 41.0000 -14.0000
v 11.0000 42.0000 -14.0000
v 12.0000 31.0000 14.0000
v 12.0000 32.0000 14.0000
v 12.0000 31.0000 13.0000
v 12.0000 33.0000 14.0000
v 12.0000 34.0000 14.0000
v 12.0000 35.0000 14.0000
v 12.0000 36.0000 14.0000
v 12.0000 37.0000 14.0000
v 12.0000 38.0000 14.0000
v 12.0000 39.0000 14.0000
v 12.0000 40.0000 14.0000
v 12.0000 41.0000 14.0000
v 12.0000 42.0000 14.0000
v 12.0000 42.0000 13.0000
v 12.0000 31.0000 12.0000
v 12.0000 42.0000 12.0000
v 12.0000 31.0000 11.0000
v 12.0000 42.0000 11.0000
v 12.0000 31.0000 10.0000
v 12.0000 42.0000 10.0000
v 12.0000 31.0000 9.0000
v 12.0000 42.0000 9.0000
v 12.0000 31.0000 8.0000
v 12.0000 42.0000 8.0000
v 12.0000 31.0000 7.0000
v 12.0000 42.0000 7.0000
v 12.0000 31.0000 6.0000
v 12.0000 42.0000 6.0000
v 12.0000 31.0000 5.0000
v 12.0000 42.0000 5.0000
v 12.0000 31.0000 4.0000
v 12.0000 42.0000 4.0000
v 12.0000 31.0000 3.0000
v 12.0000 42.0000 3.0000
v 12.0000 31.0000 2.0000
v 12.0000 42.0000 2.0000
v 12.0000 31.0000 1.0000
v 12.0000 42.0000 1.0000
v 12.0000 31.0000 0.0000
v 12.0000 42.0000 0.0000
v 12.0000 31.0000 -1.0000
v 12.0000 42.0000 -1.0000
v 12.0000 31.0000 -2.0000
v 12.0000 42.0000 -2.0000
v 12.0000 31.0000 -3.0000
v 12.0000 42.0000 -3.0000
v 12.0000 31.0000 -4.0000
v 12.0000 42.0000 -4.0000
v 12.0000 31.0000 -5.0000
v 12.0000 42.0000 -5.0000
v 12.0000 31.0000 -6.0000
v 12.0000 42.0000 -6.0000
v 12.0000 31.0000 -7.0000
v 12.0000 42.0000 -7.0000
v 12.0000 31.0000 -8.0000
v 12.0000 42.0000 -8.0000
v 12.0000 31.0000 -9.0000
v 12.0000 42.0000 -9.0000
v 12.0000 31.0000 -10.0000
v 12.0000 42.0000 -10.0000
v 12.0000 31.0000 -11.0000
v 12.0000 42.0000 -11.0000
v 12.0000 31.0000 -12.0000
v 12.0000 42.0000 -12.0000
v 12.0000 31.0000 -13.0000
v 12.0000 42.0000 -13.0000
v 12.0000 32.0000 -14.0000
v 12.0000 31.0000 -14.0000
v 12.0000 33.0000 -14.0000
v 12.0000 34.0000 -14.0000
v 12.0000 35.0000 -14.0000
v 12.0000 36.0000 -14.0000
v 12.0000 37.0000 -14.0000
v 12.0000 38.0000 -14.0000
v 12.0000 39.0000 -14.0000
v 12.0000 40.0000 -14.0000
v 12.0000 41.0000 -14.0000
v 12.0000 42.0000 -14.0000
v 13.0000 31.0000 14.0000
v 13.0000 32.0000 14.0000
v 13.0000 31.0000 13.0000
v 13.0000 33.0000 14.0000
v 13.0000 34.0000 14.0000
v 13.0000 35.0000 14.0000
v 13.0000 36.0000 14.0000
v 13.0000 37.0000 14.0000
v 13.0000 38.0000 14.0000
v 13.0000 39.0000 14.0000
v 13.0000 40.0000 14.0000
v 13.0000 41.0000 14.0000
v 13.0000 42.0000 14.0000
v 13.0000 42.0000 13.0000
v 13.0000 31.0000 12.0000
v 13.0000 42.0000 12.0000
v 13.0000 31.0000 11.0000
v 13.0000 42.0000 11.0000
v 13.0000 31.0000 10.0000
v 13.0000 42.0000 10.0000
v 13.0000 31.0000 9.0000
v 13.0000 42.0000 9.0000
v 13.0000 31.0000 8.0000
v 13.0000 42.0000 8.0000
v 13.0000 31.0000 7.0000
v 13.0000 42.0000 7.0000
v 13.0000 31.0000 6.0000
v 13.0000 42.0000 6.0000
v 13.0000 31.0000 5.0000
v 13.0000 42.0000 5.0000
v 13.0000 31.0000 4.0000
v 13.0000 42.0000 4.0000
v 13.0000 31.0000 3.0000
v 13.0000 42.0000 3.0000
v 13.0000 31.0000 2.0000
v 13.0000 42.0000 2.0000
v 13.0000 31.0000 1.0000
v 13.0000 42.0000 1.0000
v 13.0000 31.0000 0.0000
v 13.0000 42.0000 0.0000
v 13.0000 31.0000 -1.0000
v 13.0000 42.0000 -1.0000
v 13.0000 31.0000 -2.0000
v 13.0000 42.0000 -2.0000
v 13.0000 31.0000 -3.0000
v 13.0000 42.0000 -3.0000
v 13.0000 31.0000 -4.0000
v 13.0000 42.0000 -4.0000
v 13.0000 31.0000 -5.0000
v 13.0000 42.0000 -5.0000
v 13.0000 31.0000 -6.0000
v 13.0000 42.0000 -6.0000
v 13.0000 31.0000 -7.0000
v 13.0000 42.0000 -7.0000
v 13.0000 31.0000 -8.0000
v 13.0000 42.0000 -8.0000
v 13.0000 31.0000 -9.0000
v 13.0000 42.0000 -9.0000
v 13.0000 31.0000 -10.0000
v 13.0000 42.0000 -10.0000
v 13.0000 31.0000 -11.0000
v 13.0000 42.0000 -11.0000
v 13.0000 31.0000 -12.0000
v 13.0000 42.0000 -12.0000
v 13.0000 31.0000 -13.0000
v 13.0000 42.0000 -13.0000
v 13.0000 32.0000 -14.0000
v 13.0000 31.0000 -14.0000
v 13.0000 33.0000 -14.0000
v 13.0000 34.0000 -14.0000
v 13.0000 35.0000 -14.0000
v 13.0000 36.0000 -14.0000
v 13.0000 37.0000 -14.0000
v 13.0000 38.0000 -14.0000
v 13.0000 39.0000 -14.0000
v 13.0000 40.0000 -14.0000
v 13.0000 41.0000 -14.0000
v 13.0000 42.0000 -14.0000
v 14.0000 31.0000 14.0000
v 14.0000 31.0000 13.0000
v 14.0000 32.0000 13.0000
v 14.0000 32.0000 14.0000
v 14.0000 33.0000 13.0000
v 14.0000 33.0000 14.0000
v 14.0000 34.0000 13.0000
v 14.0000 34.0000 14.0000
v 14.0000 35.0000 13.0000
v 14.0000 35.0000 14.0000
v 14.0000 36.0000 13.0000
v 14.0000 36.0000 14.0000
v 14.0000 37.0000 13.0000
v 14.0000 37.0000 14.0000
v 14.0000 38.0000 13.0000
v 14.0000 38.0000 14.0000
v 14.0000 39.0000 13.0000
v 14.0000 39.0000 14.0000
v 14.0000 40.0000 13.0000
v 14.0000 40.0000 14.0000
v 14.0000 41.0000 13.0000
v 14.0000 41.0000 14.0000
v 14.0000 42.0000 13.0000
v 14.0000 42.0000 14.0000
v 14.0000 31.0000 12.0000
v 14.0000 32.0000 12.0000
v 14.0000 33.0000 12.0000
v 14.0000 34.0000 12.0000
v 14.0000 35.0000 12.0000
v 14.0000 36.0000 12.0000
v 14.0000 37.0000 12.0000
v 14.0000 38.0000 12.0000
v 14.0000 39.0000 12.0000
v 14.0000 40.0000 12.0000
v 14.0000 41.0000 12.0000
v 14.0000 42.0000 12.0000
v 14.0000 31.0000 11.0000
v 14.0000 32.0000 11.0000
v 14.0000 33.0000 11.0000
v 14.0000 34.0000 11.0000
v 14.0000 35.0000 11.0000
v 14.0000 36.0000 11.0000
v 14.0000 37.0000 11.0000
v 14.0000 38.0000 11.0000
v 14.0000 39.0000 11.0000
v 14.0000 40.0000 11.0000
v 14.0000 41.0000 11.0000
v 14.0000 42.0000 11.0000
v 14.0000 31.0000 10.0000
v 14.0000 32.0000 10.0000
v 14.0000 33.0000 10.0000
v 14.0000 34.0000 10.0000
v 14.0000 35.0000 10.0000
v 14.0000 36.0000 10.0000
v 14.0000 37.0000 10.0000
v 14.0000 38.0000 10.0000
v 14.0000 39.0000 10.0000
v 14.0000 40.0000 10.0000
v 14.0000 41.0000 10.0000
v 14.0000 42.0000 10.0000
v 14.0000 31.0000 9.0000
v 14.0000 32.0000 9.0000
v 14.0000 33.0000 9.0000
v 14.0000 34.0000 9.0000
v 14.0000 35.0000 9.0000
v 14.0000 36.0000 9.0000
v 14.0000 37.0000 9.0000
v 14.0000 38.0000 9.0000
v 14.0000 39.0000 9.0000
v 14.0000 40.0000 9.0000
v 14.0000 41.0000 9.0000
v 14.0000 42.0000 9.0000
v 14.0000 31.0000 8.0000
v 14.0000 32.0000 8.0000
v 14.0000 33.0000 8.0000
v 14.0000 34.0000 8.0000
v 14.0000 35.0000 8.0000
v 14.0000 36.0000 8.0000
v 14.0000 37.0000 8.0000
v 14.0000 38.0000 8.0000
v 14.0000 39.0000 8.0000
v 14.0000 40.0000 8.0000
v 14.0000 41.0000 8.0000
v 14.0000 42.0000 8.0000
v 14.0000 31.0000 7.0000
v 14.0000 32.0000 7.0000
v 14.0000 33.0000 7.0000
v 14.0000 34.0000 7.0000
v 14.0000 35.0000 7.0000
v 14.0000 36.0000 7.0000
v 14.0000 37.0000 7.0000
v 14.0000 38.0000 7.0000
v 14.0000 39.0000 7.0000
v 14.0000 40.0000 7.0000
v 14.0000 41.0000 7.0000
v 14.0000 42.0000 7.0000
v 14.0000 31.0000 6.0000
v 14.0000 32.0000 6.0000
v 14.0000 33.0000 6.0000
v 14.0000 34.0000 6.0000
v 14.0000 35.0000 6.0000
v 14.0000 36.0000 6.0000
v 14.0000 37.0000 6.0000
v 14.0000 38.0000 6.0000
v 14.0000 39.0000 6.0000
v 14.0000 40.0000 6.0000
v 14.0000 41.0000 6.0000
v 14.0000 42.0000 6.0000
v 14.0000 31.0000 5.0000
v 14.0000 32.0000 5.0000
v 14.0000 33.0000 5.0000
v 14.0000 34.0000 5.0000
v 14.0000 35.0000 5.0000
v 14.0000 36.0000 5.0000
v 14.0000 37.0000 5.0000
v 14.0000 38.0000 5.0000
v 14.0000 39.0000 5.0000
v 14.0000 40.0000 5.0000
v 14.0000 41.0000 5.0000
v 14.0000 42.0000 5.0000
v 14.0000 31.0000 4.0000
v 14.0000 32.0000 4.0000
v 14.0000 33.0000 4.0000
v 14.0000 34.0000 4.0000
v 14.0000 35.0000 4.0000
v 14.0000 36.0000 4.0000
v 14.0000 37.0000 4.0000
v 14.0000 38.0000 4.0000
v 14.0000 39.0000 4.0000
v 14.0000 40.0000 4.0000
v 14.0000 41.0000 4.0000
v 14.0000 42.0000 4.0000
v 14.0000 31.0000 3.0000
v 14.0000 32.0000 3.0000
v 14.0000 33.0000 3.0000
v 14.0000 34.0000 3.0000
v 14.0000 35.0000 3.0000
v 14.0000 36.0000 3.0000
v 14.0000 37.0000 3.0000
v 14.0000 38.0000 3.0000
v 14.0000 39.0000 3.0000
v 14.0000 40.0000 3.0000
v 14.0000 41.0000 3.0000
v 14.0000 42.0000 3.0000
v 14.0000 31.0000 2.0000
v 14.0000 32.0000 2.0000
v 14.0000 33.0000 2.0000
v 14.0000 34.0000 2.0000
v 14.0000 35.0000 2.0000
v 14.0000 36.0000 2.0000
v 14.0000 37.0000 2.0000
v 14.0000 38.0000 2.0000
v 14.0000 39.0000 2.0000
v 14.0000 40.0000 2.0000
v 14.0000 41.0000 2.0000
v 14.0000 42.0000 2.0000
v 14.0000 31.0000 1.0000
v 14.0000 32.0000 1.0000
v 14.0000 33.0000 1.0000
v 14.0000 34.0000 1.0000
v 14.0000 35.0000 1.0000
v 14.0000 36.0000 1.0000
v 14.0000 37.0000 1.0000
v 14.0000 38.0000 1.0000
v 14.0000 39.0000 1.0000
v 14.0000 40.0000 1.0000
v 14.0000 41.0000 1.0000
v 14.0000 42.0000 1.0000
v 14.0000 31.0000 0.0000
v 14.0000 32.0000 0.0000
v 14.0000 33.0000 0.0000
v 14.0000 34.0000 0.0000
v 14.0000 35.0000 0.0000
v 14.0000 36.0000 0.0000
v 14.0000 37.0000 0.0000
v 14.0000 38.0000 0.0000
v 14.0000 39.0000 0.0000
v 14.0000 40.0000 0.0000
v 14.0000 41.0000 0.0000
v 14.0000 42.0000 0.0000
v 14.0000 31.0000 -1.0000
v 14.0000 32.0000 -1.0000
v 14.0000 33.0000 -1.0000
v 14.0000 34.0000 -1.0000
v 14.0000 35.0000 -1.0000
v 14.0000 36.0000 -1.0000
v 14.0000 37.0000 -1.0000
v 14.0000 38.0000 -1.0000
v 14.0000 39.0000 -1.0000
v 14.0000 40.0000 -1.0000
v 14.0000 41.0000 -1.0000
v 14.0000 42.0000 -1.0000
v 14.0000 31.0000 -2.0000
v 14.0000 32.0000 -2.0000
v 14.0000 33.0000 -2.0000
v 14.0000 34.0000 -2.0000
v 14.0000 35.0000 -2.0000
v 14.0000 36.0000 -2.0000
v 14.0000 37.0000 -2.0000
v 14.0000 38.0000 -2.0000
v 14.0000 39.0000 -2.0000
v 14.0000 40.0000 -2.0000
v 14.0000 41.0000 -2.0000
v 14.0000 42.0000 -2.0000
v 14.0000 31.0000 -3.0000
v 14.0000 32.0000 -3.0000
v 14.0000 33.0000 -3.0000
v 14.0000 34.0000 -3.0000
v 14.0000 35.0000 -3.0000
v 14.0000 36.0000 -3.0000
v 14.0000 37.0000 -3.0000
v 14.0000 38.0000 -3.0000
v 14.0000 39.0000 -3.0000
v 14.0000 40.0000 -3.0000
v 14.0000 41.0000 -3.0000
v 14.0000 42.0000 -3.0000
v 14.0000 31.0000 -4.0000
v 14.0000 32.0000 -4.0000
v 14.0000 33.0000 -4.0000
v 14.0000 34.0000 -4.0000
v 14.0000 35.0000 -4.0000
v 14.0000 36.0000 -4.0000
v 14.0000 37.0000 -4.0000
v 14.0000 38.0000 -4.0000
v 14.0000 39.0000 -4.0000
v 14.0000 40.0000 -4.0000
v 14.0000 41.0000 -4.0000
v 14.0000 42.0000 -4.0000
v 14.0000 31.0000 -5.0000
v 14.0000 32.0000 -5.0000
v 14.0000 33.0000 -5.0000
v 14.0000 34.0000 -5.0000
v 14.0000 35.0000 -5.0000
v 14.0000 36.0000 -5.0000
v 14.0000 37.0000 -5.0000
v 14.0000 38.0000 -5.0000
v 14.0000 39.0000 -5.0000
v 14.0000 40.0000 -5.0000
v 14.0000 41.0000 -5.0000
v 14.0000 42.0000 -5.0000
v 14.0000 31.0000 -6.0000
v 14.0000 32.0000 -6.0000
v 14.0000 33.0000 -6.0000
v 14.0000 34.0000 -6.0000
v 14.0000 35.0000 -6.0000
v 14.0000 36.0000 -6.0000
v 14.0000 37.0000 -6.0000
v 14.0000 38.0000 -6.0000
v 14.0000 39.0000 -6.0000
v 14.0000 40.0000 -6.0000
v 14.0000 41.0000 -6.0000
v 14.0000 42.0000 -6.0000
v 14.0000 31.0000 -7.0000
v 14.0000 32.0000 -7.0000
v 14.0000 33.0000 -7.0000
v 14.0000 34.0000 -7.0000
v 14.0000 35.0000 -7.0000
v 14.0000 36.0000 -7.0000
v 14.0000 37.0000 -7.0000
v 14.0000 38.0000 -7.0000
v 14.0000 39.0000 -7.0000
v 14.0000 40.0000 -7.0000
v 14.0000 41.0000 -7.0000
v 14.0000 42.0000 -7.0000
v 14.0000 31.0000 -8.0000
v 14.0000 32.0000 -8.0000
v 14.0000 33.0000 -8.0000
v 14.0000 34.0000 -8.0000
v 14.0000 35.0000 -8.0000
v 14.0000 36.0000 -8.0000
v 14.0000 37.0000 -8.0000
v 14.0000 38.0000 -8.0000
v 14.0000 39.0000 -8.0000
v 14.0000 40.0000 -8.0000
v 14.0000 41.0000 -8.0000
v 14.0000 42.0000 -8.0000
v 14.0000 31.0000 -9.0000
v 14.0000 32.0000 -9.0000
v 14.0000 33.0000 -9.0000
v 14.0000 34.0000 -9.0000
v 14.0000 35.0000 -9.0000
v 14.0000 36.0000 -9.0000
v 14.0000 37.0000 -9.0000
v 14.0000 38.0000 -9.0000
v 14.0000 39.0000 -9.0000
v 14.0000 40.0000 -9.0000
v 14.0000 41.0000 -9.0000
v 14.0000 42.0000 -9.0000
v 14.0000 31.0000 -10.0000
v 14.0000 32.0000 -10.0000
v 14.0000 33.0000 -10.0000
v 14.0000 34.0000 -10.0000
v 14.0000 35.0000 -10.0000
v 14.0000 36.0000 -10.0000
v 14.0000 37.0000 -10.0000
v 14.0000 38.0000 -10.0000
v 14.0000 39.0000 -10.0000
v 14.0000 40.0000 -10.0000
v 14.0000 41.0000 -10.0000
v 14.0000 42.0000 -10.0000
v 14.0000 31.0000 -11.0000
v 14.0000 32.0000 -11.0000
v 14.0000 33.0000 -11.0000
v 14.0000 34.0000 -11.0000
v 14.0000 35.0000 -11.0000
v 14.0000 36.0000 -11.0000
v 14.0000 37.0000 -11.0000
v 14.0000 38.0000 -11.0000
v 14.0000 39.0000 -11.0000
v 14.0000 40.0000 -11.0000
v 14.0000 41.0000 -11.0000
v 14.0000 42.0000 -11.0000
v 14.0000 31.0000 -12.0000
v 14.0000 32.0000 -12.0000
v 14.0000 33.0000 -12.0000
v 14.0000 34.0000 -12.0000
v 14.0000 35.0000 -12.0000
v 14.0000 36.0000 -12.0000
v 14.0000 37.0000 -12.0000
v 14.0000 38.0000 -12.0000
v 14.0000 39.0000 -12.0000
v 14.0000 40.0000 -12.0000
v 14.0000 41.0000 -12.0000
v 14.0000 42.0000 -12.0000
v 14.0000 31.0000 -13.0000
v 14.0000 32.0000 -13.0000
v 14.0000 33.0000 -13.0000
v 14.0000 34.0000 -13.0000
v 14.0000 35.0000 -13.0000
v 14.0000 36.0000 -13.0000
v 14.0000 37.0000 -13.0000
v 14.0000 38.0000 -13.0000
v 14.0000 39.0000 -13.0000
v 14.0000 40.0000 -13.0000
v 14.0000 41.0000 -13.0000
v 14.0000 42.0000 -13.0000
v 14.0000 31.0000 -14.0000
v 14.0000 32.0000 -14.0000
v 14.0000 33.0000 -14.0000
v 14.0000 34.0000 -14.0000
v 14.0000 35.0000 -14.0000
v 14.0000 36.0000 -14.0000
v 14.0000 37.0000 -14.0000
v 14.0000 38.0000 -14.0000
v 14.0000 39.0000 -14.0000
v 14.0000 40.0000 -14.0000
v 14.0000 41.0000 -14.0000
v 14.0000 42.0000 -14.0000
v -9.0000 43.0000 9.0000
v -9.0000 43.0000 8.0000
v -8.0000 43.0000 9.0000
v -9.0000 44.0000 9.0000
v -9.0000 44.0000 8.0000
v -8.0000 44.0000 9.0000
v -9.0000 45.0000 9.0000
v -9.0000 45.0000 8.0000
v -8.0000 45.0000 9.0000
v -9.0000 46.0000 9.0000
v -9.0000 46.0000 8.0000
v -8.0000 46.0000 9.0000
v -8.0000 46.0000 8.0000
v -9.0000 43.0000 7.0000
v -9.0000 44.0000 7.0000
v -9.0000 45.0000 7.0000
v -9.0000 46.0000 7.0000
v -8.0000 46.0000 7.0000
v -9.0000 43.0000 6.0000
v -9.0000 44.0000 6.0000
v -9.0000 45.0000 6.0000
v -9.0000 46.0000 6.0000
v -8.0000 46.0000 6.0000
v -9.0000 43.0000 5.0000
v -9.0000 44.0000 5.0000
v -9.0000 45.0000 5.0000
v -9.0000 46.0000 5.0000
v -8.0000 46.0000 5.0000
v -9.0000 43.0000 4.0000
v -9.0000 44.0000 4.0000
v -9.0000 45.0000 4.0000
v -9.0000 46.0000 4.0000
v -8.0000 46.0000 4.0000
v -9.0000 43.0000 3.0000
v -9.0000 44.0000 3.0000
v -9.0000 45.0000 3.0000
v -9.0000 46.0000 3.0000
v -8.0000 46.0000 3.0000
v -9.0000 43.0000 2.0000
v -9.0000 44.0000 2.0000
v -9.0000 45.0000 2.0000
v -9.0000 46.0000 2.0000
v -8.0000 46.0000 2.0000
v -9.0000 43.0000 1.0000
v -9.0000 44.0000 1.0000
v -9.0000 45.0000 1.0000
v -9.0000 46.0000 1.0000
v -8.0000 46.0000 1.0000
v -9.0000 43.0000 0.0000
v -9.0000 44.0000 0.0000
v -9.0000 45.0000 0.0000
v -9.0000 46.0000 0.0000
v -8.0000 46.0000 0.0000
v -9.0000 43.0000 -1.0000
v -9.0000 44.0000 -1.0000
v -9.0000 45.0000 -1.0000
v -9.0000 46.0000 -1.0000
v -8.0000 46.0000 -1.0000
v -9.0000 43.0000 -2.0000
v -9.0000 44.0000 -2.0000
v -9.0000 45.0000 -2.0000
v -9.0000 46.0000 -2.0000
v -8.0000 46.0000 -2.0000
v -9.0000 43.0000 -3.0000
v -9.0000 44.0000 -3.0000
v -9.0000 45.0000 -3.0000
v -9.0000 46.0000 -3.0000
v -8.0000 46.0000 -3.0000
v -9.0000 43.0000 -4.0000
v -9.0000 44.0000 -4.0000
v -9.0000 45.0000 -4.0000
v -9.0000 46.0000 -4.0000
v -8.0000 46.0000 -4.0000
v -9.0000 43.0000 -5.0000
v -9.0000 44.0000 -5.0000
v -9.0000 45.0000 -5.0000
v -9.0000 46.0000 -5.0000
v -8.0000 46.0000 -5.0000
v -9.0000 43.0000 -6.0000
v -9.0000 44.0000 -6.0000
v -9.0000 45.0000 -6.0000
v -9.0000 46.0000 -6.0000
v -8.0000 46.0000 -6.0000
v -9.0000 43.0000 -7.0000
v -9.0000 44.0000 -7.0000
v -9.0000 45.0000 -7.0000
v -9.0000 46.0000 -7.0000
v -8.0000 46.0000 -7.0000
v -9.0000 43.0000 -8.0000
v -9.0000 44.0000 -8.0000
v -9.0000 45.0000 -8.0000
v -9.0000 46.0000 -8.0000
v -8.0000 46.0000 -8.0000
v -9.0000 43.0000 -9.0000
v -8.0000 43.0000 -9.0000
v -9.0000 44.0000 -9.0000
v -8.0000 44.0000 -9.0000
v -9.0000 45.0000 -9.0000
v -8.0000 45.0000 -9.0000
v -9.0000 46.0000 -9.0000
v -8.0000 46.0000 -9.0000
v -7.0000 43.0000 9.0000
v -7.0000 44.0000 9.0000
v -7.0000 45.0000 9.0000
v -7.0000 46.0000 9.0000
v -7.0000 46.0000 8.0000
v -7.0000 46.0000 7.0000
v -7.0000 46.0000 6.0000
v -7.0000 46.0000 5.0000
v -7.0000 46.0000 4.0000
v -7.0000 46.0000 3.0000
v -7.0000 46.0000 2.0000
v -7.0000 46.0000 1.0000
v -7.0000 46.0000 0.0000
v -7.0000 46.0000 -1.0000
v -7.0000 46.0000 -2.0000
v -7.0000 46.0000 -3.0000
v -7.0000 46.0000 -4.0000
v -7.0000 46.0000 -5.0000
v -7.0000 46.0000 -6.0000
v -7.0000 46.0000 -7.0000
v -7.0000 46.0000 -8.0000
v -7.0000 43.0000 -9.0000
v -7.0000 44.0000 -9.0000
v -7.0000 45.0000 -9.0000
v -7.0000 46.0000 -9.0000
v -6.0000 43.0000 9.0000
v -6.0000 44.0000 9.0000
v -6.0000 45.0000 9.0000
v -6.0000 46.0000 9.0000
v -6.0000 46.0000 8.0000
v -6.0000 46.0000 7.0000
v -6.0000 46.0000 6.0000
v -6.0000 46.0000 5.0000
v -6.0000 46.0000 4.0000
v -6.0000 46.0000 3.0000
v -6.0000 46.0000 2.0000
v -6.0000 46.0000 1.0000
v -6.0000 46.0000 0.0000
v -6.0000 46.0000 -1.0000
v -6.0000 46.0000 -2.0000
v -6.0000 46.0000 -3.0000
v -6.0000 46.0000 -4.0000
v -6.0000 46.0000 -5.0000
v -6.0000 46.0000 -6.0000
v -6.0000 46.0000 -7.0000
v -6.0000 46.0000 -8.0000
v -6.0000 43.0000 -9.0000
v -6.0000 44.0000 -9.0000
v -6.0000 45.0000 -9.0000
v -6.0000 46.0000 -9.0000
v -5.0000 43.0000 9.0000
v -5.0000 44.0000 9.0000
v -5.0000 45.0000 9.0000
v -5.0000 46.0000 9.0000
v -5.0000 46.0000 8.0000
v -5.0000 46.0000 7.0000
v -5.0000 46.0000 6.0000
v -5.0000 46.0000 5.0000
v -5.0000 46.0000 4.0000
v -5.0000 46.0000 3.0000
v -5.0000 46.0000 2.0000
v -5.0000 46.0000 1.0000
v -5.0000 46.0000 0.0000
v -5.0000 46.0000 -1.0000
v -5.0000 46.0000 -2.0000
v -5.0000 46.0000 -3.0000
v -5.0000 46.0000 -4.0000
v -5.0000 46.0000 -5.0000
v -5.0000 46.0000 -6.0000
v -5.0000 46.0000 -7.0000
v -5.0000 46.0000 -8.0000
v -5.0000 43.0000 -9.0000
v -5.0000 44.0000 -9.0000
v -5.0000 45.0000 -9.0000
v -5.0000 46.0000 -9.0000
v -4.0000 43.0000 9.0000
v -4.0000 44.0000 9.0000
v -4.0000 45.0000 9.0000
v -4.0000 46.0000 9.0000
v -4.0000 46.0000 8.0000
v -4.0000 46.0000 7.0000
v -4.0000 46.0000 6.0000
v -4.0000 46.0000 5.0000
v -4.0000 46.0000 4.0000
v -4.0000 46.0000 3.0000
v -4.0000 46.0000 2.0000
v -4.0000 46.0000 1.0000
v -4.0000 46.0000 0.0000
v -4.0000 46.0000 -1.0000
v -4.0000 46.0000 -2.0000
v -4.0000 46.0000 -3.0000
v -4.0000 46.0000 -4.0000
v -4.0000 46.0000 -5.0000
v -4.0000 46.0000 -6.0000
v -4.0000 46.0000 -7.0000
v -4.0000 46.0000 -8.0000
v -4.0000 43.0000 -9.0000
v -4.0000 44.0000 -9.0000
v -4.0000 45.0000 -9.0000
v -4.0000 46.0000 -9.0000
v -3.0000 43.0000 9.0000
v -3.0000 44.0000 9.0000
v -3.0000 45.0000 9.0000
v -3.0000 46.0000 9.0000
v -3.0000 46.0000 8.0000
v -3.0000 46.0000 7.0000
v -3.0000 46.0000 6.0000
v -3.0000 46.0000 5.0000
v -3.0000 46.0000 4.0000
v -3.0000 46.0000 3.0000
v -3.0000 46.0000 2.0000
v -3.0000 46.0000 1.0000
v -3.0000 46.0000 0.0000
v -3.0000 46.0000 -1.0000
v -3.0000 46.0000 -2.0000
v -3.0000 46.0000 -3.0000
v -3.0000 46.0000 -4.0000
v -3.0000 46.0000 -5.0000
v -3.0000 46.0000 -6.0000
v -3.0000 46.0000 -7.0000
v -3.0000 46.0000 -8.0000
v -3.0000 43.0000 -9.0000
v -3.0000 44.0000 -9.0000
v -3.0000 45.0000 -9.0000
v -3.0000 46.0000 -9.0000
v -2.0000 43.0000 9.0000
v -2.0000 44.0000 9.0000
v -2.0000 45.0000 9.0000
v -2.0000 46.0000 9.0000
v -2.0000 46.0000 8.0000
v -2.0000 46.0000 7.0000
v -2.0000 46.0000 6.0000
v -2.0000 46.0000 5.0000
v -2.0000 46.0000 4.0000
v -2.0000 46.0000 3.0000
v -2.0000 46.0000 2.0000
v -2.0000 46.0000 1.0000
v -2.0000 46.0000 0.0000
v -2.0000 46.0000 -1.0000
v -2.0000 46.0000 -2.0000
v -2.0000 46.0000 -3.0000
v -2.0000 46.0000 -4.0000
v -2.0000 46.0000 -5.0000
v -2.0000 46.0000 -6.0000
v -2.0000 46.0000 -7.0000
v -2.0000 46.0000 -8.0000
v -2.0000 43.0000 -9.0000
v -2.0000 44.0000 -9.0000
v -2.0000 45.0000 -9.0000
v -2.0000 46.0000 -9.0000
v -1.0000 43.0000 9.0000
v -1.0000 44.0000 9.0000
v -1.0000 45.0000 9.0000
v -1.0000 46.0000 9.0000
v -1.0000 46.0000 8.0000
v -1.0000 46.0000 7.0000
v -1.0000 46.0000 6.0000
v -1.0000 46.0000 5.0000
v -1.0000 46.0000 4.0000
v -1.0000 46.0000 3.0000
v -1.0000 46.0000 2.0000
v -1.0000 46.0000 1.0000
v -1.0000 46.0000 0.0000
v -1.0000 46.0000 -1.0000
v -1.0000 46.0000 -2.0000
v -1.0000 46.0000 -3.0000
v -1.0000 46.0000 -4.0000
v -1.0000 46.0000 -5.0000
v -1.0000 46.0000 -6.0000
v -1.0000 46.0000 -7.0000
v -1.0000 46.0000 -8.0000
v -1.0000 43.0000 -9.0000
v -1.0000 44.0000 -9.0000
v -1.0000 45.0000 -9.0000
v -1.0000 46.0000 -9.0000
v 0.0000 43.0000 9.0000
v 0.0000 44.0000 9.0000
v 0.0000 45.0000 9.0000
v 0.0000 46.0000 9.0000
v 0.0000 46.0000 8.0000
v 0.0000 46.0000 7.0000
v 0.0000 46.0000 6.0000
v 0.0000 46.0000 5.0000
v 0.0000 46.0000 4.0000
v 0.0000 46.0000 3.0000
v 0.0000 46.0000 2.0000
v 0.0000 46.0000 1.0000
v 0.0000 46.0000 0.0000
v 0.0000 46.0000 -1.0000
v 0.0000 46.0000 -2.0000
v 0.0000 46.0000 -3.0000
v 0.0000 46.0000 -4.0000
v 0.0000 46.0000 -5.0000
v 0.0000 46.0000 -6.0000
v 0.0000 46.0000 -7.0000
v 0.0000 46.0000 -8.0000
v 0.0000 43.0000 -9.0000
v 0.0000 44.0000 -9.0000
v 0.0000 45.0000 -9.0000
v 0.0000 46.0000 -9.0000
v 1.0000 43.0000 9.0000
v 1.0000 44.0000 9.0000
v 1.0000 45.0000 9.0000
v 1.0000 46.0000 9.0000
v 1.0000 46.0000 8.0000
v 1.0000 46.0000 7.0000
v 1.0000 46.0000 6.0000
v 1.0000 46.0000 5.0000
v 1.0000 46.0000 4.0000
v 1.0000 46.0000 3.0000
v 1.0000 46.0000 2.0000
v 1.0000 46.0000 1.0000
v 1.0000 46.0000 0.0000
v 1.0000 46.0000 -1.0000
v 1.0000 46.0000 -2.0000
v 1.0000 46.0000 -3.0000
v 1.0000 46.0000 -4.0000
v 1.0000 46.0000 -5.0000
v 1.0000 46.0000 -6.0000
v 1.0000 46.0000 -7.0000
v 1.0000 46.0000 -8.0000
v 1.0000 43.0000 -9.0000
v 1.0000 44.0000 -9.0000
v 1.0000 45.0000 -9.0000
v 1.0000 46.0000 -9.0000
v 2.0000 43.0000 9.0000
v 2.0000 44.0000 9.0000
v 2.0000 45.0000 9.0000
v 2.0000 46.0000 9.0000
v 2.0000 46.0000 8.0000
v 2.0000 46.0000 7.0000
v 2.0000 46.0000 6.0000
v 2.0000 46.0000 5.0000
v 2.0000 46.0000 4.0000
v 2.0000 46.0000 3.0000
v 2.0000 46.0000 2.0000
v 2.0000 46.0000 1.0000
v 2.0000 46.0000 0.0000
v 2.0000 46.0000 -1.0000
v 2.0000 46.0000 -2.0000
v 2.0000 46.0000 -3.0000
v 2.0000 46.0000 -4.0000
v 2.0000 46.0000 -5.0000
v 2.0000 46.0000 -6.0000
v 2.0000 46.0000 -7.0000
v 2.0000 46.0000 -8.0000
v 2.0000 43.0000 -9.0000
v 2.0000 44.0000 -9.0000
v 2.0000 45.0000 -9.0000
v 2.0000 46.0000 -9.0000
v 3.0000 43.0000 9.0000
v 3.0000 44.0000 9.0000
v 3.0000 45.0000 9.0000
v 3.0000 46.0000 9.0000
v 3.0000 46.0000 8.0000
v 3.0000 46.0000 7.0000
v 3.0000 46.0000 6.0000
v 3.0000 46.0000 5.0000
v 3.0000 46.0000 4.0000
v 3.0000 46.0000 3.0000
v 3.0000 46.0000 2.0000
v 3.0000 46.0000 1.0000
v 3.0000 46.0000 0.0000
v 3.0000 46.0000 -1.0000
v 3.0000 46.0000 -2.0000
v 3.0000 46.0000 -3.0000
v 3.0000 46.0000 -4.0000
v 3.0000 46.0000 -5.0000
v 3.0000 46.0000 -6.0000
v 3.0000 46.0000 -7.0000
v 3.0000 46.0000 -8.0000
v 3.0000 43.0000 -9.0000
v 3.0000 44.0000 -9.0000
v 3.0000 45.0000 -9.0000
v 3.0000 46.0000 -9.0000
v 4.0000 43.0000 9.0000
v 4.0000 44.0000 9.0000
v 4.0000 45.0000 9.0000
v 4.0000 46.0000 9.0000
v 4.0000 46.0000 8.0000
v 4.0000 46.0000 7.0000
v 4.0000 46.0000 6.0000
v 4.0000 46.0000 5.0000
v 4.0000 46.0000 4.0000
v 4.0000 46.0000 3.0000
v 4.0000 46.0000 2.0000
v 4.0000 46.0000 1.0000
v 4.0000 46.0000 0.0000
v 4.0000 46.0000 -1.0000
v 4.0000 46.0000 -2.0000
v 4.0000 46.0000 -3.0000
v 4.0000 46.0000 -4.0000
v 4.0000 46.0000 -5.0000
v 4.0000 46.0000 -6.0000
v 4.0000 46.0000 -7.0000
v 4.0000 46.0000 -8.0000
v 4.0000 43.0000 -9.0000
v 4.0000 44.0000 -9.0000
v 4.0000 45.0000 -9.0000
v 4.0000 46.0000 -9.0000
v 5.0000 43.0000 9.0000
v 5.0000 44.0000 9.0000
v 5.0000 45.0000 9.0000
v 5.0000 46.0000 9.0000
v 5.0000 46.0000 8.0000
v 5.0000 46.0000 7.0000
v 5.0000 46.0000 6.0000
v 5.0000 46.0000 5.0000
v 5.0000 46.0000 4.0000
v 5.0000 46.0000 3.0000
v 5.0000 46.0000 2.0000
v 5.0000 46.0000 1.0000
v 5.0000 46.0000 0.0000
v 5.0000 46.0000 -1.0000
v 5.0000 46.0000 -2.0000
v 5.0000 46.0000 -3.0000
v 5.0000 46.0000 -4.0000
v 5.0000 46.0000 -5.0000
v 5.0000 46.0000 -6.0000
v 5.0000 46.0000 -7.0000
v 5.0000 46.0000 -8.0000
v 5.0000 43.0000 -9.0000
v 5.0000 44.0000 -9.0000
v 5.0000 45.0000 -9.0000
v 5.0000 46.0000 -9.0000
v 6.0000 43.0000 9.0000
v 6.0000 44.0000 9.0000
v 6.0000 45.0000 9.0000
v 6.0000 46.0000 9.0000
v 6.0000 46.0000 8.0000
v 6.0000 46.0000 7.0000
v 6.0000 46.0000 6.0000
v 6.0000 46.0000 5.0000
v 6.0000 46.0000 4.0000
v 6.0000 46.0000 3.0000
v 6.0000 46.0000 2.0000
v 6.0000 46.0000 1.0000
v 6.0000 46.0000 0.0000
v 6.0000 46.0000 -1.0000
v 6.0000 46.0000 -2.0000
v 6.0000 46.0000 -3.0000
v 6.0000 46.0000 -4.0000
v 6.0000 46.0000 -5.0000
v 6.0000 46.0000 -6.0000
v 6.0000 46.0000 -7.0000
v 6.0000 46.0000 -8.0000
v 6.0000 43.0000 -9.0000
v 6.0000 44.0000 -9.0000
v 6.0000 45.0000 -9.0000
v 6.0000 46.0000 -9.0000
v 7.0000 43.0000 9.0000
v 7.0000 44.0000 9.0000
v 7.0000 45.0000 9.0000
v 7.0000 46.0000 9.0000
v 7.0000 46.0000 8.0000
v 7.0000 46.0000 7.0000
v 7.0000 46.0000 6.0000
v 7.0000 46.0000 5.0000
v 7.0000 46.0000 4.0000
v 7.0000 46.0000 3.0000
v 7.0000 46.0000 2.0000
v 7.0000 46.0000 1.0000
v 7.0000 46.0000 0.0000
v 7.0000 46.0000 -1.0000
v 7.0000 46.0000 -2.0000
v 7.0000 46.0000 -3.0000
v 7.0000 46.0000 -4.0000
v 7.0000 46.0000 -5.0000
v 7.0000 46.0000 -6.0000
v 7.0000 46.0000 -7.0000
v 7.0000 46.0000 -8.0000
v 7.0000 43.0000 -9.0000
v 7.0000 44.0000 -9.0000
v 7.0000 45.0000 -9.0000
v 7.0000 46.0000 -9.0000
v 8.0000 43.0000 9.0000
v 8.0000 44.0000 9.0000
v 8.0000 45.0000 9.0000
v 8.0000 46.0000 9.0000
v 8.0000 46.0000 8.0000
v 8.0000 46.0000 7.0000
v 8.0000 46.0000 6.0000
v 8.0000 46.0000 5.0000
v 8.0000 46.0000 4.0000
v 8.0000 46.0000 3.0000
v 8.0000 46.0000 2.0000
v 8.0000 46.0000 1.0000
v 8.0000 46.0000 0.0000
v 8.0000 46.0000 -1.0000
v 8.0000 46.0000 -2.0000
v 8.0000 46.0000 -3.0000
v 8.0000 46.0000 -4.0000
v 8.0000 46.0000 -5.0000
v 8.0000 46.0000 -6.0000
v 8.0000 46.0000 -7.0000
v 8.0000 46.0000 -8.0000
v 8.0000 43.0000 -9.0000
v 8.0000 44.0000 -9.0000
v 8.0000 45.0000 -9.0000
v 8.0000 46.0000 -9.0000
v 9.0000 43.0000 8.0000
v 9.0000 43.0000 9.0000
v 9.0000 44.0000 8.0000
v 9.0000 44.0000 9.0000
v 9.0000 45.0000 8.0000
v 9.0000 45.0000 9.0000
v 9.0000 46.0000 8.0000
v 9.0000 46.0000 9.0000
v 9.0000 43.0000 7.0000
v 9.0000 44.0000 7.0000
v 9.0000 45.0000 7.0000
v 9.0000 46.0000 7.0000
v 9.0000 43.0000 6.0000
v 9.0000 44.0000 6.0000
v 9.0000 45.0000 6.0000
v 9.0000 46.0000 6.0000
v 9.0000 43.0000 5.0000
v 9.0000 44.0000 5.0000
v 9.0000 45.0000 5.0000
v 9.0000 46.0000 5.0000
v 9.0000 43.0000 4.0000
v 9.0000 44.0000 4.0000
v 9.0000 45.0000 4.0000
v 9.0000 46.0000 4.0000
v 9.0000 43.0000 3.0000
v 9.0000 44.0000 3.0000
v 9.0000 45.0000 3.0000
v 9.0000 46.0000 3.0000
v 9.0000 43.0000 2.0000
v 9.0000 44.0000 2.0000
v 9.0000 45.0000 2.0000
v 9.0000 46.0000 2.0000
v 9.0000 43.0000 1.0000
v 9.0000 44.0000 1.0000
v 9.0000 45.0000 1.0000
v 9.0000 46.0000 1.0000
v 9.0000 43.0000 0.0000
v 9.0000 44.0000 0.0000
v 9.0000 45.0000 0.0000
v 9.0000 46.0000 0.0000
v 9.0000 43.0000 -1.0000
v 9.0000 44.0000 -1.0000
v 9.0000 45.0000 -1.0000
v 9.0000 46.0000 -1.0000
v 9.0000 43.0000 -2.0000
v 9.0000 44.0000 -2.0000
v 9.0000 45.0000 -2.0000
v 9.0000 46.0000 -2.0000
v 9.0000 43.0000 -3.0000
v 9.0000 44.0000 -3.0000
v 9.0000 45.0000 -3.0000
v 9.0000 46.0000 -3.0000
v 9.0000 43.0000 -4.0000
v 9.0000 44.0000 -4.0000
v 9.0000 45.0000 -4.0000
v 9.0000 46.0000 -4.0000
v 9.0000 43.0000 -5.0000
v 9.0000 44.0000 -5.0000
v 9.0000 45.0000 -5.0000
v 9.0000 46.0000 -5.0000
v 9.0000 43.0000 -6.0000
v 9.0000 44.0000 -6.0000
v 9.0000 45.0000 -6.0000
v 9.0000 46.0000 -6.0000
v 9.0000 43.0000 -7.0000
v 9.0000 44.0000 -7.0000
v 9.0000 45.0000 -7.0000
v 9.0000 46.0000 -7.0000
v 9.0000 43.0000 -8.0000
v 9.0000 44.0000 -8.0000
v 9.0000 45.0000 -8.0000
v 9.0000 46.0000 -8.0000
v 9.0000 43.0000 -9.0000
v 9.0000 44.0000 -9.0000
v 9.0000 45.0000 -9.0000
v 9.0000 46.0000 -9.0000
v -12.0000 18.0000 11.0000
v -12.0000 19.0000 11.0000
v -12.0000 19.0000 10.0000
v -12.0000 18.0000 10.0000
v -11.0000 18.0000 11.0000
v -11.0000 19.0000 11.0000
v -11.0000 18.0000 10.0000
v -12.0000 20.0000 11.0000
v -12.0000 20.0000 10.0000
v -11.0000 20.0000 11.0000
v -12.0000 21.0000 11.0000
v -12.0000 21.0000 10.0000
v -12.0000 19.0000 9.0000
v -12.0000 18.0000 9.0000
v -11.0000 18.0000 9.0000
v -12.0000 20.0000 9.0000
v -12.0000 21.0000 9.0000
v -12.0000 19.0000 8.0000
v -12.0000 18.0000 8.0000
v -11.0000 19.0000 8.0000
v -11.0000 18.0000 8.0000
v -12.0000 20.0000 8.0000
v -11.0000 20.0000 8.0000
v -12.0000 21.0000 8.0000
v -10.0000 18.0000 11.0000
v -10.0000 19.0000 11.0000
v -10.0000 18.0000 10.0000
v -10.0000 20.0000 11.0000
v -10.0000 18.0000 9.0000
v -10.0000 19.0000 8.0000
v -10.0000 18.0000 8.0000
v -10.0000 20.0000 8.0000
v -9.0000 18.0000 11.0000
v -9.0000 18.0000 10.0000
v -9.0000 19.0000 10.0000
v -9.0000 19.0000 11.0000
v -9.0000 20.0000 10.0000
v -9.0000 20.0000 11.0000
v -9.0000 18.0000 9.0000
v -9.0000 19.0000 9.0000
v -9.0000 20.0000 9.0000
v -9.0000 18.0000 8.0000
v -9.0000 19.0000 8.0000
v -9.0000 20.0000 8.0000
v -12.0000 22.0000 11.0000
v -12.0000 22.0000 10.0000
v -12.0000 23.0000 11.0000
v -12.0000 23.0000 10.0000
v -12.0000 22.0000 9.0000
v -12.0000 23.0000 9.0000
v 6.0000 18.0000 -9.0000
v 6.0000 17.0000 -9.0000
v 7.0000 18.0000 -9.0000
v 7.0000 17.0000 -9.0000
v 6.0000 19.0000 -9.0000
v 7.0000 19.0000 -9.0000
v 6.0000 20.0000 -9.0000
v 7.0000 20.0000 -9.0000
v 8.0000 18.0000 -9.0000
v 8.0000 17.0000 -9.0000
v 8.0000 19.0000 -9.0000
v 8.0000 20.0000 -9.0000
v 9.0000 17.0000 -6.0000
v 9.0000 17.0000 -7.0000
v 9.0000 18.0000 -7.0000
v 9.0000 18.0000 -6.0000
v 9.0000 19.0000 -7.0000
v 9.0000 19.0000 -6.0000
v 9.0000 20.0000 -7.0000
v 9.0000 20.0000 -6.0000
v 9.0000 17.0000 -8.0000
v 9.0000 18.0000 -8.0000
v 9.0000 19.0000 -8.0000
v 9.0000 20.0000 -8.0000
v 9.0000 17.0000 -9.0000
v 9.0000 18.0000 -9.0000
v 9.0000 19.0000 -9.0000
v 9.0000 20.0000 -9.0000
usemtl c1
f 1 2 3 4
f 1 5 6 2
f 1 4 7 5
f 2 8 9 3
f 2 6 10 8
f 8 11 12 9
f 8 10 13 11
f 11 14 15 12
f 11 13 16 14
f 14 17 18 15
f 14 16 19 17
f 17 20 21 18
f 17 19 22 20
f 20 23 24 21
f 20 22 25 23
f 23 26 27 24
f 23 25 28 26
f 26 29 30 27
f 26 28 31 29
f 29 32 33 30
f 29 31 34 32
f 32 35 36 33
f 32 34 37 35
f 35 38 39 36
f 35 37 40 38
f 38 41 42 39
f 38 40 43 41
f 41 44 45 42
f 41 43 46 44
f 44 47 48 45
f 44 46 49 47
f 47 50 51 48
f 47 49 52 50
f 4 3 53 54
f 4 54 55 7
f 3 9 56 53
f 9 12 57 56
f 12 15 58 57
f 15 18 59 58
f 18 21 60 59
f 21 24 61 60
f 24 27 62 61
f 27 30 63 62
f 30 33 64 63
f 33 36 65 64
f 36 39 66 65
f 39 42 67 66
f 42 45 68 67
f 45 48 69 68
f 48 51 70 69
f 54 53 71 72
f 54 72 73 55
f 53 56 74 71
f 56 57 75 74
f 57 58 76 75
f 58 59 77 76
f 59 60 78 77
f 60 61 79 78
f 61 62 80 79
f 62 63 81 80
f 63 64 82 81
f 64 65 83 82
f 65 66 84 83
f 66 67 85 84
f 67 68 86 85
f 68 69 87 86
f 69 70 88 87
f 72 71 89 90
f 90 89 91 92
f 72 90 92 73
f 71 74 93 89
f 89 93 94 91
f 74 75 95 93
f 93 95 96 94
f 75 76 97 95
f 95 97 98 96
f 76 77 99 97
f 97 99 100 98
f 77 78 101 99
f 99 101 102 100
f 78 79 103 101
f 101 103 104 102
f 79 80 105 103
f 103 105 106 104
f 80 81 107 105
f 105 107 108 106
f 81 82 109 107
f 107 109 110 108
f 82 83 111 109
f 109 111 112 110
f 83 84 113 111
f 111 113 114 112
f 84 85 115 113
f 113 115 116 114
f 85 86 117 115
f 115 117 118 116
f 86 87 119 117
f 117 119 120 118
f 87 88 121 119
f 119 121 122 120
f 5 123 124 6
f 5 7 125 123
f 6 124 126 10
f 10 126 127 13
f 13 127 128 16
f 16 128 129 19
f 19 129 130 22
f 22 130 131 25
f 25 131 132 28
f 28 132 133 31
f 31 133 134 34
f 34 134 135 37
f 37 135 136 40
f 40 136 137 43
f 43 137 138 46
f 46 138 139 49
f 49 139 140 52
f 7 55 141 125
f 55 73 142 141
f 92 91 143 144
f 73 92 144 142
f 91 94 145 143
f 94 96 146 145
f 96 98 147 146
f 98 100 148 147
f 100 102 149 148
f 102 104 150 149
f 104 106 151 150
f 106 108 152 151
f 108 110 153 152
f 110 112 154 153
f 112 114 155 154
f 114 116 156 155
f 116 118 157 156
f 118 120 158 157
f 120 122 159 158
f 123 160 161 124
f 123 125 162 160
f 124 161 163 126
f 126 163 164 127
f 127 164 165 128
f 128 165 166 129
f 129 166 167 130
f 130 167 168 131
f 131 168 169 132
f 132 169 170 133
f 133 170 171 134
f 134 171 172 135
f 135 172 173 136
f 136 173 174 137
f 137 174 175 138
f 138 175 176 139
f 139 176 177 140
f 125 141 178 162
f 141 142 179 178
f 144 143 180 181
f 142 144 181 179
f 143 145 182 180
f 145 146 183 182
f 146 147 184 183
f 147 148 185 184
f 148 149 186 185
f 149 150 187 186
f 150 151 188 187
f 151 152 189 188
f 152 153 190 189
f 153 154 191 190
f 154 155 192 191
f 155 156 193 192
f 156 157 194 193
f 157 158 195 194
f 158 159 196 195
f 197 198 199 200
f 160 197 200 161
f 160 162 198 197
f 200 199 201 202
f 161 200 202 163
f 202 201 203 204
f 163 202 204 164
f 204 203 205 206
f 164 204 206 165
f 206 205 207 208
f 165 206 208 166
f 208 207 209 210
f 166 208 210 167
f 210 209 211 212
f 167 210 212 168
f 212 211 213 214
f 168 212 214 169
f 214 213 215 216
f 169 214 216 170
f 216 215 217 218
f 170 216 218 171
f 218 217 219 220
f 171 218 220 172
f 220 219 221 222
f 172 220 222 173
f 222 221 223 224
f 173 222 224 174
f 224 223 225 226
f 174 224 226 175
f 226 225 227 228
f 175 226 228 176
f 228 227 229 230
f 176 228 230 177
f 198 231 232 199
f 162 178 231 198
f 199 232 233 201
f 201 233 234 203
f 203 234 235 205
f 205 235 236 207
f 207 236 237 209
f 209 237 238 211
f 211 238 239 213
f 213 239 240 215
f 215 240 241 217
f 217 241 242 219
f 219 242 243 221
f 221 243 244 223
f 223 244 245 225
f 225 245 246 227
f 227 246 247 229
f 231 248 249 232
f 178 179 248 231
f 232 249 250 233
f 233 250 251 234
f 234 251 252 235
f 235 252 253 236
f 236 253 254 237
f 237 254 255 238
f 238 255 256 239
f 239 256 257 240
f 240 257 258 241
f 241 258 259 242
f 242 259 260 243
f 243 260 261 244
f 244 261 262 245
f 245 262 263 246
f 246 263 264 247
f 248 265 266 249
f 181 180 266 265
f 179 181 265 248
f 249 266 267 250
f 180 182 267 266
f 250 267 268 251
f 182 183 268 267
f 251 268 269 252
f 183 184 269 268
f 252 269 270 253
f 184 185 270 269
f 253 270 271 254
f 185 186 271 270
f 254 271 272 255
f 186 187 272 271
f 255 272 273 256
f 187 188 273 272
f 256 273 274 257
f 188 189 274 273
f 257 274 275 258
f 189 190 275 274
f 258 275 276 259
f 190 191 276 275
f 259 276 277 260
f 191 192 277 276
f 260 277 278 261
f 192 193 278 277
f 261 278 279 262
f 193 194 279 278
f 262 279 280 263
f 194 195 280 279
f 263 280 281 264
f 195 196 281 280
usemtl c2
f 282 283 284 285
f 282 286 287 283
f 282 285 288 286
f 283 289 290 284
f 283 287 291 289
f 289 292 293 290
f 289 291 294 292
f 292 295 296 293
f 292 294 297 295
f 295 298 299 296
f 295 297 300 298
f 285 284 301 302
f 285 302 303 288
f 284 290 304 301
f 290 293 305 304
f 293 296 306 305
f 296 299 307 306
f 302 301 308 309
f 302 309 310 303
f 301 304 311 308
f 304 305 312 311
f 305 306 313 312
f 306 307 314 313
f 309 308 315 316
f 309 316 317 310
f 308 311 318 315
f 311 312 319 318
f 312 313 320 319
f 313 314 321 320
f 316 315 322 323
f 316 323 324 317
f 315 318 325 322
f 318 319 326 325
f 319 320 327 326
f 320 321 328 327
f 323 322 329 330
f 323 330 331 324
f 322 325 332 329
f 325 326 333 332
f 326 327 334 333
f 327 328 335 334
f 330 329 336 337
f 330 337 338 331
f 329 332 339 336
f 332 333 340 339
f 333 334 341 340
f 334 335 342 341
f 337 336 343 344
f 337 344 345 338
f 336 339 346 343
f 339 340 347 346
f 340 341 348 347
f 341 342 349 348
f 344 343 350 351
f 344 351 352 345
f 343 346 353 350
f 346 347 354 353
f 347 348 355 354
f 348 349 356 355
f 351 350 357 358
f 351 358 359 352
f 350 353 360 357
f 353 354 361 360
f 354 355 362 361
f 355 356 363 362
f 358 357 364 365
f 358 365 366 359
f 357 360 367 364
f 360 361 368 367
f 361 362 369 368
f 362 363 370 369
f 365 364 371 372
f 365 372 373 366
f 364 367 374 371
f 367 368 375 374
f 368 369 376 375
f 369 370 377 376
f 372 371 378 379
f 372 379 380 373
f 371 374 381 378
f 374 375 382 381
f 375 376 383 382
f 376 377 384 383
f 379 378 385 386
f 379 386 387 380
f 378 381 388 385
f 381 382 389 388
f 382 383 390 389
f 383 384 391 390
f 386 385 392 393
f 386 393 394 387
f 385 388 395 392
f 388 389 396 395
f 389 390 397 396
f 390 391 398 397
f 393 392 399 400
f 400 399 401 402
f 393 400 402 394
f 392 395 403 399
f 399 403 404 401
f 395 396 405 403
f 403 405 406 404
f 396 397 407 405
f 405 407 408 406
f 397 398 409 407
f 407 409 410 408
f 286 411 412 287
f 286 288 413 411
f 287 412 414 291
f 291 414 415 294
f 294 415 416 297
f 297 416 417 300
f 288 303 418 413
f 303 310 419 418
f 310 317 420 419
f 317 324 421 420
f 324 331 422 421
f 331 338 423 422
f 338 345 424 423
f 345 352 425 424
f 352 359 426 425
f 359 366 427 426
f 366 373 428 427
f 373 380 429 428
f 380 387 430 429
f 387 394 431 430
f 402 401 432 433
f 394 402 433 431
f 401 404 434 432
f 404 406 435 434
f 406 408 436 435
f 408 410 437 436
f 411 438 439 412
f 411 413 440 438
f 412 439 441 414
f 414 441 442 415
f 415 442 443 416
f 416 443 444 417
f 413 418 445 440
f 418 419 446 445
f 419 420 447 446
f 420 421 448 447
f 421 422 449 448
f 422 423 450 449
f 423 424 451 450
f 424 425 452 451
f 425 426 453 452
f 426 427 454 453
f 427 428 455 454
f 428 429 456 455
f 429 430 457 456
f 430 431 458 457
f 433 432 459 460
f 431 433 460 458
f 432 434 461 459
f 434 435 462 461
f 435 436 463 462
f 436 437 464 463
f 438 465 466 439
f 438 440 467 465
f 439 466 468 441
f 441 468 469 442
f 442 469 470 443
f 443 470 471 444
f 440 445 472 467
f 445 446 473 472
f 446 447 474 473
f 447 448 475 474
f 448 449 476 475
f 449 450 477 476
f 450 451 478 477
f 451 452 479 478
f 452 453 480 479
f 453 454 481 480
f 454 455 482 481
f 455 456 483 482
f 456 457 484 483
f 457 458 485 484
f 460 459 486 487
f 458 460 487 485
f 459 461 488 486
f 461 462 489 488
f 462 463 490 489
f 463 464 491 490
f 465 492 493 466
f 465 467 494 492
f 466 493 495 468
f 468 495 496 469
f 469 496 497 470
f 470 497 498 471
f 467 472 499 494
f 472 473 500 499
f 473 474 501 500
f 474 475 502 501
f 475 476 503 502
f 476 477 504 503
f 477 478 505 504
f 478 479 506 505
f 479 480 507 506
f 480 481 508 507
f 481 482 509 508
f 482 483 510 509
f 483 484 511 510
f 484 485 512 511
f 487 486 513 514
f 485 487 514 512
f 486 488 515 513
f 488 489 516 515
f 489 490 517 516
f 490 491 518 517
f 492 519 520 493
f 492 494 521 519
f 493 520 522 495
f 495 522 523 496
f 496 523 524 497
f 497 524 525 498
f 494 499 526 521
f 499 500 527 526
f 500 501 528 527
f 501 502 529 528
f 502 503 50 529
f 503 504 51 50
f 504 505 70 51
f 505 506 88 70
f 506 507 121 88
f 507 508 530 121
f 508 509 531 530
f 509 510 532 531
f 510 511 533 532
f 511 512 534 533
f 514 513 535 536
f 512 514 536 534
f 513 515 537 535
f 515 516 538 537
f 516 517 539 538
f 517 518 540 539
f 519 541 542 520
f 519 521 543 541
f 520 542 544 522
f 522 544 545 523
f 523 545 546 524
f 524 546 547 525
f 521 526 548 543
f 526 527 549 548
f 527 528 550 549
f 528 529 551 550
f 529 50 52 551
f 121 530 552 122
f 530 531 553 552
f 531 532 554 553
f 532 533 555 554
f 533 534 556 555
f 536 535 557 558
f 534 536 558 556
f 535 537 559 557
f 537 538 560 559
f 538 539 561 560
f 539 540 562 561
f 541 563 564 542
f 541 543 565 563
f 542 564 566 544
f 544 566 567 545
f 545 567 568 546
f 546 568 569 547
f 543 548 570 565
f 548 549 571 570
f 549 550 572 571
f 550 551 573 572
f 551 52 140 573
f 122 552 574 159
f 552 553 575 574
f 553 554 576 575
f 554 555 577 576
f 555 556 578 577
f 558 557 579 580
f 556 558 580 578
f 557 559 581 579
f 559 560 582 581
f 560 561 583 582
f 561 562 584 583
f 563 585 586 564
f 563 565 587 585
f 564 586 588 566
f 566 588 589 567
f 567 589 590 568
f 568 590 591 569
f 565 570 592 587
f 570 571 593 592
f 571 572 594 593
f 572 573 595 594
f 573 140 177 595
f 159 574 596 196
f 574 575 597 596
f 575 576 598 597
f 576 577 599 598
f 577 578 600 599
f 580 579 601 602
f 578 580 602 600
f 579 581 603 601
f 581 582 604 603
f 582 583 605 604
f 583 584 606 605
f 585 607 608 586
f 585 587 609 607
f 586 608 610 588
f 588 610 611 589
f 589 611 612 590
f 590 612 613 591
f 587 592 614 609
f 592 593 615 614
f 593 594 616 615
f 594 595 617 616
f 595 177 230 617
f 196 596 618 281
f 596 597 619 618
f 597 598 620 619
f 598 599 621 620
f 599 600 622 621
f 602 601 623 624
f 600 602 624 622
f 601 603 625 623
f 603 604 626 625
f 604 605 627 626
f 605 606 628 627
f 607 629 630 608
f 607 609 631 629
f 608 630 632 610
f 610 632 633 611
f 611 633 634 612
f 612 634 635 613
f 609 614 636 631
f 614 615 637 636
f 615 616 638 637
f 616 617 639 638
f 617 230 640 639
f 230 229 641 640
f 229 247 642 641
f 247 264 643 642
f 264 281 644 643
f 281 618 645 644
f 618 619 646 645
f 619 620 647 646
f 620 621 648 647
f 621 622 649 648
f 624 623 650 651
f 622 624 651 649
f 623 625 652 650
f 625 626 653 652
f 626 627 654 653
f 627 628 655 654
f 629 656 657 630
f 629 631 658 656
f 630 657 659 632
f 632 659 660 633
f 633 660 661 634
f 634 661 662 635
f 631 636 663 658
f 636 637 664 663
f 637 638 665 664
f 638 639 666 665
f 639 640 667 666
f 640 641 668 667
f 641 642 669 668
f 642 643 670 669
f 643 644 671 670
f 644 645 672 671
f 645 646 673 672
f 646 647 674 673
f 647 648 675 674
f 648 649 676 675
f 651 650 677 678
f 649 651 678 676
f 650 652 679 677
f 652 653 680 679
f 653 654 681 680
f 654 655 682 681
f 656 683 684 657
f 656 658 685 683
f 657 684 686 659
f 659 686 687 660
f 660 687 688 661
f 661 688 689 662
f 658 663 690 685
f 663 664 691 690
f 664 665 692 691
f 665 666 693 692
f 666 667 694 693
f 667 668 695 694
f 668 669 696 695
f 669 670 697 696
f 670 671 698 697
f 671 672 699 698
f 672 673 700 699
f 673 674 701 700
f 674 675 702 701
f 675 676 703 702
f 678 677 704 705
f 676 678 705 703
f 677 679 706 704
f 679 680 707 706
f 680 681 708 707
f 681 682 709 708
f 683 710 711 684
f 683 685 712 710
f 684 711 713 686
f 686 713 714 687
f 687 714 715 688
f 688 715 716 689
f 685 690 717 712
f 690 691 718 717
f 691 692 719 718
f 692 693 720 719
f 693 694 721 720
f 694 695 722 721
f 695 696 723 722
f 696 697 724 723
f 697 698 725 724
f 698 699 726 725
f 699 700 727 726
f 700 701 728 727
f 701 702 729 728
f 702 703 730 729
f 705 704 731 732
f 703 705 732 730
f 704 706 733 731
f 706 707 734 733
f 707 708 735 734
f 708 709 736 735
f 710 737 738 711
f 710 712 739 737
f 711 738 740 713
f 713 740 741 714
f 714 741 742 715
f 715 742 743 716
f 712 717 744 739
f 717 718 745 744
f 718 719 746 745
f 719 720 747 746
f 720 721 748 747
f 721 722 749 748
f 722 723 750 749
f 723 724 751 750
f 724 725 752 751
f 725 726 753 752
f 726 727 754 753
f 727 728 755 754
f 728 729 756 755
f 729 730 757 756
f 732 731 758 759
f 730 732 759 757
f 762 763 764 765
f 737 762 765 738
f 737 739 763 762
f 765 764 766 767
f 738 765 767 740
f 767 766 768 769
f 740 767 769 741
f 769 768 770 771
f 741 769 771 742
f 771 770 772 773
f 742 771 773 743
f 763 774 775 764
f 739 744 774 763
f 764 775 776 766
f 766 776 777 768
f 768 777 778 770
f 770 778 779 772
f 774 780 781 775
f 744 745 780 774
f 775 781 782 776
f 776 782 783 777
f 777 783 784 778
f 778 784 785 779
f 780 786 787 781
f 745 746 786 780
f 781 787 788 782
f 782 788 789 783
f 783 789 790 784
f 784 790 791 785
f 786 792 793 787
f 746 747 792 786
f 787 793 794 788
f 788 794 795 789
f 789 795 796 790
f 790 796 797 791
f 792 798 799 793
f 747 748 798 792
f 793 799 800 794
f 794 800 801 795
f 795 801 802 796
f 796 802 803 797
f 798 804 805 799
f 748 749 804 798
f 799 805 806 800
f 800 806 807 801
f 801 807 808 802
f 802 808 809 803
f 804 810 811 805
f 749 750 810 804
f 805 811 812 806
f 806 812 813 807
f 807 813 814 808
f 808 814 815 809
f 810 816 817 811
f 750 751 816 810
f 811 817 818 812
f 812 818 819 813
f 813 819 820 814
f 814 820 821 815
f 816 822 823 817
f 751 752 822 816
f 817 823 824 818
f 818 824 825 819
f 819 825 826 820
f 820 826 827 821
f 822 828 829 823
f 752 753 828 822
f 823 829 830 824
f 824 830 831 825
f 825 831 832 826
f 826 832 833 827
f 828 834 835 829
f 753 754 834 828
f 829 835 836 830
f 830 836 837 831
f 831 837 838 832
f 832 838 839 833
f 834 840 841 835
f 754 755 840 834
f 835 841 842 836
f 836 842 843 837
f 837 843 844 838
f 838 844 845 839
f 840 846 847 841
f 755 756 846 840
f 841 847 848 842
f 842 848 849 843
f 843 849 850 844
f 844 850 851 845
f 846 852 853 847
f 756 757 852 846
f 852 856 857 853
f 759 758 857 856
f 757 759 856 852
f 865 866 867 868
f 865 864 869 866
f 866 870 871 867
f 866 869 872 870
f 870 873 874 871
f 870 872 875 873
f 873 876 877 874
f 873 875 878 876
f 876 879 880 877
f 876 878 881 879
f 879 882 883 880
f 879 881 884 882
f 882 885 886 883
f 882 884 887 885
f 885 888 889 886
f 885 887 890 888
f 868 867 891 892
f 867 871 893 891
f 871 874 894 893
f 874 877 895 894
f 877 880 896 895
f 880 883 897 896
f 883 886 898 897
f 886 889 899 898
f 900 901 902 903
f 901 892 904 902
f 892 891 905 904
f 891 893 906 905
f 893 894 907 906
f 894 895 908 907
f 895 896 909 908
f 896 897 910 909
f 897 898 911 910
f 898 899 912 911
f 903 902 913 914
f 903 914 915 916
f 902 904 917 913
f 904 905 918 917
f 905 906 919 918
f 906 907 920 919
f 907 908 921 920
f 908 909 922 921
f 909 910 923 922
f 910 911 924 923
f 911 912 925 924
f 914 913 926 927
f 914 927 928 915
f 913 917 929 926
f 917 918 930 929
f 918 919 931 930
f 919 920 932 931
f 920 921 933 932
f 921 922 934 933
f 922 923 935 934
f 923 924 936 935
f 924 925 937 936
f 927 926 938 939
f 927 939 940 928
f 926 929 941 938
f 929 930 942 941
f 930 931 943 942
f 931 932 944 943
f 932 933 945 944
f 933 934 946 945
f 934 935 947 946
f 935 936 948 947
f 936 937 949 948
f 939 938 950 951
f 939 951 952 940
f 938 941 953 950
f 941 942 954 953
f 942 943 955 954
f 943 944 956 955
f 944 945 957 956
f 945 946 958 957
f 946 947 959 958
f 947 948 960 959
f 948 949 961 960
f 951 950 962 963
f 951 963 964 952
f 950 953 965 962
f 953 954 966 965
f 954 955 967 966
f 955 956 968 967
f 956 957 969 968
f 957 958 970 969
f 958 959 971 970
f 959 960 972 971
f 960 961 973 972
f 963 962 974 975
f 963 975 976 964
f 962 965 977 974
f 970 971 983 982
f 971 972 984 983
f 972 973 985 984
f 975 974 986 987
f 975 987 988 976
f 974 977 989 986
f 982 983 995 994
f 983 984 996 995
f 984 985 997 996
f 987 986 998 999
f 987 999 1000 988
f 986 989 1001 998
f 992 993 1005 1004
f 993 994 1006 1005
f 994 995 1007 1006
f 995 996 1008 1007
f 996 997 1009 1008
f 999 998 1010 1011
f 999 1011 1012 1000
f 998 1001 1013 1010
f 1001 1002 1014 1013
f 1002 1003 1015 1014
f 1003 1004 1016 1015
f 1004 1005 1017 1016
f 1005 1006 1018 1017
f 1006 1007 1019 1018
f 1007 1008 1020 1019
f 1008 1009 1021 1020
f 1011 1010 1022 1023
f 1011 1023 1024 1012
f 1010 1013 1025 1022
f 1013 1014 1026 1025
f 1014 1015 1027 1026
f 1015 1016 1028 1027
f 1016 1017 1029 1028
f 1017 1018 1030 1029
f 1018 1019 1031 1030
f 1019 1020 1032 1031
f 1020 1021 1033 1032
f 1023 1022 1034 1035
f 1023 1035 1036 1024
f 1022 1025 1037 1034
f 1025 1026 1038 1037
f 1026 1027 1039 1038
f 1027 1028 1040 1039
f 1028 1029 1041 1040
f 1029 1030 1042 1041
f 1030 1031 1043 1042
f 1031 1032 1044 1043
f 1032 1033 1045 1044
f 1035 1034 1046 1047
f 1035 1047 1048 1036
f 1034 1037 1049 1046
f 1037 1038 1050 1049
f 1038 1039 1051 1050
f 1039 1040 1052 1051
f 1040 1041 1053 1052
f 1041 1042 1054 1053
f 1042 1043 1055 1054
f 1043 1044 1056 1055
f 1044 1045 1057 1056
f 1047 1046 1058 1059
f 1047 1059 1060 1048
f 1046 1049 1061 1058
f 1049 1050 1062 1061
f 1050 1051 1063 1062
f 1051 1052 1064 1063
f 1052 1053 1065 1064
f 1053 1054 1066 1065
f 1054 1055 1067 1066
f 1055 1056 1068 1067
f 1056 1057 1069 1068
f 1059 1058 1070 1071
f 1059 1071 1072 1060
f 1058 1061 1073 1070
f 1061 1062 1074 1073
f 1062 1063 1075 1074
f 1063 1064 1076 1075
f 1064 1065 1077 1076
f 1065 1066 1078 1077
f 1066 1067 1079 1078
f 1067 1068 1080 1079
f 1068 1069 1081 1080
f 1071 1070 1082 1083
f 1071 1083 1084 1072
f 1070 1073 1085 1082
f 1073 1074 1086 1085
f 1074 1075 1087 1086
f 1075 1076 1088 1087
f 1076 1077 1089 1088
f 1077 1078 1090 1089
f 1078 1079 1091 1090
f 1079 1080 1092 1091
f 1080 1081 1093 1092
f 1083 1082 1094 1095
f 1083 1095 1096 1084
f 1082 1085 1097 1094
f 1085 1086 1098 1097
f 1086 1087 1099 1098
f 1087 1088 1100 1099
f 1088 1089 1101 1100
f 1089 1090 1102 1101
f 1090 1091 1103 1102
f 1091 1092 1104 1103
f 1092 1093 1105 1104
f 1095 1094 1106 1107
f 1095 1107 1108 1096
f 1094 1097 1109 1106
f 1097 1098 1110 1109
f 1098 1099 1111 1110
f 1099 1100 1112 1111
f 1100 1101 1113 1112
f 1101 1102 1114 1113
f 1102 1103 1115 1114
f 1103 1104 1116 1115
f 1104 1105 1117 1116
f 1107 1106 1118 1119
f 1107 1119 1120 1108
f 1106 1109 1121 1118
f 1109 1110 1122 1121
f 1110 1111 1123 1122
f 1111 1112 1124 1123
f 1112 1113 1125 1124
f 1113 1114 1126 1125
f 1114 1115 1127 1126
f 1115 1116 1128 1127
f 1116 1117 1129 1128
f 1119 1118 1130 1131
f 1131 1130 1132 1133
f 1119 1131 1133 1120
f 1118 1121 1134 1130
f 1130 1134 1135 1132
f 1121 1122 1136 1134
f 1134 1136 1137 1135
f 1122 1123 1138 1136
f 1136 1138 1139 1137
f 1123 1124 1140 1138
f 1138 1140 1141 1139
f 1124 1125 1142 1140
f 1140 1142 1143 1141
f 1125 1126 1144 1142
f 1142 1144 1145 1143
f 1126 1127 1146 1144
f 1144 1146 1147 1145
f 1127 1128 1148 1146
f 1146 1148 1149 1147
f 1128 1129 1150 1148
f 1148 1150 1151 1149
f 861 1152 1153 862
f 862 1153 1154 864
f 864 1154 1155 869
f 869 1155 1156 872
f 872 1156 1157 875
f 875 1157 1158 878
f 878 1158 1159 881
f 881 1159 1160 884
f 884 1160 1161 887
f 887 1161 1162 890
f 916 915 1163 1164
f 915 928 1165 1163
f 928 940 1166 1165
f 940 952 1167 1166
f 952 964 1168 1167
f 964 976 1169 1168
f 976 988 1170 1169
f 988 1000 1171 1170
f 1000 1012 1172 1171
f 1012 1024 1173 1172
f 1024 1036 1174 1173
f 1036 1048 1175 1174
f 1048 1060 1176 1175
f 1060 1072 1177 1176
f 1072 1084 1178 1177
f 1084 1096 1179 1178
f 1096 1108 1180 1179
f 1108 1120 1181 1180
f 1133 1132 1182 1183
f 1120 1133 1183 1181
f 1132 1135 1184 1182
f 1135 1137 1185 1184
f 1137 1139 1186 1185
f 1139 1141 1187 1186
f 1141 1143 1188 1187
f 1143 1145 1189 1188
f 1145 1147 1190 1189
f 1147 1149 1191 1190
f 1149 1151 1192 1191
f 1152 1193 1194 1153
f 1152 1195 1196 1193
f 1153 1194 1197 1154
f 1154 1197 1198 1155
f 1155 1198 1199 1156
f 1156 1199 1200 1157
f 1157 1200 1201 1158
f 1158 1201 1202 1159
f 1159 1202 1203 1160
f 1160 1203 1204 1161
f 1161 1204 1205 1162
f 1195 1206 1207 1196
f 1206 1164 298 1207
f 1164 1163 299 298
f 1163 1165 307 299
f 1165 1166 314 307
f 1166 1167 321 314
f 1167 1168 328 321
f 1168 1169 335 328
f 1169 1170 342 335
f 1170 1171 349 342
f 1171 1172 356 349
f 1172 1173 363 356
f 1173 1174 370 363
f 1174 1175 377 370
f 1175 1176 384 377
f 1176 1177 391 384
f 1177 1178 398 391
f 1178 1179 409 398
f 1179 1180 1208 409
f 1180 1181 1209 1208
f 1183 1182 1210 1211
f 1181 1183 1211 1209
f 1182 1184 1212 1210
f 1184 1185 1213 1212
f 1185 1186 1214 1213
f 1186 1187 1215 1214
f 1187 1188 1216 1215
f 1188 1189 1217 1216
f 1189 1190 1218 1217
f 1190 1191 1219 1218
f 1191 1192 1220 1219
f 1193 1221 1222 1194
f 1193 1196 1223 1221
f 1194 1222 1224 1197
f 1197 1224 1225 1198
f 1198 1225 1226 1199
f 1199 1226 1227 1200
f 1200 1227 1228 1201
f 1201 1228 1229 1202
f 1202 1229 1230 1203
f 1203 1230 1231 1204
f 1204 1231 1232 1205
f 1196 1207 1233 1223
f 1207 298 300 1233
f 409 1208 1234 410
f 1208 1209 1235 1234
f 1211 1210 1236 1237
f 1209 1211 1237 1235
f 1210 1212 1238 1236
f 1212 1213 1239 1238
f 1213 1214 1240 1239
f 1214 1215 1241 1240
f 1215 1216 1242 1241
f 1216 1217 1243 1242
f 1217 1218 1244 1243
f 1218 1219 1245 1244
f 1219 1220 1246 1245
f 1221 1247 1248 1222
f 1221 1223 1249 1247
f 1222 1248 1250 1224
f 1224 1250 1251 1225
f 1225 1251 1252 1226
f 1226 1252 1253 1227
f 1227 1253 1254 1228
f 1228 1254 1255 1229
f 1229 1255 1256 1230
f 1230 1256 1257 1231
f 1231 1257 1258 1232
f 1223 1233 1259 1249
f 1233 300 417 1259
f 410 1234 1260 437
f 1234 1235 1261 1260
f 1237 1236 1262 1263
f 1235 1237 1263 1261
f 1236 1238 1264 1262
f 1238 1239 1265 1264
f 1239 1240 1266 1265
f 1240 1241 1267 1266
f 1241 1242 1268 1267
f 1242 1243 1269 1268
f 1243 1244 1270 1269
f 1244 1245 1271 1270
f 1245 1246 1272 1271
f 1247 1273 1274 1248
f 1247 1249 1275 1273
f 1248 1274 1276 1250
f 1250 1276 1277 1251
f 1251 1277 1278 1252
f 1252 1278 1279 1253
f 1253 1279 1280 1254
f 1254 1280 1281 1255
f 1255 1281 1282 1256
f 1256 1282 1283 1257
f 1257 1283 1284 1258
f 1249 1259 1285 1275
f 1259 417 444 1285
f 437 1260 1286 464
f 1260 1261 1287 1286
f 1263 1262 1288 1289
f 1261 1263 1289 1287
f 1262 1264 1290 1288
f 1264 1265 1291 1290
f 1265 1266 1292 1291
f 1266 1267 1293 1292
f 1267 1268 1294 1293
f 1268 1269 1295 1294
f 1269 1270 1296 1295
f 1270 1271 1297 1296
f 1271 1272 1298 1297
f 1273 1299 1300 1274
f 1273 1275 1301 1299
f 1274 1300 1302 1276
f 1276 1302 1303 1277
f 1277 1303 1304 1278
f 1278 1304 1305 1279
f 1279 1305 1306 1280
f 1280 1306 1307 1281
f 1281 1307 1308 1282
f 1282 1308 1309 1283
f 1283 1309 1310 1284
f 1275 1285 1311 1301
f 1285 444 471 1311
f 464 1286 1312 491
f 1286 1287 1313 1312
f 1289 1288 1314 1315
f 1287 1289 1315 1313
f 1288 1290 1316 1314
f 1290 1291 1317 1316
f 1291 1292 1318 1317
f 1292 1293 1319 1318
f 1293 1294 1320 1319
f 1294 1295 1321 1320
f 1295 1296 1322 1321
f 1296 1297 1323 1322
f 1297 1298 1324 1323
f 1299 1325 1326 1300
f 1299 1301 1327 1325
f 1300 1326 1328 1302
f 1302 1328 1329 1303
f 1303 1329 1330 1304
f 1304 1330 1331 1305
f 1305 1331 1332 1306
f 1306 1332 1333 1307
f 1307 1333 1334 1308
f 1308 1334 1335 1309
f 1309 1335 1336 1310
f 1301 1311 1337 1327
f 1311 471 498 1337
f 491 1312 1338 518
f 1312 1313 1339 1338
f 1315 1314 1340 1341
f 1313 1315 1341 1339
f 1314 1316 1342 1340
f 1316 1317 1343 1342
f 1317 1318 1344 1343
f 1318 1319 1345 1344
f 1319 1320 1346 1345
f 1320 1321 1347 1346
f 1321 1322 1348 1347
f 1322 1323 1349 1348
f 1323 1324 1350 1349
f 1325 1351 1352 1326
f 1325 1327 1353 1351
f 1326 1352 1354 1328
f 1328 1354 1355 1329
f 1329 1355 1356 1330
f 1330 1356 1357 1331
f 1331 1357 1358 1332
f 1332 1358 1359 1333
f 1333 1359 1360 1334
f 1334 1360 1361 1335
f 1335 1361 1362 1336
f 1327 1337 1363 1353
f 1337 498 525 1363
f 518 1338 1364 540
f 1338 1339 1365 1364
f 1341 1340 1366 1367
f 1339 1341 1367 1365
f 1340 1342 1368 1366
f 1342 1343 1369 1368
f 1343 1344 1370 1369
f 1344 1345 1371 1370
f 1345 1346 1372 1371
f 1346 1347 1373 1372
f 1347 1348 1374 1373
f 1348 1349 1375 1374
f 1349 1350 1376 1375
f 1351 1377 1378 1352
f 1351 1353 1379 1377
f 1352 1378 1380 1354
f 1354 1380 1381 1355
f 1355 1381 1382 1356
f 1356 1382 1383 1357
f 1357 1383 1384 1358
f 1358 1384 1385 1359
f 1359 1385 1386 1360
f 1360 1386 1387 1361
f 1361 1387 1388 1362
f 1353 1363 1389 1379
f 1363 525 547 1389
f 540 1364 1390 562
f 1364 1365 1391 1390
f 1367 1366 1392 1393
f 1365 1367 1393 1391
f 1366 1368 1394 1392
f 1368 1369 1395 1394
f 1369 1370 1396 1395
f 1370 1371 1397 1396
f 1371 1372 1398 1397
f 1372 1373 1399 1398
f 1373 1374 1400 1399
f 1374 1375 1401 1400
f 1375 1376 1402 1401
f 1377 1403 1404 1378
f 1377 1379 1405 1403
f 1378 1404 1406 1380
f 1380 1406 1407 1381
f 1381 1407 1408 1382
f 1382 1408 1409 1383
f 1383 1409 1410 1384
f 1384 1410 1411 1385
f 1385 1411 1412 1386
f 1386 1412 1413 1387
f 1387 1413 1414 1388
f 1379 1389 1415 1405
f 1389 547 569 1415
f 562 1390 1416 584
f 1390 1391 1417 1416
f 1393 1392 1418 1419
f 1391 1393 1419 1417
f 1392 1394 1420 1418
f 1394 1395 1421 1420
f 1395 1396 1422 1421
f 1396 1397 1423 1422
f 1397 1398 1424 1423
f 1398 1399 1425 1424
f 1399 1400 1426 1425
f 1400 1401 1427 1426
f 1401 1402 1428 1427
f 1403 1429 1430 1404
f 1403 1405 1431 1429
f 1404 1430 1432 1406
f 1406 1432 1433 1407
f 1407 1433 1434 1408
f 1408 1434 1435 1409
f 1409 1435 1436 1410
f 1410 1436 1437 1411
f 1411 1437 1438 1412
f 1412 1438 1439 1413
f 1413 1439 1440 1414
f 1405 1415 1441 1431
f 1415 569 591 1441
f 584 1416 1442 606
f 1416 1417 1443 1442
f 1419 1418 1444 1445
f 1417 1419 1445 1443
f 1418 1420 1446 1444
f 1420 1421 1447 1446
f 1421 1422 1448 1447
f 1422 1423 1449 1448
f 1423 1424 1450 1449
f 1424 1425 1451 1450
f 1425 1426 1452 1451
f 1426 1427 1453 1452
f 1427 1428 1454 1453
f 1429 1455 1456 1430
f 1429 1431 1457 1455
f 1430 1456 1458 1432
f 1432 1458 1459 1433
f 1433 1459 1460 1434
f 1434 1460 1461 1435
f 1435 1461 1462 1436
f 1436 1462 1463 1437
f 1437 1463 1464 1438
f 1438 1464 1465 1439
f 1439 1465 1466 1440
f 1431 1441 1467 1457
f 1441 591 613 1467
f 606 1442 1468 628
f 1442 1443 1469 1468
f 1445 1444 1470 1471
f 1443 1445 1471 1469
f 1444 1446 1472 1470
f 1446 1447 1473 1472
f 1447 1448 1474 1473
f 1448 1449 1475 1474
f 1449 1450 1476 1475
f 1450 1451 1477 1476
f 1451 1452 1478 1477
f 1452 1453 1479 1478
f 1453 1454 1480 1479
f 1455 1481 1482 1456
f 1455 1457 1483 1481
f 1456 1482 1484 1458
f 1458 1484 1485 1459
f 1459 1485 1486 1460
f 1460 1486 1487 1461
f 1461 1487 1488 1462
f 1462 1488 1489 1463
f 1463 1489 1490 1464
f 1464 1490 1491 1465
f 1465 1491 1492 1466
f 1457 1467 1493 1483
f 1467 613 635 1493
f 628 1468 1494 655
f 1468 1469 1495 1494
f 1471 1470 1496 1497
f 1469 1471 1497 1495
f 1470 1472 1498 1496
f 1472 1473 1499 1498
f 1473 1474 1500 1499
f 1474 1475 1501 1500
f 1475 1476 1502 1501
f 1476 1477 1503 1502
f 1477 1478 1504 1503
f 1478 1479 1505 1504
f 1479 1480 1506 1505
f 1481 1507 1508 1482
f 1481 1483 1509 1507
f 1482 1508 1510 1484
f 1484 1510 1511 1485
f 1485 1511 1512 1486
f 1486 1512 1513 1487
f 1487 1513 1514 1488
f 1488 1514 1515 1489
f 1489 1515 1516 1490
f 1490 1516 1517 1491
f 1491 1517 1518 1492
f 1483 1493 1519 1509
f 1493 635 662 1519
f 655 1494 1520 682
f 1494 1495 1521 1520
f 1497 1496 1522 1523
f 1495 1497 1523 1521
f 1496 1498 1524 1522
f 1498 1499 1525 1524
f 1499 1500 1526 1525
f 1500 1501 1527 1526
f 1501 1502 1528 1527
f 1502 1503 1529 1528
f 1503 1504 1530 1529
f 1504 1505 1531 1530
f 1505 1506 1532 1531
f 1507 1533 1534 1508
f 1507 1509 1535 1533
f 1508 1534 1536 1510
f 1510 1536 1537 1511
f 1511 1537 1538 1512
f 1512 1538 1539 1513
f 1513 1539 1540 1514
f 1514 1540 1541 1515
f 1515 1541 1542 1516
f 1516 1542 1543 1517
f 1517 1543 1544 1518
f 1509 1519 1545 1535
f 1519 662 689 1545
f 682 1520 1546 709
f 1520 1521 1547 1546
f 1523 1522 1548 1549
f 1521 1523 1549 1547
f 1522 1524 1550 1548
f 1524 1525 1551 1550
f 1525 1526 1552 1551
f 1526 1527 1553 1552
f 1527 1528 1554 1553
f 1528 1529 1555 1554
f 1529 1530 1556 1555
f 1530 1531 1557 1556
f 1531 1532 1558 1557
f 1533 1559 1560 1534
f 1533 1535 1561 1559
f 1534 1560 1562 1536
f 1536 1562 1563 1537
f 1537 1563 1564 1538
f 1538 1564 1565 1539
f 1539 1565 1566 1540
f 1540 1566 1567 1541
f 1541 1567 1568 1542
f 1542 1568 1569 1543
f 1543 1569 1570 1544
f 1535 1545 1571 1561
f 1545 689 716 1571
f 709 1546 1572 736
f 1546 1547 1573 1572
f 1549 1548 1574 1575
f 1547 1549 1575 1573
f 1548 1550 1576 1574
f 1550 1551 1577 1576
f 1551 1552 1578 1577
f 1552 1553 1579 1578
f 1553 1554 1580 1579
f 1554 1555 1581 1580
f 1555 1556 1582 1581
f 1556 1557 1583 1582
f 1557 1558 1584 1583
f 1559 1585 1586 1560
f 1559 1561 1587 1585
f 1560 1586 1588 1562
f 1562 1588 1589 1563
f 1563 1589 1590 1564
f 1564 1590 1591 1565
f 1565 1591 1592 1566
f 1566 1592 1593 1567
f 1567 1593 1594 1568
f 1568 1594 1595 1569
f 1569 1595 1596 1570
f 1561 1571 1597 1587
f 1571 716 743 1597
f 736 1572 1598 760
f 1572 1573 1599 1598
f 1575 1574 1600 1601
f 1573 1575 1601 1599
f 1574 1576 1602 1600
f 1576 1577 1603 1602
f 1577 1578 1604 1603
f 1578 1579 1605 1604
f 1579 1580 1606 1605
f 1580 1581 1607 1606
f 1581 1582 1608 1607
f 1582 1583 1609 1608
f 1583 1584 1610 1609
f 1585 1611 1612 1586
f 1585 1587 1613 1611
f 1586 1612 1614 1588
f 1588 1614 1615 1589
f 1589 1615 1616 1590
f 1590 1616 1617 1591
f 1591 1617 1618 1592
f 1592 1618 1619 1593
f 1593 1619 1620 1594
f 1594 1620 1621 1595
f 1595 1621 1622 1596
f 1587 1597 1623 1613
f 1597 743 773 1623
f 760 1598 1624 859
f 1598 1599 1625 1624
f 1601 1600 1626 1627
f 1599 1601 1627 1625
f 1600 1602 1628 1626
f 1602 1603 1629 1628
f 1603 1604 1630 1629
f 1604 1605 1631 1630
f 1605 1606 1632 1631
f 1606 1607 1633 1632
f 1607 1608 1634 1633
f 1608 1609 1635 1634
f 1609 1610 1636 1635
f 1611 1637 1638 1612
f 1611 1613 1639 1637
f 1612 1638 1640 1614
f 1614 1640 1641 1615
f 1615 1641 1642 1616
f 1616 1642 1643 1617
f 1617 1643 1644 1618
f 1618 1644 1645 1619
f 1619 1645 1646 1620
f 1620 1646 1647 1621
f 1621 1647 1648 1622
f 1613 1623 1649 1639
f 1623 773 1650 1649
f 773 772 1651 1650
f 772 779 1652 1651
f 779 785 1653 1652
f 785 791 1654 1653
f 791 797 1655 1654
f 797 803 1656 1655
f 803 809 1657 1656
f 809 815 1658 1657
f 815 821 1659 1658
f 821 827 1660 1659
f 827 833 1661 1660
f 833 839 1662 1661
f 839 845 1663 1662
f 845 851 1664 1663
f 851 855 1665 1664
f 855 859 1666 1665
f 859 1624 1667 1666
f 1624 1625 1668 1667
f 1627 1626 1669 1670
f 1625 1627 1670 1668
f 1626 1628 1671 1669
f 1628 1629 1672 1671
f 1629 1630 1673 1672
f 1630 1631 1674 1673
f 1631 1632 1675 1674
f 1632 1633 1676 1675
f 1633 1634 1677 1676
f 1634 1635 1678 1677
f 1635 1636 1679 1678
f 1637 1680 1681 1638
f 1637 1639 1682 1680
f 1638 1681 1683 1640
f 1640 1683 1684 1641
f 1641 1684 1685 1642
f 1642 1685 1686 1643
f 1643 1686 1687 1644
f 1644 1687 1688 1645
f 1645 1688 1689 1646
f 1646 1689 1690 1647
f 1647 1690 1691 1648
f 1639 1649 1692 1682
f 1649 1650 1693 1692
f 1650 1651 1694 1693
f 1651 1652 1695 1694
f 1652 1653 1696 1695
f 1653 1654 1697 1696
f 1654 1655 1698 1697
f 1655 1656 1699 1698
f 1656 1657 1700 1699
f 1657 1658 1701 1700
f 1658 1659 1702 1701
f 1659 1660 1703 1702
f 1660 1661 1704 1703
f 1661 1662 1705 1704
f 1662 1663 1706 1705
f 1663 1664 1707 1706
f 1664 1665 1708 1707
f 1665 1666 1709 1708
f 1666 1667 1710 1709
f 1667 1668 1711 1710
f 1670 1669 1712 1713
f 1668 1670 1713 1711
f 1669 1671 1714 1712
f 1671 1672 1715 1714
f 1672 1673 1716 1715
f 1673 1674 1717 1716
f 1674 1675 1718 1717
f 1675 1676 1719 1718
f 1676 1677 1720 1719
f 1677 1678 1721 1720
f 1678 1679 1722 1721
f 1723 1724 1725 1726
f 1680 1723 1726 1681
f 1680 1682 1724 1723
f 1726 1725 1727 1728
f 1681 1726 1728 1683
f 1728 1727 1729 1730
f 1683 1728 1730 1684
f 1730 1729 1731 1732
f 1684 1730 1732 1685
f 1732 1731 1733 1734
f 1685 1732 1734 1686
f 1734 1733 1735 1736
f 1686 1734 1736 1687
f 1736 1735 1737 1738
f 1687 1736 1738 1688
f 1738 1737 1739 1740
f 1688 1738 1740 1689
f 1740 1739 1741 1742
f 1689 1740 1742 1690
f 1742 1741 1743 1744
f 1690 1742 1744 1691
f 1724 1745 1746 1725
f 1682 1692 1745 1724
f 1725 1746 1747 1727
f 1727 1747 1748 1729
f 1729 1748 1749 1731
f 1731 1749 1750 1733
f 1733 1750 1751 1735
f 1735 1751 1752 1737
f 1737 1752 1753 1739
f 1739 1753 1754 1741
f 1741 1754 1755 1743
f 1745 1756 1757 1746
f 1692 1693 1756 1745
f 1746 1757 1758 1747
f 1747 1758 1759 1748
f 1748 1759 1760 1749
f 1749 1760 1761 1750
f 1750 1761 1762 1751
f 1751 1762 1763 1752
f 1752 1763 1764 1753
f 1753 1764 1765 1754
f 1754 1765 1766 1755
f 1756 1767 1768 1757
f 1693 1694 1767 1756
f 1757 1768 1769 1758
f 1758 1769 1770 1759
f 1759 1770 1771 1760
f 1760 1771 1772 1761
f 1761 1772 1773 1762
f 1762 1773 1774 1763
f 1763 1774 1775 1764
f 1764 1775 1776 1765
f 1765 1776 1777 1766
f 1767 1778 1779 1768
f 1694 1695 1778 1767
f 1768 1779 1780 1769
f 1769 1780 1781 1770
f 1770 1781 1782 1771
f 1771 1782 1783 1772
f 1772 1783 1784 1773
f 1773 1784 1785 1774
f 1774 1785 1786 1775
f 1775 1786 1787 1776
f 1776 1787 1788 1777
f 1778 1789 1790 1779
f 1695 1696 1789 1778
f 1779 1790 1791 1780
f 1780 1791 1792 1781
f 1781 1792 1793 1782
f 1782 1793 1794 1783
f 1783 1794 1795 1784
f 1784 1795 1796 1785
f 1785 1796 1797 1786
f 1786 1797 1798 1787
f 1787 1798 1799 1788
f 1789 1800 1801 1790
f 1696 1697 1800 1789
f 1790 1801 1802 1791
f 1791 1802 1803 1792
f 1792 1803 1804 1793
f 1793 1804 1805 1794
f 1794 1805 1806 1795
f 1795 1806 1807 1796
f 1796 1807 1808 1797
f 1797 1808 1809 1798
f 1798 1809 1810 1799
f 1800 1811 1812 1801
f 1697 1698 1811 1800
f 1801 1812 1813 1802
f 1802 1813 1814 1803
f 1803 1814 1815 1804
f 1804 1815 1816 1805
f 1805 1816 1817 1806
f 1806 1817 1818 1807
f 1807 1818 1819 1808
f 1808 1819 1820 1809
f 1809 1820 1821 1810
f 1811 1822 1823 1812
f 1698 1699 1822 1811
f 1812 1823 1824 1813
f 1813 1824 1825 1814
f 1814 1825 1826 1815
f 1815 1826 1827 1816
f 1816 1827 1828 1817
f 1817 1828 1829 1818
f 1818 1829 1830 1819
f 1819 1830 1831 1820
f 1820 1831 1832 1821
f 1822 1833 1834 1823
f 1699 1700 1833 1822
f 1823 1834 1835 1824
f 1824 1835 1836 1825
f 1825 1836 1837 1826
f 1826 1837 1838 1827
f 1827 1838 1839 1828
f 1828 1839 1840 1829
f 1829 1840 1841 1830
f 1830 1841 1842 1831
f 1831 1842 1843 1832
f 1833 1844 1845 1834
f 1700 1701 1844 1833
f 1834 1845 1846 1835
f 1835 1846 1847 1836
f 1836 1847 1848 1837
f 1837 1848 1849 1838
f 1838 1849 1850 1839
f 1839 1850 1851 1840
f 1840 1851 1852 1841
f 1841 1852 1853 1842
f 1842 1853 1854 1843
f 1844 1855 1856 1845
f 1701 1702 1855 1844
f 1845 1856 1857 1846
f 1846 1857 1858 1847
f 1847 1858 1859 1848
f 1848 1859 1860 1849
f 1849 1860 1861 1850
f 1850 1861 1862 1851
f 1851 1862 1863 1852
f 1852 1863 1864 1853
f 1853 1864 1865 1854
f 1855 1866 1867 1856
f 1702 1703 1866 1855
f 1856 1867 1868 1857
f 1857 1868 1869 1858
f 1858 1869 1870 1859
f 1859 1870 1871 1860
f 1860 1871 1872 1861
f 1861 1872 1873 1862
f 1862 1873 1874 1863
f 1863 1874 1875 1864
f 1864 1875 1876 1865
f 1866 1877 1878 1867
f 1703 1704 1877 1866
f 1867 1878 1879 1868
f 1868 1879 1880 1869
f 1869 1880 1881 1870
f 1870 1881 1882 1871
f 1871 1882 1883 1872
f 1872 1883 1884 1873
f 1873 1884 1885 1874
f 1874 1885 1886 1875
f 1875 1886 1887 1876
f 1877 1888 1889 1878
f 1704 1705 1888 1877
f 1878 1889 1890 1879
f 1879 1890 1891 1880
f 1880 1891 1892 1881
f 1881 1892 1893 1882
f 1882 1893 1894 1883
f 1883 1894 1895 1884
f 1884 1895 1896 1885
f 1885 1896 1897 1886
f 1886 1897 1898 1887
f 1888 1899 1900 1889
f 1705 1706 1899 1888
f 1889 1900 1901 1890
f 1890 1901 1902 1891
f 1891 1902 1903 1892
f 1892 1903 1904 1893
f 1893 1904 1905 1894
f 1894 1905 1906 1895
f 1895 1906 1907 1896
f 1896 1907 1908 1897
f 1897 1908 1909 1898
f 1899 1910 1911 1900
f 1706 1707 1910 1899
f 1900 1911 1912 1901
f 1901 1912 1913 1902
f 1902 1913 1914 1903
f 1903 1914 1915 1904
f 1904 1915 1916 1905
f 1905 1916 1917 1906
f 1906 1917 1918 1907
f 1907 1918 1919 1908
f 1908 1919 1920 1909
f 1910 1921 1922 1911
f 1707 1708 1921 1910
f 1911 1922 1923 1912
f 1912 1923 1924 1913
f 1913 1924 1925 1914
f 1914 1925 1926 1915
f 1915 1926 1927 1916
f 1916 1927 1928 1917
f 1917 1928 1929 1918
f 1918 1929 1930 1919
f 1919 1930 1931 1920
f 1921 1932 1933 1922
f 1708 1709 1932 1921
f 1922 1933 1934 1923
f 1923 1934 1935 1924
f 1924 1935 1936 1925
f 1925 1936 1937 1926
f 1926 1937 1938 1927
f 1927 1938 1939 1928
f 1928 1939 1940 1929
f 1929 1940 1941 1930
f 1930 1941 1942 1931
f 1932 1943 1944 1933
f 1709 1710 1943 1932
f 1933 1944 1945 1934
f 1934 1945 1946 1935
f 1935 1946 1947 1936
f 1936 1947 1948 1937
f 1937 1948 1949 1938
f 1938 1949 1950 1939
f 1939 1950 1951 1940
f 1940 1951 1952 1941
f 1941 1952 1953 1942
f 1943 1954 1955 1944
f 1710 1711 1954 1943
f 1944 1955 1956 1945
f 1945 1956 1957 1946
f 1946 1957 1958 1947
f 1947 1958 1959 1948
f 1948 1959 1960 1949
f 1949 1960 1961 1950
f 1950 1961 1962 1951
f 1951 1962 1963 1952
f 1952 1963 1964 1953
f 1954 1965 1966 1955
f 1713 1712 1966 1965
f 1711 1713 1965 1954
f 1955 1966 1967 1956
f 1712 1714 1967 1966
f 1956 1967 1968 1957
f 1714 1715 1968 1967
f 1957 1968 1969 1958
f 1715 1716 1969 1968
f 1958 1969 1970 1959
f 1716 1717 1970 1969
f 1959 1970 1971 1960
f 1717 1718 1971 1970
f 1960 1971 1972 1961
f 1718 1719 1972 1971
f 1961 1972 1973 1962
f 1719 1720 1973 1972
f 1962 1973 1974 1963
f 1720 1721 1974 1973
f 1963 1974 1975 1964
f 1721 1722 1975 1974
f 1976 1977 1978 1979
f 1976 1980 1981 1977
f 1976 1979 1982 1980
f 1977 1983 1984 1978
f 1977 1981 1985 1983
f 1983 1986 1987 1984
f 1983 1985 1988 1986
f 1986 1989 1990 1987
f 1986 1988 1991 1989
f 1989 1992 1993 1990
f 1989 1991 1994 1992
f 1992 1995 1996 1993
f 1992 1994 1997 1995
f 1995 1998 1999 1996
f 1995 1997 2000 1998
f 1998 2001 2002 1999
f 1998 2000 2003 2001
f 2001 2004 2005 2002
f 2001 2003 2006 2004
f 2004 2007 2008 2005
f 2004 2006 2009 2007
f 2007 2010 2011 2008
f 2007 2009 2012 2010
f 2010 2012 2013 2011
f 1979 1978 2014 2015
f 1979 2015 2016 1982
f 1978 1984 2017 2014
f 1984 1987 2018 2017
f 1987 1990 2019 2018
f 1990 1993 2020 2019
f 1993 1996 2021 2020
f 1996 1999 2022 2021
f 1999 2002 2023 2022
f 2002 2005 2024 2023
f 2005 2008 2025 2024
f 2008 2011 2026 2025
f 2011 2013 2027 2026
f 2015 2014 2028 2029
f 2015 2029 2030 2016
f 2014 2017 2031 2028
f 2017 2018 2032 2031
f 2018 2019 2033 2032
f 2019 2020 2034 2033
f 2020 2021 2035 2034
f 2021 2022 2036 2035
f 2022 2023 2037 2036
f 2023 2024 2038 2037
f 2024 2025 2039 2038
f 2025 2026 2040 2039
f 2026 2027 2041 2040
f 2029 2028 2042 2043
f 2029 2043 2044 2030
f 2028 2031 2045 2042
f 2031 2032 2046 2045
f 2032 2033 2047 2046
f 2033 2034 2048 2047
f 2034 2035 2049 2048
f 2035 2036 2050 2049
f 2036 2037 2051 2050
f 2037 2038 2052 2051
f 2038 2039 2053 2052
f 2039 2040 2054 2053
f 2040 2041 2055 2054
f 2043 2042 2056 2057
f 2043 2057 2058 2044
f 2042 2045 2059 2056
f 2045 2046 2060 2059
f 2046 2047 2061 2060
f 2047 2048 2062 2061
f 2048 2049 2063 2062
f 2049 2050 2064 2063
f 2050 2051 2065 2064
f 2051 2052 2066 2065
f 2052 2053 2067 2066
f 2053 2054 2068 2067
f 2054 2055 2069 2068
f 2057 2056 2070 2071
f 2057 2071 2072 2058
f 2056 2059 2073 2070
f 2059 2060 2074 2073
f 2060 2061 2075 2074
f 2061 2062 2076 2075
f 2062 2063 2077 2076
f 2063 2064 2078 2077
f 2064 2065 2079 2078
f 2065 2066 2080 2079
f 2066 2067 2081 2080
f 2067 2068 2082 2081
f 2068 2069 2083 2082
f 2071 2070 2084 2085
f 2071 2085 2086 2072
f 2070 2073 2087 2084
f 2073 2074 2088 2087
f 2074 2075 2089 2088
f 2075 2076 2090 2089
f 2076 2077 2091 2090
f 2077 2078 2092 2091
f 2078 2079 2093 2092
f 2079 2080 2094 2093
f 2080 2081 2095 2094
f 2081 2082 2096 2095
f 2082 2083 2097 2096
f 2085 2084 2098 2099
f 2085 2099 2100 2086
f 2084 2087 2101 2098
f 2087 2088 2102 2101
f 2088 2089 2103 2102
f 2089 2090 2104 2103
f 2090 2091 2105 2104
f 2091 2092 2106 2105
f 2092 2093 2107 2106
f 2093 2094 2108 2107
f 2094 2095 2109 2108
f 2095 2096 2110 2109
f 2096 2097 2111 2110
f 2099 2098 2112 2113
f 2099 2113 2114 2100
f 2098 2101 2115 2112
f 2101 2102 2116 2115
f 2102 2103 2117 2116
f 2103 2104 2118 2117
f 2104 2105 2119 2118
f 2105 2106 2120 2119
f 2106 2107 2121 2120
f 2107 2108 2122 2121
f 2108 2109 2123 2122
f 2109 2110 2124 2123
f 2110 2111 2125 2124
f 2113 2112 2126 2127
f 2113 2127 2128 2114
f 2112 2115 2129 2126
f 2115 2116 2130 2129
f 2116 2117 2131 2130
f 2117 2118 2132 2131
f 2118 2119 2133 2132
f 2119 2120 2134 2133
f 2120 2121 2135 2134
f 2121 2122 2136 2135
f 2122 2123 2137 2136
f 2123 2124 2138 2137
f 2124 2125 2139 2138
f 2127 2126 2140 2141
f 2127 2141 2142 2128
f 2126 2129 2143 2140
f 2129 2130 2144 2143
f 2130 2131 2145 2144
f 2131 2132 2146 2145
f 2132 2133 2147 2146
f 2133 2134 2148 2147
f 2134 2135 2149 2148
f 2135 2136 2150 2149
f 2136 2137 2151 2150
f 2137 2138 2152 2151
f 2138 2139 2153 2152
f 2141 2140 2154 2155
f 2141 2155 2156 2142
f 2140 2143 2157 2154
f 2143 2144 2158 2157
f 2144 2145 2159 2158
f 2145 2146 2160 2159
f 2146 2147 2161 2160
f 2147 2148 2162 2161
f 2148 2149 2163 2162
f 2149 2150 2164 2163
f 2150 2151 2165 2164
f 2151 2152 2166 2165
f 2152 2153 2167 2166
f 2155 2154 2168 2169
f 2155 2169 2170 2156
f 2154 2157 2171 2168
f 2157 2158 2172 2171
f 2158 2159 2173 2172
f 2159 2160 2174 2173
f 2160 2161 2175 2174
f 2161 2162 2176 2175
f 2162 2163 2177 2176
f 2163 2164 2178 2177
f 2164 2165 2179 2178
f 2165 2166 2180 2179
f 2166 2167 2181 2180
f 2169 2168 2182 2183
f 2169 2183 2184 2170
f 2168 2171 2185 2182
f 2171 2172 2186 2185
f 2172 2173 2187 2186
f 2173 2174 2188 2187
f 2174 2175 2189 2188
f 2175 2176 2190 2189
f 2176 2177 2191 2190
f 2177 2178 2192 2191
f 2178 2179 2193 2192
f 2179 2180 2194 2193
f 2180 2181 2195 2194
f 2183 2182 2196 2197
f 2183 2197 2198 2184
f 2182 2185 2199 2196
f 2185 2186 2200 2199
f 2186 2187 2201 2200
f 2187 2188 2202 2201
f 2188 2189 2203 2202
f 2189 2190 2204 2203
f 2190 2191 2205 2204
f 2191 2192 2206 2205
f 2192 2193 2207 2206
f 2193 2194 2208 2207
f 2194 2195 2209 2208
f 2197 2196 2210 2211
f 2197 2211 2212 2198
f 2196 2199 2213 2210
f 2199 2200 2214 2213
f 2200 2201 2215 2214
f 2201 2202 2216 2215
f 2202 2203 2217 2216
f 2203 2204 2218 2217
f 2204 2205 2219 2218
f 2205 2206 2220 2219
f 2206 2207 2221 2220
f 2207 2208 2222 2221
f 2208 2209 2223 2222
f 2211 2210 2224 2225
f 2211 2225 2226 2212
f 2210 2213 2227 2224
f 2213 2214 2228 2227
f 2214 2215 2229 2228
f 2215 2216 2230 2229
f 2216 2217 2231 2230
f 2217 2218 2232 2231
f 2218 2219 2233 2232
f 2219 2220 2234 2233
f 2220 2221 2235 2234
f 2221 2222 2236 2235
f 2222 2223 2237 2236
f 2225 2224 2238 2239
f 2225 2239 2240 2226
f 2224 2227 2241 2238
f 2227 2228 2242 2241
f 2228 2229 2243 2242
f 2229 2230 2244 2243
f 2230 2231 2245 2244
f 2231 2232 2246 2245
f 2232 2233 2247 2246
f 2233 2234 2248 2247
f 2234 2235 2249 2248
f 2235 2236 2250 2249
f 2236 2237 2251 2250
f 2239 2238 2252 2253
f 2239 2253 2254 2240
f 2238 2241 2255 2252
f 2241 2242 2256 2255
f 2242 2243 2257 2256
f 2243 2244 2258 2257
f 2244 2245 2259 2258
f 2245 2246 2260 2259
f 2246 2247 2261 2260
f 2247 2248 2262 2261
f 2248 2249 2263 2262
f 2249 2250 2264 2263
f 2250 2251 2265 2264
f 2253 2252 2266 2267
f 2253 2267 2268 2254
f 2252 2255 2269 2266
f 2255 2256 2270 2269
f 2256 2257 2271 2270
f 2257 2258 2272 2271
f 2258 2259 2273 2272
f 2259 2260 2274 2273
f 2260 2261 2275 2274
f 2261 2262 2276 2275
f 2262 2263 2277 2276
f 2263 2264 2278 2277
f 2264 2265 2279 2278
f 2267 2266 2280 2281
f 2267 2281 2282 2268
f 2266 2269 2283 2280
f 2269 2270 2284 2283
f 2270 2271 2285 2284
f 2271 2272 2286 2285
f 2272 2273 2287 2286
f 2273 2274 2288 2287
f 2274 2275 2289 2288
f 2275 2276 2290 2289
f 2276 2277 2291 2290
f 2277 2278 2292 2291
f 2278 2279 2293 2292
f 2281 2280 2294 2295
f 2281 2295 2296 2282
f 2280 2283 2297 2294
f 2283 2284 2298 2297
f 2284 2285 2299 2298
f 2285 2286 2300 2299
f 2286 2287 2301 2300
f 2287 2288 2302 2301
f 2288 2289 2303 2302
f 2289 2290 2304 2303
f 2290 2291 2305 2304
f 2291 2292 2306 2305
f 2292 2293 2307 2306
f 2295 2294 2308 2309
f 2295 2309 2310 2296
f 2294 2297 2311 2308
f 2297 2298 2312 2311
f 2298 2299 2313 2312
f 2299 2300 2314 2313
f 2300 2301 2315 2314
f 2301 2302 2316 2315
f 2302 2303 2317 2316
f 2303 2304 2318 2317
f 2304 2305 2319 2318
f 2305 2306 2320 2319
f 2306 2307 2321 2320
f 2309 2308 2322 2323
f 2309 2323 2324 2310
f 2308 2311 2325 2322
f 2311 2312 2326 2325
f 2312 2313 2327 2326
f 2313 2314 2328 2327
f 2314 2315 2329 2328
f 2315 2316 2330 2329
f 2316 2317 2331 2330
f 2317 2318 2332 2331
f 2318 2319 2333 2332
f 2319 2320 2334 2333
f 2320 2321 2335 2334
f 2323 2322 2336 2337
f 2323 2337 2338 2324
f 2322 2325 2339 2336
f 2325 2326 2340 2339
f 2326 2327 2341 2340
f 2327 2328 2342 2341
f 2328 2329 2343 2342
f 2329 2330 2344 2343
f 2330 2331 2345 2344
f 2331 2332 2346 2345
f 2332 2333 2347 2346
f 2333 2334 2348 2347
f 2334 2335 2349 2348
f 2337 2336 2350 2351
f 2337 2351 2352 2338
f 2336 2339 2353 2350
f 2339 2340 2354 2353
f 2340 2341 2355 2354
f 2341 2342 2356 2355
f 2342 2343 2357 2356
f 2343 2344 2358 2357
f 2344 2345 2359 2358
f 2345 2346 2360 2359
f 2346 2347 2361 2360
f 2347 2348 2362 2361
f 2348 2349 2363 2362
f 2351 2350 2364 2365
f 2351 2365 2366 2352
f 2350 2353 2367 2364
f 2353 2354 2368 2367
f 2354 2355 2369 2368
f 2355 2356 2370 2369
f 2356 2357 2371 2370
f 2357 2358 2372 2371
f 2358 2359 2373 2372
f 2359 2360 2374 2373
f 2360 2361 2375 2374
f 2361 2362 2376 2375
f 2362 2363 2377 2376
f 2365 2364 2378 2379
f 2379 2378 2380 2381
f 2365 2379 2381 2366
f 2364 2367 2382 2378
f 2378 2382 2383 2380
f 2367 2368 2384 2382
f 2382 2384 2385 2383
f 2368 2369 2386 2384
f 2384 2386 2387 2385
f 2369 2370 2388 2386
f 2386 2388 2389 2387
f 2370 2371 2390 2388
f 2388 2390 2391 2389
f 2371 2372 2392 2390
f 2390 2392 2393 2391
f 2372 2373 2394 2392
f 2392 2394 2395 2393
f 2373 2374 2396 2394
f 2394 2396 2397 2395
f 2374 2375 2398 2396
f 2396 2398 2399 2397
f 2375 2376 2400 2398
f 2398 2400 2401 2399
f 2376 2377 2401 2400
f 1980 2402 2403 1981
f 1980 1982 2404 2402
f 1981 2403 2405 1985
f 1985 2405 2406 1988
f 1988 2406 2407 1991
f 1991 2407 2408 1994
f 1994 2408 2409 1997
f 1997 2409 2410 2000
f 2000 2410 2411 2003
f 2003 2411 2412 2006
f 2006 2412 2413 2009
f 2009 2413 2414 2012
f 2012 2414 2415 2013
f 1982 2016 2416 2404
f 2013 2415 2417 2027
f 2016 2030 2418 2416
f 2027 2417 2419 2041
f 2030 2044 2420 2418
f 2041 2419 2421 2055
f 2044 2058 2422 2420
f 2055 2421 2423 2069
f 2058 2072 2424 2422
f 2069 2423 2425 2083
f 2072 2086 2426 2424
f 2083 2425 2427 2097
f 2086 2100 2428 2426
f 2097 2427 2429 2111
f 2100 2114 2430 2428
f 2111 2429 2431 2125
f 2114 2128 2432 2430
f 2125 2431 2433 2139
f 2128 2142 2434 2432
f 2139 2433 2435 2153
f 2142 2156 2436 2434
f 2153 2435 2437 2167
f 2156 2170 2438 2436
f 2167 2437 2439 2181
f 2170 2184 2440 2438
f 2181 2439 2441 2195
f 2184 2198 2442 2440
f 2195 2441 2443 2209
f 2198 2212 2444 2442
f 2209 2443 2445 2223
f 2212 2226 2446 2444
f 2223 2445 2447 2237
f 2226 2240 2448 2446
f 2237 2447 2449 2251
f 2240 2254 2450 2448
f 2251 2449 2451 2265
f 2254 2268 2452 2450
f 2265 2451 2453 2279
f 2268 2282 2454 2452
f 2279 2453 2455 2293
f 2282 2296 2456 2454
f 2293 2455 2457 2307
f 2296 2310 2458 2456
f 2307 2457 2459 2321
f 2310 2324 2460 2458
f 2321 2459 2461 2335
f 2324 2338 2462 2460
f 2335 2461 2463 2349
f 2338 2352 2464 2462
f 2349 2463 2465 2363
f 2352 2366 2466 2464
f 2363 2465 2467 2377
f 2381 2380 2468 2469
f 2366 2381 2469 2466
f 2380 2383 2470 2468
f 2383 2385 2471 2470
f 2385 2387 2472 2471
f 2387 2389 2473 2472
f 2389 2391 2474 2473
f 2391 2393 2475 2474
f 2393 2395 2476 2475
f 2395 2397 2477 2476
f 2397 2399 2478 2477
f 2399 2401 2479 2478
f 2377 2467 2479 2401
f 2402 2480 2481 2403
f 2402 2404 2482 2480
f 2403 2481 2483 2405
f 2405 2483 2484 2406
f 2406 2484 2485 2407
f 2407 2485 2486 2408
f 2408 2486 2487 2409
f 2409 2487 2488 2410
f 2410 2488 2489 2411
f 2411 2489 2490 2412
f 2412 2490 2491 2413
f 2413 2491 2492 2414
f 2414 2492 2493 2415
f 2404 2416 2494 2482
f 2415 2493 2495 2417
f 2416 2418 888 2494
f 2417 2495 2496 2419
f 2418 2420 889 888
f 2419 2496 2497 2421
f 2420 2422 899 889
f 2421 2497 2498 2423
f 2422 2424 912 899
f 2423 2498 2499 2425
f 2424 2426 925 912
f 2425 2499 2500 2427
f 2426 2428 937 925
f 2427 2500 2501 2429
f 2428 2430 949 937
f 2429 2501 2502 2431
f 2430 2432 961 949
f 2431 2502 2503 2433
f 2432 2434 973 961
f 2433 2503 2504 2435
f 2434 2436 985 973
f 2435 2504 2505 2437
f 2436 2438 997 985
f 2437 2505 2506 2439
f 2438 2440 1009 997
f 2439 2506 2507 2441
f 2440 2442 1021 1009
f 2441 2507 2508 2443
f 2442 2444 1033 1021
f 2443 2508 2509 2445
f 2444 2446 1045 1033
f 2445 2509 2510 2447
f 2446 2448 1057 1045
f 2447 2510 2511 2449
f 2448 2450 1069 1057
f 2449 2511 2512 2451
f 2450 2452 1081 1069
f 2451 2512 2513 2453
f 2452 2454 1093 1081
f 2453 2513 2514 2455
f 2454 2456 1105 1093
f 2455 2514 2515 2457
f 2456 2458 1117 1105
f 2457 2515 2516 2459
f 2458 2460 1129 1117
f 2459 2516 2517 2461
f 2460 2462 1150 1129
f 2461 2517 2518 2463
f 2462 2464 2519 1150
f 2463 2518 2520 2465
f 2464 2466 2521 2519
f 2465 2520 2522 2467
f 2469 2468 2523 2524
f 2466 2469 2524 2521
f 2468 2470 2525 2523
f 2470 2471 2526 2525
f 2471 2472 2527 2526
f 2472 2473 2528 2527
f 2473 2474 2529 2528
f 2474 2475 2530 2529
f 2475 2476 2531 2530
f 2476 2477 2532 2531
f 2477 2478 2533 2532
f 2478 2479 2534 2533
f 2467 2522 2534 2479
f 2480 2535 2536 2481
f 2480 2482 2537 2535
f 2481 2536 2538 2483
f 2483 2538 2539 2484
f 2484 2539 2540 2485
f 2485 2540 2541 2486
f 2486 2541 2542 2487
f 2487 2542 2543 2488
f 2488 2543 2544 2489
f 2489 2544 2545 2490
f 2490 2545 2546 2491
f 2491 2546 2547 2492
f 2492 2547 2548 2493
f 2482 2494 2549 2537
f 2493 2548 2550 2495
f 2494 888 890 2549
f 2495 2550 2551 2496
f 2496 2551 2552 2497
f 2497 2552 2553 2498
f 2498 2553 2554 2499
f 2499 2554 2555 2500
f 2500 2555 2556 2501
f 2501 2556 2557 2502
f 2502 2557 2558 2503
f 2503 2558 2559 2504
f 2504 2559 2560 2505
f 2505 2560 2561 2506
f 2506 2561 2562 2507
f 2507 2562 2563 2508
f 2508 2563 2564 2509
f 2509 2564 2565 2510
f 2510 2565 2566 2511
f 2511 2566 2567 2512
f 2512 2567 2568 2513
f 2513 2568 2569 2514
f 2514 2569 2570 2515
f 2515 2570 2571 2516
f 2516 2571 2572 2517
f 2517 2572 2573 2518
f 1150 2519 2574 1151
f 2518 2573 2575 2520
f 2519 2521 2576 2574
f 2520 2575 2577 2522
f 2524 2523 2578 2579
f 2521 2524 2579 2576
f 2523 2525 2580 2578
f 2525 2526 2581 2580
f 2526 2527 2582 2581
f 2527 2528 2583 2582
f 2528 2529 2584 2583
f 2529 2530 2585 2584
f 2530 2531 2586 2585
f 2531 2532 2587 2586
f 2532 2533 2588 2587
f 2533 2534 2589 2588
f 2522 2577 2589 2534
f 2535 2590 2591 2536
f 2535 2537 2592 2590
f 2536 2591 2593 2538
f 2538 2593 2594 2539
f 2539 2594 2595 2540
f 2540 2595 2596 2541
f 2541 2596 2597 2542
f 2542 2597 2598 2543
f 2543 2598 2599 2544
f 2544 2599 2600 2545
f 2545 2600 2601 2546
f 2546 2601 2602 2547
f 2547 2602 2603 2548
f 2537 2549 2604 2592
f 2548 2603 2605 2550
f 2549 890 1162 2604
f 2550 2605 2606 2551
f 2551 2606 2607 2552
f 2552 2607 2608 2553
f 2553 2608 2609 2554
f 2554 2609 2610 2555
f 2555 2610 2611 2556
f 2556 2611 2612 2557
f 2557 2612 2613 2558
f 2558 2613 2614 2559
f 2559 2614 2615 2560
f 2560 2615 2616 2561
f 2561 2616 2617 2562
f 2562 2617 2618 2563
f 2563 2618 2619 2564
f 2564 2619 2620 2565
f 2565 2620 2621 2566
f 2566 2621 2622 2567
f 2567 2622 2623 2568
f 2568 2623 2624 2569
f 2569 2624 2625 2570
f 2570 2625 2626 2571
f 2571 2626 2627 2572
f 2572 2627 2628 2573
f 1151 2574 2629 1192
f 2573 2628 2630 2575
f 2574 2576 2631 2629
f 2575 2630 2632 2577
f 2579 2578 2633 2634
f 2576 2579 2634 2631
f 2578 2580 2635 2633
f 2580 2581 2636 2635
f 2581 2582 2637 2636
f 2582 2583 2638 2637
f 2583 2584 2639 2638
f 2584 2585 2640 2639
f 2585 2586 2641 2640
f 2586 2587 2642 2641
f 2587 2588 2643 2642
f 2588 2589 2644 2643
f 2577 2632 2644 2589
f 2590 2645 2646 2591
f 2590 2592 2647 2645
f 2591 2646 2648 2593
f 2593 2648 2649 2594
f 2594 2649 2650 2595
f 2595 2650 2651 2596
f 2596 2651 2652 2597
f 2597 2652 2653 2598
f 2598 2653 2654 2599
f 2599 2654 2655 2600
f 2600 2655 2656 2601
f 2601 2656 2657 2602
f 2602 2657 2658 2603
f 2592 2604 2659 2647
f 2603 2658 2660 2605
f 2604 1162 1205 2659
f 2605 2660 2661 2606
f 2606 2661 2662 2607
f 2607 2662 2663 2608
f 2626 2664 2665 2627
f 2627 2665 2666 2628
f 1192 2629 2667 1220
f 2628 2666 2668 2630
f 2629 2631 2669 2667
f 2630 2668 2670 2632
f 2634 2633 2671 2672
f 2631 2634 2672 2669
f 2633 2635 2673 2671
f 2635 2636 2674 2673
f 2636 2637 2675 2674
f 2637 2638 2676 2675
f 2638 2639 2677 2676
f 2639 2640 2678 2677
f 2640 2641 2679 2678
f 2641 2642 2680 2679
f 2642 2643 2681 2680
f 2643 2644 2682 2681
f 2632 2670 2682 2644
f 2645 2683 2684 2646
f 2645 2647 2685 2683
f 2646 2684 2686 2648
f 2648 2686 2687 2649
f 2649 2687 2688 2650
f 2650 2688 2689 2651
f 2651 2689 2690 2652
f 2652 2690 2691 2653
f 2653 2691 2692 2654
f 2654 2692 2693 2655
f 2655 2693 2694 2656
f 2656 2694 2695 2657
f 2657 2695 2696 2658
f 2647 2659 2697 2685
f 2658 2696 2698 2660
f 2659 1205 1232 2697
f 2660 2698 2699 2661
f 2661 2699 2700 2662
f 2662 2700 2701 2663
f 2664 2702 2703 2665
f 2665 2703 2704 2666
f 1220 2667 2705 1246
f 2666 2704 2706 2668
f 2667 2669 2707 2705
f 2668 2706 2708 2670
f 2672 2671 2709 2710
f 2669 2672 2710 2707
f 2671 2673 2711 2709
f 2673 2674 2712 2711
f 2674 2675 2713 2712
f 2675 2676 2714 2713
f 2676 2677 2715 2714
f 2677 2678 2716 2715
f 2678 2679 2717 2716
f 2679 2680 2718 2717
f 2680 2681 2719 2718
f 2681 2682 2720 2719
f 2670 2708 2720 2682
f 2683 2721 2722 2684
f 2683 2685 2723 2721
f 2684 2722 2724 2686
f 2686 2724 2725 2687
f 2687 2725 2726 2688
f 2688 2726 2727 2689
f 2689 2727 2728 2690
f 2690 2728 2729 2691
f 2691 2729 2730 2692
f 2692 2730 2731 2693
f 2693 2731 2732 2694
f 2694 2732 2733 2695
f 2695 2733 2734 2696
f 2685 2697 2735 2723
f 2696 2734 2736 2698
f 2697 1232 1258 2735
f 2698 2736 2737 2699
f 2699 2737 2738 2700
f 2700 2738 2739 2701
f 2702 2740 2741 2703
f 2703 2741 2742 2704
f 1246 2705 2743 1272
f 2704 2742 2744 2706
f 2705 2707 2745 2743
f 2706 2744 2746 2708
f 2710 2709 2747 2748
f 2707 2710 2748 2745
f 2709 2711 2749 2747
f 2711 2712 2750 2749
f 2712 2713 2751 2750
f 2713 2714 2752 2751
f 2714 2715 2753 2752
f 2715 2716 2754 2753
f 2716 2717 2755 2754
f 2717 2718 2756 2755
f 2718 2719 2757 2756
f 2719 2720 2758 2757
f 2708 2746 2758 2720
f 2721 2759 2760 2722
f 2721 2723 2761 2759
f 2722 2760 2762 2724
f 2724 2762 2763 2725
f 2725 2763 2764 2726
f 2726 2764 2765 2727
f 2727 2765 2766 2728
f 2728 2766 2767 2729
f 2729 2767 2768 2730
f 2730 2768 2769 2731
f 2731 2769 2770 2732
f 2732 2770 2771 2733
f 2733 2771 2772 2734
f 2723 2735 2773 2761
f 2734 2772 2774 2736
f 2735 1258 1284 2773
f 2736 2774 2775 2737
f 2737 2775 2776 2738
f 2738 2776 2777 2739
f 2740 2778 2779 2741
f 2741 2779 2780 2742
f 1272 2743 2781 1298
f 2742 2780 2782 2744
f 2743 2745 2783 2781
f 2744 2782 2784 2746
f 2748 2747 2785 2786
f 2745 2748 2786 2783
f 2747 2749 2787 2785
f 2749 2750 2788 2787
f 2750 2751 2789 2788
f 2751 2752 2790 2789
f 2752 2753 2791 2790
f 2753 2754 2792 2791
f 2754 2755 2793 2792
f 2755 2756 2794 2793
f 2756 2757 2795 2794
f 2757 2758 2796 2795
f 2746 2784 2796 2758
f 2759 2797 2798 2760
f 2759 2761 2799 2797
f 2760 2798 2800 2762
f 2762 2800 2801 2763
f 2763 2801 2802 2764
f 2764 2802 2803 2765
f 2765 2803 2804 2766
f 2766 2804 2805 2767
f 2767 2805 2806 2768
f 2768 2806 2807 2769
f 2769 2807 2808 2770
f 2770 2808 2809 2771
f 2771 2809 2810 2772
f 2761 2773 2811 2799
f 2772 2810 2812 2774
f 2773 1284 1310 2811
f 2774 2812 2813 2775
f 2775 2813 2814 2776
f 2776 2814 2815 2777
f 2778 2816 2817 2779
f 2779 2817 2818 2780
f 1298 2781 2819 1324
f 2780 2818 2820 2782
f 2781 2783 2821 2819
f 2782 2820 2822 2784
f 2786 2785 2823 2824
f 2783 2786 2824 2821
f 2785 2787 2825 2823
f 2787 2788 2826 2825
f 2788 2789 2827 2826
f 2789 2790 2828 2827
f 2790 2791 2829 2828
f 2791 2792 2830 2829
f 2792 2793 2831 2830
f 2793 2794 2832 2831
f 2794 2795 2833 2832
f 2795 2796 2834 2833
f 2784 2822 2834 2796
f 2797 2835 2836 2798
f 2797 2799 2837 2835
f 2798 2836 2838 2800
f 2800 2838 2839 2801
f 2801 2839 2840 2802
f 2802 2840 2841 2803
f 2803 2841 2842 2804
f 2804 2842 2843 2805
f 2805 2843 2844 2806
f 2806 2844 2845 2807
f 2807 2845 2846 2808
f 2808 2846 2847 2809
f 2809 2847 2848 2810
f 2799 2811 2849 2837
f 2810 2848 2850 2812
f 2811 1310 1336 2849
f 2812 2850 2851 2813
f 2813 2851 2852 2814
f 2814 2852 2853 2815
f 2816 2854 2855 2817
f 2817 2855 2856 2818
f 1324 2819 2857 1350
f 2818 2856 2858 2820
f 2819 2821 2859 2857
f 2820 2858 2860 2822
f 2824 2823 2861 2862
f 2821 2824 2862 2859
f 2823 2825 2863 2861
f 2825 2826 2864 2863
f 2826 2827 2865 2864
f 2827 2828 2866 2865
f 2828 2829 2867 2866
f 2829 2830 2868 2867
f 2830 2831 2869 2868
f 2831 2832 2870 2869
f 2832 2833 2871 2870
f 2833 2834 2872 2871
f 2822 2860 2872 2834
f 2835 2873 2874 2836
f 2835 2837 2875 2873
f 2836 2874 2876 2838
f 2838 2876 2877 2839
f 2839 2877 2878 2840
f 2840 2878 2879 2841
f 2841 2879 2880 2842
f 2842 2880 2881 2843
f 2843 2881 2882 2844
f 2844 2882 2883 2845
f 2845 2883 2884 2846
f 2846 2884 2885 2847
f 2847 2885 2886 2848
f 2837 2849 2887 2875
f 2848 2886 2888 2850
f 2849 1336 1362 2887
f 2850 2888 2889 2851
f 2851 2889 2890 2852
f 2852 2890 2891 2853
f 2854 2892 2893 2855
f 2855 2893 2894 2856
f 1350 2857 2895 1376
f 2856 2894 2896 2858
f 2857 2859 2897 2895
f 2858 2896 2898 2860
f 2862 2861 2899 2900
f 2859 2862 2900 2897
f 2861 2863 2901 2899
f 2863 2864 2902 2901
f 2864 2865 2903 2902
f 2865 2866 2904 2903
f 2866 2867 2905 2904
f 2867 2868 2906 2905
f 2868 2869 2907 2906
f 2869 2870 2908 2907
f 2870 2871 2909 2908
f 2871 2872 2910 2909
f 2860 2898 2910 2872
f 2873 2911 2912 2874
f 2873 2875 2913 2911
f 2874 2912 2914 2876
f 2876 2914 2915 2877
f 2877 2915 2916 2878
f 2878 2916 2917 2879
f 2879 2917 2918 2880
f 2880 2918 2919 2881
f 2881 2919 2920 2882
f 2882 2920 2921 2883
f 2883 2921 2922 2884
f 2884 2922 2923 2885
f 2885 2923 2924 2886
f 2875 2887 2925 2913
f 2886 2924 2926 2888
f 2887 1362 1388 2925
f 2888 2926 2927 2889
f 2889 2927 2928 2890
f 2890 2928 2929 2891
f 2892 2930 2931 2893
f 2893 2931 2932 2894
f 1376 2895 2933 1402
f 2894 2932 2934 2896
f 2895 2897 2935 2933
f 2896 2934 2936 2898
f 2900 2899 2937 2938
f 2897 2900 2938 2935
f 2899 2901 2939 2937
f 2901 2902 2940 2939
f 2902 2903 2941 2940
f 2903 2904 2942 2941
f 2904 2905 2943 2942
f 2905 2906 2944 2943
f 2906 2907 2945 2944
f 2907 2908 2946 2945
f 2908 2909 2947 2946
f 2909 2910 2948 2947
f 2898 2936 2948 2910
f 2911 2949 2950 2912
f 2911 2913 2951 2949
f 2912 2950 2952 2914
f 2914 2952 2953 2915
f 2915 2953 2954 2916
f 2916 2954 2955 2917
f 2917 2955 2956 2918
f 2918 2956 2957 2919
f 2919 2957 2958 2920
f 2920 2958 2959 2921
f 2921 2959 2960 2922
f 2922 2960 2961 2923
f 2923 2961 2962 2924
f 2913 2925 2963 2951
f 2924 2962 2964 2926
f 2925 1388 1414 2963
f 2926 2964 2965 2927
f 2927 2965 2966 2928
f 2928 2966 2967 2929
f 2930 2968 2969 2931
f 2931 2969 2970 2932
f 1402 2933 2971 1428
f 2932 2970 2972 2934
f 2933 2935 2973 2971
f 2934 2972 2974 2936
f 2938 2937 2975 2976
f 2935 2938 2976 2973
f 2937 2939 2977 2975
f 2939 2940 2978 2977
f 2940 2941 2979 2978
f 2941 2942 2980 2979
f 2942 2943 2981 2980
f 2943 2944 2982 2981
f 2944 2945 2983 2982
f 2945 2946 2984 2983
f 2946 2947 2985 2984
f 2947 2948 2986 2985
f 2936 2974 2986 2948
f 2949 2987 2988 2950
f 2949 2951 2989 2987
f 2950 2988 2990 2952
f 2952 2990 2991 2953
f 2953 2991 2992 2954
f 2954 2992 2993 2955
f 2955 2993 2994 2956
f 2956 2994 2995 2957
f 2957 2995 2996 2958
f 2958 2996 2997 2959
f 2959 2997 2998 2960
f 2960 2998 2999 2961
f 2961 2999 3000 2962
f 2951 2963 3001 2989
f 2962 3000 3002 2964
f 2963 1414 1440 3001
f 2964 3002 3003 2965
f 2965 3003 3004 2966
f 2966 3004 3005 2967
f 2968 3006 3007 2969
f 2969 3007 3008 2970
f 1428 2971 3009 1454
f 2970 3008 3010 2972
f 2971 2973 3011 3009
f 2972 3010 3012 2974
f 2976 2975 3013 3014
f 2973 2976 3014 3011
f 2975 2977 3015 3013
f 2977 2978 3016 3015
f 2978 2979 3017 3016
f 2979 2980 3018 3017
f 2980 2981 3019 3018
f 2981 2982 3020 3019
f 2982 2983 3021 3020
f 2983 2984 3022 3021
f 2984 2985 3023 3022
f 2985 2986 3024 3023
f 2974 3012 3024 2986
f 2987 3025 3026 2988
f 2987 2989 3027 3025
f 2988 3026 3028 2990
f 2990 3028 3029 2991
f 2991 3029 3030 2992
f 2992 3030 3031 2993
f 2993 3031 3032 2994
f 2994 3032 3033 2995
f 2995 3033 3034 2996
f 2996 3034 3035 2997
f 2997 3035 3036 2998
f 2998 3036 3037 2999
f 2999 3037 3038 3000
f 2989 3001 3039 3027
f 3000 3038 3040 3002
f 3001 1440 1466 3039
f 3002 3040 3041 3003
f 3003 3041 3042 3004
f 3004 3042 3043 3005
f 3006 3044 3045 3007
f 3007 3045 3046 3008
f 1454 3009 3047 1480
f 3008 3046 3048 3010
f 3009 3011 3049 3047
f 3010 3048 3050 3012
f 3014 3013 3051 3052
f 3011 3014 3052 3049
f 3013 3015 3053 3051
f 3015 3016 3054 3053
f 3016 3017 3055 3054
f 3017 3018 3056 3055
f 3018 3019 3057 3056
f 3019 3020 3058 3057
f 3020 3021 3059 3058
f 3021 3022 3060 3059
f 3022 3023 3061 3060
f 3023 3024 3062 3061
f 3012 3050 3062 3024
f 3025 3063 3064 3026
f 3025 3027 3065 3063
f 3026 3064 3066 3028
f 3028 3066 3067 3029
f 3029 3067 3068 3030
f 3030 3068 3069 3031
f 3031 3069 3070 3032
f 3032 3070 3071 3033
f 3033 3071 3072 3034
f 3034 3072 3073 3035
f 3035 3073 3074 3036
f 3036 3074 3075 3037
f 3037 3075 3076 3038
f 3027 3039 3077 3065
f 3038 3076 3078 3040
f 3039 1466 1492 3077
f 3040 3078 3079 3041
f 3041 3079 3080 3042
f 3042 3080 3081 3043
f 3044 3082 3083 3045
f 3045 3083 3084 3046
f 1480 3047 3085 1506
f 3046 3084 3086 3048
f 3047 3049 3087 3085
f 3048 3086 3088 3050
f 3052 3051 3089 3090
f 3049 3052 3090 3087
f 3051 3053 3091 3089
f 3053 3054 3092 3091
f 3054 3055 3093 3092
f 3055 3056 3094 3093
f 3056 3057 3095 3094
f 3057 3058 3096 3095
f 3058 3059 3097 3096
f 3059 3060 3098 3097
f 3060 3061 3099 3098
f 3061 3062 3100 3099
f 3050 3088 3100 3062
f 3063 3101 3102 3064
f 3063 3065 3103 3101
f 3064 3102 3104 3066
f 3066 3104 3105 3067
f 3067 3105 3106 3068
f 3068 3106 3107 3069
f 3069 3107 3108 3070
f 3070 3108 3109 3071
f 3071 3109 3110 3072
f 3072 3110 3111 3073
f 3073 3111 3112 3074
f 3074 3112 3113 3075
f 3075 3113 3114 3076
f 3065 3077 3115 3103
f 3076 3114 3116 3078
f 3077 1492 1518 3115
f 3078 3116 3117 3079
f 3079 3117 3118 3080
f 3080 3118 3119 3081
f 3082 3120 3121 3083
f 3083 3121 3122 3084
f 1506 3085 3123 1532
f 3084 3122 3124 3086
f 3085 3087 3125 3123
f 3086 3124 3126 3088
f 3090 3089 3127 3128
f 3087 3090 3128 3125
f 3089 3091 3129 3127
f 3091 3092 3130 3129
f 3092 3093 3131 3130
f 3093 3094 3132 3131
f 3094 3095 3133 3132
f 3095 3096 3134 3133
f 3096 3097 3135 3134
f 3097 3098 3136 3135
f 3098 3099 3137 3136
f 3099 3100 3138 3137
f 3088 3126 3138 3100
f 3101 3139 3140 3102
f 3101 3103 3141 3139
f 3102 3140 3142 3104
f 3104 3142 3143 3105
f 3105 3143 3144 3106
f 3106 3144 3145 3107
f 3107 3145 3146 3108
f 3108 3146 3147 3109
f 3109 3147 3148 3110
f 3110 3148 3149 3111
f 3111 3149 3150 3112
f 3112 3150 3151 3113
f 3113 3151 3152 3114
f 3103 3115 3153 3141
f 3114 3152 3154 3116
f 3115 1518 1544 3153
f 3116 3154 3155 3117
f 3117 3155 3156 3118
f 3118 3156 3157 3119
f 3120 3158 3159 3121
f 3121 3159 3160 3122
f 1532 3123 3161 1558
f 3122 3160 3162 3124
f 3123 3125 3163 3161
f 3124 3162 3164 3126
f 3128 3127 3165 3166
f 3125 3128 3166 3163
f 3127 3129 3167 3165
f 3129 3130 3168 3167
f 3130 3131 3169 3168
f 3131 3132 3170 3169
f 3132 3133 3171 3170
f 3133 3134 3172 3171
f 3134 3135 3173 3172
f 3135 3136 3174 3173
f 3136 3137 3175 3174
f 3137 3138 3176 3175
f 3126 3164 3176 3138
f 3139 3177 3178 3140
f 3139 3141 3179 3177
f 3140 3178 3180 3142
f 3142 3180 3181 3143
f 3143 3181 3182 3144
f 3144 3182 3183 3145
f 3145 3183 3184 3146
f 3146 3184 3185 3147
f 3147 3185 3186 3148
f 3148 3186 3187 3149
f 3149 3187 3188 3150
f 3150 3188 3189 3151
f 3151 3189 3190 3152
f 3141 3153 3191 3179
f 3152 3190 3192 3154
f 3153 1544 1570 3191
f 3154 3192 3193 3155
f 3155 3193 3194 3156
f 3156 3194 3195 3157
f 3158 3196 3197 3159
f 3159 3197 3198 3160
f 1558 3161 3199 1584
f 3160 3198 3200 3162
f 3161 3163 3201 3199
f 3162 3200 3202 3164
f 3166 3165 3203 3204
f 3163 3166 3204 3201
f 3165 3167 3205 3203
f 3167 3168 3206 3205
f 3168 3169 3207 3206
f 3169 3170 3208 3207
f 3170 3171 3209 3208
f 3171 3172 3210 3209
f 3172 3173 3211 3210
f 3173 3174 3212 3211
f 3174 3175 3213 3212
f 3175 3176 3214 3213
f 3164 3202 3214 3176
f 3177 3215 3216 3178
f 3177 3179 3217 3215
f 3178 3216 3218 3180
f 3180 3218 3219 3181
f 3181 3219 3220 3182
f 3182 3220 3221 3183
f 3183 3221 3222 3184
f 3184 3222 3223 3185
f 3185 3223 3224 3186
f 3186 3224 3225 3187
f 3187 3225 3226 3188
f 3188 3226 3227 3189
f 3189 3227 3228 3190
f 3179 3191 3229 3217
f 3190 3228 3230 3192
f 3191 1570 1596 3229
f 3192 3230 3231 3193
f 3193 3231 3232 3194
f 3194 3232 3233 3195
f 3196 3234 3235 3197
f 3197 3235 3236 3198
f 1584 3199 3237 1610
f 3198 3236 3238 3200
f 3199 3201 3239 3237
f 3200 3238 3240 3202
f 3204 3203 3241 3242
f 3201 3204 3242 3239
f 3203 3205 3243 3241
f 3205 3206 3244 3243
f 3206 3207 3245 3244
f 3207 3208 3246 3245
f 3208 3209 3247 3246
f 3209 3210 3248 3247
f 3210 3211 3249 3248
f 3211 3212 3250 3249
f 3212 3213 3251 3250
f 3213 3214 3252 3251
f 3202 3240 3252 3214
f 3215 3253 3254 3216
f 3215 3217 3255 3253
f 3216 3254 3256 3218
f 3218 3256 3257 3219
f 3219 3257 3258 3220
f 3220 3258 3259 3221
f 3221 3259 3260 3222
f 3222 3260 3261 3223
f 3223 3261 3262 3224
f 3224 3262 3263 3225
f 3225 3263 3264 3226
f 3226 3264 3265 3227
f 3227 3265 3266 3228
f 3217 3229 3267 3255
f 3228 3266 3268 3230
f 3229 1596 1622 3267
f 3230 3268 3269 3231
f 3231 3269 3270 3232
f 3232 3270 3271 3233
f 3234 3272 3273 3235
f 3235 3273 3274 3236
f 1610 3237 3275 1636
f 3236 3274 3276 3238
f 3237 3239 3277 3275
f 3238 3276 3278 3240
f 3242 3241 3279 3280
f 3239 3242 3280 3277
f 3241 3243 3281 3279
f 3243 3244 3282 3281
f 3244 3245 3283 3282
f 3245 3246 3284 3283
f 3246 3247 3285 3284
f 3247 3248 3286 3285
f 3248 3249 3287 3286
f 3249 3250 3288 3287
f 3250 3251 3289 3288
f 3251 3252 3290 3289
f 3240 3278 3290 3252
f 3253 3291 3292 3254
f 3253 3255 3293 3291
f 3254 3292 3294 3256
f 3256 3294 3295 3257
f 3257 3295 3296 3258
f 3258 3296 3297 3259
f 3259 3297 3298 3260
f 3260 3298 3299 3261
f 3261 3299 3300 3262
f 3262 3300 3301 3263
f 3263 3301 3302 3264
f 3264 3302 3303 3265
f 3265 3303 3304 3266
f 3255 3267 3305 3293
f 3266 3304 3306 3268
f 3267 1622 1648 3305
f 3268 3306 3307 3269
f 3269 3307 3308 3270
f 3270 3308 3309 3271
f 3272 3310 3311 3273
f 3273 3311 3312 3274
f 1636 3275 3313 1679
f 3274 3312 3314 3276
f 3275 3277 3315 3313
f 3276 3314 3316 3278
f 3280 3279 3317 3318
f 3277 3280 3318 3315
f 3279 3281 3319 3317
f 3281 3282 3320 3319
f 3282 3283 3321 3320
f 3283 3284 3322 3321
f 3284 3285 3323 3322
f 3285 3286 3324 3323
f 3286 3287 3325 3324
f 3287 3288 3326 3325
f 3288 3289 3327 3326
f 3289 3290 3328 3327
f 3278 3316 3328 3290
f 3291 3329 3330 3292
f 3291 3293 3331 3329
f 3292 3330 3332 3294
f 3294 3332 3333 3295
f 3295 3333 3334 3296
f 3296 3334 3335 3297
f 3297 3335 3336 3298
f 3298 3336 3337 3299
f 3299 3337 3338 3300
f 3300 3338 3339 3301
f 3301 3339 3340 3302
f 3302 3340 3341 3303
f 3303 3341 3342 3304
f 3293 3305 3343 3331
f 3304 3342 3344 3306
f 3305 1648 1691 3343
f 3306 3344 3345 3307
f 3307 3345 3346 3308
f 3308 3346 3347 3309
f 3309 3347 3348 3349
f 3349 3348 3350 3351
f 3351 3350 3352 3353
f 3353 3352 3354 3355
f 3355 3354 3356 3357
f 3357 3356 3358 3359
f 3359 3358 3360 3361
f 3361 3360 3362 3363
f 3363 3362 3364 3365
f 3365 3364 3366 3367
f 3367 3366 3368 3369
f 3369 3368 3370 3371
f 3371 3370 3372 3373
f 3373 3372 3374 3375
f 3375 3374 3376 3377
f 3377 3376 3378 3379
f 3379 3378 3380 3381
f 3381 3380 3382 3310
f 3310 3382 3383 3311
f 3311 3383 3384 3312
f 1679 3313 3385 1722
f 3312 3384 3386 3314
f 3313 3315 3387 3385
f 3314 3386 3388 3316
f 3318 3317 3389 3390
f 3315 3318 3390 3387
f 3317 3319 3391 3389
f 3319 3320 3392 3391
f 3320 3321 3393 3392
f 3321 3322 3394 3393
f 3322 3323 3395 3394
f 3323 3324 3396 3395
f 3324 3325 3397 3396
f 3325 3326 3398 3397
f 3326 3327 3399 3398
f 3327 3328 3400 3399
f 3316 3388 3400 3328
f 3329 3401 3402 3330
f 3329 3331 3403 3401
f 3330 3402 3404 3332
f 3332 3404 3405 3333
f 3333 3405 3406 3334
f 3334 3406 3407 3335
f 3335 3407 3408 3336
f 3336 3408 3409 3337
f 3337 3409 3410 3338
f 3338 3410 3411 3339
f 3339 3411 3412 3340
f 3340 3412 3413 3341
f 3341 3413 3414 3342
f 3331 3343 3415 3403
f 3342 3414 3416 3344
f 3343 1691 1744 3415
f 3344 3416 3417 3345
f 3345 3417 3418 3346
f 3346 3418 3419 3347
f 3347 3419 3420 3348
f 3348 3420 3421 3350
f 3350 3421 3422 3352
f 3352 3422 3423 3354
f 3354 3423 3424 3356
f 3356 3424 3425 3358
f 3358 3425 3426 3360
f 3360 3426 3427 3362
f 3362 3427 3428 3364
f 3364 3428 3429 3366
f 3366 3429 3430 3368
f 3368 3430 3431 3370
f 3370 3431 3432 3372
f 3372 3432 3433 3374
f 3374 3433 3434 3376
f 3376 3434 3435 3378
f 3378 3435 3436 3380
f 3380 3436 3437 3382
f 3382 3437 3438 3383
f 3383 3438 3439 3384
f 1722 3385 3440 1975
f 3384 3439 3441 3386
f 3385 3387 3442 3440
f 3386 3441 3443 3388
f 3390 3389 3444 3445
f 3387 3390 3445 3442
f 3389 3391 3446 3444
f 3391 3392 3447 3446
f 3392 3393 3448 3447
f 3393 3394 3449 3448
f 3394 3395 3450 3449
f 3395 3396 3451 3450
f 3396 3397 3452 3451
f 3397 3398 3453 3452
f 3398 3399 3454 3453
f 3399 3400 3455 3454
f 3388 3443 3455 3400
f 3401 3456 3457 3402
f 3401 3403 3458 3456
f 3402 3457 3459 3404
f 3404 3459 3460 3405
f 3405 3460 3461 3406
f 3406 3461 3462 3407
f 3407 3462 3463 3408
f 3408 3463 3464 3409
f 3409 3464 3465 3410
f 3410 3465 3466 3411
f 3411 3466 3467 3412
f 3412 3467 3468 3413
f 3413 3468 3469 3414
f 3403 3415 3470 3458
f 3414 3469 3471 3416
f 3415 1744 3472 3470
f 3416 3471 3473 3417
f 1744 1743 3474 3472
f 3417 3473 3475 3418
f 1743 1755 3476 3474
f 3418 3475 3477 3419
f 1755 1766 3478 3476
f 3419 3477 3479 3420
f 1766 1777 3480 3478
f 3420 3479 3481 3421
f 1777 1788 3482 3480
f 3421 3481 3483 3422
f 1788 1799 3484 3482
f 3422 3483 3485 3423
f 1799 1810 3486 3484
f 3423 3485 3487 3424
f 1810 1821 3488 3486
f 3424 3487 3489 3425
f 1821 1832 3490 3488
f 3425 3489 3491 3426
f 1832 1843 3492 3490
f 3426 3491 3493 3427
f 1843 1854 3494 3492
f 3427 3493 3495 3428
f 1854 1865 3496 3494
f 3428 3495 3497 3429
f 1865 1876 3498 3496
f 3429 3497 3499 3430
f 1876 1887 3500 3498
f 3430 3499 3501 3431
f 1887 1898 3502 3500
f 3431 3501 3503 3432
f 1898 1909 3504 3502
f 3432 3503 3505 3433
f 1909 1920 3506 3504
f 3433 3505 3507 3434
f 1920 1931 3508 3506
f 3434 3507 3509 3435
f 1931 1942 3510 3508
f 3435 3509 3511 3436
f 1942 1953 3512 3510
f 3436 3511 3513 3437
f 1953 1964 3514 3512
f 3437 3513 3515 3438
f 1964 1975 3516 3514
f 3438 3515 3517 3439
f 1975 3440 3518 3516
f 3439 3517 3519 3441
f 3440 3442 3520 3518
f 3441 3519 3521 3443
f 3445 3444 3522 3523
f 3442 3445 3523 3520
f 3444 3446 3524 3522
f 3446 3447 3525 3524
f 3447 3448 3526 3525
f 3448 3449 3527 3526
f 3449 3450 3528 3527
f 3450 3451 3529 3528
f 3451 3452 3530 3529
f 3452 3453 3531 3530
f 3453 3454 3532 3531
f 3454 3455 3533 3532
f 3443 3521 3533 3455
f 3456 3534 3535 3457
f 3456 3458 3536 3534
f 3457 3535 3537 3459
f 3459 3537 3538 3460
f 3460 3538 3539 3461
f 3461 3539 3540 3462
f 3462 3540 3541 3463
f 3463 3541 3542 3464
f 3464 3542 3543 3465
f 3465 3543 3544 3466
f 3466 3544 3545 3467
f 3467 3545 3546 3468
f 3468 3546 3547 3469
f 3458 3470 3548 3536
f 3469 3547 3549 3471
f 3470 3472 3550 3548
f 3471 3549 3551 3473
f 3472 3474 3552 3550
f 3473 3551 3553 3475
f 3474 3476 3554 3552
f 3475 3553 3555 3477
f 3476 3478 3556 3554
f 3477 3555 3557 3479
f 3478 3480 3558 3556
f 3479 3557 3559 3481
f 3480 3482 3560 3558
f 3481 3559 3561 3483
f 3482 3484 3562 3560
f 3483 3561 3563 3485
f 3484 3486 3564 3562
f 3485 3563 3565 3487
f 3486 3488 3566 3564
f 3487 3565 3567 3489
f 3488 3490 3568 3566
f 3489 3567 3569 3491
f 3490 3492 3570 3568
f 3491 3569 3571 3493
f 3492 3494 3572 3570
f 3493 3571 3573 3495
f 3494 3496 3574 3572
f 3495 3573 3575 3497
f 3496 3498 3576 3574
f 3497 3575 3577 3499
f 3498 3500 3578 3576
f 3499 3577 3579 3501
f 3500 3502 3580 3578
f 3501 3579 3581 3503
f 3502 3504 3582 3580
f 3503 3581 3583 3505
f 3504 3506 3584 3582
f 3505 3583 3585 3507
f 3506 3508 3586 3584
f 3507 3585 3587 3509
f 3508 3510 3588 3586
f 3509 3587 3589 3511
f 3510 3512 3590 3588
f 3511 3589 3591 3513
f 3512 3514 3592 3590
f 3513 3591 3593 3515
f 3514 3516 3594 3592
f 3515 3593 3595 3517
f 3516 3518 3596 3594
f 3517 3595 3597 3519
f 3518 3520 3598 3596
f 3519 3597 3599 3521
f 3523 3522 3600 3601
f 3520 3523 3601 3598
f 3522 3524 3602 3600
f 3524 3525 3603 3602
f 3525 3526 3604 3603
f 3526 3527 3605 3604
f 3527 3528 3606 3605
f 3528 3529 3607 3606
f 3529 3530 3608 3607
f 3530 3531 3609 3608
f 3531 3532 3610 3609
f 3532 3533 3611 3610
f 3521 3599 3611 3533
f 3612 3613 3614 3615
f 3534 3612 3615 3535
f 3534 3536 3613 3612
f 3615 3614 3616 3617
f 3535 3615 3617 3537
f 3617 3616 3618 3619
f 3537 3617 3619 3538
f 3619 3618 3620 3621
f 3538 3619 3621 3539
f 3621 3620 3622 3623
f 3539 3621 3623 3540
f 3623 3622 3624 3625
f 3540 3623 3625 3541
f 3625 3624 3626 3627
f 3541 3625 3627 3542
f 3627 3626 3628 3629
f 3542 3627 3629 3543
f 3629 3628 3630 3631
f 3543 3629 3631 3544
f 3631 3630 3632 3633
f 3544 3631 3633 3545
f 3633 3632 3634 3635
f 3545 3633 3635 3546
f 3546 3635 3634 3547
f 3613 3636 3637 3614
f 3536 3548 3636 3613
f 3614 3637 3638 3616
f 3616 3638 3639 3618
f 3618 3639 3640 3620
f 3620 3640 3641 3622
f 3622 3641 3642 3624
f 3624 3642 3643 3626
f 3626 3643 3644 3628
f 3628 3644 3645 3630
f 3630 3645 3646 3632
f 3632 3646 3647 3634
f 3547 3634 3647 3549
f 3636 3648 3649 3637
f 3548 3550 3648 3636
f 3637 3649 3650 3638
f 3638 3650 3651 3639
f 3639 3651 3652 3640
f 3640 3652 3653 3641
f 3641 3653 3654 3642
f 3642 3654 3655 3643
f 3643 3655 3656 3644
f 3644 3656 3657 3645
f 3645 3657 3658 3646
f 3646 3658 3659 3647
f 3549 3647 3659 3551
f 3648 3660 3661 3649
f 3550 3552 3660 3648
f 3649 3661 3662 3650
f 3650 3662 3663 3651
f 3651 3663 3664 3652
f 3652 3664 3665 3653
f 3653 3665 3666 3654
f 3654 3666 3667 3655
f 3655 3667 3668 3656
f 3656 3668 3669 3657
f 3657 3669 3670 3658
f 3658 3670 3671 3659
f 3551 3659 3671 3553
f 3660 3672 3673 3661
f 3552 3554 3672 3660
f 3661 3673 3674 3662
f 3662 3674 3675 3663
f 3663 3675 3676 3664
f 3664 3676 3677 3665
f 3665 3677 3678 3666
f 3666 3678 3679 3667
f 3667 3679 3680 3668
f 3668 3680 3681 3669
f 3669 3681 3682 3670
f 3670 3682 3683 3671
f 3553 3671 3683 3555
f 3672 3684 3685 3673
f 3554 3556 3684 3672
f 3673 3685 3686 3674
f 3674 3686 3687 3675
f 3675 3687 3688 3676
f 3676 3688 3689 3677
f 3677 3689 3690 3678
f 3678 3690 3691 3679
f 3679 3691 3692 3680
f 3680 3692 3693 3681
f 3681 3693 3694 3682
f 3682 3694 3695 3683
f 3555 3683 3695 3557
f 3684 3696 3697 3685
f 3556 3558 3696 3684
f 3685 3697 3698 3686
f 3686 3698 3699 3687
f 3687 3699 3700 3688
f 3688 3700 3701 3689
f 3689 3701 3702 3690
f 3690 3702 3703 3691
f 3691 3703 3704 3692
f 3692 3704 3705 3693
f 3693 3705 3706 3694
f 3694 3706 3707 3695
f 3557 3695 3707 3559
f 3696 3708 3709 3697
f 3558 3560 3708 3696
f 3697 3709 3710 3698
f 3698 3710 3711 3699
f 3699 3711 3712 3700
f 3700 3712 3713 3701
f 3701 3713 3714 3702
f 3702 3714 3715 3703
f 3703 3715 3716 3704
f 3704 3716 3717 3705
f 3705 3717 3718 3706
f 3706 3718 3719 3707
f 3559 3707 3719 3561
f 3708 3720 3721 3709
f 3560 3562 3720 3708
f 3709 3721 3722 3710
f 3710 3722 3723 3711
f 3711 3723 3724 3712
f 3712 3724 3725 3713
f 3713 3725 3726 3714
f 3714 3726 3727 3715
f 3715 3727 3728 3716
f 3716 3728 3729 3717
f 3717 3729 3730 3718
f 3718 3730 3731 3719
f 3561 3719 3731 3563
f 3720 3732 3733 3721
f 3562 3564 3732 3720
f 3721 3733 3734 3722
f 3722 3734 3735 3723
f 3723 3735 3736 3724
f 3724 3736 3737 3725
f 3725 3737 3738 3726
f 3726 3738 3739 3727
f 3727 3739 3740 3728
f 3728 3740 3741 3729
f 3729 3741 3742 3730
f 3730 3742 3743 3731
f 3563 3731 3743 3565
f 3732 3744 3745 3733
f 3564 3566 3744 3732
f 3733 3745 3746 3734
f 3734 3746 3747 3735
f 3735 3747 3748 3736
f 3736 3748 3749 3737
f 3737 3749 3750 3738
f 3738 3750 3751 3739
f 3739 3751 3752 3740
f 3740 3752 3753 3741
f 3741 3753 3754 3742
f 3742 3754 3755 3743
f 3565 3743 3755 3567
f 3744 3756 3757 3745
f 3566 3568 3756 3744
f 3745 3757 3758 3746
f 3746 3758 3759 3747
f 3747 3759 3760 3748
f 3748 3760 3761 3749
f 3749 3761 3762 3750
f 3750 3762 3763 3751
f 3751 3763 3764 3752
f 3752 3764 3765 3753
f 3753 3765 3766 3754
f 3754 3766 3767 3755
f 3567 3755 3767 3569
f 3756 3768 3769 3757
f 3568 3570 3768 3756
f 3757 3769 3770 3758
f 3758 3770 3771 3759
f 3759 3771 3772 3760
f 3760 3772 3773 3761
f 3761 3773 3774 3762
f 3762 3774 3775 3763
f 3763 3775 3776 3764
f 3764 3776 3777 3765
f 3765 3777 3778 3766
f 3766 3778 3779 3767
f 3569 3767 3779 3571
f 3768 3780 3781 3769
f 3570 3572 3780 3768
f 3769 3781 3782 3770
f 3770 3782 3783 3771
f 3771 3783 3784 3772
f 3772 3784 3785 3773
f 3773 3785 3786 3774
f 3774 3786 3787 3775
f 3775 3787 3788 3776
f 3776 3788 3789 3777
f 3777 3789 3790 3778
f 3778 3790 3791 3779
f 3571 3779 3791 3573
f 3780 3792 3793 3781
f 3572 3574 3792 3780
f 3781 3793 3794 3782
f 3782 3794 3795 3783
f 3783 3795 3796 3784
f 3784 3796 3797 3785
f 3785 3797 3798 3786
f 3786 3798 3799 3787
f 3787 3799 3800 3788
f 3788 3800 3801 3789
f 3789 3801 3802 3790
f 3790 3802 3803 3791
f 3573 3791 3803 3575
f 3792 3804 3805 3793
f 3574 3576 3804 3792
f 3793 3805 3806 3794
f 3794 3806 3807 3795
f 3795 3807 3808 3796
f 3796 3808 3809 3797
f 3797 3809 3810 3798
f 3798 3810 3811 3799
f 3799 3811 3812 3800
f 3800 3812 3813 3801
f 3801 3813 3814 3802
f 3802 3814 3815 3803
f 3575 3803 3815 3577
f 3804 3816 3817 3805
f 3576 3578 3816 3804
f 3805 3817 3818 3806
f 3806 3818 3819 3807
f 3807 3819 3820 3808
f 3808 3820 3821 3809
f 3809 3821 3822 3810
f 3810 3822 3823 3811
f 3811 3823 3824 3812
f 3812 3824 3825 3813
f 3813 3825 3826 3814
f 3814 3826 3827 3815
f 3577 3815 3827 3579
f 3816 3828 3829 3817
f 3578 3580 3828 3816
f 3817 3829 3830 3818
f 3818 3830 3831 3819
f 3819 3831 3832 3820
f 3820 3832 3833 3821
f 3821 3833 3834 3822
f 3822 3834 3835 3823
f 3823 3835 3836 3824
f 3824 3836 3837 3825
f 3825 3837 3838 3826
f 3826 3838 3839 3827
f 3579 3827 3839 3581
f 3828 3840 3841 3829
f 3580 3582 3840 3828
f 3829 3841 3842 3830
f 3830 3842 3843 3831
f 3831 3843 3844 3832
f 3832 3844 3845 3833
f 3833 3845 3846 3834
f 3834 3846 3847 3835
f 3835 3847 3848 3836
f 3836 3848 3849 3837
f 3837 3849 3850 3838
f 3838 3850 3851 3839
f 3581 3839 3851 3583
f 3840 3852 3853 3841
f 3582 3584 3852 3840
f 3841 3853 3854 3842
f 3842 3854 3855 3843
f 3843 3855 3856 3844
f 3844 3856 3857 3845
f 3845 3857 3858 3846
f 3846 3858 3859 3847
f 3847 3859 3860 3848
f 3848 3860 3861 3849
f 3849 3861 3862 3850
f 3850 3862 3863 3851
f 3583 3851 3863 3585
f 3852 3864 3865 3853
f 3584 3586 3864 3852
f 3853 3865 3866 3854
f 3854 3866 3867 3855
f 3855 3867 3868 3856
f 3856 3868 3869 3857
f 3857 3869 3870 3858
f 3858 3870 3871 3859
f 3859 3871 3872 3860
f 3860 3872 3873 3861
f 3861 3873 3874 3862
f 3862 3874 3875 3863
f 3585 3863 3875 3587
f 3864 3876 3877 3865
f 3586 3588 3876 3864
f 3865 3877 3878 3866
f 3866 3878 3879 3867
f 3867 3879 3880 3868
f 3868 3880 3881 3869
f 3869 3881 3882 3870
f 3870 3882 3883 3871
f 3871 3883 3884 3872
f 3872 3884 3885 3873
f 3873 3885 3886 3874
f 3874 3886 3887 3875
f 3587 3875 3887 3589
f 3876 3888 3889 3877
f 3588 3590 3888 3876
f 3877 3889 3890 3878
f 3878 3890 3891 3879
f 3879 3891 3892 3880
f 3880 3892 3893 3881
f 3881 3893 3894 3882
f 3882 3894 3895 3883
f 3883 3895 3896 3884
f 3884 3896 3897 3885
f 3885 3897 3898 3886
f 3886 3898 3899 3887
f 3589 3887 3899 3591
f 3888 3900 3901 3889
f 3590 3592 3900 3888
f 3889 3901 3902 3890
f 3890 3902 3903 3891
f 3891 3903 3904 3892
f 3892 3904 3905 3893
f 3893 3905 3906 3894
f 3894 3906 3907 3895
f 3895 3907 3908 3896
f 3896 3908 3909 3897
f 3897 3909 3910 3898
f 3898 3910 3911 3899
f 3591 3899 3911 3593
f 3900 3912 3913 3901
f 3592 3594 3912 3900
f 3901 3913 3914 3902
f 3902 3914 3915 3903
f 3903 3915 3916 3904
f 3904 3916 3917 3905
f 3905 3917 3918 3906
f 3906 3918 3919 3907
f 3907 3919 3920 3908
f 3908 3920 3921 3909
f 3909 3921 3922 3910
f 3910 3922 3923 3911
f 3593 3911 3923 3595
f 3912 3924 3925 3913
f 3594 3596 3924 3912
f 3913 3925 3926 3914
f 3914 3926 3927 3915
f 3915 3927 3928 3916
f 3916 3928 3929 3917
f 3917 3929 3930 3918
f 3918 3930 3931 3919
f 3919 3931 3932 3920
f 3920 3932 3933 3921
f 3921 3933 3934 3922
f 3922 3934 3935 3923
f 3595 3923 3935 3597
f 3924 3936 3937 3925
f 3596 3598 3936 3924
f 3925 3937 3938 3926
f 3926 3938 3939 3927
f 3927 3939 3940 3928
f 3928 3940 3941 3929
f 3929 3941 3942 3930
f 3930 3942 3943 3931
f 3931 3943 3944 3932
f 3932 3944 3945 3933
f 3933 3945 3946 3934
f 3934 3946 3947 3935
f 3597 3935 3947 3599
f 3936 3948 3949 3937
f 3601 3600 3949 3948
f 3598 3601 3948 3936
f 3937 3949 3950 3938
f 3600 3602 3950 3949
f 3938 3950 3951 3939
f 3602 3603 3951 3950
f 3939 3951 3952 3940
f 3603 3604 3952 3951
f 3940 3952 3953 3941
f 3604 3605 3953 3952
f 3941 3953 3954 3942
f 3605 3606 3954 3953
f 3942 3954 3955 3943
f 3606 3607 3955 3954
f 3943 3955 3956 3944
f 3607 3608 3956 3955
f 3944 3956 3957 3945
f 3608 3609 3957 3956
f 3945 3957 3958 3946
f 3609 3610 3958 3957
f 3946 3958 3959 3947
f 3610 3611 3959 3958
f 3599 3947 3959 3611
usemtl c3
f 2608 3960 3961 2609
f 2608 2663 3962 3960
f 3960 3963 3964 3961
f 3960 3962 3965 3963
f 3963 3966 3967 3964
f 3963 3965 3968 3966
f 3966 3969 3970 3967
f 3966 3968 3971 3969
f 3969 3971 3972 3970
f 2609 3961 3973 2610
f 3961 3964 3974 3973
f 3964 3967 3975 3974
f 3967 3970 3976 3975
f 3970 3972 3977 3976
f 2610 3973 3978 2611
f 3973 3974 3979 3978
f 3974 3975 3980 3979
f 3975 3976 3981 3980
f 3976 3977 3982 3981
f 2611 3978 3983 2612
f 3978 3979 3984 3983
f 3979 3980 3985 3984
f 3980 3981 3986 3985
f 3981 3982 3987 3986
f 2612 3983 3988 2613
f 3983 3984 3989 3988
f 3984 3985 3990 3989
f 3985 3986 3991 3990
f 3986 3987 3992 3991
f 2613 3988 3993 2614
f 3988 3989 3994 3993
f 3989 3990 3995 3994
f 3990 3991 3996 3995
f 3991 3992 3997 3996
f 2614 3993 3998 2615
f 3993 3994 3999 3998
f 3994 3995 4000 3999
f 3995 3996 4001 4000
f 3996 3997 4002 4001
f 2615 3998 4003 2616
f 3998 3999 4004 4003
f 3999 4000 4005 4004
f 4000 4001 4006 4005
f 4001 4002 4007 4006
f 2616 4003 4008 2617
f 4003 4004 4009 4008
f 4004 4005 4010 4009
f 4005 4006 4011 4010
f 4006 4007 4012 4011
f 2617 4008 4013 2618
f 4008 4009 4014 4013
f 4009 4010 4015 4014
f 4010 4011 4016 4015
f 4011 4012 4017 4016
f 2618 4013 4018 2619
f 4013 4014 4019 4018
f 4014 4015 4020 4019
f 4015 4016 4021 4020
f 4016 4017 4022 4021
f 2619 4018 4023 2620
f 4018 4019 4024 4023
f 4019 4020 4025 4024
f 4020 4021 4026 4025
f 4021 4022 4027 4026
f 2620 4023 4028 2621
f 4023 4024 4029 4028
f 4024 4025 4030 4029
f 4025 4026 4031 4030
f 4026 4027 4032 4031
f 2621 4028 4033 2622
f 4028 4029 4034 4033
f 4029 4030 4035 4034
f 4030 4031 4036 4035
f 4031 4032 4037 4036
f 2622 4033 4038 2623
f 4033 4034 4039 4038
f 4034 4035 4040 4039
f 4035 4036 4041 4040
f 4036 4037 4042 4041
f 2623 4038 4043 2624
f 4038 4039 4044 4043
f 4039 4040 4045 4044
f 4040 4041 4046 4045
f 4041 4042 4047 4046
f 2624 4043 4048 2625
f 4043 4044 4049 4048
f 4044 4045 4050 4049
f 4045 4046 4051 4050
f 4046 4047 4052 4051
f 2625 4048 4053 2626
f 2626 4053 4054 2664
f 4048 4049 4055 4053
f 4053 4055 4056 4054
f 4049 4050 4057 4055
f 4055 4057 4058 4056
f 4050 4051 4059 4057
f 4057 4059 4060 4058
f 4051 4052 4060 4059
f 2663 2701 4061 3962
f 3962 4061 4062 3965
f 3965 4062 4063 3968
f 3968 4063 4064 3971
f 3971 4064 4065 3972
f 3972 4065 4066 3977
f 3977 4066 4067 3982
f 3982 4067 4068 3987
f 3987 4068 4069 3992
f 3992 4069 4070 3997
f 3997 4070 4071 4002
f 4002 4071 4072 4007
f 4007 4072 4073 4012
f 4012 4073 4074 4017
f 4017 4074 4075 4022
f 4022 4075 4076 4027
f 4027 4076 4077 4032
f 4032 4077 4078 4037
f 4037 4078 4079 4042
f 4042 4079 4080 4047
f 4047 4080 4081 4052
f 2664 4054 4082 2702
f 4054 4056 4083 4082
f 4056 4058 4084 4083
f 4058 4060 4085 4084
f 4052 4081 4085 4060
f 2701 2739 4086 4061
f 4061 4086 4087 4062
f 4062 4087 4088 4063
f 4063 4088 4089 4064
f 4064 4089 4090 4065
f 4065 4090 4091 4066
f 4066 4091 4092 4067
f 4067 4092 4093 4068
f 4068 4093 4094 4069
f 4069 4094 4095 4070
f 4070 4095 4096 4071
f 4071 4096 4097 4072
f 4072 4097 4098 4073
f 4073 4098 4099 4074
f 4074 4099 4100 4075
f 4075 4100 4101 4076
f 4076 4101 4102 4077
f 4077 4102 4103 4078
f 4078 4103 4104 4079
f 4079 4104 4105 4080
f 4080 4105 4106 4081
f 2702 4082 4107 2740
f 4082 4083 4108 4107
f 4083 4084 4109 4108
f 4084 4085 4110 4109
f 4081 4106 4110 4085
f 2739 2777 4111 4086
f 4086 4111 4112 4087
f 4087 4112 4113 4088
f 4088 4113 4114 4089
f 4089 4114 4115 4090
f 4090 4115 4116 4091
f 4091 4116 4117 4092
f 4092 4117 4118 4093
f 4093 4118 4119 4094
f 4094 4119 4120 4095
f 4095 4120 4121 4096
f 4096 4121 4122 4097
f 4097 4122 4123 4098
f 4098 4123 4124 4099
f 4099 4124 4125 4100
f 4100 4125 4126 4101
f 4101 4126 4127 4102
f 4102 4127 4128 4103
f 4103 4128 4129 4104
f 4104 4129 4130 4105
f 4105 4130 4131 4106
f 2740 4107 4132 2778
f 4107 4108 4133 4132
f 4108 4109 4134 4133
f 4109 4110 4135 4134
f 4106 4131 4135 4110
f 2777 2815 4136 4111
f 4111 4136 4137 4112
f 4112 4137 4138 4113
f 4113 4138 4139 4114
f 4114 4139 4140 4115
f 4115 4140 4141 4116
f 4116 4141 4142 4117
f 4117 4142 4143 4118
f 4118 4143 4144 4119
f 4119 4144 4145 4120
f 4120 4145 4146 4121
f 4121 4146 4147 4122
f 4122 4147 4148 4123
f 4123 4148 4149 4124
f 4124 4149 4150 4125
f 4125 4150 4151 4126
f 4126 4151 4152 4127
f 4127 4152 4153 4128
f 4128 4153 4154 4129
f 4129 4154 4155 4130
f 4130 4155 4156 4131
f 2778 4132 4157 2816
f 4132 4133 4158 4157
f 4133 4134 4159 4158
f 4134 4135 4160 4159
f 4131 4156 4160 4135
f 2815 2853 4161 4136
f 4136 4161 4162 4137
f 4137 4162 4163 4138
f 4138 4163 4164 4139
f 4139 4164 4165 4140
f 4140 4165 4166 4141
f 4141 4166 4167 4142
f 4142 4167 4168 4143
f 4143 4168 4169 4144
f 4144 4169 4170 4145
f 4145 4170 4171 4146
f 4146 4171 4172 4147
f 4147 4172 4173 4148
f 4148 4173 4174 4149
f 4149 4174 4175 4150
f 4150 4175 4176 4151
f 4151 4176 4177 4152
f 4152 4177 4178 4153
f 4153 4178 4179 4154
f 4154 4179 4180 4155
f 4155 4180 4181 4156
f 2816 4157 4182 2854
f 4157 4158 4183 4182
f 4158 4159 4184 4183
f 4159 4160 4185 4184
f 4156 4181 4185 4160
f 2853 2891 4186 4161
f 4161 4186 4187 4162
f 4162 4187 4188 4163
f 4163 4188 4189 4164
f 4164 4189 4190 4165
f 4165 4190 4191 4166
f 4166 4191 4192 4167
f 4167 4192 4193 4168
f 4168 4193 4194 4169
f 4169 4194 4195 4170
f 4170 4195 4196 4171
f 4171 4196 4197 4172
f 4172 4197 4198 4173
f 4173 4198 4199 4174
f 4174 4199 4200 4175
f 4175 4200 4201 4176
f 4176 4201 4202 4177
f 4177 4202 4203 4178
f 4178 4203 4204 4179
f 4179 4204 4205 4180
f 4180 4205 4206 4181
f 2854 4182 4207 2892
f 4182 4183 4208 4207
f 4183 4184 4209 4208
f 4184 4185 4210 4209
f 4181 4206 4210 4185
f 2891 2929 4211 4186
f 4186 4211 4212 4187
f 4187 4212 4213 4188
f 4188 4213 4214 4189
f 4189 4214 4215 4190
f 4190 4215 4216 4191
f 4191 4216 4217 4192
f 4192 4217 4218 4193
f 4193 4218 4219 4194
f 4194 4219 4220 4195
f 4195 4220 4221 4196
f 4196 4221 4222 4197
f 4197 4222 4223 4198
f 4198 4223 4224 4199
f 4199 4224 4225 4200
f 4200 4225 4226 4201
f 4201 4226 4227 4202
f 4202 4227 4228 4203
f 4203 4228 4229 4204
f 4204 4229 4230 4205
f 4205 4230 4231 4206
f 2892 4207 4232 2930
f 4207 4208 4233 4232
f 4208 4209 4234 4233
f 4209 4210 4235 4234
f 4206 4231 4235 4210
f 2929 2967 4236 4211
f 4211 4236 4237 4212
f 4212 4237 4238 4213
f 4213 4238 4239 4214
f 4214 4239 4240 4215
f 4215 4240 4241 4216
f 4216 4241 4242 4217
f 4217 4242 4243 4218
f 4218 4243 4244 4219
f 4219 4244 4245 4220
f 4220 4245 4246 4221
f 4221 4246 4247 4222
f 4222 4247 4248 4223
f 4223 4248 4249 4224
f 4224 4249 4250 4225
f 4225 4250 4251 4226
f 4226 4251 4252 4227
f 4227 4252 4253 4228
f 4228 4253 4254 4229
f 4229 4254 4255 4230
f 4230 4255 4256 4231
f 2930 4232 4257 2968
f 4232 4233 4258 4257
f 4233 4234 4259 4258
f 4234 4235 4260 4259
f 4231 4256 4260 4235
f 2967 3005 4261 4236
f 4236 4261 4262 4237
f 4237 4262 4263 4238
f 4238 4263 4264 4239
f 4239 4264 4265 4240
f 4240 4265 4266 4241
f 4241 4266 4267 4242
f 4242 4267 4268 4243
f 4243 4268 4269 4244
f 4244 4269 4270 4245
f 4245 4270 4271 4246
f 4246 4271 4272 4247
f 4247 4272 4273 4248
f 4248 4273 4274 4249
f 4249 4274 4275 4250
f 4250 4275 4276 4251
f 4251 4276 4277 4252
f 4252 4277 4278 4253
f 4253 4278 4279 4254
f 4254 4279 4280 4255
f 4255 4280 4281 4256
f 2968 4257 4282 3006
f 4257 4258 4283 4282
f 4258 4259 4284 4283
f 4259 4260 4285 4284
f 4256 4281 4285 4260
f 3005 3043 4286 4261
f 4261 4286 4287 4262
f 4262 4287 4288 4263
f 4263 4288 4289 4264
f 4264 4289 4290 4265
f 4265 4290 4291 4266
f 4266 4291 4292 4267
f 4267 4292 4293 4268
f 4268 4293 4294 4269
f 4269 4294 4295 4270
f 4270 4295 4296 4271
f 4271 4296 4297 4272
f 4272 4297 4298 4273
f 4273 4298 4299 4274
f 4274 4299 4300 4275
f 4275 4300 4301 4276
f 4276 4301 4302 4277
f 4277 4302 4303 4278
f 4278 4303 4304 4279
f 4279 4304 4305 4280
f 4280 4305 4306 4281
f 3006 4282 4307 3044
f 4282 4283 4308 4307
f 4283 4284 4309 4308
f 4284 4285 4310 4309
f 4281 4306 4310 4285
f 3043 3081 4311 4286
f 4286 4311 4312 4287
f 4287 4312 4313 4288
f 4288 4313 4314 4289
f 4289 4314 4315 4290
f 4290 4315 4316 4291
f 4291 4316 4317 4292
f 4292 4317 4318 4293
f 4293 4318 4319 4294
f 4294 4319 4320 4295
f 4295 4320 4321 4296
f 4296 4321 4322 4297
f 4297 4322 4323 4298
f 4298 4323 4324 4299
f 4299 4324 4325 4300
f 4300 4325 4326 4301
f 4301 4326 4327 4302
f 4302 4327 4328 4303
f 4303 4328 4329 4304
f 4304 4329 4330 4305
f 4305 4330 4331 4306
f 3044 4307 4332 3082
f 4307 4308 4333 4332
f 4308 4309 4334 4333
f 4309 4310 4335 4334
f 4306 4331 4335 4310
f 3081 3119 4336 4311
f 4311 4336 4337 4312
f 4312 4337 4338 4313
f 4313 4338 4339 4314
f 4314 4339 4340 4315
f 4315 4340 4341 4316
f 4316 4341 4342 4317
f 4317 4342 4343 4318
f 4318 4343 4344 4319
f 4319 4344 4345 4320
f 4320 4345 4346 4321
f 4321 4346 4347 4322
f 4322 4347 4348 4323
f 4323 4348 4349 4324
f 4324 4349 4350 4325
f 4325 4350 4351 4326
f 4326 4351 4352 4327
f 4327 4352 4353 4328
f 4328 4353 4354 4329
f 4329 4354 4355 4330
f 4330 4355 4356 4331
f 3082 4332 4357 3120
f 4332 4333 4358 4357
f 4333 4334 4359 4358
f 4334 4335 4360 4359
f 4331 4356 4360 4335
f 3119 3157 4361 4336
f 4336 4361 4362 4337
f 4337 4362 4363 4338
f 4338 4363 4364 4339
f 4339 4364 4365 4340
f 4340 4365 4366 4341
f 4341 4366 4367 4342
f 4342 4367 4368 4343
f 4343 4368 4369 4344
f 4344 4369 4370 4345
f 4345 4370 4371 4346
f 4346 4371 4372 4347
f 4347 4372 4373 4348
f 4348 4373 4374 4349
f 4349 4374 4375 4350
f 4350 4375 4376 4351
f 4351 4376 4377 4352
f 4352 4377 4378 4353
f 4353 4378 4379 4354
f 4354 4379 4380 4355
f 4355 4380 4381 4356
f 3120 4357 4382 3158
f 4357 4358 4383 4382
f 4358 4359 4384 4383
f 4359 4360 4385 4384
f 4356 4381 4385 4360
f 3157 3195 4386 4361
f 4361 4386 4387 4362
f 4362 4387 4388 4363
f 4363 4388 4389 4364
f 4364 4389 4390 4365
f 4365 4390 4391 4366
f 4366 4391 4392 4367
f 4367 4392 4393 4368
f 4368 4393 4394 4369
f 4369 4394 4395 4370
f 4370 4395 4396 4371
f 4371 4396 4397 4372
f 4372 4397 4398 4373
f 4373 4398 4399 4374
f 4374 4399 4400 4375
f 4375 4400 4401 4376
f 4376 4401 4402 4377
f 4377 4402 4403 4378
f 4378 4403 4404 4379
f 4379 4404 4405 4380
f 4380 4405 4406 4381
f 3158 4382 4407 3196
f 4382 4383 4408 4407
f 4383 4384 4409 4408
f 4384 4385 4410 4409
f 4381 4406 4410 4385
f 3195 3233 4411 4386
f 4386 4411 4412 4387
f 4387 4412 4413 4388
f 4388 4413 4414 4389
f 4389 4414 4415 4390
f 4390 4415 4416 4391
f 4391 4416 4417 4392
f 4392 4417 4418 4393
f 4393 4418 4419 4394
f 4394 4419 4420 4395
f 4395 4420 4421 4396
f 4396 4421 4422 4397
f 4397 4422 4423 4398
f 4398 4423 4424 4399
f 4399 4424 4425 4400
f 4400 4425 4426 4401
f 4401 4426 4427 4402
f 4402 4427 4428 4403
f 4403 4428 4429 4404
f 4404 4429 4430 4405
f 4405 4430 4431 4406
f 3196 4407 4432 3234
f 4407 4408 4433 4432
f 4408 4409 4434 4433
f 4409 4410 4435 4434
f 4406 4431 4435 4410
f 3233 3271 4436 4411
f 4411 4436 4437 4412
f 4412 4437 4438 4413
f 4413 4438 4439 4414
f 4414 4439 4440 4415
f 4415 4440 4441 4416
f 4416 4441 4442 4417
f 4417 4442 4443 4418
f 4418 4443 4444 4419
f 4419 4444 4445 4420
f 4420 4445 4446 4421
f 4421 4446 4447 4422
f 4422 4447 4448 4423
f 4423 4448 4449 4424
f 4424 4449 4450 4425
f 4425 4450 4451 4426
f 4426 4451 4452 4427
f 4427 4452 4453 4428
f 4428 4453 4454 4429
f 4429 4454 4455 4430
f 4430 4455 4456 4431
f 3234 4432 4457 3272
f 4432 4433 4458 4457
f 4433 4434 4459 4458
f 4434 4435 4460 4459
f 4431 4456 4460 4435
f 3309 3349 4461 4462
f 3271 3309 4462 4436
f 4462 4461 4463 4464
f 4436 4462 4464 4437
f 4464 4463 4465 4466
f 4437 4464 4466 4438
f 4466 4465 4467 4468
f 4438 4466 4468 4439
f 4439 4468 4467 4440
f 3349 3351 4469 4461
f 4461 4469 4470 4463
f 4463 4470 4471 4465
f 4465 4471 4472 4467
f 4440 4467 4472 4441
f 3351 3353 4473 4469
f 4469 4473 4474 4470
f 4470 4474 4475 4471
f 4471 4475 4476 4472
f 4441 4472 4476 4442
f 3353 3355 4477 4473
f 4473 4477 4478 4474
f 4474 4478 4479 4475
f 4475 4479 4480 4476
f 4442 4476 4480 4443
f 3355 3357 4481 4477
f 4477 4481 4482 4478
f 4478 4482 4483 4479
f 4479 4483 4484 4480
f 4443 4480 4484 4444
f 3357 3359 4485 4481
f 4481 4485 4486 4482
f 4482 4486 4487 4483
f 4483 4487 4488 4484
f 4444 4484 4488 4445
f 3359 3361 4489 4485
f 4485 4489 4490 4486
f 4486 4490 4491 4487
f 4487 4491 4492 4488
f 4445 4488 4492 4446
f 3361 3363 4493 4489
f 4489 4493 4494 4490
f 4490 4494 4495 4491
f 4491 4495 4496 4492
f 4446 4492 4496 4447
f 3363 3365 4497 4493
f 4493 4497 4498 4494
f 4494 4498 4499 4495
f 4495 4499 4500 4496
f 4447 4496 4500 4448
f 3365 3367 4501 4497
f 4497 4501 4502 4498
f 4498 4502 4503 4499
f 4499 4503 4504 4500
f 4448 4500 4504 4449
f 3367 3369 4505 4501
f 4501 4505 4506 4502
f 4502 4506 4507 4503
f 4503 4507 4508 4504
f 4449 4504 4508 4450
f 3369 3371 4509 4505
f 4505 4509 4510 4506
f 4506 4510 4511 4507
f 4507 4511 4512 4508
f 4450 4508 4512 4451
f 3371 3373 4513 4509
f 4509 4513 4514 4510
f 4510 4514 4515 4511
f 4511 4515 4516 4512
f 4451 4512 4516 4452
f 3373 3375 4517 4513
f 4513 4517 4518 4514
f 4514 4518 4519 4515
f 4515 4519 4520 4516
f 4452 4516 4520 4453
f 3375 3377 4521 4517
f 4517 4521 4522 4518
f 4518 4522 4523 4519
f 4519 4523 4524 4520
f 4453 4520 4524 4454
f 3377 3379 4525 4521
f 4521 4525 4526 4522
f 4522 4526 4527 4523
f 4523 4527 4528 4524
f 4454 4524 4528 4455
f 3379 3381 4529 4525
f 4525 4529 4530 4526
f 4526 4530 4531 4527
f 4527 4531 4532 4528
f 4455 4528 4532 4456
f 3381 3310 4533 4529
f 3272 4457 4533 3310
f 4529 4533 4534 4530
f 4457 4458 4534 4533
f 4530 4534 4535 4531
f 4458 4459 4535 4534
f 4531 4535 4536 4532
f 4459 4460 4536 4535
f 4456 4532 4536 4460
usemtl c4
f 735 736 760 761
f 850 854 855 851
f 854 858 859 855
f 761 760 859 858
f 860 861 862 863
f 863 862 864 865
f 4537 4538 4539 4540
f 4537 4541 4542 4538
f 4537 4540 4543 4541
f 4538 4544 4545 4539
f 4538 4542 4546 4544
f 4544 4547 4548 4545
f 4544 4546 860 4547
f 4540 4539 4549 4550
f 4540 4550 4551 4543
f 4539 4545 4552 4549
f 4545 4548 4553 4552
f 4550 4549 4554 4555
f 4555 4554 4556 4557
f 4550 4555 4557 4551
f 4549 4552 4558 4554
f 4554 4558 4559 4556
f 4552 4553 4560 4558
f 4558 4560 903 4559
f 4553 900 903 4560
f 4541 4561 4562 4542
f 4541 4543 4563 4561
f 4542 4562 4564 4546
f 4546 4564 861 860
f 4543 4551 4565 4563
f 4557 4556 4566 4567
f 4551 4557 4567 4565
f 4556 4559 4568 4566
f 4559 903 916 4568
f 4569 4570 4571 4572
f 4561 4569 4572 4562
f 4561 4563 4570 4569
f 4572 4571 4573 4574
f 4562 4572 4574 4564
f 4574 4573 1195 1152
f 4564 4574 1152 861
f 4570 4575 4576 4571
f 4563 4565 4575 4570
f 4571 4576 4577 4573
f 4573 4577 1206 1195
f 4575 4578 4579 4576
f 4567 4566 4579 4578
f 4565 4567 4578 4575
f 4576 4579 4580 4577
f 4566 4568 4580 4579
f 4577 4580 1164 1206
f 4568 916 1164 4580
f 4547 4581 4582 4548
f 4547 860 863 4581
f 4581 4583 4584 4582
f 4581 863 865 4583
f 4583 865 868 4584
f 4548 4582 4585 4553
f 4553 4585 901 900
f 4582 4584 4586 4585
f 4585 4586 892 901
f 4584 868 892 4586
f 731 733 4587 4588
f 4588 4587 4589 4590
f 731 4588 4590 758
f 733 734 4591 4587
f 4587 4591 4592 4589
f 734 735 4593 4591
f 4591 4593 4594 4592
f 735 761 4594 4593
f 4590 4589 4595 4596
f 758 4590 4596 857
f 4589 4592 4597 4595
f 4592 4594 4598 4597
f 761 858 4598 4594
f 4599 4600 4601 4602
f 847 4599 4602 848
f 847 853 4600 4599
f 4602 4601 4603 4604
f 848 4602 4604 849
f 4604 4603 4605 4606
f 849 4604 4606 850
f 850 4606 4605 854
f 4600 4607 4608 4601
f 853 857 4607 4600
f 4601 4608 4609 4603
f 4603 4609 4610 4605
f 854 4605 4610 858
f 4607 4611 4612 4608
f 4596 4595 4612 4611
f 857 4596 4611 4607
f 4608 4612 4613 4609
f 4595 4597 4613 4612
f 4609 4613 4614 4610
f 4597 4598 4614 4613
f 858 4610 4614 4598
usemtl c5
f 965 966 978 977
f 966 967 979 978
f 967 968 980 979
f 968 969 981 980
f 969 970 982 981
f 977 978 990 989
f 978 979 991 990
f 979 980 992 991
f 980 981 993 992
f 981 982 994 993
f 989 990 1002 1001
f 990 991 1003 1002
f 991 992 1004 1003
