# generado por tools/vox_to_obj.py desde arbol_araguaney.vox
mtllib arbol_araguaney.mtl
v -0.2500 0.0000 0.2500
v -0.2500 0.1000 0.2500
v -0.2500 0.1000 0.1500
v -0.2500 0.0000 0.1500
v -0.1500 0.0000 0.2500
v -0.1500 0.1000 0.2500
v -0.1500 0.0000 0.1500
v -0.2500 0.2000 0.2500
v -0.2500 0.2000 0.1500
v -0.1500 0.2000 0.2500
v -0.2500 0.3000 0.2500
v -0.2500 0.3000 0.1500
v -0.1500 0.3000 0.2500
v -0.2500 0.4000 0.2500
v -0.2500 0.4000 0.1500
v -0.1500 0.4000 0.2500
v -0.2500 0.5000 0.2500
v -0.2500 0.5000 0.1500
v -0.1500 0.5000 0.2500
v -0.2500 0.6000 0.2500
v -0.2500 0.6000 0.1500
v -0.1500 0.6000 0.2500
v -0.2500 0.7000 0.2500
v -0.2500 0.7000 0.1500
v -0.1500 0.7000 0.2500
v -0.2500 0.8000 0.2500
v -0.2500 0.8000 0.1500
v -0.1500 0.8000 0.2500
v -0.2500 0.9000 0.2500
v -0.2500 0.9000 0.1500
v -0.1500 0.9000 0.2500
v -0.2500 1.0000 0.2500
v -0.2500 1.0000 0.1500
v -0.1500 1.0000 0.2500
v -0.2500 1.1000 0.2500
v -0.2500 1.1000 0.1500
v -0.1500 1.1000 0.2500
v -0.2500 1.2000 0.2500
v -0.2500 1.2000 0.1500
v -0.1500 1.2000 0.2500
v -0.2500 1.3000 0.2500
v -0.2500 1.3000 0.1500
v -0.1500 1.3000 0.2500
v -0.2500 1.4000 0.2500
v -0.2500 1.4000 0.1500
v -0.1500 1.4000 0.2500
v -0.2500 1.5000 0.2500
v -0.2500 1.5000 0.1500
v -0.1500 1.5000 0.2500
v -0.2500 1.6000 0.2500
v -0.2500 1.6000 0.1500
v -0.1500 1.6000 0.2500
v -0.2500 1.7000 0.2500
v -0.2500 1.7000 0.1500
v -0.1500 1.7000 0.2500
v -0.2500 1.8000 0.2500
v -0.2500 1.8000 0.1500
v -0.1500 1.8000 0.2500
v -0.2500 1.9000 0.2500
v -0.2500 1.9000 0.1500
v -0.1500 1.9000 0.2500
v -0.2500 2.0000 0.2500
v -0.2500 2.0000 0.1500
v -0.1500 2.0000 0.2500
v -0.2500 2.1000 0.2500
v -0.2500 2.1000 0.1500
v -0.1500 2.1000 0.2500
v -0.2500 2.2000 0.2500
v -0.2500 2.2000 0.1500
v -0.1500 2.2000 0.2500
v -0.2500 2.3000 0.2500
v -0.2500 2.3000 0.1500
v -0.1500 2.3000 0.2500
v -0.2500 2.4000 0.2500
v -0.2500 2.4000 0.1500
v -0.1500 2.4000 0.2500
v -0.2500 0.1000 0.0500
v -0.2500 0.0000 0.0500
v -0.1500 0.0000 0.0500
v -0.2500 0.2000 0.0500
v -0.2500 0.3000 0.0500
v -0.2500 0.4000 0.0500
v -0.2500 0.5000 0.0500
v -0.2500 0.6000 0.0500
v -0.2500 0.7000 0.0500
v -0.2500 0.8000 0.0500
v -0.2500 0.9000 0.0500
v -0.2500 1.0000 0.0500
v -0.2500 1.1000 0.0500
v -0.2500 1.2000 0.0500
v -0.2500 1.3000 0.0500
v -0.2500 1.4000 0.0500
v -0.2500 1.5000 0.0500
v -0.2500 1.6000 0.0500
v -0.2500 1.7000 0.0500
v -0.2500 1.8000 0.0500
v -0.2500 1.9000 0.0500
v -0.2500 2.0000 0.0500
v -0.2500 2.1000 0.0500
v -0.2500 2.2000 0.0500
v -0.2500 2.3000 0.0500
v -0.2500 2.4000 0.0500
v -0.2500 0.1000 -0.0500
v -0.2500 0.0000 -0.0500
v -0.1500 0.0000 -0.0500
v -0.2500 0.2000 -0.0500
v -0.2500 0.3000 -0.0500
v -0.2500 0.4000 -0.0500
v -0.2500 0.5000 -0.0500
v -0.2500 0.6000 -0.0500
v -0.2500 0.7000 -0.0500
v -0.2500 0.8000 -0.0500
v -0.2500 0.9000 -0.0500
v -0.2500 1.0000 -0.0500
v -0.2500 1.1000 -0.0500
v -0.2500 1.2000 -0.0500
v -0.2500 1.3000 -0.0500
v -0.2500 1.4000 -0.0500
v -0.2500 1.5000 -0.0500
v -0.2500 1.6000 -0.0500
v -0.2500 1.7000 -0.0500
v -0.2500 1.8000 -0.0500
v -0.2500 1.9000 -0.0500
v -0.2500 2.0000 -0.0500
v -0.2500 2.1000 -0.0500
v -0.2500 2.2000 -0.0500
v -0.2500 2.3000 -0.0500
v -0.2500 2.4000 -0.0500
v -0.2500 0.1000 -0.1500
v -0.2500 0.0000 -0.1500
v -0.1500 0.1000 -0.1500
v -0.1500 0.0000 -0.1500
v -0.2500 0.2000 -0.1500
v -0.1500 0.2000 -0.1500
v -0.2500 0.3000 -0.1500
v -0.1500 0.3000 -0.1500
v -0.2500 0.4000 -0.1500
v -0.1500 0.4000 -0.1500
v -0.2500 0.5000 -0.1500
v -0.1500 0.5000 -0.1500
v -0.2500 0.6000 -0.1500
v -0.1500 0.6000 -0.1500
v -0.2500 0.7000 -0.1500
v -0.1500 0.7000 -0.1500
v -0.2500 0.8000 -0.1500
v -0.1500 0.8000 -0.1500
v -0.2500 0.9000 -0.1500
v -0.1500 0.9000 -0.1500
v -0.2500 1.0000 -0.1500
v -0.1500 1.0000 -0.1500
v -0.2500 1.1000 -0.1500
v -0.1500 1.1000 -0.1500
v -0.2500 1.2000 -0.1500
v -0.1500 1.2000 -0.1500
v -0.2500 1.3000 -0.1500
v -0.1500 1.3000 -0.1500
v -0.2500 1.4000 -0.1500
v -0.1500 1.4000 -0.1500
v -0.2500 1.5000 -0.1500
v -0.1500 1.5000 -0.1500
v -0.2500 1.6000 -0.1500
v -0.1500 1.6000 -0.1500
v -0.2500 1.7000 -0.1500
v -0.1500 1.7000 -0.1500
v -0.2500 1.8000 -0.1500
v -0.1500 1.8000 -0.1500
v -0.2500 1.9000 -0.1500
v -0.1500 1.9000 -0.1500
v -0.2500 2.0000 -0.1500
v -0.1500 2.0000 -0.1500
v -0.2500 2.1000 -0.1500
v -0.1500 2.1000 -0.1500
v -0.2500 2.2000 -0.1500
v -0.1500 2.2000 -0.1500
v -0.2500 2.3000 -0.1500
v -0.1500 2.3000 -0.1500
v -0.2500 2.4000 -0.1500
v -0.1500 2.4000 -0.1500
v -0.0500 0.0000 0.2500
v -0.0500 0.1000 0.2500
v -0.0500 0.0000 0.1500
v -0.0500 0.2000 0.2500
v -0.0500 0.3000 0.2500
v -0.0500 0.4000 0.2500
v -0.0500 0.5000 0.2500
v -0.0500 0.6000 0.2500
v -0.0500 0.7000 0.2500
v -0.0500 0.8000 0.2500
v -0.0500 0.9000 0.2500
v -0.0500 1.0000 0.2500
v -0.0500 1.1000 0.2500
v -0.0500 1.2000 0.2500
v -0.0500 1.3000 0.2500
v -0.0500 1.4000 0.2500
v -0.0500 1.5000 0.2500
v -0.0500 1.6000 0.2500
v -0.0500 1.7000 0.2500
v -0.0500 1.8000 0.2500
v -0.0500 1.9000 0.2500
v -0.0500 2.0000 0.2500
v -0.0500 2.1000 0.2500
v -0.0500 2.2000 0.2500
v -0.0500 2.3000 0.2500
v -0.0500 2.4000 0.2500
v -0.0500 0.0000 0.0500
v -0.0500 0.0000 -0.0500
v -0.0500 0.1000 -0.1500
v -0.0500 0.0000 -0.1500
v -0.0500 0.2000 -0.1500
v -0.0500 0.3000 -0.1500
v -0.0500 0.4000 -0.1500
v -0.0500 0.5000 -0.1500
v -0.0500 0.6000 -0.1500
v -0.0500 0.7000 -0.1500
v -0.0500 0.8000 -0.1500
v -0.0500 0.9000 -0.1500
v -0.0500 1.0000 -0.1500
v -0.0500 1.1000 -0.1500
v -0.0500 1.2000 -0.1500
v -0.0500 1.3000 -0.1500
v -0.0500 1.4000 -0.1500
v -0.0500 1.5000 -0.1500
v -0.0500 1.6000 -0.1500
v -0.0500 1.7000 -0.1500
v -0.0500 1.8000 -0.1500
v -0.0500 1.9000 -0.1500
v -0.0500 2.0000 -0.1500
v -0.0500 2.1000 -0.1500
v -0.0500 2.2000 -0.1500
v -0.0500 2.3000 -0.1500
v -0.0500 2.4000 -0.1500
v 0.0500 0.0000 0.2500
v 0.0500 0.1000 0.2500
v 0.0500 0.0000 0.1500
v 0.0500 0.2000 0.2500
v 0.0500 0.3000 0.2500
v 0.0500 0.4000 0.2500
v 0.0500 0.5000 0.2500
v 0.0500 0.6000 0.2500
v 0.0500 0.7000 0.2500
v 0.0500 0.8000 0.2500
v 0.0500 0.9000 0.2500
v 0.0500 1.0000 0.2500
v 0.0500 1.1000 0.2500
v 0.0500 1.2000 0.2500
v 0.0500 1.3000 0.2500
v 0.0500 1.4000 0.2500
v 0.0500 1.5000 0.2500
v 0.0500 1.6000 0.2500
v 0.0500 1.7000 0.2500
v 0.0500 1.8000 0.2500
v 0.0500 1.9000 0.2500
v 0.0500 2.0000 0.2500
v 0.0500 2.1000 0.2500
v 0.0500 2.2000 0.2500
v 0.0500 2.3000 0.2500
v 0.0500 2.4000 0.2500
v 0.0500 0.0000 0.0500
v 0.0500 0.0000 -0.0500
v 0.0500 0.1000 -0.1500
v 0.0500 0.0000 -0.1500
v 0.0500 0.2000 -0.1500
v 0.0500 0.3000 -0.1500
v 0.0500 0.4000 -0.1500
v 0.0500 0.5000 -0.1500
v 0.0500 0.6000 -0.1500
v 0.0500 0.7000 -0.1500
v 0.0500 0.8000 -0.1500
v 0.0500 0.9000 -0.1500
v 0.0500 1.0000 -0.1500
v 0.0500 1.1000 -0.1500
v 0.0500 1.2000 -0.1500
v 0.0500 1.3000 -0.1500
v 0.0500 1.4000 -0.1500
v 0.0500 1.5000 -0.1500
v 0.0500 1.6000 -0.1500
v 0.0500 1.7000 -0.1500
v 0.0500 1.8000 -0.1500
v 0.0500 1.9000 -0.1500
v 0.0500 2.0000 -0.1500
v 0.0500 2.1000 -0.1500
v 0.0500 2.2000 -0.1500
v 0.0500 2.3000 -0.1500
v 0.0500 2.4000 -0.1500
v 0.1500 0.0000 0.2500
v 0.1500 0.0000 0.1500
v 0.1500 0.1000 0.1500
v 0.1500 0.1000 0.2500
v 0.1500 0.2000 0.1500
v 0.1500 0.2000 0.2500
v 0.1500 0.3000 0.1500
v 0.1500 0.3000 0.2500
v 0.1500 0.4000 0.1500
v 0.1500 0.4000 0.2500
v 0.1500 0.5000 0.1500
v 0.1500 0.5000 0.2500
v 0.1500 0.6000 0.1500
v 0.1500 0.6000 0.2500
v 0.1500 0.7000 0.1500
v 0.1500 0.7000 0.2500
v 0.1500 0.8000 0.1500
v 0.1500 0.8000 0.2500
v 0.1500 0.9000 0.1500
v 0.1500 0.9000 0.2500
v 0.1500 1.0000 0.1500
v 0.1500 1.0000 0.2500
v 0.1500 1.1000 0.1500
v 0.1500 1.1000 0.2500
v 0.1500 1.2000 0.1500
v 0.1500 1.2000 0.2500
v 0.1500 1.3000 0.1500
v 0.1500 1.3000 0.2500
v 0.1500 1.4000 0.1500
v 0.1500 1.4000 0.2500
v 0.1500 1.5000 0.1500
v 0.1500 1.5000 0.2500
v 0.1500 1.6000 0.1500
v 0.1500 1.6000 0.2500
v 0.1500 1.7000 0.1500
v 0.1500 1.7000 0.2500
v 0.1500 1.8000 0.1500
v 0.1500 1.8000 0.2500
v 0.1500 1.9000 0.1500
v 0.1500 1.9000 0.2500
v 0.1500 2.0000 0.1500
v 0.1500 2.0000 0.2500
v 0.1500 2.1000 0.1500
v 0.1500 2.1000 0.2500
v 0.1500 2.2000 0.1500
v 0.1500 2.2000 0.2500
v 0.1500 2.3000 0.1500
v 0.1500 2.3000 0.2500
v 0.1500 2.4000 0.1500
v 0.1500 2.4000 0.2500
v 0.1500 0.0000 0.0500
v 0.1500 0.1000 0.0500
v 0.1500 0.2000 0.0500
v 0.1500 0.3000 0.0500
v 0.1500 0.4000 0.0500
v 0.1500 0.5000 0.0500
v 0.1500 0.6000 0.0500
v 0.1500 0.7000 0.0500
v 0.1500 0.8000 0.0500
v 0.1500 0.9000 0.0500
v 0.1500 1.0000 0.0500
v 0.1500 1.1000 0.0500
v 0.1500 1.2000 0.0500
v 0.1500 1.3000 0.0500
v 0.1500 1.4000 0.0500
v 0.1500 1.5000 0.0500
v 0.1500 1.6000 0.0500
v 0.1500 1.7000 0.0500
v 0.1500 1.8000 0.0500
v 0.1500 1.9000 0.0500
v 0.1500 2.0000 0.0500
v 0.1500 2.1000 0.0500
v 0.1500 2.2000 0.0500
v 0.1500 2.3000 0.0500
v 0.1500 2.4000 0.0500
v 0.1500 0.0000 -0.0500
v 0.1500 0.1000 -0.0500
v 0.1500 0.2000 -0.0500
v 0.1500 0.3000 -0.0500
v 0.1500 0.4000 -0.0500
v 0.1500 0.5000 -0.0500
v 0.1500 0.6000 -0.0500
v 0.1500 0.7000 -0.0500
v 0.1500 0.8000 -0.0500
v 0.1500 0.9000 -0.0500
v 0.1500 1.0000 -0.0500
v 0.1500 1.1000 -0.0500
v 0.1500 1.2000 -0.0500
v 0.1500 1.3000 -0.0500
v 0.1500 1.4000 -0.0500
v 0.1500 1.5000 -0.0500
v 0.1500 1.6000 -0.0500
v 0.1500 1.7000 -0.0500
v 0.1500 1.8000 -0.0500
v 0.1500 1.9000 -0.0500
v 0.1500 2.0000 -0.0500
v 0.1500 2.1000 -0.0500
v 0.1500 2.2000 -0.0500
v 0.1500 2.3000 -0.0500
v 0.1500 2.4000 -0.0500
v 0.1500 0.0000 -0.1500
v 0.1500 0.1000 -0.1500
v 0.1500 0.2000 -0.1500
v 0.1500 0.3000 -0.1500
v 0.1500 0.4000 -0.1500
v 0.1500 0.5000 -0.1500
v 0.1500 0.6000 -0.1500
v 0.1500 0.7000 -0.1500
v 0.1500 0.8000 -0.1500
v 0.1500 0.9000 -0.1500
v 0.1500 1.0000 -0.1500
v 0.1500 1.1000 -0.1500
v 0.1500 1.2000 -0.1500
v 0.1500 1.3000 -0.1500
v 0.1500 1.4000 -0.1500
v 0.1500 1.5000 -0.1500
v 0.1500 1.6000 -0.1500
v 0.1500 1.7000 -0.1500
v 0.1500 1.8000 -0.1500
v 0.1500 1.9000 -0.1500
v 0.1500 2.0000 -0.1500
v 0.1500 2.1000 -0.1500
v 0.1500 2.2000 -0.1500
v 0.1500 2.3000 -0.1500
v 0.1500 2.4000 -0.1500
v -1.3500 3.9000 0.5500
v -1.3500 4.0000 0.5500
v -1.3500 4.0000 0.4500
v -1.3500 3.9000 0.4500
v -1.2500 3.9000 0.5500
v -1.2500 4.0000 0.5500
v -1.2500 3.9000 0.4500
v -1.3500 4.1000 0.5500
v -1.3500 4.1000 0.4500
v -1.2500 4.1000 0.5500
v -1.3500 4.2000 0.5500
v -1.3500 4.2000 0.4500
v -1.2500 4.2000 0.5500
v -1.2500 4.2000 0.4500
v -1.3500 3.7000 0.4500
v -1.3500 3.8000 0.4500
v -1.3500 3.8000 0.3500
v -1.3500 3.7000 0.3500
v -1.2500 3.7000 0.4500
v -1.2500 3.8000 0.4500
v -1.2500 3.7000 0.3500
v -1.3500 3.9000 0.3500
v -1.3500 4.0000 0.3500
v -1.3500 4.1000 0.3500
v -1.3500 4.2000 0.3500
v -1.3500 4.3000 0.4500
v -1.3500 4.3000 0.3500
v -1.2500 4.3000 0.4500
v -1.3500 4.4000 0.4500
v -1.3500 4.4000 0.3500
v -1.2500 4.4000 0.4500
v -1.2500 4.4000 0.3500
v -1.3500 3.6000 0.3500
v -1.3500 3.7000 0.2500
v -1.3500 3.6000 0.2500
v -1.2500 3.6000 0.3500
v -1.2500 3.6000 0.2500
v -1.3500 3.8000 0.2500
v -1.3500 3.9000 0.2500
v -1.3500 4.0000 0.2500
v -1.3500 4.1000 0.2500
v -1.3500 4.2000 0.2500
v -1.3500 4.3000 0.2500
v -1.3500 4.4000 0.2500
v -1.3500 4.5000 0.3500
v -1.3500 4.5000 0.2500
v -1.2500 4.5000 0.3500
v -1.3500 3.7000 0.1500
v -1.3500 3.6000 0.1500
v -1.2500 3.6000 0.1500
v -1.3500 3.8000 0.1500
v -1.3500 3.9000 0.1500
v -1.3500 4.0000 0.1500
v -1.3500 3.5000 0.1500
v -1.3500 3.6000 0.0500
v -1.3500 3.5000 0.0500
v -1.2500 3.5000 0.1500
v -1.2500 3.5000 0.0500
v -1.3500 3.7000 0.0500
v -1.3500 3.8000 0.0500
v -1.3500 3.9000 0.0500
v -1.3500 3.6000 -0.0500
v -1.3500 3.5000 -0.0500
v -1.2500 3.5000 -0.0500
v -1.3500 3.7000 -0.0500
v -1.3500 3.8000 -0.0500
v -1.3500 3.6000 -0.1500
v -1.3500 3.5000 -0.1500
v -1.2500 3.6000 -0.1500
v -1.2500 3.5000 -0.1500
v -1.3500 3.7000 -0.1500
v -1.3500 3.7000 -0.2500
v -1.3500 3.6000 -0.2500
v -1.2500 3.6000 -0.2500
v -1.3500 3.7000 -0.3500
v -1.3500 3.6000 -0.3500
v -1.2500 3.6000 -0.3500
v -1.2500 3.9000 0.7500
v -1.2500 4.0000 0.7500
v -1.2500 4.0000 0.6500
v -1.2500 3.9000 0.6500
v -1.1500 3.9000 0.7500
v -1.1500 4.0000 0.7500
v -1.1500 3.9000 0.6500
v -1.2500 4.1000 0.7500
v -1.2500 4.1000 0.6500
v -1.1500 4.1000 0.7500
v -1.2500 4.2000 0.7500
v -1.2500 4.2000 0.6500
v -1.1500 4.2000 0.7500
v -1.1500 4.2000 0.6500
v -1.2500 3.6000 0.6500
v -1.2500 3.7000 0.6500
v -1.2500 3.7000 0.5500
v -1.2500 3.6000 0.5500
v -1.1500 3.6000 0.6500
v -1.1500 3.7000 0.6500
v -1.1500 3.6000 0.5500
v -1.2500 3.8000 0.6500
v -1.2500 3.8000 0.5500
v -1.1500 3.8000 0.6500
v -1.2500 4.3000 0.6500
v -1.2500 4.3000 0.5500
v -1.1500 4.3000 0.6500
v -1.2500 4.4000 0.6500
v -1.2500 4.4000 0.5500
v -1.1500 4.4000 0.6500
v -1.2500 4.5000 0.6500
v -1.2500 4.5000 0.5500
v -1.1500 4.5000 0.6500
v -1.1500 4.5000 0.5500
v -1.2500 3.5000 0.5500
v -1.2500 3.6000 0.4500
v -1.2500 3.5000 0.4500
v -1.1500 3.5000 0.5500
v -1.1500 3.5000 0.4500
v -1.2500 4.5000 0.4500
v -1.2500 4.6000 0.5500
v -1.2500 4.6000 0.4500
v -1.1500 4.6000 0.5500
v -1.1500 4.6000 0.4500
v -1.2500 3.4000 0.4500
v -1.2500 3.5000 0.3500
v -1.2500 3.4000 0.3500
v -1.1500 3.4000 0.4500
v -1.1500 3.4000 0.3500
v -1.2500 4.6000 0.3500
v -1.2500 4.7000 0.4500
v -1.2500 4.7000 0.3500
v -1.1500 4.7000 0.4500
v -1.1500 4.7000 0.3500
v -1.2500 3.5000 0.2500
v -1.2500 3.4000 0.2500
v -1.1500 3.4000 0.2500
v -1.2500 4.7000 0.2500
v -1.2500 4.6000 0.2500
v -1.2500 3.4000 0.1500
v -1.1500 3.4000 0.1500
v -1.2500 3.3000 0.1500
v -1.2500 3.4000 0.0500
v -1.2500 3.3000 0.0500
v -1.1500 3.3000 0.1500
v -1.1500 3.3000 0.0500
v -1.2500 3.4000 -0.0500
v -1.2500 3.3000 -0.0500
v -1.1500 3.3000 -0.0500
v -1.2500 3.4000 -0.1500
v -1.2500 3.3000 -0.1500
v -1.1500 3.4000 -0.1500
v -1.1500 3.3000 -0.1500
v -1.2500 3.5000 -0.2500
v -1.2500 3.4000 -0.2500
v -1.1500 3.4000 -0.2500
v -1.2500 3.5000 -0.3500
v -1.2500 3.4000 -0.3500
v -1.1500 3.4000 -0.3500
v -1.2500 3.5000 -0.4500
v -1.2500 3.4000 -0.4500
v -1.1500 3.5000 -0.4500
v -1.1500 3.4000 -0.4500
v -1.2500 3.6000 -0.4500
v -1.2500 3.6000 -0.5500
v -1.2500 3.5000 -0.5500
v -1.1500 3.6000 -0.5500
v -1.1500 3.5000 -0.5500
v -1.2500 3.6000 -0.6500
v -1.1500 3.6000 -0.6500
v -1.1500 3.7000 0.8500
v -1.1500 3.8000 0.8500
v -1.1500 3.8000 0.7500
v -1.1500 3.7000 0.7500
v -1.0500 3.7000 0.8500
v -1.0500 3.8000 0.8500
v -1.0500 3.7000 0.7500
v -1.1500 3.9000 0.8500
v -1.0500 3.9000 0.8500
v -1.1500 4.0000 0.8500
v -1.0500 4.0000 0.8500
v -1.1500 4.1000 0.8500
v -1.0500 4.1000 0.8500
v -1.1500 4.2000 0.8500
v -1.0500 4.2000 0.8500
v -1.1500 4.3000 0.8500
v -1.1500 4.3000 0.7500
v -1.0500 4.3000 0.8500
v -1.1500 4.4000 0.8500
v -1.1500 4.4000 0.7500
v -1.0500 4.4000 0.8500
v -1.0500 4.4000 0.7500
v -1.1500 3.5000 0.7500
v -1.1500 3.6000 0.7500
v -1.1500 3.5000 0.6500
v -1.0500 3.5000 0.7500
v -1.0500 3.6000 0.7500
v -1.0500 3.5000 0.6500
v -1.1500 4.5000 0.7500
v -1.0500 4.5000 0.7500
v -1.1500 4.6000 0.7500
v -1.1500 4.6000 0.6500
v -1.0500 4.6000 0.7500
v -1.0500 4.6000 0.6500
v -1.1500 3.4000 0.6500
v -1.1500 3.4000 0.5500
v -1.0500 3.4000 0.6500
v -1.0500 3.4000 0.5500
v -1.1500 4.7000 0.6500
v -1.1500 4.7000 0.5500
v -1.0500 4.7000 0.6500
v -1.0500 4.7000 0.5500
v -1.1500 3.3000 0.5500
v -1.1500 3.3000 0.4500
v -1.0500 3.3000 0.5500
v -1.0500 3.3000 0.4500
v -1.1500 4.8000 0.5500
v -1.1500 4.8000 0.4500
v -1.0500 4.8000 0.5500
v -1.0500 4.8000 0.4500
v -1.1500 3.3000 0.3500
v -1.0500 3.3000 0.3500
v -1.1500 4.8000 0.3500
v -1.0500 4.8000 0.3500
v -1.1500 3.2000 0.3500
v -1.1500 3.3000 0.2500
v -1.1500 3.2000 0.2500
v -1.0500 3.2000 0.3500
v -1.0500 3.2000 0.2500
v -1.1500 4.9000 0.3500
v -1.1500 4.9000 0.2500
v -1.1500 4.8000 0.2500
v -1.0500 4.9000 0.3500
v -1.0500 4.9000 0.2500
v -1.1500 3.2000 0.1500
v -1.0500 3.2000 0.1500
v -1.1500 3.2000 0.0500
v -1.0500 3.2000 0.0500
v -1.1500 3.2000 -0.0500
v -1.0500 3.2000 -0.0500
v -1.1500 3.2000 -0.1500
v -1.0500 3.2000 -0.1500
v -1.1500 3.3000 -0.2500
v -1.1500 3.2000 -0.2500
v -1.0500 3.2000 -0.2500
v -1.1500 3.3000 -0.3500
v -1.1500 3.2000 -0.3500
v -1.0500 3.3000 -0.3500
v -1.0500 3.2000 -0.3500
v -1.1500 3.3000 -0.4500
v -1.0500 3.3000 -0.4500
v -1.1500 3.4000 -0.5500
v -1.1500 3.3000 -0.5500
v -1.0500 3.4000 -0.5500
v -1.0500 3.3000 -0.5500
v -1.1500 3.5000 -0.6500
v -1.1500 3.4000 -0.6500
v -1.0500 3.5000 -0.6500
v -1.0500 3.4000 -0.6500
v -1.1500 3.6000 -0.7500
v -1.1500 3.5000 -0.7500
v -1.0500 3.6000 -0.7500
v -1.0500 3.5000 -0.7500
v -1.0500 3.7000 0.9500
v -1.0500 3.8000 0.9500
v -0.9500 3.7000 0.9500
v -0.9500 3.8000 0.9500
v -0.9500 3.7000 0.8500
v -1.0500 3.9000 0.9500
v -0.9500 3.9000 0.9500
v -1.0500 4.0000 0.9500
v -0.9500 4.0000 0.9500
v -1.0500 4.1000 0.9500
v -0.9500 4.1000 0.9500
v -1.0500 4.2000 0.9500
v -0.9500 4.2000 0.9500
v -1.0500 4.3000 0.9500
v -0.9500 4.3000 0.9500
v -1.0500 4.4000 0.9500
v -0.9500 4.4000 0.9500
v -0.9500 4.4000 0.8500
v -1.0500 3.5000 0.8500
v -1.0500 3.6000 0.8500
v -0.9500 3.5000 0.8500
v -0.9500 3.6000 0.8500
v -0.9500 3.5000 0.7500
v -1.0500 4.5000 0.8500
v -0.9500 4.5000 0.8500
v -1.0500 4.6000 0.8500
v -0.9500 4.6000 0.8500
v -0.9500 4.6000 0.7500
v -1.0500 3.4000 0.7500
v -0.9500 3.4000 0.7500
v -0.9500 3.4000 0.6500
v -1.0500 4.7000 0.7500
v -0.9500 4.7000 0.7500
v -0.9500 4.7000 0.6500
v -1.0500 3.3000 0.6500
v -0.9500 3.3000 0.6500
v -0.9500 3.3000 0.5500
v -1.0500 4.8000 0.6500
v -0.9500 4.8000 0.6500
v -0.9500 4.8000 0.5500
v -1.0500 3.2000 0.5500
v -1.0500 3.2000 0.4500
v -0.9500 3.2000 0.5500
v -0.9500 3.2000 0.4500
v -1.0500 4.9000 0.5500
v -1.0500 4.9000 0.4500
v -0.9500 4.9000 0.5500
v -0.9500 4.9000 0.4500
v -0.9500 3.2000 0.3500
v -0.9500 4.9000 0.3500
v -1.0500 3.1000 0.3500
v -1.0500 3.1000 0.2500
v -0.9500 3.1000 0.3500
v -0.9500 3.1000 0.2500
v -1.0500 5.0000 0.3500
v -1.0500 5.0000 0.2500
v -0.9500 5.0000 0.3500
v -0.9500 5.0000 0.2500
v -1.0500 3.1000 0.1500
v -0.9500 3.1000 0.1500
v -0.9500 5.0000 0.1500
v -1.0500 5.0000 0.1500
v -1.0500 3.1000 0.0500
v -0.9500 3.1000 0.0500
v -1.0500 3.1000 -0.0500
v -0.9500 3.1000 -0.0500
v -1.0500 3.1000 -0.1500
v -0.9500 3.1000 -0.1500
v -1.0500 3.1000 -0.2500
v -0.9500 3.1000 -0.2500
v -1.0500 3.1000 -0.3500
v -0.9500 3.2000 -0.3500
v -0.9500 3.1000 -0.3500
v -1.0500 3.2000 -0.4500
v -0.9500 3.2000 -0.4500
v -1.0500 3.2000 -0.5500
v -0.9500 3.3000 -0.5500
v -0.9500 3.2000 -0.5500
v -1.0500 3.3000 -0.6500
v -0.9500 3.4000 -0.6500
v -0.9500 3.3000 -0.6500
v -1.0500 3.4000 -0.7500
v -0.9500 3.5000 -0.7500
v -0.9500 3.4000 -0.7500
v -1.0500 3.6000 -0.8500
v -1.0500 3.5000 -0.8500
v -0.9500 3.6000 -0.8500
v -0.9500 3.5000 -0.8500
v -0.9500 3.7000 1.0500
v -0.9500 3.8000 1.0500
v -0.8500 3.7000 1.0500
v -0.8500 3.8000 1.0500
v -0.8500 3.7000 0.9500
v -0.9500 3.9000 1.0500
v -0.8500 3.9000 1.0500
v -0.9500 4.0000 1.0500
v -0.8500 4.0000 1.0500
v -0.9500 4.1000 1.0500
v -0.8500 4.1000 1.0500
v -0.9500 4.2000 1.0500
v -0.8500 4.2000 1.0500
v -0.9500 4.3000 1.0500
v -0.8500 4.3000 1.0500
v -0.9500 4.4000 1.0500
v -0.8500 4.4000 1.0500
v -0.8500 4.4000 0.9500
v -0.9500 3.5000 0.9500
v -0.9500 3.6000 0.9500
v -0.8500 3.5000 0.9500
v -0.8500 3.6000 0.9500
v -0.8500 3.5000 0.8500
v -0.9500 4.5000 0.9500
v -0.8500 4.5000 0.9500
v -0.9500 4.6000 0.9500
v -0.8500 4.6000 0.9500
v -0.8500 4.6000 0.8500
v -0.9500 3.3000 0.8500
v -0.9500 3.4000 0.8500
v -0.9500 3.3000 0.7500
v -0.8500 3.3000 0.8500
v -0.8500 3.4000 0.8500
v -0.8500 3.3000 0.7500
v -0.9500 4.7000 0.8500
v -0.8500 4.7000 0.8500
v -0.9500 4.8000 0.8500
v -0.9500 4.8000 0.7500
v -0.8500 4.8000 0.8500
v -0.8500 4.8000 0.7500
v -0.9500 3.2000 0.7500
v -0.9500 3.2000 0.6500
v -0.8500 3.2000 0.7500
v -0.8500 3.2000 0.6500
v -0.9500 4.9000 0.7500
v -0.9500 4.9000 0.6500
v -0.8500 4.9000 0.7500
v -0.8500 4.9000 0.6500
v -0.8500 3.2000 0.5500
v -0.8500 4.9000 0.5500
v -0.9500 3.1000 0.5500
v -0.9500 3.1000 0.4500
v -0.8500 3.1000 0.5500
v -0.8500 3.1000 0.4500
v -0.9500 5.0000 0.5500
v -0.9500 5.0000 0.4500
v -0.8500 5.0000 0.5500
v -0.8500 5.0000 0.4500
v -0.8500 3.1000 0.3500
v -0.8500 5.0000 0.3500
v -0.9500 3.0000 0.3500
v -0.9500 3.0000 0.2500
v -0.8500 3.0000 0.3500
v -0.8500 3.0000 0.2500
v -0.9500 5.1000 0.3500
v -0.9500 5.1000 0.2500
v -0.8500 5.1000 0.3500
v -0.8500 5.1000 0.2500
v -0.9500 3.0000 0.1500
v -0.8500 3.0000 0.1500
v -0.9500 5.1000 0.1500
v -0.8500 5.1000 0.1500
v -0.9500 3.0000 0.0500
v -0.8500 5.1000 0.0500
v -0.9500 5.1000 0.0500
v -0.9500 3.0000 -0.0500
v -0.9500 3.0000 -0.1500
v -0.9500 3.0000 -0.2500
v -0.8500 3.0000 -0.2500
v -0.8500 3.0000 -0.1500
v -0.9500 3.0000 -0.3500
v -0.8500 3.1000 -0.3500
v -0.8500 3.0000 -0.3500
v -0.9500 3.1000 -0.4500
v -0.8500 3.1000 -0.4500
v -0.9500 3.1000 -0.5500
v -0.8500 3.2000 -0.5500
v -0.8500 3.1000 -0.5500
v -0.9500 3.2000 -0.6500
v -0.8500 3.2000 -0.6500
v -0.9500 3.3000 -0.7500
v -0.9500 3.2000 -0.7500
v -0.8500 3.3000 -0.7500
v -0.8500 3.2000 -0.7500
v -0.9500 3.4000 -0.8500
v -0.9500 3.3000 -0.8500
v -0.8500 3.4000 -0.8500
v -0.8500 3.3000 -0.8500
v -0.8500 3.5000 -0.8500
v -0.9500 3.6000 -0.9500
v -0.9500 3.5000 -0.9500
v -0.8500 3.6000 -0.9500
v -0.8500 3.5000 -0.9500
v -0.9500 3.7000 -0.9500
v -0.8500 3.7000 -0.9500
v -0.9500 3.7000 -1.0500
v -0.9500 3.8000 -1.0500
v -0.8500 3.8000 -1.0500
v -0.8500 3.7000 -1.0500
v -0.8500 3.7000 1.1500
v -0.8500 3.8000 1.1500
v -0.7500 3.7000 1.1500
v -0.7500 3.8000 1.1500
v -0.7500 3.7000 1.0500
v -0.8500 3.9000 1.1500
v -0.7500 3.9000 1.1500
v -0.8500 4.0000 1.1500
v -0.7500 4.0000 1.1500
v -0.8500 4.1000 1.1500
v -0.7500 4.1000 1.1500
v -0.8500 4.2000 1.1500
v -0.7500 4.2000 1.1500
v -0.8500 4.3000 1.1500
v -0.7500 4.3000 1.1500
v -0.8500 4.4000 1.1500
v -0.7500 4.4000 1.1500
v -0.7500 4.4000 1.0500
v -0.8500 3.5000 1.0500
v -0.8500 3.6000 1.0500
v -0.7500 3.5000 1.0500
v -0.7500 3.6000 1.0500
v -0.7500 3.5000 0.9500
v -0.8500 4.5000 1.0500
v -0.7500 4.5000 1.0500
v -0.8500 4.6000 1.0500
v -0.7500 4.6000 1.0500
v -0.7500 4.6000 0.9500
v -0.8500 3.3000 0.9500
v -0.8500 3.4000 0.9500
v -0.7500 3.3000 0.9500
v -0.7500 3.4000 0.9500
v -0.7500 3.3000 0.8500
v -0.8500 4.7000 0.9500
v -0.7500 4.7000 0.9500
v -0.8500 4.8000 0.9500
v -0.7500 4.8000 0.9500
v -0.7500 4.8000 0.8500
v -0.8500 3.2000 0.8500
v -0.7500 3.2000 0.8500
v -0.7500 3.2000 0.7500
v -0.8500 4.9000 0.8500
v -0.7500 4.9000 0.8500
v -0.7500 4.9000 0.7500
v -0.8500 3.1000 0.7500
v -0.8500 3.1000 0.6500
v -0.7500 3.1000 0.7500
v -0.7500 3.1000 0.6500
v -0.8500 5.0000 0.7500
v -0.8500 5.0000 0.6500
v -0.7500 5.0000 0.7500
v -0.7500 5.0000 0.6500
v -0.7500 3.1000 0.5500
v -0.7500 5.0000 0.5500
v -0.8500 3.0000 0.5500
v -0.8500 3.0000 0.4500
v -0.7500 3.0000 0.5500
v -0.7500 3.0000 0.4500
v -0.8500 5.1000 0.5500
v -0.8500 5.1000 0.4500
v -0.7500 5.1000 0.5500
v -0.7500 5.1000 0.4500
v -0.7500 5.1000 0.3500
v -0.8500 2.9000 0.3500
v -0.8500 2.9000 0.2500
v -0.8500 5.2000 0.3500
v -0.8500 5.2000 0.2500
v -0.7500 5.2000 0.3500
v -0.7500 5.2000 0.2500
v -0.8500 2.9000 0.1500
v -0.8500 5.2000 0.1500
v -0.7500 5.2000 0.1500
v -0.8500 5.2000 0.0500
v -0.8500 2.9000 -0.1500
v -0.8500 2.9000 -0.2500
v -0.8500 5.2000 -0.1500
v -0.7500 5.2000 -0.1500
v -0.7500 5.2000 -0.2500
v -0.8500 5.2000 -0.2500
v -0.8500 2.9000 -0.3500
v -0.7500 5.2000 -0.3500
v -0.8500 5.2000 -0.3500
v -0.8500 3.0000 -0.4500
v -0.8500 3.0000 -0.5500
v -0.7500 3.1000 -0.5500
v -0.7500 3.0000 -0.5500
v -0.7500 3.0000 -0.4500
v -0.8500 3.1000 -0.6500
v -0.7500 3.1000 -0.6500
v -0.8500 3.1000 -0.7500
v -0.7500 3.2000 -0.7500
v -0.7500 3.1000 -0.7500
v -0.8500 3.2000 -0.8500
v -0.7500 3.3000 -0.8500
v -0.7500 3.2000 -0.8500
v -0.8500 3.4000 -0.9500
v -0.8500 3.3000 -0.9500
v -0.7500 3.4000 -0.9500
v -0.7500 3.3000 -0.9500
v -0.7500 3.5000 -0.9500
v -0.8500 3.6000 -1.0500
v -0.8500 3.5000 -1.0500
v -0.7500 3.6000 -1.0500
v -0.7500 3.5000 -1.0500
v -0.7500 3.7000 -1.0500
v -0.8500 3.8000 -1.1500
v -0.8500 3.7000 -1.1500
v -0.7500 3.8000 -1.1500
v -0.7500 3.7000 -1.1500
v -0.8500 3.9000 -1.1500
v -0.7500 3.9000 -1.1500
v -0.7500 3.9000 1.2500
v -0.7500 4.0000 1.2500
v -0.6500 3.9000 1.2500
v -0.6500 4.0000 1.2500
v -0.6500 3.9000 1.1500
v -0.7500 4.1000 1.2500
v -0.6500 4.1000 1.2500
v -0.7500 4.2000 1.2500
v -0.6500 4.2000 1.2500
v -0.6500 4.2000 1.1500
v -0.7500 3.5000 1.1500
v -0.7500 3.6000 1.1500
v -0.6500 3.5000 1.1500
v -0.6500 3.6000 1.1500
v -0.6500 3.5000 1.0500
v -0.6500 3.7000 1.1500
v -0.6500 3.8000 1.1500
v -0.6500 4.3000 1.1500
v -0.6500 4.4000 1.1500
v -0.7500 4.5000 1.1500
v -0.6500 4.5000 1.1500
v -0.7500 4.6000 1.1500
v -0.6500 4.6000 1.1500
v -0.6500 4.6000 1.0500
v -0.7500 3.4000 1.0500
v -0.6500 3.4000 1.0500
v -0.6500 3.4000 0.9500
v -0.7500 4.7000 1.0500
v -0.6500 4.7000 1.0500
v -0.6500 4.7000 0.9500
v -0.7500 3.2000 0.9500
v -0.6500 3.2000 0.9500
v -0.6500 3.3000 0.9500
v -0.6500 3.2000 0.8500
v -0.6500 4.8000 0.9500
v -0.7500 4.9000 0.9500
v -0.6500 4.9000 0.9500
v -0.6500 4.9000 0.8500
v -0.7500 3.1000 0.8500
v -0.6500 3.1000 0.8500
v -0.6500 3.1000 0.7500
v -0.7500 5.0000 0.8500
v -0.6500 5.0000 0.8500
v -0.6500 5.0000 0.7500
v -0.6500 3.1000 0.6500
v -0.6500 5.0000 0.6500
v -0.7500 3.0000 0.6500
v -0.6500 3.0000 0.6500
v -0.6500 3.0000 0.5500
v -0.7500 5.1000 0.6500
v -0.6500 5.1000 0.6500
v -0.6500 5.1000 0.5500
v -0.7500 2.9000 0.5500
v -0.7500 2.9000 0.4500
v -0.6500 2.9000 0.5500
v -0.7500 5.2000 0.5500
v -0.7500 5.2000 0.4500
v -0.6500 5.2000 0.5500
v -0.6500 5.2000 0.4500
v -0.7500 2.9000 -0.4500
v -0.7500 2.9000 -0.5500
v -0.6500 3.0000 -0.5500
v -0.6500 2.9000 -0.5500
v -0.7500 5.2000 -0.4500
v -0.6500 5.2000 -0.4500
v -0.6500 5.2000 -0.5500
v -0.7500 5.2000 -0.5500
v -0.7500 3.0000 -0.6500
v -0.6500 3.1000 -0.6500
v -0.6500 3.0000 -0.6500
v -0.6500 3.1000 -0.7500
v -0.7500 3.1000 -0.8500
v -0.6500 3.2000 -0.8500
v -0.6500 3.1000 -0.8500
v -0.7500 3.2000 -0.9500
v -0.6500 3.3000 -0.9500
v -0.6500 3.2000 -0.9500
v -0.6500 3.4000 -0.9500
v -0.7500 3.4000 -1.0500
v -0.6500 3.5000 -1.0500
v -0.6500 3.4000 -1.0500
v -0.7500 3.6000 -1.1500
v -0.7500 3.5000 -1.1500
v -0.6500 3.6000 -1.1500
v -0.6500 3.5000 -1.1500
v -0.6500 3.7000 -1.1500
v -0.6500 3.8000 -1.1500
v -0.6500 3.9000 -1.1500
v -0.7500 3.9000 -1.2500
v -0.7500 4.0000 -1.2500
v -0.6500 4.0000 -1.2500
v -0.6500 3.9000 -1.2500
v -0.7500 4.1000 -1.2500
v -0.6500 4.1000 -1.2500
v -0.7500 4.2000 -1.2500
v -0.6500 4.2000 -1.2500
v -0.6500 3.6000 1.2500
v -0.6500 3.7000 1.2500
v -0.5500 3.6000 1.2500
v -0.5500 3.7000 1.2500
v -0.5500 3.6000 1.1500
v -0.6500 3.8000 1.2500
v -0.5500 3.8000 1.2500
v -0.5500 3.9000 1.2500
v -0.5500 4.0000 1.2500
v -0.5500 4.1000 1.2500
v -0.5500 4.2000 1.2500
v -0.6500 4.3000 1.2500
v -0.5500 4.3000 1.2500
v -0.6500 4.4000 1.2500
v -0.5500 4.4000 1.2500
v -0.6500 4.5000 1.2500
v -0.5500 4.5000 1.2500
v -0.5500 4.5000 1.1500
v -0.6500 3.4000 1.1500
v -0.5500 3.4000 1.1500
v -0.5500 3.5000 1.1500
v -0.5500 3.4000 1.0500
v -0.5500 4.6000 1.1500
v -0.6500 4.7000 1.1500
v -0.5500 4.7000 1.1500
v -0.5500 4.7000 1.0500
v -0.6500 3.3000 1.0500
v -0.5500 3.3000 1.0500
v -0.5500 3.3000 0.9500
v -0.6500 4.8000 1.0500
v -0.5500 4.8000 1.0500
v -0.5500 4.8000 0.9500
v -0.5500 3.2000 0.9500
v -0.5500 3.2000 0.8500
v -0.5500 4.9000 0.9500
v -0.5500 4.9000 0.8500
v -0.5500 3.1000 0.8500
v -0.5500 3.1000 0.7500
v -0.5500 5.0000 0.8500
v -0.5500 5.0000 0.7500
v -0.6500 3.0000 0.7500
v -0.5500 3.0000 0.7500
v -0.5500 3.0000 0.6500
v -0.6500 5.1000 0.7500
v -0.5500 5.1000 0.7500
v -0.5500 5.1000 0.6500
v -0.6500 2.9000 0.6500
v -0.5500 2.9000 0.6500
v -0.6500 5.2000 0.6500
v -0.5500 5.2000 0.6500
v -0.5500 5.2000 0.5500
v -0.6500 2.9000 -0.6500
v -0.5500 3.0000 -0.6500
v -0.5500 2.9000 -0.6500
v -0.5500 5.2000 -0.5500
v -0.5500 5.2000 -0.6500
v -0.6500 5.2000 -0.6500
v -0.6500 3.0000 -0.7500
v -0.5500 3.1000 -0.7500
v -0.5500 3.0000 -0.7500
v -0.5500 3.2000 -0.8500
v -0.5500 3.1000 -0.8500
v -0.5500 3.3000 -0.9500
v -0.5500 3.2000 -0.9500
v -0.6500 3.3000 -1.0500
v -0.5500 3.4000 -1.0500
v -0.5500 3.3000 -1.0500
v -0.6500 3.4000 -1.1500
v -0.5500 3.5000 -1.1500
v -0.5500 3.4000 -1.1500
v -0.5500 3.6000 -1.1500
v -0.6500 3.7000 -1.2500
v -0.6500 3.6000 -1.2500
v -0.5500 3.7000 -1.2500
v -0.5500 3.6000 -1.2500
v -0.6500 3.8000 -1.2500
v -0.5500 3.8000 -1.2500
v -0.5500 3.9000 -1.2500
v -0.5500 4.0000 -1.2500
v -0.5500 4.1000 -1.2500
v -0.5500 4.2000 -1.2500
v -0.6500 4.3000 -1.2500
v -0.5500 4.3000 -1.2500
v -0.6500 4.4000 -1.2500
v -0.5500 4.4000 -1.2500
v -0.6500 4.5000 -1.2500
v -0.5500 4.5000 -1.2500
v -0.5500 3.9000 1.3500
v -0.5500 4.0000 1.3500
v -0.4500 3.9000 1.3500
v -0.4500 4.0000 1.3500
v -0.4500 3.9000 1.2500
v -0.5500 4.1000 1.3500
v -0.4500 4.1000 1.3500
v -0.5500 4.2000 1.3500
v -0.4500 4.2000 1.3500
v -0.4500 4.2000 1.2500
v -0.5500 3.5000 1.2500
v -0.4500 3.5000 1.2500
v -0.4500 3.6000 1.2500
v -0.4500 3.5000 1.1500
v -0.4500 3.7000 1.2500
v -0.4500 3.8000 1.2500
v -0.4500 4.3000 1.2500
v -0.4500 4.4000 1.2500
v -0.4500 4.5000 1.2500
v -0.5500 4.6000 1.2500
v -0.4500 4.6000 1.2500
v -0.4500 4.6000 1.1500
v -0.5500 3.3000 1.1500
v -0.4500 3.3000 1.1500
v -0.4500 3.4000 1.1500
v -0.4500 3.3000 1.0500
v -0.4500 4.7000 1.1500
v -0.5500 4.8000 1.1500
v -0.4500 4.8000 1.1500
v -0.4500 4.8000 1.0500
v -0.5500 3.2000 1.0500
v -0.4500 3.2000 1.0500
v -0.4500 3.2000 0.9500
v -0.5500 4.9000 1.0500
v -0.4500 4.9000 1.0500
v -0.4500 4.9000 0.9500
v -0.5500 3.1000 0.9500
v -0.4500 3.1000 0.9500
v -0.4500 3.1000 0.8500
v -0.5500 5.0000 0.9500
v -0.4500 5.0000 0.9500
v -0.4500 5.0000 0.8500
v -0.5500 3.0000 0.8500
v -0.4500 3.0000 0.8500
v -0.4500 3.0000 0.7500
v -0.5500 5.1000 0.8500
v -0.4500 5.1000 0.8500
v -0.4500 5.1000 0.7500
v -0.5500 2.9000 0.7500
v -0.4500 2.9000 0.7500
v -0.5500 5.2000 0.7500
v -0.4500 5.2000 0.7500
v -0.4500 5.2000 0.6500
v -0.5500 2.9000 -0.7500
v -0.4500 3.0000 -0.7500
v -0.4500 2.9000 -0.7500
v -0.5500 5.1000 -0.7500
v -0.5500 5.2000 -0.7500
v -0.4500 5.2000 -0.7500
v -0.4500 5.1000 -0.7500
v -0.4500 5.2000 -0.6500
v -0.5500 3.0000 -0.8500
v -0.4500 3.1000 -0.8500
v -0.4500 3.0000 -0.8500
v -0.5500 5.0000 -0.8500
v -0.5500 5.1000 -0.8500
v -0.4500 5.1000 -0.8500
v -0.4500 5.0000 -0.8500
v -0.5500 3.1000 -0.9500
v -0.4500 3.2000 -0.9500
v -0.4500 3.1000 -0.9500
v -0.4500 5.0000 -0.9500
v -0.5500 5.0000 -0.9500
v -0.5500 3.2000 -1.0500
v -0.4500 3.3000 -1.0500
v -0.4500 3.2000 -1.0500
v -0.5500 4.8000 -1.0500
v -0.5500 4.9000 -1.0500
v -0.4500 4.9000 -1.0500
v -0.4500 4.8000 -1.0500
v -0.5500 3.3000 -1.1500
v -0.4500 3.4000 -1.1500
v -0.4500 3.3000 -1.1500
v -0.4500 3.5000 -1.1500
v -0.5500 4.6000 -1.1500
v -0.5500 4.7000 -1.1500
v -0.4500 4.7000 -1.1500
v -0.4500 4.6000 -1.1500
v -0.5500 4.8000 -1.1500
v -0.4500 4.8000 -1.1500
v -0.5500 3.5000 -1.2500
v -0.4500 3.6000 -1.2500
v -0.4500 3.5000 -1.2500
v -0.4500 3.7000 -1.2500
v -0.4500 3.8000 -1.2500
v -0.4500 3.9000 -1.2500
v -0.4500 4.3000 -1.2500
v -0.4500 4.2000 -1.2500
v -0.4500 4.4000 -1.2500
v -0.4500 4.5000 -1.2500
v -0.5500 4.6000 -1.2500
v -0.4500 4.6000 -1.2500
v -0.5500 4.0000 -1.3500
v -0.5500 3.9000 -1.3500
v -0.4500 4.0000 -1.3500
v -0.4500 3.9000 -1.3500
v -0.5500 4.1000 -1.3500
v -0.4500 4.1000 -1.3500
v -0.5500 4.2000 -1.3500
v -0.4500 4.2000 -1.3500
v -0.4500 3.7000 1.3500
v -0.4500 3.8000 1.3500
v -0.3500 3.7000 1.3500
v -0.3500 3.8000 1.3500
v -0.3500 3.7000 1.2500
v -0.3500 3.9000 1.3500
v -0.3500 4.0000 1.3500
v -0.3500 4.1000 1.3500
v -0.3500 4.2000 1.3500
v -0.4500 4.3000 1.3500
v -0.3500 4.3000 1.3500
v -0.4500 4.4000 1.3500
v -0.3500 4.4000 1.3500
v -0.3500 4.4000 1.2500
v -0.4500 3.4000 1.2500
v -0.3500 3.4000 1.2500
v -0.3500 3.5000 1.2500
v -0.3500 3.4000 1.1500
v -0.3500 3.6000 1.2500
v -0.3500 4.5000 1.2500
v -0.3500 4.6000 1.2500
v -0.4500 4.7000 1.2500
v -0.3500 4.7000 1.2500
v -0.3500 4.7000 1.1500
v -0.3500 3.3000 1.1500
v -0.3500 3.3000 1.0500
v -0.3500 4.8000 1.1500
v -0.3500 4.8000 1.0500
v -0.3500 3.2000 1.0500
v -0.3500 3.2000 0.9500
v -0.3500 4.9000 1.0500
v -0.3500 4.9000 0.9500
v -0.3500 3.1000 0.9500
v -0.3500 3.1000 0.8500
v -0.3500 5.0000 0.9500
v -0.3500 5.0000 0.8500
v -0.3500 3.0000 0.8500
v -0.3500 5.1000 0.8500
v -0.3500 5.1000 0.7500
v -0.3500 5.2000 0.7500
v -0.3500 5.2000 -0.7500
v -0.3500 5.1000 -0.7500
v -0.3500 3.1000 -0.8500
v -0.3500 3.0000 -0.8500
v -0.3500 5.1000 -0.8500
v -0.3500 5.0000 -0.8500
v -0.3500 3.2000 -0.9500
v -0.3500 3.1000 -0.9500
v -0.4500 4.9000 -0.9500
v -0.3500 5.0000 -0.9500
v -0.3500 4.9000 -0.9500
v -0.3500 3.3000 -1.0500
v -0.3500 3.2000 -1.0500
v -0.3500 4.9000 -1.0500
v -0.3500 4.8000 -1.0500
v -0.3500 3.4000 -1.1500
v -0.3500 3.3000 -1.1500
v -0.3500 4.8000 -1.1500
v -0.3500 4.7000 -1.1500
v -0.4500 3.4000 -1.2500
v -0.3500 3.5000 -1.2500
v -0.3500 3.4000 -1.2500
v -0.3500 3.6000 -1.2500
v -0.3500 3.7000 -1.2500
v -0.3500 4.5000 -1.2500
v -0.3500 4.4000 -1.2500
v -0.3500 4.6000 -1.2500
v -0.4500 4.7000 -1.2500
v -0.3500 4.7000 -1.2500
v -0.4500 3.8000 -1.3500
v -0.4500 3.7000 -1.3500
v -0.3500 3.8000 -1.3500
v -0.3500 3.7000 -1.3500
v -0.3500 3.9000 -1.3500
v -0.3500 4.0000 -1.3500
v -0.3500 4.1000 -1.3500
v -0.3500 4.2000 -1.3500
v -0.4500 4.3000 -1.3500
v -0.3500 4.3000 -1.3500
v -0.4500 4.4000 -1.3500
v -0.3500 4.4000 -1.3500
v -0.3500 3.6000 1.3500
v -0.2500 3.6000 1.3500
v -0.2500 3.7000 1.3500
v -0.2500 3.6000 1.2500
v -0.2500 3.8000 1.3500
v -0.2500 3.9000 1.3500
v -0.2500 4.0000 1.3500
v -0.2500 4.1000 1.3500
v -0.2500 4.2000 1.3500
v -0.2500 4.3000 1.3500
v -0.2500 4.4000 1.3500
v -0.3500 4.5000 1.3500
v -0.2500 4.5000 1.3500
v -0.2500 4.5000 1.2500
v -0.2500 3.4000 1.2500
v -0.2500 3.5000 1.2500
v -0.2500 3.4000 1.1500
v -0.2500 4.6000 1.2500
v -0.2500 4.7000 1.2500
v -0.2500 4.7000 1.1500
v -0.3500 3.2000 1.1500
v -0.2500 3.2000 1.1500
v -0.2500 3.3000 1.1500
v -0.2500 3.2000 1.0500
v -0.2500 4.8000 1.1500
v -0.3500 4.9000 1.1500
v -0.2500 4.9000 1.1500
v -0.2500 4.9000 1.0500
v -0.3500 3.1000 1.0500
v -0.2500 3.1000 1.0500
v -0.2500 3.1000 0.9500
v -0.3500 5.0000 1.0500
v -0.2500 5.0000 1.0500
v -0.2500 5.0000 0.9500
v -0.3500 3.0000 0.9500
v -0.2500 3.0000 0.9500
v -0.2500 3.0000 0.8500
v -0.3500 5.1000 0.9500
v -0.2500 5.1000 0.9500
v -0.2500 5.1000 0.8500
v -0.3500 2.9000 0.8500
v -0.2500 2.9000 0.8500
v -0.3500 5.2000 0.8500
v -0.2500 5.2000 0.8500
v -0.2500 5.2000 0.7500
v -0.3500 2.9000 -0.8500
v -0.2500 3.0000 -0.8500
v -0.2500 2.9000 -0.8500
v -0.3500 5.2000 -0.8500
v -0.2500 5.2000 -0.8500
v -0.2500 5.1000 -0.8500
v -0.2500 5.2000 -0.7500
v -0.3500 3.0000 -0.9500
v -0.2500 3.1000 -0.9500
v -0.2500 3.0000 -0.9500
v -0.3500 5.1000 -0.9500
v -0.2500 5.1000 -0.9500
v -0.2500 5.0000 -0.9500
v -0.3500 3.1000 -1.0500
v -0.2500 3.2000 -1.0500
v -0.2500 3.1000 -1.0500
v -0.3500 5.0000 -1.0500
v -0.2500 5.0000 -1.0500
v -0.2500 4.9000 -1.0500
v -0.3500 3.2000 -1.1500
v -0.2500 3.3000 -1.1500
v -0.2500 3.2000 -1.1500
v -0.2500 3.4000 -1.1500
v -0.2500 4.8000 -1.1500
v -0.2500 4.7000 -1.1500
v -0.3500 4.9000 -1.1500
v -0.2500 4.9000 -1.1500
v -0.2500 3.5000 -1.2500
v -0.2500 3.4000 -1.2500
v -0.2500 3.6000 -1.2500
v -0.2500 4.6000 -1.2500
v -0.2500 4.5000 -1.2500
v -0.2500 4.7000 -1.2500
v -0.3500 3.6000 -1.3500
v -0.2500 3.7000 -1.3500
v -0.2500 3.6000 -1.3500
v -0.2500 3.8000 -1.3500
v -0.2500 3.9000 -1.3500
v -0.2500 4.0000 -1.3500
v -0.2500 4.1000 -1.3500
v -0.2500 4.2000 -1.3500
v -0.2500 4.3000 -1.3500
v -0.2500 4.4000 -1.3500
v -0.3500 4.5000 -1.3500
v -0.2500 4.5000 -1.3500
v -0.1500 3.6000 1.3500
v -0.1500 3.7000 1.3500
v -0.1500 3.6000 1.2500
v -0.1500 3.8000 1.3500
v -0.1500 3.9000 1.3500
v -0.1500 4.0000 1.3500
v -0.1500 4.1000 1.3500
v -0.1500 4.2000 1.3500
v -0.1500 4.3000 1.3500
v -0.1500 4.4000 1.3500
v -0.1500 4.5000 1.3500
v -0.1500 4.5000 1.2500
v -0.1500 3.4000 1.2500
v -0.1500 3.5000 1.2500
v -0.1500 3.4000 1.1500
v -0.1500 4.6000 1.2500
v -0.1500 4.7000 1.2500
v -0.1500 4.7000 1.1500
v -0.1500 3.2000 1.1500
v -0.1500 3.3000 1.1500
v -0.1500 3.2000 1.0500
v -0.1500 4.8000 1.1500
v -0.1500 4.9000 1.1500
v -0.1500 4.9000 1.0500
v -0.1500 3.1000 1.0500
v -0.1500 3.1000 0.9500
v -0.1500 5.0000 1.0500
v -0.1500 5.0000 0.9500
v -0.1500 3.0000 0.9500
v -0.1500 3.0000 0.8500
v -0.1500 5.1000 0.9500
v -0.1500 5.1000 0.8500
v -0.1500 2.9000 0.8500
v -0.1500 5.2000 0.8500
v -0.1500 5.2000 0.7500
v -0.1500 3.0000 -0.8500
v -0.1500 2.9000 -0.8500
v -0.1500 5.2000 -0.8500
v -0.1500 5.1000 -0.8500
v -0.1500 5.2000 -0.7500
v -0.1500 3.1000 -0.9500
v -0.1500 3.0000 -0.9500
v -0.1500 5.1000 -0.9500
v -0.1500 5.0000 -0.9500
v -0.1500 3.2000 -1.0500
v -0.1500 3.1000 -1.0500
v -0.1500 5.0000 -1.0500
v -0.1500 4.9000 -1.0500
v -0.1500 3.3000 -1.1500
v -0.1500 3.2000 -1.1500
v -0.1500 3.4000 -1.1500
v -0.1500 4.8000 -1.1500
v -0.1500 4.7000 -1.1500
v -0.1500 4.9000 -1.1500
v -0.1500 3.5000 -1.2500
v -0.1500 3.4000 -1.2500
v -0.1500 3.6000 -1.2500
v -0.1500 4.6000 -1.2500
v -0.1500 4.5000 -1.2500
v -0.1500 4.7000 -1.2500
v -0.1500 3.7000 -1.3500
v -0.1500 3.6000 -1.3500
v -0.1500 3.8000 -1.3500
v -0.1500 3.9000 -1.3500
v -0.1500 4.0000 -1.3500
v -0.1500 4.1000 -1.3500
v -0.1500 4.2000 -1.3500
v -0.1500 4.3000 -1.3500
v -0.1500 4.4000 -1.3500
v -0.1500 4.5000 -1.3500
v -0.1500 3.5000 1.3500
v -0.0500 3.5000 1.3500
v -0.0500 3.6000 1.3500
v -0.0500 3.5000 1.2500
v -0.0500 3.7000 1.3500
v -0.0500 3.8000 1.3500
v -0.0500 3.9000 1.3500
v -0.0500 4.0000 1.3500
v -0.0500 4.1000 1.3500
v -0.0500 4.2000 1.3500
v -0.0500 4.3000 1.3500
v -0.0500 4.4000 1.3500
v -0.0500 4.5000 1.3500
v -0.1500 4.6000 1.3500
v -0.0500 4.6000 1.3500
v -0.0500 4.6000 1.2500
v -0.1500 3.3000 1.2500
v -0.0500 3.3000 1.2500
v -0.0500 3.4000 1.2500
v -0.0500 3.3000 1.1500
v -0.0500 4.7000 1.2500
v -0.1500 4.8000 1.2500
v -0.0500 4.8000 1.2500
v -0.0500 4.8000 1.1500
v -0.0500 3.2000 1.1500
v -0.0500 3.2000 1.0500
v -0.0500 4.9000 1.1500
v -0.0500 4.9000 1.0500
v -0.0500 3.1000 1.0500
v -0.0500 3.1000 0.9500
v -0.0500 5.0000 1.0500
v -0.0500 5.0000 0.9500
v -0.0500 3.0000 0.9500
v -0.0500 5.1000 0.9500
v -0.0500 5.1000 0.8500
v -0.0500 5.2000 0.8500
v -0.0500 5.2000 -0.8500
v -0.0500 5.1000 -0.8500
v -0.0500 3.1000 -0.9500
v -0.0500 3.0000 -0.9500
v -0.0500 5.1000 -0.9500
v -0.0500 5.0000 -0.9500
v -0.0500 3.2000 -1.0500
v -0.0500 3.1000 -1.0500
v -0.0500 5.0000 -1.0500
v -0.0500 4.9000 -1.0500
v -0.0500 3.3000 -1.1500
v -0.0500 3.2000 -1.1500
v -0.0500 4.9000 -1.1500
v -0.0500 4.8000 -1.1500
v -0.1500 3.3000 -1.2500
v -0.0500 3.4000 -1.2500
v -0.0500 3.3000 -1.2500
v -0.0500 3.5000 -1.2500
v -0.0500 4.7000 -1.2500
v -0.0500 4.6000 -1.2500
v -0.1500 4.8000 -1.2500
v -0.0500 4.8000 -1.2500
v -0.1500 3.5000 -1.3500
v -0.0500 3.6000 -1.3500
v -0.0500 3.5000 -1.3500
v -0.0500 3.7000 -1.3500
v -0.0500 3.8000 -1.3500
v -0.0500 3.9000 -1.3500
v -0.0500 4.0000 -1.3500
v -0.0500 4.1000 -1.3500
v -0.0500 4.2000 -1.3500
v -0.0500 4.3000 -1.3500
v -0.0500 4.4000 -1.3500
v -0.0500 4.5000 -1.3500
v -0.1500 4.6000 -1.3500
v -0.0500 4.6000 -1.3500
v 0.0500 4.0000 1.4500
v 0.0500 4.0000 1.3500
v 0.0500 4.1000 1.3500
v 0.0500 4.1000 1.4500
v -0.0500 4.0000 1.4500
v -0.0500 4.1000 1.4500
v 0.0500 3.5000 1.3500
v 0.0500 3.6000 1.3500
v 0.0500 3.5000 1.2500
v 0.0500 3.7000 1.3500
v 0.0500 3.8000 1.3500
v 0.0500 3.9000 1.3500
v 0.0500 4.2000 1.3500
v 0.0500 4.3000 1.3500
v 0.0500 4.4000 1.3500
v 0.0500 4.5000 1.3500
v 0.0500 4.6000 1.3500
v 0.0500 4.6000 1.2500
v 0.0500 3.3000 1.2500
v 0.0500 3.4000 1.2500
v 0.0500 3.3000 1.1500
v 0.0500 4.7000 1.2500
v 0.0500 4.8000 1.2500
v 0.0500 4.8000 1.1500
v 0.0500 3.2000 1.1500
v 0.0500 3.2000 1.0500
v 0.0500 4.9000 1.1500
v 0.0500 4.9000 1.0500
v 0.0500 3.1000 1.0500
v 0.0500 3.1000 0.9500
v 0.0500 5.0000 1.0500
v 0.0500 5.0000 0.9500
v 0.0500 3.0000 0.9500
v 0.0500 5.1000 0.9500
v 0.0500 5.1000 0.8500
v 0.0500 5.2000 0.8500
v 0.0500 5.2000 -0.8500
v 0.0500 5.1000 -0.8500
v 0.0500 3.1000 -0.9500
v 0.0500 3.0000 -0.9500
v 0.0500 5.1000 -0.9500
v 0.0500 5.0000 -0.9500
v 0.0500 3.2000 -1.0500
v 0.0500 3.1000 -1.0500
v 0.0500 5.0000 -1.0500
v 0.0500 4.9000 -1.0500
v 0.0500 3.3000 -1.1500
v 0.0500 3.2000 -1.1500
v 0.0500 4.9000 -1.1500
v 0.0500 4.8000 -1.1500
v 0.0500 3.4000 -1.2500
v 0.0500 3.3000 -1.2500
v 0.0500 3.5000 -1.2500
v 0.0500 4.7000 -1.2500
v 0.0500 4.6000 -1.2500
v 0.0500 4.8000 -1.2500
v 0.0500 3.6000 -1.3500
v 0.0500 3.5000 -1.3500
v 0.0500 3.7000 -1.3500
v 0.0500 3.8000 -1.3500
v 0.0500 3.9000 -1.3500
v 0.0500 4.0000 -1.3500
v 0.0500 4.2000 -1.3500
v 0.0500 4.1000 -1.3500
v 0.0500 4.3000 -1.3500
v 0.0500 4.4000 -1.3500
v 0.0500 4.5000 -1.3500
v 0.0500 4.6000 -1.3500
v 0.0500 4.0000 -1.4500
v 0.0500 4.1000 -1.4500
v -0.0500 4.1000 -1.4500
v -0.0500 4.0000 -1.4500
v 0.1500 3.5000 1.3500
v 0.1500 3.5000 1.2500
v 0.1500 3.6000 1.2500
v 0.1500 3.6000 1.3500
v 0.1500 3.7000 1.3500
v 0.1500 3.8000 1.3500
v 0.1500 3.9000 1.3500
v 0.1500 4.0000 1.3500
v 0.1500 4.1000 1.3500
v 0.1500 4.2000 1.3500
v 0.1500 4.3000 1.3500
v 0.1500 4.4000 1.3500
v 0.1500 4.5000 1.3500
v 0.1500 4.5000 1.2500
v 0.1500 4.6000 1.2500
v 0.1500 4.6000 1.3500
v 0.1500 3.3000 1.2500
v 0.1500 3.3000 1.1500
v 0.1500 3.4000 1.1500
v 0.1500 3.4000 1.2500
v 0.1500 4.7000 1.2500
v 0.1500 4.7000 1.1500
v 0.1500 4.8000 1.1500
v 0.1500 4.8000 1.2500
v 0.1500 3.2000 1.1500
v 0.1500 3.2000 1.0500
v 0.1500 4.9000 1.1500
v 0.1500 4.9000 1.0500
v 0.1500 3.1000 1.0500
v 0.1500 3.1000 0.9500
v 0.1500 5.0000 1.0500
v 0.1500 5.0000 0.9500
v 0.1500 3.0000 0.9500
v 0.1500 5.1000 0.9500
v 0.1500 5.1000 0.8500
v 0.1500 5.2000 0.8500
v 0.1500 5.2000 -0.8500
v 0.1500 5.1000 -0.8500
v 0.1500 3.1000 -0.9500
v 0.1500 3.0000 -0.9500
v 0.1500 5.1000 -0.9500
v 0.1500 5.0000 -0.9500
v 0.1500 3.2000 -1.0500
v 0.1500 3.1000 -1.0500
v 0.1500 5.0000 -1.0500
v 0.1500 4.9000 -1.0500
v 0.1500 3.3000 -1.1500
v 0.1500 3.2000 -1.1500
v 0.1500 4.9000 -1.1500
v 0.1500 4.8000 -1.1500
v 0.1500 3.3000 -1.2500
v 0.1500 3.4000 -1.2500
v 0.1500 3.4000 -1.1500
v 0.1500 3.5000 -1.2500
v 0.1500 4.7000 -1.2500
v 0.1500 4.6000 -1.2500
v 0.1500 4.7000 -1.1500
v 0.1500 4.8000 -1.2500
v 0.1500 3.5000 -1.3500
v 0.1500 3.6000 -1.3500
v 0.1500 3.6000 -1.2500
v 0.1500 3.7000 -1.3500
v 0.1500 3.8000 -1.3500
v 0.1500 3.9000 -1.3500
v 0.1500 4.0000 -1.3500
v 0.1500 4.1000 -1.3500
v 0.1500 4.2000 -1.3500
v 0.1500 4.3000 -1.3500
v 0.1500 4.4000 -1.3500
v 0.1500 4.5000 -1.3500
v 0.1500 4.5000 -1.2500
v 0.1500 4.6000 -1.3500
v 0.2500 3.6000 1.3500
v 0.2500 3.7000 1.3500
v 0.2500 3.6000 1.2500
v 0.2500 3.8000 1.3500
v 0.2500 3.9000 1.3500
v 0.2500 4.0000 1.3500
v 0.2500 4.1000 1.3500
v 0.2500 4.2000 1.3500
v 0.2500 4.3000 1.3500
v 0.2500 4.4000 1.3500
v 0.2500 4.5000 1.3500
v 0.2500 4.5000 1.2500
v 0.2500 3.4000 1.2500
v 0.2500 3.5000 1.2500
v 0.2500 3.4000 1.1500
v 0.2500 4.6000 1.2500
v 0.2500 4.7000 1.2500
v 0.2500 4.7000 1.1500
v 0.2500 3.2000 1.1500
v 0.2500 3.3000 1.1500
v 0.2500 3.2000 1.0500
v 0.2500 4.8000 1.1500
v 0.2500 4.9000 1.1500
v 0.2500 4.9000 1.0500
v 0.2500 3.1000 1.0500
v 0.2500 3.1000 0.9500
v 0.2500 5.0000 1.0500
v 0.2500 5.0000 0.9500
v 0.2500 3.0000 0.9500
v 0.1500 3.0000 0.8500
v 0.2500 3.0000 0.8500
v 0.2500 5.1000 0.9500
v 0.2500 5.1000 0.8500
v 0.1500 2.9000 0.8500
v 0.2500 2.9000 0.8500
v 0.2500 5.2000 0.8500
v 0.2500 5.2000 0.7500
v 0.1500 5.2000 0.7500
v 0.1500 2.9000 -0.8500
v 0.1500 3.0000 -0.8500
v 0.2500 3.0000 -0.8500
v 0.2500 2.9000 -0.8500
v 0.2500 5.2000 -0.8500
v 0.2500 5.1000 -0.8500
v 0.1500 5.2000 -0.7500
v 0.2500 5.2000 -0.7500
v 0.2500 3.1000 -0.9500
v 0.2500 3.0000 -0.9500
v 0.2500 5.1000 -0.9500
v 0.2500 5.0000 -0.9500
v 0.2500 3.2000 -1.0500
v 0.2500 3.1000 -1.0500
v 0.2500 5.0000 -1.0500
v 0.2500 4.9000 -1.0500
v 0.2500 3.3000 -1.1500
v 0.2500 3.2000 -1.1500
v 0.2500 3.4000 -1.1500
v 0.2500 4.8000 -1.1500
v 0.2500 4.7000 -1.1500
v 0.2500 4.9000 -1.1500
v 0.2500 3.5000 -1.2500
v 0.2500 3.4000 -1.2500
v 0.2500 3.6000 -1.2500
v 0.2500 4.6000 -1.2500
v 0.2500 4.5000 -1.2500
v 0.2500 4.7000 -1.2500
v 0.2500 3.7000 -1.3500
v 0.2500 3.6000 -1.3500
v 0.2500 3.8000 -1.3500
v 0.2500 3.9000 -1.3500
v 0.2500 4.0000 -1.3500
v 0.2500 4.1000 -1.3500
v 0.2500 4.2000 -1.3500
v 0.2500 4.3000 -1.3500
v 0.2500 4.4000 -1.3500
v 0.2500 4.5000 -1.3500
v 0.3500 3.6000 1.3500
v 0.3500 3.6000 1.2500
v 0.3500 3.7000 1.2500
v 0.3500 3.7000 1.3500
v 0.3500 3.8000 1.3500
v 0.3500 3.9000 1.3500
v 0.3500 4.0000 1.3500
v 0.3500 4.1000 1.3500
v 0.3500 4.2000 1.3500
v 0.3500 4.3000 1.3500
v 0.3500 4.4000 1.3500
v 0.3500 4.4000 1.2500
v 0.3500 4.5000 1.2500
v 0.3500 4.5000 1.3500
v 0.3500 3.4000 1.2500
v 0.3500 3.5000 1.2500
v 0.3500 3.4000 1.1500
v 0.3500 4.6000 1.2500
v 0.3500 4.7000 1.2500
v 0.3500 4.7000 1.1500
v 0.3500 3.2000 1.1500
v 0.3500 3.2000 1.0500
v 0.3500 3.3000 1.0500
v 0.3500 3.3000 1.1500
v 0.3500 4.8000 1.1500
v 0.3500 4.8000 1.0500
v 0.3500 4.9000 1.0500
v 0.3500 4.9000 1.1500
v 0.3500 3.1000 1.0500
v 0.3500 3.1000 0.9500
v 0.3500 3.2000 0.9500
v 0.3500 4.9000 0.9500
v 0.3500 5.0000 0.9500
v 0.3500 5.0000 1.0500
v 0.3500 3.0000 0.9500
v 0.3500 3.0000 0.8500
v 0.3500 3.1000 0.8500
v 0.3500 5.0000 0.8500
v 0.3500 5.1000 0.8500
v 0.3500 5.1000 0.9500
v 0.3500 2.9000 0.8500
v 0.3500 5.1000 0.7500
v 0.3500 5.2000 0.7500
v 0.3500 5.2000 0.8500
v 0.3500 3.0000 -0.8500
v 0.3500 2.9000 -0.8500
v 0.3500 5.1000 -0.7500
v 0.3500 5.1000 -0.8500
v 0.3500 5.2000 -0.8500
v 0.3500 5.2000 -0.7500
v 0.3500 3.0000 -0.9500
v 0.3500 3.1000 -0.9500
v 0.3500 3.1000 -0.8500
v 0.3500 5.0000 -0.8500
v 0.3500 5.0000 -0.9500
v 0.3500 5.1000 -0.9500
v 0.3500 3.1000 -1.0500
v 0.3500 3.2000 -1.0500
v 0.3500 3.2000 -0.9500
v 0.3500 4.9000 -0.9500
v 0.3500 4.9000 -1.0500
v 0.3500 5.0000 -1.0500
v 0.3500 3.2000 -1.1500
v 0.3500 3.3000 -1.1500
v 0.3500 3.3000 -1.0500
v 0.3500 3.4000 -1.1500
v 0.3500 4.8000 -1.1500
v 0.3500 4.7000 -1.1500
v 0.3500 4.8000 -1.0500
v 0.3500 4.9000 -1.1500
v 0.3500 3.5000 -1.2500
v 0.3500 3.4000 -1.2500
v 0.3500 3.6000 -1.2500
v 0.3500 4.6000 -1.2500
v 0.3500 4.5000 -1.2500
v 0.3500 4.7000 -1.2500
v 0.3500 3.6000 -1.3500
v 0.3500 3.7000 -1.3500
v 0.3500 3.7000 -1.2500
v 0.3500 3.8000 -1.3500
v 0.3500 3.9000 -1.3500
v 0.3500 4.0000 -1.3500
v 0.3500 4.1000 -1.3500
v 0.3500 4.2000 -1.3500
v 0.3500 4.3000 -1.3500
v 0.3500 4.4000 -1.3500
v 0.3500 4.4000 -1.2500
v 0.3500 4.5000 -1.3500
v 0.4500 3.7000 1.3500
v 0.4500 3.7000 1.2500
v 0.4500 3.8000 1.2500
v 0.4500 3.8000 1.3500
v 0.4500 3.9000 1.2500
v 0.4500 3.9000 1.3500
v 0.4500 4.0000 1.3500
v 0.4500 4.1000 1.3500
v 0.4500 4.2000 1.3500
v 0.4500 4.2000 1.2500
v 0.4500 4.3000 1.2500
v 0.4500 4.3000 1.3500
v 0.4500 4.4000 1.2500
v 0.4500 4.4000 1.3500
v 0.4500 3.4000 1.2500
v 0.4500 3.4000 1.1500
v 0.4500 3.5000 1.1500
v 0.4500 3.5000 1.2500
v 0.4500 3.6000 1.2500
v 0.4500 4.5000 1.2500
v 0.4500 4.6000 1.2500
v 0.4500 4.6000 1.1500
v 0.4500 4.7000 1.1500
v 0.4500 4.7000 1.2500
v 0.4500 3.3000 1.1500
v 0.4500 3.3000 1.0500
v 0.4500 4.8000 1.1500
v 0.4500 4.8000 1.0500
v 0.4500 3.2000 1.0500
v 0.4500 3.2000 0.9500
v 0.4500 4.9000 1.0500
v 0.4500 4.9000 0.9500
v 0.4500 3.1000 0.9500
v 0.4500 3.1000 0.8500
v 0.4500 5.0000 0.9500
v 0.4500 5.0000 0.8500
v 0.4500 3.0000 0.8500
v 0.4500 5.1000 0.8500
v 0.4500 5.1000 0.7500
v 0.4500 5.2000 0.7500
v 0.4500 5.2000 -0.7500
v 0.4500 5.1000 -0.7500
v 0.4500 3.1000 -0.8500
v 0.4500 3.0000 -0.8500
v 0.4500 5.1000 -0.8500
v 0.4500 5.0000 -0.8500
v 0.4500 3.2000 -0.9500
v 0.4500 3.1000 -0.9500
v 0.4500 5.0000 -0.9500
v 0.4500 4.9000 -0.9500
v 0.4500 3.3000 -1.0500
v 0.4500 3.2000 -1.0500
v 0.4500 4.9000 -1.0500
v 0.4500 4.8000 -1.0500
v 0.4500 3.4000 -1.1500
v 0.4500 3.3000 -1.1500
v 0.4500 4.8000 -1.1500
v 0.4500 4.7000 -1.1500
v 0.4500 3.4000 -1.2500
v 0.4500 3.5000 -1.2500
v 0.4500 3.5000 -1.1500
v 0.4500 3.6000 -1.2500
v 0.4500 3.7000 -1.2500
v 0.4500 4.5000 -1.2500
v 0.4500 4.4000 -1.2500
v 0.4500 4.6000 -1.2500
v 0.4500 4.6000 -1.1500
v 0.4500 4.7000 -1.2500
v 0.4500 3.7000 -1.3500
v 0.4500 3.8000 -1.3500
v 0.4500 3.8000 -1.2500
v 0.4500 3.9000 -1.3500
v 0.4500 3.9000 -1.2500
v 0.4500 4.0000 -1.3500
v 0.4500 4.1000 -1.3500
v 0.4500 4.2000 -1.3500
v 0.4500 4.2000 -1.2500
v 0.4500 4.3000 -1.3500
v 0.4500 4.3000 -1.2500
v 0.4500 4.4000 -1.3500
v 0.5500 3.9000 1.3500
v 0.5500 3.9000 1.2500
v 0.5500 4.0000 1.2500
v 0.5500 4.0000 1.3500
v 0.5500 4.1000 1.2500
v 0.5500 4.1000 1.3500
v 0.5500 4.2000 1.2500
v 0.5500 4.2000 1.3500
v 0.5500 3.5000 1.2500
v 0.5500 3.5000 1.1500
v 0.5500 3.6000 1.1500
v 0.5500 3.6000 1.2500
v 0.5500 3.7000 1.2500
v 0.5500 3.8000 1.2500
v 0.5500 4.3000 1.2500
v 0.5500 4.4000 1.2500
v 0.5500 4.5000 1.2500
v 0.5500 4.6000 1.2500
v 0.5500 4.6000 1.1500
v 0.5500 3.3000 1.1500
v 0.5500 3.3000 1.0500
v 0.5500 3.4000 1.0500
v 0.5500 3.4000 1.1500
v 0.5500 4.7000 1.1500
v 0.5500 4.8000 1.1500
v 0.5500 4.8000 1.0500
v 0.5500 3.2000 1.0500
v 0.5500 3.2000 0.9500
v 0.5500 3.3000 0.9500
v 0.5500 4.9000 1.0500
v 0.5500 4.9000 0.9500
v 0.5500 3.1000 0.9500
v 0.5500 3.1000 0.8500
v 0.5500 3.2000 0.8500
v 0.5500 5.0000 0.9500
v 0.5500 5.0000 0.8500
v 0.5500 3.0000 0.8500
v 0.5500 3.0000 0.7500
v 0.5500 3.1000 0.7500
v 0.4500 3.0000 0.7500
v 0.5500 5.0000 0.7500
v 0.5500 5.1000 0.7500
v 0.5500 5.1000 0.8500
v 0.5500 2.9000 0.7500
v 0.5500 2.9000 0.6500
v 0.5500 3.0000 0.6500
v 0.4500 2.9000 0.7500
v 0.5500 5.1000 0.6500
v 0.5500 5.2000 0.6500
v 0.5500 5.2000 0.7500
v 0.4500 5.2000 0.6500
v 0.5500 2.9000 -0.6500
v 0.5500 2.9000 -0.7500
v 0.5500 3.0000 -0.7500
v 0.5500 3.0000 -0.6500
v 0.4500 2.9000 -0.7500
v 0.4500 3.0000 -0.7500
v 0.5500 5.1000 -0.6500
v 0.5500 5.1000 -0.7500
v 0.5500 5.2000 -0.7500
v 0.5500 5.2000 -0.6500
v 0.4500 5.2000 -0.6500
v 0.5500 3.0000 -0.8500
v 0.5500 3.1000 -0.8500
v 0.5500 3.1000 -0.7500
v 0.5500 5.0000 -0.7500
v 0.5500 5.0000 -0.8500
v 0.5500 5.1000 -0.8500
v 0.5500 3.1000 -0.9500
v 0.5500 3.2000 -0.9500
v 0.5500 3.2000 -0.8500
v 0.5500 4.9000 -0.8500
v 0.5500 4.9000 -0.9500
v 0.5500 5.0000 -0.9500
v 0.5500 3.2000 -1.0500
v 0.5500 3.3000 -1.0500
v 0.5500 3.3000 -0.9500
v 0.5500 4.8000 -0.9500
v 0.5500 4.8000 -1.0500
v 0.5500 4.9000 -1.0500
v 0.5500 3.3000 -1.1500
v 0.5500 3.4000 -1.1500
v 0.5500 3.4000 -1.0500
v 0.5500 3.5000 -1.1500
v 0.5500 4.7000 -1.1500
v 0.5500 4.6000 -1.1500
v 0.5500 4.7000 -1.0500
v 0.5500 4.8000 -1.1500
v 0.5500 3.5000 -1.2500
v 0.5500 3.6000 -1.2500
v 0.5500 3.6000 -1.1500
v 0.5500 3.7000 -1.2500
v 0.5500 3.8000 -1.2500
v 0.5500 3.9000 -1.2500
v 0.5500 4.3000 -1.2500
v 0.5500 4.2000 -1.2500
v 0.5500 4.4000 -1.2500
v 0.5500 4.5000 -1.2500
v 0.5500 4.5000 -1.1500
v 0.5500 4.6000 -1.2500
v 0.5500 3.9000 -1.3500
v 0.5500 4.0000 -1.3500
v 0.5500 4.0000 -1.2500
v 0.5500 4.1000 -1.3500
v 0.5500 4.1000 -1.2500
v 0.5500 4.2000 -1.3500
v 0.6500 3.6000 1.2500
v 0.6500 3.6000 1.1500
v 0.6500 3.7000 1.1500
v 0.6500 3.7000 1.2500
v 0.6500 3.8000 1.1500
v 0.6500 3.8000 1.2500
v 0.6500 3.9000 1.2500
v 0.6500 4.0000 1.2500
v 0.6500 4.1000 1.2500
v 0.6500 4.2000 1.2500
v 0.6500 4.3000 1.2500
v 0.6500 4.4000 1.2500
v 0.6500 4.5000 1.2500
v 0.6500 3.4000 1.1500
v 0.6500 3.4000 1.0500
v 0.6500 3.5000 1.0500
v 0.6500 3.5000 1.1500
v 0.6500 4.6000 1.1500
v 0.6500 4.7000 1.1500
v 0.6500 3.3000 1.0500
v 0.6500 3.3000 0.9500
v 0.6500 3.4000 0.9500
v 0.6500 3.2000 0.9500
v 0.6500 3.2000 0.8500
v 0.6500 3.1000 0.8500
v 0.6500 3.1000 0.7500
v 0.6500 5.0000 0.8500
v 0.6500 5.0000 0.7500
v 0.6500 3.0000 0.7500
v 0.6500 3.0000 0.6500
v 0.6500 3.1000 0.6500
v 0.6500 5.1000 0.7500
v 0.6500 5.1000 0.6500
v 0.6500 2.9000 0.6500
v 0.6500 2.9000 0.5500
v 0.6500 3.0000 0.5500
v 0.6500 5.1000 0.5500
v 0.6500 5.2000 0.5500
v 0.6500 5.2000 0.6500
v 0.5500 5.2000 0.5500
v 0.6500 2.9000 -0.5500
v 0.6500 2.9000 -0.6500
v 0.6500 3.0000 -0.6500
v 0.6500 3.0000 -0.5500
v 0.6500 5.1000 -0.5500
v 0.6500 5.1000 -0.6500
v 0.6500 5.2000 -0.6500
v 0.6500 5.2000 -0.5500
v 0.5500 5.2000 -0.5500
v 0.6500 3.0000 -0.7500
v 0.6500 3.1000 -0.7500
v 0.6500 3.1000 -0.6500
v 0.6500 5.0000 -0.6500
v 0.6500 5.0000 -0.7500
v 0.6500 5.1000 -0.7500
v 0.6500 3.2000 -0.8500
v 0.6500 3.1000 -0.8500
v 0.6500 5.0000 -0.8500
v 0.6500 4.9000 -0.8500
v 0.6500 3.3000 -0.9500
v 0.6500 3.2000 -0.9500
v 0.6500 4.9000 -0.9500
v 0.6500 4.8000 -0.9500
v 0.6500 3.3000 -1.0500
v 0.6500 3.4000 -1.0500
v 0.6500 3.4000 -0.9500
v 0.6500 4.7000 -0.9500
v 0.6500 4.7000 -1.0500
v 0.6500 4.8000 -1.0500
v 0.6500 3.4000 -1.1500
v 0.6500 3.5000 -1.1500
v 0.6500 3.5000 -1.0500
v 0.6500 3.6000 -1.1500
v 0.6500 4.6000 -1.1500
v 0.6500 4.5000 -1.1500
v 0.6500 4.6000 -1.0500
v 0.6500 4.7000 -1.1500
v 0.6500 3.6000 -1.2500
v 0.6500 3.7000 -1.2500
v 0.6500 3.7000 -1.1500
v 0.6500 3.8000 -1.2500
v 0.6500 3.8000 -1.1500
v 0.6500 3.9000 -1.2500
v 0.6500 3.9000 -1.1500
v 0.6500 4.0000 -1.2500
v 0.6500 4.1000 -1.2500
v 0.6500 4.2000 -1.2500
v 0.6500 4.2000 -1.1500
v 0.6500 4.3000 -1.2500
v 0.6500 4.3000 -1.1500
v 0.6500 4.4000 -1.2500
v 0.6500 4.4000 -1.1500
v 0.6500 4.5000 -1.2500
v 0.7500 3.9000 1.2500
v 0.7500 4.0000 1.2500
v 0.7500 4.1000 1.2500
v 0.7500 4.2000 1.2500
v 0.7500 3.5000 1.1500
v 0.7500 3.5000 1.0500
v 0.7500 3.6000 1.0500
v 0.7500 3.6000 1.1500
v 0.7500 3.7000 1.0500
v 0.7500 3.7000 1.1500
v 0.7500 3.8000 1.1500
v 0.7500 3.4000 1.0500
v 0.7500 3.4000 0.9500
v 0.7500 3.5000 0.9500
v 0.7500 3.2000 0.9500
v 0.7500 3.2000 0.8500
v 0.7500 3.3000 0.8500
v 0.7500 3.3000 0.9500
v 0.7500 3.1000 0.8500
v 0.7500 3.1000 0.7500
v 0.7500 3.2000 0.7500
v 0.7500 3.1000 0.6500
v 0.7500 3.0000 0.6500
v 0.7500 3.0000 0.5500
v 0.7500 3.1000 0.5500
v 0.7500 5.1000 0.6500
v 0.7500 5.1000 0.5500
v 0.7500 2.9000 0.5500
v 0.7500 2.9000 0.4500
v 0.7500 3.0000 0.4500
v 0.7500 5.1000 0.4500
v 0.7500 5.2000 0.4500
v 0.7500 5.2000 0.5500
v 0.6500 5.2000 0.4500
v 0.7500 5.1000 -0.3500
v 0.7500 5.1000 -0.4500
v 0.7500 5.2000 -0.4500
v 0.7500 5.2000 -0.3500
v 0.7500 2.9000 -0.4500
v 0.7500 2.9000 -0.5500
v 0.7500 3.0000 -0.5500
v 0.7500 3.0000 -0.4500
v 0.7500 5.1000 -0.5500
v 0.7500 5.2000 -0.5500
v 0.6500 5.2000 -0.4500
v 0.7500 3.0000 -0.6500
v 0.7500 3.1000 -0.6500
v 0.7500 3.1000 -0.5500
v 0.7500 5.0000 -0.5500
v 0.7500 5.0000 -0.6500
v 0.7500 5.1000 -0.6500
v 0.7500 3.1000 -0.7500
v 0.7500 5.0000 -0.7500
v 0.7500 3.1000 -0.8500
v 0.7500 3.2000 -0.8500
v 0.7500 3.2000 -0.7500
v 0.7500 4.9000 -0.7500
v 0.7500 4.9000 -0.8500
v 0.7500 5.0000 -0.8500
v 0.7500 3.2000 -0.9500
v 0.7500 3.3000 -0.9500
v 0.7500 3.3000 -0.8500
v 0.7500 3.4000 -0.9500
v 0.7500 4.8000 -0.9500
v 0.7500 4.7000 -0.9500
v 0.7500 4.8000 -0.8500
v 0.7500 4.9000 -0.9500
v 0.7500 3.4000 -1.0500
v 0.7500 3.5000 -1.0500
v 0.7500 3.5000 -0.9500
v 0.7500 4.6000 -0.9500
v 0.7500 4.6000 -1.0500
v 0.7500 4.7000 -1.0500
v 0.7500 3.5000 -1.1500
v 0.7500 3.6000 -1.1500
v 0.7500 3.6000 -1.0500
v 0.7500 3.7000 -1.1500
v 0.7500 3.7000 -1.0500
v 0.7500 3.8000 -1.1500
v 0.7500 3.9000 -1.1500
v 0.7500 4.3000 -1.1500
v 0.7500 4.2000 -1.1500
v 0.7500 4.4000 -1.1500
v 0.7500 4.4000 -1.0500
v 0.7500 4.5000 -1.1500
v 0.7500 4.5000 -1.0500
v 0.7500 4.6000 -1.1500
v 0.7500 3.9000 -1.2500
v 0.7500 4.0000 -1.2500
v 0.7500 4.0000 -1.1500
v 0.7500 4.1000 -1.2500
v 0.7500 4.1000 -1.1500
v 0.7500 4.2000 -1.2500
v 0.8500 3.7000 1.1500
v 0.8500 3.8000 1.1500
v 0.8500 3.7000 1.0500
v 0.8500 3.5000 1.0500
v 0.8500 3.5000 0.9500
v 0.8500 3.6000 0.9500
v 0.8500 3.6000 1.0500
v 0.8500 3.3000 0.9500
v 0.8500 3.3000 0.8500
v 0.8500 3.4000 0.8500
v 0.8500 3.4000 0.9500
v 0.8500 3.5000 0.8500
v 0.8500 3.2000 0.8500
v 0.8500 3.2000 0.7500
v 0.8500 3.3000 0.7500
v 0.8500 3.1000 0.7500
v 0.8500 3.1000 0.6500
v 0.8500 3.2000 0.6500
v 0.8500 3.1000 0.5500
v 0.8500 3.2000 0.5500
v 0.8500 3.0000 0.5500
v 0.8500 3.0000 0.4500
v 0.8500 3.1000 0.4500
v 0.8500 5.1000 0.5500
v 0.8500 5.1000 0.4500
v 0.8500 3.0000 0.3500
v 0.8500 3.1000 0.3500
v 0.8500 2.9000 0.3500
v 0.8500 2.9000 0.2500
v 0.8500 3.0000 0.2500
v 0.8500 5.1000 0.3500
v 0.8500 5.1000 0.2500
v 0.8500 5.2000 0.2500
v 0.8500 5.2000 0.3500
v 0.7500 5.2000 0.3500
v 0.7500 5.2000 0.2500
v 0.8500 2.9000 0.1500
v 0.8500 3.0000 0.1500
v 0.8500 5.1000 0.1500
v 0.8500 5.2000 0.1500
v 0.7500 5.2000 0.1500
v 0.8500 5.1000 0.0500
v 0.8500 5.2000 0.0500
v 0.8500 5.1000 -0.0500
v 0.8500 5.2000 -0.0500
v 0.8500 5.1000 -0.1500
v 0.8500 5.2000 -0.1500
v 0.8500 2.9000 -0.1500
v 0.8500 2.9000 -0.2500
v 0.8500 3.0000 -0.2500
v 0.8500 3.0000 -0.1500
v 0.8500 5.1000 -0.2500
v 0.8500 5.2000 -0.2500
v 0.7500 5.2000 -0.1500
v 0.7500 5.2000 -0.2500
v 0.8500 2.9000 -0.3500
v 0.8500 3.0000 -0.3500
v 0.8500 5.1000 -0.3500
v 0.8500 5.2000 -0.3500
v 0.8500 3.0000 -0.4500
v 0.8500 3.1000 -0.4500
v 0.8500 3.1000 -0.3500
v 0.8500 5.0000 -0.3500
v 0.8500 5.0000 -0.4500
v 0.8500 5.1000 -0.4500
v 0.8500 3.0000 -0.5500
v 0.8500 3.1000 -0.5500
v 0.8500 5.0000 -0.5500
v 0.8500 5.1000 -0.5500
v 0.8500 3.1000 -0.6500
v 0.8500 3.2000 -0.6500
v 0.8500 3.2000 -0.5500
v 0.8500 4.9000 -0.5500
v 0.8500 4.9000 -0.6500
v 0.8500 5.0000 -0.6500
v 0.8500 3.1000 -0.7500
v 0.8500 3.2000 -0.7500
v 0.8500 4.9000 -0.7500
v 0.8500 5.0000 -0.7500
v 0.8500 3.2000 -0.8500
v 0.8500 3.3000 -0.8500
v 0.8500 3.3000 -0.7500
v 0.8500 4.8000 -0.7500
v 0.8500 4.8000 -0.8500
v 0.8500 4.9000 -0.8500
v 0.8500 3.3000 -0.9500
v 0.8500 3.4000 -0.9500
v 0.8500 3.4000 -0.8500
v 0.8500 3.5000 -0.9500
v 0.8500 3.5000 -0.8500
v 0.8500 4.6000 -0.8500
v 0.8500 4.6000 -0.9500
v 0.8500 4.7000 -0.9500
v 0.8500 4.7000 -0.8500
v 0.8500 4.8000 -0.9500
v 0.8500 3.5000 -1.0500
v 0.8500 3.6000 -1.0500
v 0.8500 3.6000 -0.9500
v 0.8500 3.7000 -1.0500
v 0.8500 3.7000 -0.9500
v 0.8500 4.4000 -0.9500
v 0.8500 4.4000 -1.0500
v 0.8500 4.5000 -1.0500
v 0.8500 4.5000 -0.9500
v 0.8500 4.6000 -1.0500
v 0.8500 3.7000 -1.1500
v 0.8500 3.8000 -1.1500
v 0.8500 3.8000 -1.0500
v 0.8500 3.9000 -1.1500
v 0.8500 3.9000 -1.0500
v 0.8500 4.0000 -1.1500
v 0.8500 4.0000 -1.0500
v 0.8500 4.1000 -1.1500
v 0.8500 4.1000 -1.0500
v 0.8500 4.2000 -1.1500
v 0.8500 4.2000 -1.0500
v 0.8500 4.3000 -1.1500
v 0.8500 4.3000 -1.0500
v 0.8500 4.4000 -1.1500
v 0.9500 3.5000 0.9500
v 0.9500 3.6000 0.9500
v 0.9500 3.5000 0.8500
v 0.9500 3.3000 0.8500
v 0.9500 3.3000 0.7500
v 0.9500 3.4000 0.7500
v 0.9500 3.4000 0.8500
v 0.9500 3.5000 0.7500
v 0.9500 3.2000 0.7500
v 0.9500 3.2000 0.6500
v 0.9500 3.3000 0.6500
v 0.9500 3.4000 0.6500
v 0.9500 3.2000 0.5500
v 0.9500 3.3000 0.5500
v 0.9500 3.1000 0.5500
v 0.9500 3.1000 0.4500
v 0.9500 3.2000 0.4500
v 0.9500 3.1000 0.3500
v 0.9500 3.2000 0.3500
v 0.9500 3.0000 0.3500
v 0.9500 3.0000 0.2500
v 0.9500 3.1000 0.2500
v 0.9500 5.1000 0.3500
v 0.9500 5.1000 0.2500
v 0.9500 3.0000 0.1500
v 0.9500 3.1000 0.1500
v 0.9500 5.1000 0.1500
v 0.9500 3.0000 0.0500
v 0.9500 3.1000 0.0500
v 0.9500 5.1000 0.0500
v 0.9500 3.0000 -0.0500
v 0.9500 3.1000 -0.0500
v 0.9500 5.0000 0.0500
v 0.9500 5.0000 -0.0500
v 0.9500 5.1000 -0.0500
v 0.9500 3.0000 -0.1500
v 0.9500 3.1000 -0.1500
v 0.9500 5.0000 -0.1500
v 0.9500 5.1000 -0.1500
v 0.9500 3.0000 -0.2500
v 0.9500 3.1000 -0.2500
v 0.9500 5.0000 -0.2500
v 0.9500 5.1000 -0.2500
v 0.9500 3.0000 -0.3500
v 0.9500 3.1000 -0.3500
v 0.9500 5.0000 -0.3500
v 0.9500 5.1000 -0.3500
v 0.9500 3.1000 -0.4500
v 0.9500 3.2000 -0.4500
v 0.9500 3.2000 -0.3500
v 0.9500 4.9000 -0.3500
v 0.9500 4.9000 -0.4500
v 0.9500 5.0000 -0.4500
v 0.9500 3.1000 -0.5500
v 0.9500 3.2000 -0.5500
v 0.9500 4.9000 -0.5500
v 0.9500 5.0000 -0.5500
v 0.9500 3.2000 -0.6500
v 0.9500 3.3000 -0.6500
v 0.9500 3.3000 -0.5500
v 0.9500 4.8000 -0.5500
v 0.9500 4.8000 -0.6500
v 0.9500 4.9000 -0.6500
v 0.9500 3.2000 -0.7500
v 0.9500 3.3000 -0.7500
v 0.9500 3.4000 -0.7500
v 0.9500 3.4000 -0.6500
v 0.9500 4.7000 -0.6500
v 0.9500 4.7000 -0.7500
v 0.9500 4.8000 -0.7500
v 0.9500 4.9000 -0.7500
v 0.9500 3.3000 -0.8500
v 0.9500 3.4000 -0.8500
v 0.9500 3.5000 -0.8500
v 0.9500 3.5000 -0.7500
v 0.9500 4.6000 -0.7500
v 0.9500 4.6000 -0.8500
v 0.9500 4.7000 -0.8500
v 0.9500 4.8000 -0.8500
v 0.9500 3.5000 -0.9500
v 0.9500 3.6000 -0.9500
v 0.9500 3.6000 -0.8500
v 0.9500 3.7000 -0.9500
v 0.9500 3.7000 -0.8500
v 0.9500 4.4000 -0.8500
v 0.9500 4.4000 -0.9500
v 0.9500 4.5000 -0.9500
v 0.9500 4.5000 -0.8500
v 0.9500 4.6000 -0.9500
v 0.9500 3.7000 -1.0500
v 0.9500 3.8000 -1.0500
v 0.9500 3.8000 -0.9500
v 0.9500 3.9000 -1.0500
v 0.9500 3.9000 -0.9500
v 0.9500 4.0000 -1.0500
v 0.9500 4.0000 -0.9500
v 0.9500 4.1000 -1.0500
v 0.9500 4.1000 -0.9500
v 0.9500 4.2000 -1.0500
v 0.9500 4.2000 -0.9500
v 0.9500 4.3000 -1.0500
v 0.9500 4.3000 -0.9500
v 0.9500 4.4000 -1.0500
v 1.0500 3.5000 0.7500
v 1.0500 3.5000 0.8500
v 1.0500 3.4000 0.7500
v 1.0500 3.4000 0.6500
v 1.0500 3.5000 0.6500
v 1.0500 3.3000 0.6500
v 1.0500 3.3000 0.5500
v 1.0500 3.4000 0.5500
v 1.0500 3.2000 0.5500
v 1.0500 3.2000 0.4500
v 1.0500 3.3000 0.4500
v 1.0500 3.2000 0.3500
v 1.0500 3.3000 0.3500
v 1.0500 3.1000 0.3500
v 1.0500 3.1000 0.2500
v 1.0500 3.2000 0.2500
v 1.0500 3.1000 0.1500
v 1.0500 3.2000 0.1500
v 1.0500 3.1000 0.0500
v 1.0500 3.2000 0.0500
v 1.0500 3.1000 -0.0500
v 1.0500 3.2000 -0.0500
v 1.0500 5.0000 0.0500
v 1.0500 5.0000 -0.0500
v 1.0500 3.1000 -0.1500
v 1.0500 3.2000 -0.1500
v 1.0500 4.9000 -0.0500
v 1.0500 4.9000 -0.1500
v 1.0500 5.0000 -0.1500
v 1.0500 3.1000 -0.2500
v 1.0500 3.2000 -0.2500
v 1.0500 4.9000 -0.2500
v 1.0500 5.0000 -0.2500
v 1.0500 3.1000 -0.3500
v 1.0500 3.2000 -0.3500
v 1.0500 4.9000 -0.3500
v 1.0500 5.0000 -0.3500
v 1.0500 3.2000 -0.4500
v 1.0500 3.3000 -0.4500
v 1.0500 3.3000 -0.3500
v 1.0500 4.8000 -0.3500
v 1.0500 4.8000 -0.4500
v 1.0500 4.9000 -0.4500
v 1.0500 3.2000 -0.5500
v 1.0500 3.3000 -0.5500
v 1.0500 4.8000 -0.5500
v 1.0500 4.9000 -0.5500
v 1.0500 3.3000 -0.6500
v 1.0500 3.4000 -0.6500
v 1.0500 3.4000 -0.5500
v 1.0500 4.7000 -0.5500
v 1.0500 4.7000 -0.6500
v 1.0500 4.8000 -0.6500
v 1.0500 3.4000 -0.7500
v 1.0500 3.5000 -0.7500
v 1.0500 3.5000 -0.6500
v 1.0500 4.6000 -0.6500
v 1.0500 4.6000 -0.7500
v 1.0500 4.7000 -0.7500
v 1.0500 3.5000 -0.8500
v 1.0500 3.6000 -0.8500
v 1.0500 3.6000 -0.7500
v 1.0500 3.7000 -0.8500
v 1.0500 3.7000 -0.7500
v 1.0500 4.4000 -0.7500
v 1.0500 4.4000 -0.8500
v 1.0500 4.5000 -0.8500
v 1.0500 4.5000 -0.7500
v 1.0500 4.6000 -0.8500
v 1.0500 3.7000 -0.9500
v 1.0500 3.8000 -0.9500
v 1.0500 3.8000 -0.8500
v 1.0500 3.9000 -0.9500
v 1.0500 3.9000 -0.8500
v 1.0500 4.0000 -0.9500
v 1.0500 4.0000 -0.8500
v 1.0500 4.1000 -0.9500
v 1.0500 4.1000 -0.8500
v 1.0500 4.2000 -0.9500
v 1.0500 4.2000 -0.8500
v 1.0500 4.3000 -0.9500
v 1.0500 4.3000 -0.8500
v 1.0500 4.4000 -0.9500
v 1.1500 3.5000 0.6500
v 1.1500 3.5000 0.7500
v 1.1500 3.4000 0.6500
v 1.1500 3.4000 0.5500
v 1.1500 3.5000 0.5500
v 1.1500 3.3000 0.5500
v 1.1500 3.3000 0.4500
v 1.1500 3.4000 0.4500
v 1.1500 3.3000 0.3500
v 1.1500 3.4000 0.3500
v 1.1500 3.2000 0.3500
v 1.1500 3.2000 0.2500
v 1.1500 3.3000 0.2500
v 1.1500 3.4000 0.2500
v 1.1500 3.2000 0.1500
v 1.1500 3.3000 0.1500
v 1.1500 3.4000 0.1500
v 1.1500 3.2000 0.0500
v 1.1500 3.3000 0.0500
v 1.1500 3.2000 -0.0500
v 1.1500 3.3000 -0.0500
v 1.1500 3.2000 -0.1500
v 1.1500 3.3000 -0.1500
v 1.1500 4.9000 -0.0500
v 1.1500 4.9000 -0.1500
v 1.1500 3.2000 -0.2500
v 1.1500 3.3000 -0.2500
v 1.1500 3.4000 -0.2500
v 1.1500 3.4000 -0.1500
v 1.1500 4.8000 -0.1500
v 1.1500 4.8000 -0.2500
v 1.1500 4.9000 -0.2500
v 1.1500 3.2000 -0.3500
v 1.1500 3.3000 -0.3500
v 1.1500 3.4000 -0.3500
v 1.1500 4.7000 -0.2500
v 1.1500 4.7000 -0.3500
v 1.1500 4.8000 -0.3500
v 1.1500 4.9000 -0.3500
v 1.1500 3.3000 -0.4500
v 1.1500 3.4000 -0.4500
v 1.1500 4.7000 -0.4500
v 1.1500 4.8000 -0.4500
v 1.1500 3.3000 -0.5500
v 1.1500 3.4000 -0.5500
v 1.1500 3.5000 -0.5500
v 1.1500 3.5000 -0.4500
v 1.1500 4.6000 -0.4500
v 1.1500 4.6000 -0.5500
v 1.1500 4.7000 -0.5500
v 1.1500 4.8000 -0.5500
v 1.1500 3.4000 -0.6500
v 1.1500 3.5000 -0.6500
v 1.1500 3.6000 -0.6500
v 1.1500 3.6000 -0.5500
v 1.1500 4.5000 -0.5500
v 1.1500 4.5000 -0.6500
v 1.1500 4.6000 -0.6500
v 1.1500 4.7000 -0.6500
v 1.1500 3.5000 -0.7500
v 1.1500 3.6000 -0.7500
v 1.1500 3.7000 -0.7500
v 1.1500 3.7000 -0.6500
v 1.1500 3.8000 -0.7500
v 1.1500 3.8000 -0.6500
v 1.1500 3.9000 -0.7500
v 1.1500 3.9000 -0.6500
v 1.1500 4.2000 -0.6500
v 1.1500 4.2000 -0.7500
v 1.1500 4.3000 -0.7500
v 1.1500 4.3000 -0.6500
v 1.1500 4.4000 -0.7500
v 1.1500 4.4000 -0.6500
v 1.1500 4.5000 -0.7500
v 1.1500 4.6000 -0.7500
v 1.1500 3.7000 -0.8500
v 1.1500 3.8000 -0.8500
v 1.1500 3.9000 -0.8500
v 1.1500 4.0000 -0.8500
v 1.1500 4.0000 -0.7500
v 1.1500 4.1000 -0.8500
v 1.1500 4.1000 -0.7500
v 1.1500 4.2000 -0.8500
v 1.1500 4.3000 -0.8500
v 1.1500 4.4000 -0.8500
v 1.2500 3.4000 0.4500
v 1.2500 3.4000 0.3500
v 1.2500 3.5000 0.3500
v 1.2500 3.5000 0.4500
v 1.2500 3.4000 0.2500
v 1.2500 3.5000 0.2500
v 1.2500 3.4000 0.1500
v 1.2500 3.5000 0.1500
v 1.2500 3.3000 0.1500
v 1.2500 3.3000 0.0500
v 1.2500 3.4000 0.0500
v 1.2500 3.5000 0.0500
v 1.2500 3.3000 -0.0500
v 1.2500 3.4000 -0.0500
v 1.2500 3.5000 -0.0500
v 1.2500 3.3000 -0.1500
v 1.2500 3.4000 -0.1500
v 1.2500 3.5000 -0.1500
v 1.2500 3.4000 -0.2500
v 1.2500 3.5000 -0.2500
v 1.2500 3.6000 -0.2500
v 1.2500 3.6000 -0.1500
v 1.2500 3.4000 -0.3500
v 1.2500 3.5000 -0.3500
v 1.2500 3.6000 -0.3500
v 1.2500 4.5000 -0.2500
v 1.2500 4.5000 -0.3500
v 1.2500 4.6000 -0.3500
v 1.2500 4.6000 -0.2500
v 1.2500 4.7000 -0.3500
v 1.2500 4.7000 -0.2500
v 1.2500 3.4000 -0.4500
v 1.2500 3.5000 -0.4500
v 1.2500 3.6000 -0.4500
v 1.2500 3.7000 -0.4500
v 1.2500 3.7000 -0.3500
v 1.2500 4.4000 -0.3500
v 1.2500 4.4000 -0.4500
v 1.2500 4.5000 -0.4500
v 1.2500 4.6000 -0.4500
v 1.2500 4.7000 -0.4500
v 1.2500 3.5000 -0.5500
v 1.2500 3.6000 -0.5500
v 1.2500 3.7000 -0.5500
v 1.2500 3.8000 -0.5500
v 1.2500 3.8000 -0.4500
v 1.2500 3.9000 -0.5500
v 1.2500 3.9000 -0.4500
v 1.2500 4.2000 -0.4500
v 1.2500 4.2000 -0.5500
v 1.2500 4.3000 -0.5500
v 1.2500 4.3000 -0.4500
v 1.2500 4.4000 -0.5500
v 1.2500 4.5000 -0.5500
v 1.2500 4.6000 -0.5500
v 1.2500 3.6000 -0.6500
v 1.2500 3.7000 -0.6500
v 1.2500 3.8000 -0.6500
v 1.2500 3.9000 -0.6500
v 1.2500 4.0000 -0.6500
v 1.2500 4.0000 -0.5500
v 1.2500 4.1000 -0.6500
v 1.2500 4.1000 -0.5500
v 1.2500 4.2000 -0.6500
v 1.2500 4.3000 -0.6500
v 1.2500 4.4000 -0.6500
v 1.2500 4.5000 -0.6500
v 1.2500 3.9000 -0.7500
v 1.2500 4.0000 -0.7500
v 1.2500 4.1000 -0.7500
v 1.2500 4.2000 -0.7500
v 1.3500 3.5000 0.1500
v 1.3500 3.5000 0.0500
v 1.3500 3.6000 0.0500
v 1.3500 3.6000 0.1500
v 1.3500 3.5000 -0.0500
v 1.3500 3.6000 -0.0500
v 1.3500 3.7000 -0.0500
v 1.3500 3.7000 0.0500
v 1.3500 3.5000 -0.1500
v 1.3500 3.6000 -0.1500
v 1.3500 3.7000 -0.1500
v 1.3500 3.8000 -0.1500
v 1.3500 3.8000 -0.0500
v 1.3500 3.6000 -0.2500
v 1.3500 3.7000 -0.2500
v 1.3500 3.8000 -0.2500
v 1.3500 3.9000 -0.2500
v 1.3500 3.9000 -0.1500
v 1.3500 3.6000 -0.3500
v 1.3500 3.7000 -0.3500
v 1.3500 3.8000 -0.3500
v 1.3500 3.9000 -0.3500
v 1.3500 4.0000 -0.3500
v 1.3500 4.0000 -0.2500
v 1.3500 4.1000 -0.3500
v 1.3500 4.1000 -0.2500
v 1.3500 4.2000 -0.3500
v 1.3500 4.2000 -0.2500
v 1.3500 4.3000 -0.3500
v 1.3500 4.3000 -0.2500
v 1.3500 4.4000 -0.3500
v 1.3500 4.4000 -0.2500
v 1.3500 4.5000 -0.3500
v 1.3500 4.5000 -0.2500
v 1.3500 3.7000 -0.4500
v 1.3500 3.8000 -0.4500
v 1.3500 3.9000 -0.4500
v 1.3500 4.0000 -0.4500
v 1.3500 4.1000 -0.4500
v 1.3500 4.2000 -0.4500
v 1.3500 4.3000 -0.4500
v 1.3500 4.4000 -0.4500
v 1.3500 3.9000 -0.5500
v 1.3500 4.0000 -0.5500
v 1.3500 4.1000 -0.5500
v 1.3500 4.2000 -0.5500
v -1.7500 4.3000 -0.3500
v -1.7500 4.4000 -0.3500
v -1.7500 4.4000 -0.4500
v -1.7500 4.3000 -0.4500
v -1.6500 4.4000 -0.4500
v -1.6500 4.3000 -0.4500
v -1.6500 4.3000 -0.3500
v -1.6500 4.4000 -0.3500
v -1.6500 4.2000 0.0500
v -1.6500 4.3000 0.0500
v -1.6500 4.3000 -0.0500
v -1.6500 4.2000 -0.0500
v -1.5500 4.2000 0.0500
v -1.5500 4.3000 0.0500
v -1.5500 4.2000 -0.0500
v -1.6500 4.4000 0.0500
v -1.6500 4.4000 -0.0500
v -1.5500 4.4000 0.0500
v -1.6500 4.5000 0.0500
v -1.6500 4.5000 -0.0500
v -1.5500 4.5000 0.0500
v -1.5500 4.5000 -0.0500
v -1.6500 4.1000 -0.0500
v -1.6500 4.2000 -0.1500
v -1.6500 4.1000 -0.1500
v -1.5500 4.1000 -0.0500
v -1.5500 4.1000 -0.1500
v -1.6500 4.3000 -0.1500
v -1.6500 4.4000 -0.1500
v -1.6500 4.5000 -0.1500
v -1.6500 4.6000 -0.0500
v -1.6500 4.6000 -0.1500
v -1.5500 4.6000 -0.0500
v -1.5500 4.6000 -0.1500
v -1.6500 4.0000 -0.1500
v -1.6500 4.1000 -0.2500
v -1.6500 4.0000 -0.2500
v -1.5500 4.0000 -0.1500
v -1.5500 4.0000 -0.2500
v -1.6500 4.2000 -0.2500
v -1.6500 4.3000 -0.2500
v -1.6500 4.4000 -0.2500
v -1.6500 4.5000 -0.2500
v -1.6500 4.6000 -0.2500
v -1.6500 4.7000 -0.1500
v -1.6500 4.7000 -0.2500
v -1.5500 4.7000 -0.1500
v -1.5500 4.7000 -0.2500
v -1.6500 3.9000 -0.2500
v -1.6500 4.0000 -0.3500
v -1.6500 3.9000 -0.3500
v -1.5500 3.9000 -0.2500
v -1.5500 3.9000 -0.3500
v -1.6500 4.1000 -0.3500
v -1.6500 4.2000 -0.3500
v -1.6500 4.5000 -0.3500
v -1.6500 4.6000 -0.3500
v -1.6500 4.7000 -0.3500
v -1.6500 4.8000 -0.2500
v -1.6500 4.8000 -0.3500
v -1.5500 4.8000 -0.2500
v -1.5500 4.8000 -0.3500
v -1.6500 4.0000 -0.4500
v -1.6500 3.9000 -0.4500
v -1.5500 3.9000 -0.4500
v -1.6500 4.1000 -0.4500
v -1.6500 4.2000 -0.4500
v -1.6500 4.5000 -0.4500
v -1.6500 4.6000 -0.4500
v -1.6500 4.7000 -0.4500
v -1.6500 4.8000 -0.4500
v -1.5500 4.8000 -0.4500
v -1.6500 4.0000 -0.5500
v -1.6500 3.9000 -0.5500
v -1.5500 4.0000 -0.5500
v -1.5500 3.9000 -0.5500
v -1.6500 4.1000 -0.5500
v -1.6500 4.2000 -0.5500
v -1.6500 4.3000 -0.5500
v -1.6500 4.4000 -0.5500
v -1.6500 4.5000 -0.5500
v -1.6500 4.6000 -0.5500
v -1.6500 4.7000 -0.5500
v -1.6500 4.8000 -0.5500
v -1.5500 4.8000 -0.5500
v -1.5500 4.7000 -0.5500
v -1.6500 4.1000 -0.6500
v -1.6500 4.0000 -0.6500
v -1.5500 4.1000 -0.6500
v -1.5500 4.0000 -0.6500
v -1.6500 4.2000 -0.6500
v -1.6500 4.3000 -0.6500
v -1.6500 4.4000 -0.6500
v -1.6500 4.5000 -0.6500
v -1.6500 4.6000 -0.6500
v -1.6500 4.7000 -0.6500
v -1.5500 4.7000 -0.6500
v -1.5500 4.6000 -0.6500
v -1.6500 4.2000 -0.7500
v -1.6500 4.1000 -0.7500
v -1.5500 4.2000 -0.7500
v -1.5500 4.1000 -0.7500
v -1.6500 4.3000 -0.7500
v -1.6500 4.4000 -0.7500
v -1.6500 4.5000 -0.7500
v -1.6500 4.6000 -0.7500
v -1.5500 4.6000 -0.7500
v -1.5500 4.5000 -0.7500
v -1.6500 4.3000 -0.8500
v -1.6500 4.2000 -0.8500
v -1.5500 4.3000 -0.8500
v -1.5500 4.2000 -0.8500
v -1.6500 4.4000 -0.8500
v -1.5500 4.4000 -0.8500
v -1.6500 4.5000 -0.8500
v -1.5500 4.5000 -0.8500
v -1.5500 4.1000 0.1500
v -1.5500 4.2000 0.1500
v -1.5500 4.1000 0.0500
v -1.4500 4.1000 0.1500
v -1.4500 4.2000 0.1500
v -1.4500 4.1000 0.0500
v -1.5500 4.3000 0.1500
v -1.4500 4.3000 0.1500
v -1.5500 4.4000 0.1500
v -1.4500 4.4000 0.1500
v -1.5500 4.5000 0.1500
v -1.4500 4.5000 0.1500
v -1.5500 4.6000 0.1500
v -1.5500 4.6000 0.0500
v -1.4500 4.6000 0.1500
v -1.4500 4.6000 0.0500
v -1.5500 3.9000 0.0500
v -1.5500 4.0000 0.0500
v -1.5500 4.0000 -0.0500
v -1.5500 3.9000 -0.0500
v -1.4500 3.9000 0.0500
v -1.4500 4.0000 0.0500
v -1.4500 3.9000 -0.0500
v -1.5500 4.7000 0.0500
v -1.5500 4.7000 -0.0500
v -1.4500 4.7000 0.0500
v -1.5500 4.8000 0.0500
v -1.5500 4.8000 -0.0500
v -1.4500 4.8000 0.0500
v -1.4500 4.8000 -0.0500
v -1.5500 3.9000 -0.1500
v -1.4500 3.9000 -0.1500
v -1.5500 4.8000 -0.1500
v -1.4500 4.8000 -0.1500
v -1.5500 3.8000 -0.1500
v -1.5500 3.8000 -0.2500
v -1.4500 3.8000 -0.1500
v -1.4500 3.8000 -0.2500
v -1.5500 4.9000 -0.1500
v -1.5500 4.9000 -0.2500
v -1.4500 4.9000 -0.1500
v -1.4500 4.9000 -0.2500
v -1.5500 3.8000 -0.3500
v -1.4500 3.8000 -0.3500
v -1.5500 4.9000 -0.3500
v -1.4500 4.9000 -0.3500
v -1.5500 3.8000 -0.4500
v -1.4500 3.8000 -0.4500
v -1.5500 4.9000 -0.4500
v -1.4500 4.9000 -0.4500
v -1.5500 3.8000 -0.5500
v -1.4500 3.8000 -0.5500
v -1.5500 4.9000 -0.5500
v -1.4500 4.9000 -0.5500
v -1.5500 3.9000 -0.6500
v -1.5500 3.8000 -0.6500
v -1.4500 3.9000 -0.6500
v -1.4500 3.8000 -0.6500
v -1.5500 4.8000 -0.6500
v -1.5500 4.9000 -0.6500
v -1.4500 4.9000 -0.6500
v -1.4500 4.8000 -0.6500
v -1.5500 4.0000 -0.7500
v -1.5500 3.9000 -0.7500
v -1.4500 3.9000 -0.7500
v -1.5500 4.7000 -0.7500
v -1.5500 4.8000 -0.7500
v -1.4500 4.8000 -0.7500
v -1.5500 4.0000 -0.8500
v -1.5500 3.9000 -0.8500
v -1.4500 4.0000 -0.8500
v -1.4500 3.9000 -0.8500
v -1.5500 4.1000 -0.8500
v -1.4500 4.1000 -0.8500
v -1.5500 4.6000 -0.8500
v -1.5500 4.7000 -0.8500
v -1.4500 4.7000 -0.8500
v -1.4500 4.6000 -0.8500
v -1.5500 4.8000 -0.8500
v -1.4500 4.8000 -0.8500
v -1.5500 4.2000 -0.9500
v -1.5500 4.1000 -0.9500
v -1.4500 4.2000 -0.9500
v -1.4500 4.1000 -0.9500
v -1.5500 4.3000 -0.9500
v -1.4500 4.3000 -0.9500
v -1.5500 4.4000 -0.9500
v -1.4500 4.4000 -0.9500
v -1.5500 4.5000 -0.9500
v -1.4500 4.5000 -0.9500
v -1.5500 4.6000 -0.9500
v -1.4500 4.6000 -0.9500
v -1.4500 4.0000 0.2500
v -1.4500 4.1000 0.2500
v -1.4500 4.0000 0.1500
v -1.4500 4.2000 0.2500
v -1.4500 4.3000 0.2500
v -1.4500 4.4000 0.2500
v -1.4500 4.5000 0.2500
v -1.4500 4.6000 0.2500
v -1.3500 4.6000 0.2500
v -1.4500 4.7000 0.2500
v -1.4500 4.7000 0.1500
v -1.3500 4.7000 0.2500
v -1.3500 4.7000 0.1500
v -1.4500 3.9000 0.1500
v -1.4500 4.8000 0.1500
v -1.3500 4.8000 0.1500
v -1.3500 4.8000 0.0500
v -1.4500 3.8000 0.0500
v -1.4500 3.8000 -0.0500
v -1.4500 4.9000 0.0500
v -1.4500 4.9000 -0.0500
v -1.3500 4.9000 0.0500
v -1.3500 4.9000 -0.0500
v -1.4500 3.7000 -0.0500
v -1.4500 3.7000 -0.1500
v -1.4500 5.0000 -0.0500
v -1.4500 5.0000 -0.1500
v -1.3500 5.0000 -0.0500
v -1.3500 5.0000 -0.1500
v -1.4500 3.7000 -0.2500
v -1.4500 5.0000 -0.2500
v -1.3500 5.0000 -0.2500
v -1.4500 3.7000 -0.3500
v -1.4500 5.0000 -0.3500
v -1.3500 5.0000 -0.3500
v -1.4500 3.7000 -0.4500
v -1.3500 3.7000 -0.4500
v -1.4500 5.0000 -0.4500
v -1.3500 5.0000 -0.4500
v -1.4500 3.7000 -0.5500
v -1.3500 3.7000 -0.5500
v -1.4500 5.0000 -0.5500
v -1.3500 5.0000 -0.5500
v -1.4500 3.7000 -0.6500
v -1.3500 3.7000 -0.6500
v -1.4500 5.0000 -0.6500
v -1.3500 5.0000 -0.6500
v -1.4500 3.8000 -0.7500
v -1.4500 3.7000 -0.7500
v -1.3500 3.8000 -0.7500
v -1.3500 3.7000 -0.7500
v -1.4500 4.9000 -0.7500
v -1.4500 5.0000 -0.7500
v -1.3500 5.0000 -0.7500
v -1.3500 4.9000 -0.7500
v -1.4500 3.8000 -0.8500
v -1.3500 3.9000 -0.8500
v -1.3500 3.8000 -0.8500
v -1.4500 4.9000 -0.8500
v -1.3500 4.9000 -0.8500
v -1.3500 4.8000 -0.8500
v -1.4500 4.0000 -0.9500
v -1.4500 3.9000 -0.9500
v -1.3500 4.0000 -0.9500
v -1.3500 3.9000 -0.9500
v -1.4500 4.7000 -0.9500
v -1.4500 4.8000 -0.9500
v -1.3500 4.8000 -0.9500
v -1.3500 4.7000 -0.9500
v -1.4500 4.1000 -1.0500
v -1.4500 4.0000 -1.0500
v -1.3500 4.1000 -1.0500
v -1.3500 4.0000 -1.0500
v -1.4500 4.2000 -1.0500
v -1.3500 4.2000 -1.0500
v -1.4500 4.3000 -1.0500
v -1.3500 4.3000 -1.0500
v -1.4500 4.4000 -1.0500
v -1.3500 4.4000 -1.0500
v -1.4500 4.5000 -1.0500
v -1.3500 4.5000 -1.0500
v -1.4500 4.6000 -1.0500
v -1.3500 4.6000 -1.0500
v -1.4500 4.7000 -1.0500
v -1.3500 4.7000 -1.0500
v -1.3500 4.6000 0.3500
v -1.3500 4.8000 0.2500
v -1.2500 4.8000 0.2500
v -1.2500 4.8000 0.1500
v -1.3500 4.9000 0.1500
v -1.2500 4.9000 0.1500
v -1.2500 4.9000 0.0500
v -1.3500 5.0000 0.0500
v -1.2500 5.0000 0.0500
v -1.2500 5.0000 -0.0500
v -1.2500 5.0000 -0.1500
v -1.3500 5.1000 -0.1500
v -1.3500 5.1000 -0.2500
v -1.2500 5.1000 -0.1500
v -1.2500 5.1000 -0.2500
v -1.3500 5.1000 -0.3500
v -1.2500 5.1000 -0.3500
v -1.3500 3.6000 -0.4500
v -1.3500 5.1000 -0.4500
v -1.2500 5.1000 -0.4500
v -1.3500 3.6000 -0.5500
v -1.3500 5.1000 -0.5500
v -1.2500 5.1000 -0.5500
v -1.3500 3.6000 -0.6500
v -1.2500 3.7000 -0.6500
v -1.3500 5.1000 -0.6500
v -1.2500 5.1000 -0.6500
v -1.2500 5.0000 -0.6500
v -1.2500 3.7000 -0.7500
v -1.2500 5.0000 -0.7500
v -1.3500 3.7000 -0.8500
v -1.2500 3.8000 -0.8500
v -1.2500 3.7000 -0.8500
v -1.3500 5.0000 -0.8500
v -1.2500 5.0000 -0.8500
v -1.2500 4.9000 -0.8500
v -1.3500 3.8000 -0.9500
v -1.2500 3.9000 -0.9500
v -1.2500 3.8000 -0.9500
v -1.3500 4.9000 -0.9500
v -1.2500 4.9000 -0.9500
v -1.2500 4.8000 -0.9500
v -1.3500 3.9000 -1.0500
v -1.2500 4.0000 -1.0500
v -1.2500 3.9000 -1.0500
v -1.2500 4.1000 -1.0500
v -1.2500 4.7000 -1.0500
v -1.2500 4.6000 -1.0500
v -1.3500 4.8000 -1.0500
v -1.2500 4.8000 -1.0500
v -1.3500 4.2000 -1.1500
v -1.3500 4.1000 -1.1500
v -1.2500 4.2000 -1.1500
v -1.2500 4.1000 -1.1500
v -1.3500 4.3000 -1.1500
v -1.2500 4.3000 -1.1500
v -1.3500 4.4000 -1.1500
v -1.2500 4.4000 -1.1500
v -1.3500 4.5000 -1.1500
v -1.2500 4.5000 -1.1500
v -1.3500 4.6000 -1.1500
v -1.2500 4.6000 -1.1500
v -1.2500 4.8000 0.3500
v -1.2500 4.9000 0.2500
v -1.1500 4.9000 0.1500
v -1.2500 5.0000 0.1500
v -1.1500 5.0000 0.1500
v -1.1500 5.0000 0.0500
v -1.2500 5.1000 0.0500
v -1.2500 5.1000 -0.0500
v -1.1500 5.1000 0.0500
v -1.1500 5.1000 -0.0500
v -1.1500 5.1000 -0.1500
v -1.1500 5.1000 -0.2500
v -1.2500 5.2000 -0.2500
v -1.2500 5.2000 -0.3500
v -1.1500 5.2000 -0.2500
v -1.1500 5.2000 -0.3500
v -1.2500 5.2000 -0.4500
v -1.1500 5.2000 -0.4500
v -1.2500 5.2000 -0.5500
v -1.1500 5.2000 -0.5500
v -1.1500 5.1000 -0.5500
v -1.1500 5.1000 -0.6500
v -1.2500 3.6000 -0.7500
v -1.2500 5.1000 -0.7500
v -1.1500 5.1000 -0.7500
v -1.2500 3.6000 -0.8500
v -1.1500 3.7000 -0.8500
v -1.1500 3.6000 -0.8500
v -1.2500 5.1000 -0.8500
v -1.1500 5.1000 -0.8500
v -1.1500 5.0000 -0.8500
v -1.2500 3.7000 -0.9500
v -1.1500 3.8000 -0.9500
v -1.1500 3.7000 -0.9500
v -1.2500 5.0000 -0.9500
v -1.1500 5.0000 -0.9500
v -1.1500 4.9000 -0.9500
v -1.2500 3.8000 -1.0500
v -1.1500 3.9000 -1.0500
v -1.1500 3.8000 -1.0500
v -1.2500 4.9000 -1.0500
v -1.1500 4.9000 -1.0500
v -1.1500 4.8000 -1.0500
v -1.2500 4.0000 -1.1500
v -1.2500 3.9000 -1.1500
v -1.1500 4.0000 -1.1500
v -1.1500 3.9000 -1.1500
v -1.1500 4.1000 -1.1500
v -1.1500 4.2000 -1.1500
v -1.1500 4.6000 -1.1500
v -1.1500 4.5000 -1.1500
v -1.2500 4.7000 -1.1500
v -1.1500 4.7000 -1.1500
v -1.2500 4.8000 -1.1500
v -1.1500 4.8000 -1.1500
v -1.2500 4.3000 -1.2500
v -1.2500 4.2000 -1.2500
v -1.1500 4.3000 -1.2500
v -1.1500 4.2000 -1.2500
v -1.2500 4.4000 -1.2500
v -1.1500 4.4000 -1.2500
v -1.2500 4.5000 -1.2500
v -1.1500 4.5000 -1.2500
v -1.1500 5.0000 0.2500
v -1.0500 5.0000 0.0500
v -1.0500 5.1000 0.0500
v -1.0500 5.1000 -0.0500
v -1.0500 5.1000 -0.1500
v -1.1500 5.2000 -0.1500
v -1.0500 5.2000 -0.1500
v -1.0500 5.2000 -0.2500
v -1.0500 5.2000 -0.3500
v -1.0500 5.2000 -0.4500
v -1.0500 5.2000 -0.5500
v -1.1500 5.2000 -0.6500
v -1.0500 5.2000 -0.6500
v -1.0500 5.1000 -0.6500
v -1.0500 5.1000 -0.7500
v -1.0500 3.7000 -0.8500
v -1.0500 5.1000 -0.8500
v -1.0500 5.0000 -0.8500
v -1.0500 3.7000 -0.9500
v -1.0500 5.0000 -0.9500
v -1.1500 3.7000 -1.0500
v -1.0500 3.8000 -1.0500
v -1.0500 3.7000 -1.0500
v -1.0500 3.9000 -1.0500
v -1.0500 4.9000 -1.0500
v -1.0500 4.8000 -1.0500
v -1.1500 5.0000 -1.0500
v -1.0500 5.0000 -1.0500
v -1.0500 4.0000 -1.1500
v -1.0500 3.9000 -1.1500
v -1.0500 4.1000 -1.1500
v -1.0500 4.7000 -1.1500
v -1.0500 4.6000 -1.1500
v -1.0500 4.8000 -1.1500
v -1.1500 4.1000 -1.2500
v -1.0500 4.2000 -1.2500
v -1.0500 4.1000 -1.2500
v -1.0500 4.3000 -1.2500
v -1.0500 4.4000 -1.2500
v -1.0500 4.5000 -1.2500
v -1.1500 4.6000 -1.2500
v -1.0500 4.6000 -1.2500
v -1.0500 5.1000 0.1500
v -0.9500 5.1000 -0.0500
v -1.0500 5.2000 -0.0500
v -0.9500 5.2000 -0.0500
v -0.9500 5.2000 -0.1500
v -0.9500 5.2000 -0.2500
v -0.9500 5.2000 -0.3500
v -0.9500 5.2000 -0.4500
v -0.9500 5.2000 -0.5500
v -0.9500 5.2000 -0.6500
v -1.0500 5.2000 -0.7500
v -0.9500 5.2000 -0.7500
v -0.9500 5.1000 -0.7500
v -0.9500 5.1000 -0.8500
v -1.0500 3.6000 -0.9500
v -1.0500 5.1000 -0.9500
v -0.9500 5.1000 -0.9500
v -0.9500 5.0000 -0.9500
v -0.9500 5.0000 -1.0500
v -0.9500 4.9000 -1.0500
v -1.0500 3.8000 -1.1500
v -0.9500 3.9000 -1.1500
v -0.9500 3.8000 -1.1500
v -0.9500 4.0000 -1.1500
v -0.9500 4.8000 -1.1500
v -0.9500 4.7000 -1.1500
v -1.0500 4.9000 -1.1500
v -0.9500 4.9000 -1.1500
v -1.0500 4.0000 -1.2500
v -0.9500 4.1000 -1.2500
v -0.9500 4.0000 -1.2500
v -0.9500 4.2000 -1.2500
v -0.9500 4.3000 -1.2500
v -0.9500 4.4000 -1.2500
v -0.9500 4.5000 -1.2500
v -0.9500 4.6000 -1.2500
v -1.0500 4.7000 -1.2500
v -0.9500 4.7000 -1.2500
v -0.9500 5.2000 0.0500
v -0.8500 5.2000 -0.0500
v -0.8500 5.2000 -0.4500
v -0.8500 5.2000 -0.5500
v -0.8500 5.2000 -0.6500
v -0.8500 5.2000 -0.7500
v -0.9500 5.2000 -0.8500
v -0.8500 5.2000 -0.8500
v -0.8500 5.1000 -0.8500
v -0.8500 5.1000 -0.9500
v -0.8500 5.0000 -0.9500
v -0.8500 5.0000 -1.0500
v -0.8500 4.9000 -1.0500
v -0.8500 4.9000 -1.1500
v -0.8500 4.8000 -1.1500
v -0.9500 3.9000 -1.2500
v -0.8500 4.0000 -1.2500
v -0.8500 3.9000 -1.2500
v -0.8500 4.1000 -1.2500
v -0.8500 4.2000 -1.2500
v -0.8500 4.3000 -1.2500
v -0.8500 4.4000 -1.2500
v -0.8500 4.5000 -1.2500
v -0.8500 4.6000 -1.2500
v -0.8500 4.7000 -1.2500
v -0.9500 4.8000 -1.2500
v -0.8500 4.8000 -1.2500
v -0.8500 5.3000 -0.3500
v -0.8500 5.3000 -0.4500
v -0.7500 5.3000 -0.4500
v -0.7500 5.3000 -0.3500
v -0.7500 5.2000 -0.6500
v -0.7500 5.2000 -0.7500
v -0.7500 5.2000 -0.8500
v -0.7500 5.1000 -0.8500
v -0.7500 5.1000 -0.9500
v -0.7500 5.0000 -0.9500
v -0.7500 5.0000 -1.0500
v -0.7500 4.9000 -1.0500
v -0.7500 4.9000 -1.1500
v -0.7500 4.8000 -1.1500
v -0.7500 4.3000 -1.2500
v -0.7500 4.5000 -1.2500
v -0.7500 4.4000 -1.2500
v -0.7500 4.6000 -1.2500
v -0.7500 4.7000 -1.2500
v -0.7500 4.8000 -1.2500
v -0.7500 4.3000 -1.3500
v -0.7500 4.4000 -1.3500
v -0.8500 4.4000 -1.3500
v -0.8500 4.3000 -1.3500
v -0.6500 5.2000 -0.7500
v -0.6500 5.1000 -0.7500
v -0.6500 5.1000 -0.8500
v -0.6500 5.2000 -0.8500
v -0.6500 5.1000 -0.9500
v -0.6500 5.0000 -0.9500
v -0.6500 5.0000 -1.0500
v -0.6500 4.9000 -1.0500
v -0.6500 4.9000 -1.1500
v -0.6500 4.8000 -1.1500
v -0.6500 4.6000 -1.2500
v -0.6500 4.7000 -1.2500
v -0.6500 4.7000 -1.1500
v -0.6500 4.8000 -1.2500
v -0.5500 5.1000 -0.9500
v -0.5500 5.0000 -1.0500
v -0.5500 4.9000 -1.1500
v -0.5500 4.7000 -1.2500
v -0.4500 5.0000 -1.0500
v 0.6500 4.6000 1.2500
v 0.6500 4.8000 1.1500
v 0.6500 4.8000 1.0500
v 0.6500 4.9000 1.0500
v 0.6500 4.9000 0.9500
v 0.6500 5.0000 0.9500
v 0.7500 3.8000 1.2500
v 0.7500 4.3000 1.2500
v 0.7500 4.4000 1.2500
v 0.7500 4.5000 1.2500
v 0.7500 4.6000 1.2500
v 0.6500 4.7000 1.2500
v 0.7500 4.7000 1.2500
v 0.7500 4.7000 1.1500
v 0.7500 4.8000 1.1500
v 0.7500 4.8000 1.0500
v 0.7500 4.9000 1.0500
v 0.7500 4.9000 0.9500
v 0.7500 5.0000 0.9500
v 0.7500 5.0000 0.8500
v 0.6500 5.1000 0.8500
v 0.7500 5.1000 0.8500
v 0.7500 5.1000 0.7500
v 0.8500 4.2000 1.3500
v 0.8500 4.2000 1.2500
v 0.8500 4.3000 1.2500
v 0.8500 4.3000 1.3500
v 0.7500 4.2000 1.3500
v 0.7500 4.3000 1.3500
v 0.8500 3.8000 1.2500
v 0.8500 3.9000 1.2500
v 0.8500 4.0000 1.2500
v 0.8500 4.1000 1.2500
v 0.8500 4.4000 1.2500
v 0.8500 4.5000 1.2500
v 0.8500 4.6000 1.2500
v 0.8500 4.7000 1.2500
v 0.8500 4.7000 1.1500
v 0.8500 4.8000 1.1500
v 0.8500 4.8000 1.0500
v 0.8500 4.9000 1.0500
v 0.8500 4.9000 0.9500
v 0.8500 5.0000 0.9500
v 0.8500 5.0000 0.8500
v 0.8500 5.1000 0.8500
v 0.8500 5.1000 0.7500
v 0.8500 5.1000 0.6500
v 0.8500 5.2000 0.4500
v 0.9500 3.8000 1.2500
v 0.9500 3.8000 1.1500
v 0.9500 3.9000 1.1500
v 0.9500 3.9000 1.2500
v 0.9500 4.0000 1.2500
v 0.9500 4.1000 1.2500
v 0.9500 4.2000 1.2500
v 0.9500 4.3000 1.2500
v 0.9500 4.4000 1.2500
v 0.9500 4.5000 1.2500
v 0.9500 4.6000 1.2500
v 0.9500 4.6000 1.1500
v 0.9500 4.7000 1.1500
v 0.9500 4.7000 1.2500
v 0.9500 3.7000 1.1500
v 0.9500 3.7000 1.0500
v 0.9500 4.8000 1.1500
v 0.9500 4.8000 1.0500
v 0.9500 3.6000 1.0500
v 0.9500 4.9000 1.0500
v 0.9500 4.9000 0.9500
v 0.9500 5.0000 0.9500
v 0.9500 5.0000 0.8500
v 0.9500 5.0000 0.7500
v 0.9500 5.1000 0.7500
v 0.9500 5.1000 0.8500
v 0.9500 5.1000 0.6500
v 0.9500 5.1000 0.5500
v 0.9500 5.1000 0.4500
v 1.0500 3.9000 1.2500
v 1.0500 3.9000 1.1500
v 1.0500 4.0000 1.1500
v 1.0500 4.0000 1.2500
v 1.0500 4.1000 1.2500
v 1.0500 4.2000 1.2500
v 1.0500 4.3000 1.2500
v 1.0500 4.4000 1.2500
v 1.0500 4.5000 1.2500
v 1.0500 4.5000 1.1500
v 1.0500 4.6000 1.1500
v 1.0500 4.6000 1.2500
v 1.0500 3.7000 1.1500
v 1.0500 3.7000 1.0500
v 1.0500 3.8000 1.0500
v 1.0500 3.8000 1.1500
v 1.0500 4.7000 1.1500
v 1.0500 4.7000 1.0500
v 1.0500 4.8000 1.0500
v 1.0500 4.8000 1.1500
v 1.0500 3.6000 1.0500
v 1.0500 3.6000 0.9500
v 1.0500 4.9000 1.0500
v 1.0500 4.9000 0.9500
v 1.0500 3.5000 0.9500
v 1.0500 3.6000 0.8500
v 1.0500 4.9000 0.8500
v 1.0500 5.0000 0.8500
v 1.0500 5.0000 0.9500
v 1.0500 5.0000 0.7500
v 1.0500 5.0000 0.6500
v 1.0500 5.1000 0.6500
v 1.0500 5.1000 0.7500
v 1.0500 5.1000 0.5500
v 1.0500 5.1000 0.4500
v 1.0500 5.1000 0.3500
v 1.0500 5.1000 0.2500
v 1.0500 5.1000 0.1500
v 1.0500 5.0000 0.1500
v 1.0500 5.1000 0.0500
v 1.1500 4.0000 1.2500
v 1.1500 4.0000 1.1500
v 1.1500 4.1000 1.1500
v 1.1500 4.1000 1.2500
v 1.1500 4.2000 1.2500
v 1.1500 4.3000 1.2500
v 1.1500 4.4000 1.2500
v 1.1500 4.4000 1.1500
v 1.1500 4.5000 1.1500
v 1.1500 4.5000 1.2500
v 1.1500 3.8000 1.1500
v 1.1500 3.9000 1.1500
v 1.1500 3.8000 1.0500
v 1.1500 4.6000 1.1500
v 1.1500 4.7000 1.1500
v 1.1500 4.7000 1.0500
v 1.1500 3.6000 1.0500
v 1.1500 3.6000 0.9500
v 1.1500 3.7000 0.9500
v 1.1500 3.7000 1.0500
v 1.1500 4.8000 1.0500
v 1.1500 4.8000 0.9500
v 1.1500 4.9000 0.9500
v 1.1500 4.9000 1.0500
v 1.1500 3.6000 0.8500
v 1.1500 4.9000 0.8500
v 1.1500 3.5000 0.8500
v 1.1500 5.0000 0.8500
v 1.1500 5.0000 0.7500
v 1.1500 5.0000 0.6500
v 1.1500 5.0000 0.5500
v 1.1500 5.1000 0.5500
v 1.1500 5.1000 0.6500
v 1.1500 5.1000 0.4500
v 1.1500 5.1000 0.3500
v 1.1500 5.1000 0.2500
v 1.1500 5.0000 0.2500
v 1.1500 5.0000 0.1500
v 1.1500 5.1000 0.1500
v 1.1500 5.0000 0.0500
v 1.1500 5.0000 -0.0500
v 1.2500 4.1000 1.2500
v 1.2500 4.1000 1.1500
v 1.2500 4.2000 1.1500
v 1.2500 4.2000 1.2500
v 1.2500 4.3000 1.1500
v 1.2500 4.3000 1.2500
v 1.2500 4.4000 1.1500
v 1.2500 4.4000 1.2500
v 1.2500 3.8000 1.1500
v 1.2500 3.8000 1.0500
v 1.2500 3.9000 1.0500
v 1.2500 3.9000 1.1500
v 1.2500 4.0000 1.0500
v 1.2500 4.0000 1.1500
v 1.2500 4.5000 1.1500
v 1.2500 4.5000 1.0500
v 1.2500 4.6000 1.0500
v 1.2500 4.6000 1.1500
v 1.2500 4.7000 1.0500
v 1.2500 4.7000 1.1500
v 1.2500 3.7000 1.0500
v 1.2500 3.7000 0.9500
v 1.2500 3.8000 0.9500
v 1.2500 4.7000 0.9500
v 1.2500 4.8000 0.9500
v 1.2500 4.8000 1.0500
v 1.2500 3.6000 0.9500
v 1.2500 3.6000 0.8500
v 1.2500 3.7000 0.8500
v 1.2500 4.8000 0.8500
v 1.2500 4.9000 0.8500
v 1.2500 4.9000 0.9500
v 1.2500 3.5000 0.8500
v 1.2500 3.5000 0.7500
v 1.2500 3.6000 0.7500
v 1.2500 4.9000 0.7500
v 1.2500 5.0000 0.7500
v 1.2500 5.0000 0.8500
v 1.2500 3.5000 0.6500
v 1.2500 3.6000 0.6500
v 1.2500 4.9000 0.6500
v 1.2500 5.0000 0.6500
v 1.2500 3.5000 0.5500
v 1.2500 5.0000 0.5500
v 1.2500 3.4000 0.5500
v 1.2500 5.0000 0.4500
v 1.2500 5.1000 0.4500
v 1.2500 5.1000 0.5500
v 1.2500 5.0000 0.3500
v 1.2500 5.1000 0.3500
v 1.2500 5.0000 0.2500
v 1.2500 5.1000 0.2500
v 1.2500 5.0000 0.1500
v 1.2500 4.9000 0.1500
v 1.2500 4.9000 0.0500
v 1.2500 5.0000 0.0500
v 1.2500 4.9000 -0.0500
v 1.2500 5.0000 -0.0500
v 1.2500 4.8000 -0.0500
v 1.2500 4.8000 -0.1500
v 1.2500 4.9000 -0.1500
v 1.2500 4.7000 -0.1500
v 1.2500 4.8000 -0.2500
v 1.3500 4.0000 1.1500
v 1.3500 4.0000 1.0500
v 1.3500 4.1000 1.0500
v 1.3500 4.1000 1.1500
v 1.3500 4.2000 1.0500
v 1.3500 4.2000 1.1500
v 1.3500 4.3000 1.0500
v 1.3500 4.3000 1.1500
v 1.3500 4.4000 1.0500
v 1.3500 4.4000 1.1500
v 1.3500 4.5000 1.0500
v 1.3500 4.5000 1.1500
v 1.3500 3.8000 1.0500
v 1.3500 3.8000 0.9500
v 1.3500 3.9000 0.9500
v 1.3500 3.9000 1.0500
v 1.3500 4.6000 1.0500
v 1.3500 4.6000 0.9500
v 1.3500 4.7000 0.9500
v 1.3500 4.7000 1.0500
v 1.3500 3.7000 0.9500
v 1.3500 3.7000 0.8500
v 1.3500 3.8000 0.8500
v 1.3500 4.7000 0.8500
v 1.3500 4.8000 0.8500
v 1.3500 4.8000 0.9500
v 1.3500 3.6000 0.8500
v 1.3500 3.6000 0.7500
v 1.3500 3.7000 0.7500
v 1.3500 4.8000 0.7500
v 1.3500 4.9000 0.7500
v 1.3500 4.9000 0.8500
v 1.3500 3.6000 0.6500
v 1.3500 4.9000 0.6500
v 1.3500 3.5000 0.6500
v 1.3500 3.5000 0.5500
v 1.3500 3.6000 0.5500
v 1.3500 4.9000 0.5500
v 1.3500 5.0000 0.5500
v 1.3500 5.0000 0.6500
v 1.3500 3.5000 0.4500
v 1.3500 3.6000 0.4500
v 1.3500 4.9000 0.4500
v 1.3500 5.0000 0.4500
v 1.3500 3.5000 0.3500
v 1.3500 3.6000 0.3500
v 1.3500 4.9000 0.3500
v 1.3500 5.0000 0.3500
v 1.3500 3.5000 0.2500
v 1.3500 3.6000 0.2500
v 1.3500 4.9000 0.2500
v 1.3500 5.0000 0.2500
v 1.3500 4.9000 0.1500
v 1.3500 5.0000 0.1500
v 1.3500 4.9000 0.0500
v 1.3500 4.8000 0.0500
v 1.3500 4.8000 -0.0500
v 1.3500 4.9000 -0.0500
v 1.3500 4.7000 -0.0500
v 1.3500 4.7000 -0.1500
v 1.3500 4.8000 -0.1500
v 1.3500 4.6000 -0.2500
v 1.3500 4.6000 -0.1500
v 1.3500 4.7000 -0.2500
v 1.4500 3.9000 1.0500
v 1.4500 3.9000 0.9500
v 1.4500 4.0000 0.9500
v 1.4500 4.0000 1.0500
v 1.4500 4.1000 0.9500
v 1.4500 4.1000 1.0500
v 1.4500 4.2000 0.9500
v 1.4500 4.2000 1.0500
v 1.4500 4.3000 0.9500
v 1.4500 4.3000 1.0500
v 1.4500 4.4000 0.9500
v 1.4500 4.4000 1.0500
v 1.4500 4.5000 0.9500
v 1.4500 4.5000 1.0500
v 1.4500 4.6000 0.9500
v 1.4500 4.6000 1.0500
v 1.4500 3.8000 0.9500
v 1.4500 3.8000 0.8500
v 1.4500 3.9000 0.8500
v 1.4500 4.0000 0.8500
v 1.4500 4.5000 0.8500
v 1.4500 4.6000 0.8500
v 1.4500 4.7000 0.8500
v 1.4500 4.7000 0.9500
v 1.4500 3.7000 0.8500
v 1.4500 3.7000 0.7500
v 1.4500 3.8000 0.7500
v 1.4500 4.7000 0.7500
v 1.4500 4.8000 0.7500
v 1.4500 4.8000 0.8500
v 1.4500 3.6000 0.7500
v 1.4500 3.6000 0.6500
v 1.4500 3.7000 0.6500
v 1.4500 3.8000 0.6500
v 1.4500 4.7000 0.6500
v 1.4500 4.8000 0.6500
v 1.4500 4.9000 0.6500
v 1.4500 4.9000 0.7500
v 1.4500 3.6000 0.5500
v 1.4500 3.7000 0.5500
v 1.4500 4.8000 0.5500
v 1.4500 4.9000 0.5500
v 1.4500 3.6000 0.4500
v 1.4500 3.7000 0.4500
v 1.4500 4.8000 0.4500
v 1.4500 4.9000 0.4500
v 1.4500 3.6000 0.3500
v 1.4500 3.7000 0.3500
v 1.4500 4.8000 0.3500
v 1.4500 4.9000 0.3500
v 1.4500 3.6000 0.2500
v 1.4500 3.7000 0.2500
v 1.4500 4.8000 0.2500
v 1.4500 4.9000 0.2500
v 1.4500 3.6000 0.1500
v 1.4500 3.7000 0.1500
v 1.4500 4.8000 0.1500
v 1.4500 4.9000 0.1500
v 1.4500 3.6000 0.0500
v 1.4500 3.7000 0.0500
v 1.4500 3.8000 0.0500
v 1.4500 3.8000 0.1500
v 1.4500 4.7000 0.1500
v 1.4500 4.7000 0.0500
v 1.4500 4.8000 0.0500
v 1.4500 4.9000 0.0500
v 1.4500 3.7000 -0.0500
v 1.4500 3.8000 -0.0500
v 1.4500 4.7000 -0.0500
v 1.4500 4.8000 -0.0500
v 1.4500 3.8000 -0.1500
v 1.4500 3.9000 -0.1500
v 1.4500 3.9000 -0.0500
v 1.4500 4.0000 -0.1500
v 1.4500 4.0000 -0.0500
v 1.4500 4.5000 -0.0500
v 1.4500 4.5000 -0.1500
v 1.4500 4.6000 -0.1500
v 1.4500 4.6000 -0.0500
v 1.4500 4.7000 -0.1500
v 1.4500 3.9000 -0.2500
v 1.4500 4.0000 -0.2500
v 1.4500 4.1000 -0.2500
v 1.4500 4.1000 -0.1500
v 1.4500 4.2000 -0.2500
v 1.4500 4.2000 -0.1500
v 1.4500 4.3000 -0.2500
v 1.4500 4.3000 -0.1500
v 1.4500 4.4000 -0.2500
v 1.4500 4.4000 -0.1500
v 1.4500 4.5000 -0.2500
v 1.4500 4.6000 -0.2500
v 1.5500 4.0000 0.9500
v 1.5500 4.0000 0.8500
v 1.5500 4.1000 0.8500
v 1.5500 4.1000 0.9500
v 1.5500 4.2000 0.8500
v 1.5500 4.2000 0.9500
v 1.5500 4.3000 0.8500
v 1.5500 4.3000 0.9500
v 1.5500 4.4000 0.8500
v 1.5500 4.4000 0.9500
v 1.5500 4.5000 0.8500
v 1.5500 4.5000 0.9500
v 1.5500 3.8000 0.8500
v 1.5500 3.8000 0.7500
v 1.5500 3.9000 0.7500
v 1.5500 3.9000 0.8500
v 1.5500 4.0000 0.7500
v 1.5500 4.1000 0.7500
v 1.5500 4.4000 0.7500
v 1.5500 4.5000 0.7500
v 1.5500 4.6000 0.7500
v 1.5500 4.6000 0.8500
v 1.5500 4.7000 0.7500
v 1.5500 4.7000 0.8500
v 1.5500 3.8000 0.6500
v 1.5500 3.9000 0.6500
v 1.5500 4.0000 0.6500
v 1.5500 4.5000 0.6500
v 1.5500 4.6000 0.6500
v 1.5500 4.7000 0.6500
v 1.5500 3.7000 0.6500
v 1.5500 3.7000 0.5500
v 1.5500 3.8000 0.5500
v 1.5500 3.9000 0.5500
v 1.5500 4.6000 0.5500
v 1.5500 4.7000 0.5500
v 1.5500 4.8000 0.5500
v 1.5500 4.8000 0.6500
v 1.5500 3.7000 0.4500
v 1.5500 3.8000 0.4500
v 1.5500 4.7000 0.4500
v 1.5500 4.8000 0.4500
v 1.5500 3.7000 0.3500
v 1.5500 3.8000 0.3500
v 1.5500 4.7000 0.3500
v 1.5500 4.8000 0.3500
v 1.5500 3.7000 0.2500
v 1.5500 3.8000 0.2500
v 1.5500 4.7000 0.2500
v 1.5500 4.8000 0.2500
v 1.5500 3.7000 0.1500
v 1.5500 3.8000 0.1500
v 1.5500 3.9000 0.1500
v 1.5500 3.9000 0.2500
v 1.5500 4.6000 0.2500
v 1.5500 4.6000 0.1500
v 1.5500 4.7000 0.1500
v 1.5500 4.8000 0.1500
v 1.5500 3.8000 0.0500
v 1.5500 3.9000 0.0500
v 1.5500 4.0000 0.0500
v 1.5500 4.0000 0.1500
v 1.5500 4.5000 0.1500
v 1.5500 4.5000 0.0500
v 1.5500 4.6000 0.0500
v 1.5500 4.7000 0.0500
v 1.5500 3.8000 -0.0500
v 1.5500 3.9000 -0.0500
v 1.5500 4.0000 -0.0500
v 1.5500 4.1000 -0.0500
v 1.5500 4.1000 0.0500
v 1.5500 4.4000 0.0500
v 1.5500 4.4000 -0.0500
v 1.5500 4.5000 -0.0500
v 1.5500 4.6000 -0.0500
v 1.5500 4.7000 -0.0500
v 1.5500 4.0000 -0.1500
v 1.5500 4.1000 -0.1500
v 1.5500 4.2000 -0.1500
v 1.5500 4.2000 -0.0500
v 1.5500 4.3000 -0.1500
v 1.5500 4.3000 -0.0500
v 1.5500 4.4000 -0.1500
v 1.5500 4.5000 -0.1500
v 1.6500 4.1000 0.8500
v 1.6500 4.1000 0.7500
v 1.6500 4.2000 0.7500
v 1.6500 4.2000 0.8500
v 1.6500 4.3000 0.7500
v 1.6500 4.3000 0.8500
v 1.6500 4.4000 0.7500
v 1.6500 4.4000 0.8500
v 1.6500 4.0000 0.7500
v 1.6500 4.0000 0.6500
v 1.6500 4.1000 0.6500
v 1.6500 4.2000 0.6500
v 1.6500 4.3000 0.6500
v 1.6500 4.4000 0.6500
v 1.6500 4.5000 0.6500
v 1.6500 4.5000 0.7500
v 1.6500 3.9000 0.6500
v 1.6500 3.9000 0.5500
v 1.6500 4.0000 0.5500
v 1.6500 4.1000 0.5500
v 1.6500 4.2000 0.5500
v 1.6500 4.3000 0.5500
v 1.6500 4.4000 0.5500
v 1.6500 4.5000 0.5500
v 1.6500 4.6000 0.5500
v 1.6500 4.6000 0.6500
v 1.6500 3.8000 0.5500
v 1.6500 3.8000 0.4500
v 1.6500 3.9000 0.4500
v 1.6500 4.0000 0.4500
v 1.6500 4.1000 0.4500
v 1.6500 4.2000 0.4500
v 1.6500 4.3000 0.4500
v 1.6500 4.4000 0.4500
v 1.6500 4.5000 0.4500
v 1.6500 4.6000 0.4500
v 1.6500 4.7000 0.4500
v 1.6500 4.7000 0.5500
v 1.6500 3.8000 0.3500
v 1.6500 3.9000 0.3500
v 1.6500 4.0000 0.3500
v 1.6500 4.1000 0.3500
v 1.6500 4.2000 0.3500
v 1.6500 4.3000 0.3500
v 1.6500 4.4000 0.3500
v 1.6500 4.5000 0.3500
v 1.6500 4.6000 0.3500
v 1.6500 4.7000 0.3500
v 1.6500 3.8000 0.2500
v 1.6500 3.9000 0.2500
v 1.6500 4.0000 0.2500
v 1.6500 4.1000 0.2500
v 1.6500 4.2000 0.2500
v 1.6500 4.3000 0.2500
v 1.6500 4.4000 0.2500
v 1.6500 4.5000 0.2500
v 1.6500 4.6000 0.2500
v 1.6500 4.7000 0.2500
v 1.6500 3.9000 0.1500
v 1.6500 4.0000 0.1500
v 1.6500 4.1000 0.1500
v 1.6500 4.2000 0.1500
v 1.6500 4.3000 0.1500
v 1.6500 4.4000 0.1500
v 1.6500 4.5000 0.1500
v 1.6500 4.6000 0.1500
v 1.6500 4.0000 0.0500
v 1.6500 4.1000 0.0500
v 1.6500 4.2000 0.0500
v 1.6500 4.3000 0.0500
v 1.6500 4.4000 0.0500
v 1.6500 4.5000 0.0500
v 1.6500 4.1000 -0.0500
v 1.6500 4.2000 -0.0500
v 1.6500 4.3000 -0.0500
v 1.6500 4.4000 -0.0500
v 1.7500 4.2000 0.4500
v 1.7500 4.2000 0.3500
v 1.7500 4.3000 0.3500
v 1.7500 4.3000 0.4500
v -0.8500 5.3000 0.1500
v -0.8500 5.3000 0.0500
v -0.7500 5.3000 0.1500
v -0.7500 5.3000 0.0500
v -0.8500 5.3000 -0.0500
v -0.7500 5.3000 -0.0500
v -0.8500 5.3000 -0.1500
v -0.7500 5.3000 -0.1500
v -0.7500 5.3000 0.4500
v -0.7500 5.3000 0.3500
v -0.6500 5.3000 0.4500
v -0.6500 5.3000 0.3500
v -0.7500 5.3000 0.2500
v -0.6500 5.3000 0.2500
v -0.7500 5.4000 0.2500
v -0.7500 5.4000 0.1500
v -0.6500 5.4000 0.2500
v -0.6500 5.4000 0.1500
v -0.7500 5.4000 0.0500
v -0.6500 5.4000 0.0500
v -0.7500 5.4000 -0.0500
v -0.6500 5.4000 -0.0500
v -0.7500 5.4000 -0.1500
v -0.6500 5.4000 -0.1500
v -0.7500 5.3000 -0.2500
v -0.7500 5.4000 -0.2500
v -0.6500 5.4000 -0.2500
v -0.6500 5.3000 -0.2500
v -0.6500 5.3000 -0.3500
v -0.6500 5.3000 -0.4500
v -0.6500 5.3000 0.5500
v -0.5500 5.3000 0.5500
v -0.5500 5.3000 0.4500
v -0.6500 5.4000 0.4500
v -0.6500 5.4000 0.3500
v -0.5500 5.4000 0.4500
v -0.5500 5.4000 0.3500
v -0.6500 5.5000 0.3500
v -0.6500 5.5000 0.2500
v -0.5500 5.5000 0.3500
v -0.5500 5.5000 0.2500
v -0.6500 5.5000 0.1500
v -0.5500 5.5000 0.1500
v -0.6500 5.5000 0.0500
v -0.5500 5.5000 0.0500
v -0.6500 5.5000 -0.0500
v -0.5500 5.5000 -0.0500
v -0.6500 5.5000 -0.1500
v -0.5500 5.5000 -0.1500
v -0.6500 5.5000 -0.2500
v -0.5500 5.5000 -0.2500
v -0.6500 5.4000 -0.3500
v -0.6500 5.5000 -0.3500
v -0.5500 5.5000 -0.3500
v -0.5500 5.4000 -0.3500
v -0.6500 5.4000 -0.4500
v -0.5500 5.4000 -0.4500
v -0.5500 5.3000 -0.4500
v -0.6500 5.3000 -0.5500
v -0.5500 5.3000 -0.5500
v -0.5500 5.3000 0.6500
v -0.4500 5.3000 0.6500
v -0.4500 5.3000 0.5500
v -0.5500 5.4000 0.5500
v -0.4500 5.4000 0.5500
v -0.4500 5.4000 0.4500
v -0.5500 5.5000 0.4500
v -0.4500 5.5000 0.4500
v -0.4500 5.5000 0.3500
v -0.4500 5.5000 0.2500
v -0.5500 5.6000 0.2500
v -0.5500 5.6000 0.1500
v -0.4500 5.6000 0.2500
v -0.4500 5.6000 0.1500
v -0.5500 5.6000 0.0500
v -0.4500 5.6000 0.0500
v -0.5500 5.6000 -0.0500
v -0.4500 5.6000 -0.0500
v -0.5500 5.6000 -0.1500
v -0.4500 5.6000 -0.1500
v -0.5500 5.6000 -0.2500
v -0.4500 5.6000 -0.2500
v -0.4500 5.5000 -0.2500
v -0.4500 5.5000 -0.3500
v -0.5500 5.5000 -0.4500
v -0.4500 5.5000 -0.4500
v -0.4500 5.4000 -0.4500
v -0.5500 5.4000 -0.5500
v -0.4500 5.4000 -0.5500
v -0.4500 5.3000 -0.5500
v -0.5500 5.3000 -0.6500
v -0.4500 5.3000 -0.6500
v -0.4500 5.3000 0.7500
v -0.3500 5.3000 0.7500
v -0.3500 5.3000 0.6500
v -0.4500 5.4000 0.6500
v -0.3500 5.4000 0.6500
v -0.3500 5.4000 0.5500
v -0.4500 5.5000 0.5500
v -0.3500 5.5000 0.5500
v -0.3500 5.5000 0.4500
v -0.4500 5.6000 0.4500
v -0.4500 5.6000 0.3500
v -0.3500 5.6000 0.4500
v -0.3500 5.6000 0.3500
v -0.3500 5.6000 0.2500
v -0.3500 5.6000 0.1500
v -0.4500 5.7000 0.1500
v -0.4500 5.7000 0.0500
v -0.3500 5.7000 0.1500
v -0.3500 5.7000 0.0500
v -0.4500 5.7000 -0.0500
v -0.3500 5.7000 -0.0500
v -0.4500 5.7000 -0.1500
v -0.3500 5.7000 -0.1500
v -0.3500 5.6000 -0.1500
v -0.3500 5.6000 -0.2500
v -0.4500 5.6000 -0.3500
v -0.3500 5.6000 -0.3500
v -0.4500 5.6000 -0.4500
v -0.3500 5.6000 -0.4500
v -0.3500 5.5000 -0.4500
v -0.4500 5.5000 -0.5500
v -0.3500 5.5000 -0.5500
v -0.3500 5.4000 -0.5500
v -0.4500 5.4000 -0.6500
v -0.3500 5.4000 -0.6500
v -0.3500 5.3000 -0.6500
v -0.4500 5.3000 -0.7500
v -0.3500 5.3000 -0.7500
v -0.2500 5.3000 0.7500
v -0.2500 5.3000 0.6500
v -0.2500 5.4000 0.6500
v -0.3500 5.5000 0.6500
v -0.2500 5.5000 0.6500
v -0.2500 5.5000 0.5500
v -0.2500 5.5000 0.4500
v -0.2500 5.6000 0.4500
v -0.2500 5.6000 0.3500
v -0.2500 5.6000 0.2500
v -0.3500 5.7000 0.2500
v -0.2500 5.7000 0.2500
v -0.2500 5.7000 0.1500
v -0.2500 5.7000 0.0500
v -0.2500 5.7000 -0.0500
v -0.2500 5.7000 -0.1500
v -0.3500 5.7000 -0.2500
v -0.2500 5.7000 -0.2500
v -0.2500 5.6000 -0.2500
v -0.2500 5.6000 -0.3500
v -0.2500 5.6000 -0.4500
v -0.2500 5.5000 -0.4500
v -0.2500 5.5000 -0.5500
v -0.2500 5.4000 -0.6500
v -0.2500 5.3000 -0.6500
v -0.3500 5.5000 -0.6500
v -0.2500 5.5000 -0.6500
v -0.2500 5.3000 -0.7500
v -0.1500 5.3000 0.7500
v -0.2500 5.4000 0.7500
v -0.1500 5.4000 0.7500
v -0.1500 5.4000 0.6500
v -0.1500 5.5000 0.6500
v -0.1500 5.5000 0.5500
v -0.2500 5.6000 0.5500
v -0.1500 5.6000 0.5500
v -0.1500 5.6000 0.4500
v -0.1500 5.6000 0.3500
v -0.2500 5.7000 0.3500
v -0.1500 5.7000 0.3500
v -0.1500 5.7000 0.2500
v -0.1500 5.7000 0.1500
v -0.1500 5.7000 0.0500
v -0.1500 5.7000 -0.0500
v -0.1500 5.7000 -0.1500
v -0.1500 5.7000 -0.2500
v -0.2500 5.7000 -0.3500
v -0.1500 5.7000 -0.3500
v -0.1500 5.6000 -0.3500
v -0.1500 5.6000 -0.4500
v -0.2500 5.6000 -0.5500
v -0.1500 5.6000 -0.5500
v -0.1500 5.5000 -0.5500
v -0.1500 5.5000 -0.6500
v -0.1500 5.4000 -0.6500
v -0.1500 5.3000 -0.7500
v -0.2500 5.4000 -0.7500
v -0.1500 5.4000 -0.7500
v -0.1500 5.3000 0.8500
v -0.0500 5.3000 0.8500
v -0.0500 5.3000 0.7500
v -0.0500 5.4000 0.7500
v -0.0500 5.4000 0.6500
v -0.0500 5.5000 0.6500
v -0.0500 5.5000 0.5500
v -0.0500 5.6000 0.5500
v -0.0500 5.6000 0.4500
v -0.1500 5.7000 0.4500
v -0.0500 5.7000 0.4500
v -0.0500 5.7000 0.3500
v -0.0500 5.7000 0.2500
v -0.0500 5.7000 0.1500
v -0.0500 5.7000 0.0500
v -0.0500 5.7000 -0.0500
v -0.0500 5.7000 -0.1500
v -0.0500 5.7000 -0.2500
v -0.0500 5.7000 -0.3500
v -0.1500 5.7000 -0.4500
v -0.0500 5.7000 -0.4500
v -0.0500 5.6000 -0.4500
v -0.0500 5.6000 -0.5500
v -0.0500 5.5000 -0.5500
v -0.0500 5.5000 -0.6500
v -0.0500 5.4000 -0.6500
v -0.0500 5.4000 -0.7500
v -0.0500 5.3000 -0.7500
v -0.1500 5.3000 -0.8500
v -0.0500 5.3000 -0.8500
v 0.0500 5.3000 0.8500
v 0.0500 5.3000 0.7500
v 0.0500 5.4000 0.7500
v 0.0500 5.4000 0.6500
v 0.0500 5.5000 0.6500
v 0.0500 5.5000 0.5500
v 0.0500 5.6000 0.5500
v 0.0500 5.6000 0.4500
v 0.0500 5.7000 0.4500
v 0.0500 5.7000 0.3500
v 0.0500 5.7000 0.2500
v 0.0500 5.7000 0.1500
v 0.0500 5.7000 0.0500
v 0.0500 5.7000 -0.0500
v 0.0500 5.8000 -0.0500
v 0.0500 5.8000 0.0500
v -0.0500 5.8000 0.0500
v -0.0500 5.8000 -0.0500
v 0.0500 5.7000 -0.1500
v 0.0500 5.7000 -0.2500
v 0.0500 5.7000 -0.3500
v 0.0500 5.7000 -0.4500
v 0.0500 5.6000 -0.4500
v 0.0500 5.6000 -0.5500
v 0.0500 5.5000 -0.5500
v 0.0500 5.5000 -0.6500
v 0.0500 5.4000 -0.6500
v 0.0500 5.4000 -0.7500
v 0.0500 5.3000 -0.7500
v 0.0500 5.3000 -0.8500
v 0.1500 5.3000 0.7500
v 0.1500 5.3000 0.8500
v 0.1500 5.4000 0.7500
v 0.1500 5.4000 0.6500
v 0.1500 5.5000 0.6500
v 0.1500 5.5000 0.5500
v 0.1500 5.6000 0.5500
v 0.1500 5.6000 0.4500
v 0.1500 5.6000 0.3500
v 0.1500 5.7000 0.3500
v 0.1500 5.7000 0.4500
v 0.1500 5.7000 0.2500
v 0.1500 5.7000 0.1500
v 0.1500 5.7000 0.0500
v 0.1500 5.7000 -0.0500
v 0.1500 5.7000 -0.1500
v 0.1500 5.7000 -0.2500
v 0.1500 5.7000 -0.3500
v 0.1500 5.6000 -0.3500
v 0.1500 5.6000 -0.4500
v 0.1500 5.7000 -0.4500
v 0.1500 5.6000 -0.5500
v 0.1500 5.5000 -0.5500
v 0.1500 5.5000 -0.6500
v 0.1500 5.4000 -0.6500
v 0.1500 5.4000 -0.7500
v 0.1500 5.3000 -0.7500
v 0.1500 5.3000 -0.8500
v 0.2500 5.3000 0.7500
v 0.2500 5.3000 0.6500
v 0.2500 5.4000 0.6500
v 0.2500 5.4000 0.7500
v 0.2500 5.5000 0.6500
v 0.2500 5.5000 0.5500
v 0.2500 5.5000 0.4500
v 0.2500 5.6000 0.4500
v 0.2500 5.6000 0.5500
v 0.2500 5.6000 0.3500
v 0.2500 5.6000 0.2500
v 0.2500 5.7000 0.2500
v 0.2500 5.7000 0.3500
v 0.2500 5.7000 0.1500
v 0.2500 5.7000 0.0500
v 0.2500 5.7000 -0.0500
v 0.2500 5.7000 -0.1500
v 0.2500 5.7000 -0.2500
v 0.2500 5.6000 -0.2500
v 0.2500 5.6000 -0.3500
v 0.2500 5.7000 -0.3500
v 0.2500 5.6000 -0.4500
v 0.2500 5.5000 -0.4500
v 0.2500 5.5000 -0.5500
v 0.2500 5.6000 -0.5500
v 0.2500 5.5000 -0.6500
v 0.2500 5.4000 -0.6500
v 0.2500 5.3000 -0.7500
v 0.2500 5.3000 -0.6500
v 0.2500 5.4000 -0.7500
v 0.3500 5.3000 0.7500
v 0.3500 5.3000 0.6500
v 0.3500 5.4000 0.6500
v 0.3500 5.4000 0.5500
v 0.3500 5.5000 0.5500
v 0.3500 5.5000 0.6500
v 0.3500 5.5000 0.4500
v 0.3500 5.6000 0.4500
v 0.3500 5.6000 0.3500
v 0.3500 5.6000 0.2500
v 0.3500 5.6000 0.1500
v 0.3500 5.7000 0.1500
v 0.3500 5.7000 0.2500
v 0.3500 5.7000 0.0500
v 0.3500 5.7000 -0.0500
v 0.3500 5.7000 -0.1500
v 0.3500 5.6000 -0.1500
v 0.3500 5.6000 -0.2500
v 0.3500 5.7000 -0.2500
v 0.3500 5.6000 -0.3500
v 0.3500 5.6000 -0.4500
v 0.3500 5.5000 -0.4500
v 0.3500 5.5000 -0.5500
v 0.3500 5.4000 -0.6500
v 0.3500 5.3000 -0.6500
v 0.3500 5.4000 -0.5500
v 0.3500 5.5000 -0.6500
v 0.3500 5.3000 -0.7500
v 0.4500 5.3000 0.6500
v 0.4500 5.3000 0.7500
v 0.4500 5.3000 0.5500
v 0.4500 5.4000 0.5500
v 0.4500 5.4000 0.6500
v 0.4500 5.4000 0.4500
v 0.4500 5.5000 0.4500
v 0.4500 5.5000 0.5500
v 0.4500 5.5000 0.3500
v 0.4500 5.6000 0.3500
v 0.4500 5.6000 0.4500
v 0.4500 5.5000 0.2500
v 0.4500 5.6000 0.2500
v 0.4500 5.6000 0.1500
v 0.4500 5.6000 0.0500
v 0.4500 5.7000 0.0500
v 0.4500 5.7000 0.1500
v 0.4500 5.6000 -0.0500
v 0.4500 5.7000 -0.0500
v 0.4500 5.6000 -0.1500
v 0.4500 5.7000 -0.1500
v 0.4500 5.6000 -0.2500
v 0.4500 5.5000 -0.2500
v 0.4500 5.5000 -0.3500
v 0.4500 5.6000 -0.3500
v 0.4500 5.5000 -0.4500
v 0.4500 5.6000 -0.4500
v 0.4500 5.4000 -0.4500
v 0.4500 5.4000 -0.5500
v 0.4500 5.5000 -0.5500
v 0.4500 5.3000 -0.5500
v 0.4500 5.3000 -0.6500
v 0.4500 5.4000 -0.6500
v 0.4500 5.3000 -0.7500
v 0.5500 5.3000 0.5500
v 0.5500 5.3000 0.6500
v 0.5500 5.3000 0.4500
v 0.5500 5.4000 0.4500
v 0.5500 5.4000 0.5500
v 0.5500 5.4000 0.3500
v 0.5500 5.5000 0.3500
v 0.5500 5.5000 0.4500
v 0.5500 5.5000 0.2500
v 0.5500 5.5000 0.1500
v 0.5500 5.6000 0.1500
v 0.5500 5.6000 0.2500
v 0.5500 5.5000 0.0500
v 0.5500 5.6000 0.0500
v 0.5500 5.5000 -0.0500
v 0.5500 5.6000 -0.0500
v 0.5500 5.5000 -0.1500
v 0.5500 5.6000 -0.1500
v 0.5500 5.5000 -0.2500
v 0.5500 5.6000 -0.2500
v 0.5500 5.5000 -0.3500
v 0.5500 5.4000 -0.3500
v 0.5500 5.4000 -0.4500
v 0.5500 5.5000 -0.4500
v 0.5500 5.3000 -0.4500
v 0.5500 5.3000 -0.5500
v 0.5500 5.4000 -0.5500
v 0.5500 5.3000 -0.6500
v 0.6500 5.3000 0.4500
v 0.6500 5.3000 0.5500
v 0.6500 5.3000 0.3500
v 0.6500 5.4000 0.3500
v 0.6500 5.4000 0.4500
v 0.6500 5.3000 0.2500
v 0.6500 5.4000 0.2500
v 0.6500 5.5000 0.2500
v 0.6500 5.5000 0.3500
v 0.6500 5.4000 0.1500
v 0.6500 5.5000 0.1500
v 0.6500 5.4000 0.0500
v 0.6500 5.5000 0.0500
v 0.6500 5.4000 -0.0500
v 0.6500 5.5000 -0.0500
v 0.6500 5.4000 -0.1500
v 0.6500 5.5000 -0.1500
v 0.6500 5.4000 -0.2500
v 0.6500 5.5000 -0.2500
v 0.6500 5.3000 -0.2500
v 0.6500 5.3000 -0.3500
v 0.6500 5.4000 -0.3500
v 0.6500 5.5000 -0.3500
v 0.6500 5.3000 -0.4500
v 0.6500 5.4000 -0.4500
v 0.6500 5.3000 -0.5500
v 0.7500 5.3000 0.3500
v 0.7500 5.3000 0.4500
v 0.7500 5.3000 0.2500
v 0.7500 5.3000 0.1500
v 0.7500 5.4000 0.1500
v 0.7500 5.4000 0.2500
v 0.7500 5.3000 0.0500
v 0.7500 5.4000 0.0500
v 0.7500 5.3000 -0.0500
v 0.7500 5.4000 -0.0500
v 0.7500 5.3000 -0.1500
v 0.7500 5.4000 -0.1500
v 0.7500 5.3000 -0.2500
v 0.7500 5.4000 -0.2500
v 0.7500 5.3000 -0.3500
v 0.7500 5.3000 -0.4500
v 0.8500 5.3000 0.0500
v 0.8500 5.3000 0.1500
v 0.8500 5.3000 -0.0500
v 0.8500 5.3000 -0.1500
v -0.9500 2.9000 0.1500
v -0.9500 2.9000 0.0500
v -0.8500 2.9000 0.0500
v -0.9500 2.9000 -0.0500
v -0.8500 2.9000 -0.0500
v -0.9500 2.9000 -0.1500
v -0.8500 2.9000 0.4500
v -0.7500 2.9000 0.3500
v -0.8500 2.8000 0.3500
v -0.8500 2.8000 0.2500
v -0.7500 2.8000 0.3500
v -0.7500 2.8000 0.2500
v -0.8500 2.8000 0.1500
v -0.7500 2.8000 0.1500
v -0.8500 2.8000 0.0500
v -0.7500 2.8000 0.0500
v -0.8500 2.7000 0.0500
v -0.8500 2.8000 -0.0500
v -0.8500 2.7000 -0.0500
v -0.7500 2.8000 -0.0500
v -0.7500 2.7000 -0.0500
v -0.7500 2.7000 0.0500
v -0.8500 2.8000 -0.1500
v -0.7500 2.8000 -0.1500
v -0.8500 2.8000 -0.2500
v -0.7500 2.8000 -0.2500
v -0.8500 2.8000 -0.3500
v -0.7500 2.9000 -0.3500
v -0.7500 2.8000 -0.3500
v -0.8500 2.9000 -0.4500
v -0.7500 2.8000 0.5500
v -0.7500 2.8000 0.4500
v -0.6500 2.8000 0.5500
v -0.6500 2.8000 0.4500
v -0.6500 2.8000 0.3500
v -0.7500 2.7000 0.3500
v -0.7500 2.7000 0.2500
v -0.6500 2.7000 0.3500
v -0.6500 2.7000 0.2500
v -0.7500 2.7000 0.1500
v -0.6500 2.7000 0.1500
v -0.7500 2.6000 0.1500
v -0.7500 2.6000 0.0500
v -0.6500 2.6000 0.1500
v -0.6500 2.6000 0.0500
v -0.7500 2.6000 -0.0500
v -0.6500 2.6000 -0.0500
v -0.7500 2.7000 -0.1500
v -0.7500 2.6000 -0.1500
v -0.6500 2.7000 -0.1500
v -0.6500 2.6000 -0.1500
v -0.7500 2.7000 -0.2500
v -0.6500 2.7000 -0.2500
v -0.7500 2.7000 -0.3500
v -0.6500 2.8000 -0.3500
v -0.6500 2.7000 -0.3500
v -0.7500 2.8000 -0.4500
v -0.6500 2.8000 -0.4500
v -0.7500 2.8000 -0.5500
v -0.6500 2.8000 -0.5500
v -0.6500 2.8000 0.6500
v -0.5500 2.8000 0.6500
v -0.5500 2.8000 0.5500
v -0.6500 2.7000 0.5500
v -0.6500 2.7000 0.4500
v -0.5500 2.7000 0.5500
v -0.5500 2.7000 0.4500
v -0.5500 2.7000 0.3500
v -0.6500 2.6000 0.3500
v -0.6500 2.6000 0.2500
v -0.5500 2.6000 0.3500
v -0.5500 2.6000 0.2500
v -0.5500 2.6000 0.1500
v -0.5500 2.6000 0.0500
v -0.6500 2.5000 0.0500
v -0.6500 2.5000 -0.0500
v -0.5500 2.6000 -0.0500
v -0.5500 2.5000 -0.0500
v -0.5500 2.5000 0.0500
v -0.5500 2.6000 -0.1500
v -0.6500 2.6000 -0.2500
v -0.5500 2.6000 -0.2500
v -0.6500 2.6000 -0.3500
v -0.5500 2.7000 -0.3500
v -0.5500 2.6000 -0.3500
v -0.6500 2.7000 -0.4500
v -0.5500 2.7000 -0.4500
v -0.6500 2.7000 -0.5500
v -0.5500 2.8000 -0.5500
v -0.5500 2.7000 -0.5500
v -0.6500 2.8000 -0.6500
v -0.5500 2.8000 -0.6500
v -0.5500 2.8000 0.7500
v -0.4500 2.8000 0.7500
v -0.4500 2.8000 0.6500
v -0.5500 2.7000 0.6500
v -0.4500 2.7000 0.6500
v -0.4500 2.7000 0.5500
v -0.5500 2.6000 0.5500
v -0.5500 2.6000 0.4500
v -0.4500 2.6000 0.5500
v -0.4500 2.6000 0.4500
v -0.4500 2.6000 0.3500
v -0.5500 2.5000 0.3500
v -0.5500 2.5000 0.2500
v -0.4500 2.5000 0.3500
v -0.4500 2.5000 0.2500
v -0.5500 2.5000 0.1500
v -0.4500 2.5000 0.1500
v -0.4500 2.5000 0.0500
v -0.4500 2.5000 -0.0500
v -0.5500 2.5000 -0.1500
v -0.4500 2.5000 -0.1500
v -0.5500 2.5000 -0.2500
v -0.4500 2.5000 -0.2500
v -0.5500 2.5000 -0.3500
v -0.4500 2.6000 -0.3500
v -0.4500 2.5000 -0.3500
v -0.5500 2.6000 -0.4500
v -0.4500 2.6000 -0.4500
v -0.5500 2.6000 -0.5500
v -0.4500 2.7000 -0.5500
v -0.4500 2.6000 -0.5500
v -0.5500 2.7000 -0.6500
v -0.4500 2.8000 -0.6500
v -0.4500 2.7000 -0.6500
v -0.5500 2.8000 -0.7500
v -0.4500 2.8000 -0.7500
v -0.4500 2.9000 0.8500
v -0.3500 2.9000 0.7500
v -0.3500 2.8000 0.7500
v -0.3500 2.8000 0.6500
v -0.3500 2.7000 0.6500
v -0.3500 2.7000 0.5500
v -0.3500 2.6000 0.5500
v -0.3500 2.6000 0.4500
v -0.4500 2.5000 0.4500
v -0.3500 2.5000 0.4500
v -0.3500 2.5000 0.3500
v -0.3500 2.5000 0.2500
v -0.3500 2.5000 0.1500
v -0.4500 2.4000 0.1500
v -0.4500 2.4000 0.0500
v -0.3500 2.4000 0.1500
v -0.3500 2.4000 0.0500
v -0.4500 2.4000 -0.0500
v -0.3500 2.4000 -0.0500
v -0.4500 2.4000 -0.1500
v -0.3500 2.5000 -0.1500
v -0.3500 2.4000 -0.1500
v -0.3500 2.5000 -0.2500
v -0.3500 2.5000 -0.3500
v -0.4500 2.5000 -0.4500
v -0.3500 2.6000 -0.4500
v -0.3500 2.5000 -0.4500
v -0.3500 2.7000 -0.5500
v -0.3500 2.6000 -0.5500
v -0.3500 2.8000 -0.6500
v -0.3500 2.7000 -0.6500
v -0.3500 2.9000 -0.7500
v -0.3500 2.8000 -0.7500
v -0.4500 2.9000 -0.8500
v -0.3500 2.8000 0.8500
v -0.2500 2.8000 0.8500
v -0.2500 2.8000 0.7500
v -0.3500 2.7000 0.7500
v -0.2500 2.7000 0.7500
v -0.2500 2.7000 0.6500
v -0.3500 2.6000 0.6500
v -0.2500 2.6000 0.6500
v -0.2500 2.6000 0.5500
v -0.3500 2.5000 0.5500
v -0.2500 2.5000 0.5500
v -0.2500 2.5000 0.4500
v -0.2500 2.5000 0.3500
v -0.3500 2.4000 0.3500
v -0.3500 2.4000 0.2500
v -0.2500 2.4000 0.3500
v -0.3500 2.4000 -0.2500
v -0.2500 2.4000 -0.2500
v -0.3500 2.4000 -0.3500
v -0.2500 2.5000 -0.3500
v -0.2500 2.4000 -0.3500
v -0.2500 2.5000 -0.4500
v -0.3500 2.5000 -0.5500
v -0.2500 2.6000 -0.5500
v -0.2500 2.5000 -0.5500
v -0.3500 2.6000 -0.6500
v -0.2500 2.7000 -0.6500
v -0.2500 2.6000 -0.6500
v -0.3500 2.7000 -0.7500
v -0.2500 2.8000 -0.7500
v -0.2500 2.7000 -0.7500
v -0.3500 2.8000 -0.8500
v -0.2500 2.8000 -0.8500
v -0.1500 2.8000 0.8500
v -0.1500 2.8000 0.7500
v -0.1500 2.7000 0.7500
v -0.1500 2.7000 0.6500
v -0.1500 2.6000 0.6500
v -0.1500 2.6000 0.5500
v -0.1500 2.5000 0.5500
v -0.1500 2.5000 0.4500
v -0.1500 2.5000 0.3500
v -0.1500 2.4000 0.3500
v -0.1500 2.4000 -0.2500
v -0.1500 2.5000 -0.3500
v -0.1500 2.4000 -0.3500
v -0.1500 2.5000 -0.4500
v -0.1500 2.6000 -0.5500
v -0.1500 2.5000 -0.5500
v -0.1500 2.7000 -0.6500
v -0.1500 2.6000 -0.6500
v -0.1500 2.8000 -0.7500
v -0.1500 2.7000 -0.7500
v -0.1500 2.8000 -0.8500
v -0.1500 2.9000 0.9500
v -0.0500 2.9000 0.9500
v -0.0500 2.9000 0.8500
v -0.0500 2.8000 0.8500
v -0.0500 2.8000 0.7500
v -0.1500 2.6000 0.7500
v -0.0500 2.6000 0.7500
v -0.0500 2.7000 0.7500
v -0.0500 2.6000 0.6500
v -0.0500 2.6000 0.5500
v -0.0500 2.5000 0.5500
v -0.0500 2.5000 0.4500
v -0.1500 2.4000 0.4500
v -0.0500 2.4000 0.4500
v -0.0500 2.4000 0.3500
v -0.0500 2.4000 -0.2500
v -0.0500 2.4000 -0.3500
v -0.1500 2.4000 -0.4500
v -0.0500 2.5000 -0.4500
v -0.0500 2.4000 -0.4500
v -0.0500 2.6000 -0.5500
v -0.0500 2.5000 -0.5500
v -0.0500 2.6000 -0.6500
v -0.1500 2.6000 -0.7500
v -0.0500 2.7000 -0.7500
v -0.0500 2.6000 -0.7500
v -0.0500 2.8000 -0.7500
v -0.0500 2.9000 -0.8500
v -0.0500 2.8000 -0.8500
v -0.1500 2.9000 -0.9500
v -0.0500 2.9000 -0.9500
v 0.0500 2.9000 0.9500
v 0.0500 2.9000 0.8500
v 0.0500 2.7000 0.8500
v 0.0500 2.7000 0.7500
v 0.0500 2.8000 0.7500
v 0.0500 2.8000 0.8500
v -0.0500 2.7000 0.8500
v 0.0500 2.6000 0.7500
v 0.0500 2.6000 0.6500
v 0.0500 2.5000 0.6500
v 0.0500 2.5000 0.5500
v 0.0500 2.6000 0.5500
v -0.0500 2.5000 0.6500
v 0.0500 2.5000 0.4500
v 0.0500 2.4000 0.4500
v 0.0500 2.4000 0.3500
v 0.0500 2.4000 -0.2500
v 0.0500 2.4000 -0.3500
v 0.0500 2.5000 -0.4500
v 0.0500 2.4000 -0.4500
v 0.0500 2.5000 -0.5500
v 0.0500 2.5000 -0.6500
v 0.0500 2.6000 -0.6500
v 0.0500 2.6000 -0.5500
v -0.0500 2.5000 -0.6500
v 0.0500 2.7000 -0.7500
v 0.0500 2.6000 -0.7500
v 0.0500 2.7000 -0.8500
v 0.0500 2.8000 -0.8500
v 0.0500 2.8000 -0.7500
v -0.0500 2.7000 -0.8500
v 0.0500 2.9000 -0.8500
v 0.0500 2.9000 -0.9500
v 0.1500 2.9000 0.9500
v 0.1500 2.8000 0.8500
v 0.1500 2.8000 0.7500
v 0.1500 2.6000 0.7500
v 0.1500 2.6000 0.6500
v 0.1500 2.7000 0.6500
v 0.1500 2.7000 0.7500
v 0.1500 2.6000 0.5500
v 0.1500 2.5000 0.5500
v 0.1500 2.5000 0.4500
v 0.1500 2.4000 0.4500
v 0.1500 2.4000 0.3500
v 0.1500 2.5000 0.3500
v 0.1500 2.4000 -0.2500
v 0.1500 2.4000 -0.3500
v 0.1500 2.4000 -0.4500
v 0.1500 2.5000 -0.4500
v 0.1500 2.5000 -0.3500
v 0.1500 2.6000 -0.5500
v 0.1500 2.5000 -0.5500
v 0.1500 2.6000 -0.6500
v 0.1500 2.6000 -0.7500
v 0.1500 2.7000 -0.7500
v 0.1500 2.7000 -0.6500
v 0.1500 2.8000 -0.7500
v 0.1500 2.8000 -0.8500
v 0.1500 2.9000 -0.9500
v 0.2500 2.8000 0.8500
v 0.2500 2.8000 0.7500
v 0.2500 2.7000 0.7500
v 0.2500 2.7000 0.6500
v 0.2500 2.6000 0.6500
v 0.2500 2.6000 0.5500
v 0.2500 2.5000 0.5500
v 0.2500 2.5000 0.4500
v 0.2500 2.5000 0.3500
v 0.2500 2.4000 0.3500
v 0.2500 2.4000 0.2500
v 0.2500 2.4000 0.1500
v 0.2500 2.4000 0.0500
v 0.2500 2.4000 -0.0500
v 0.2500 2.4000 -0.1500
v 0.2500 2.4000 -0.2500
v 0.2500 2.5000 -0.3500
v 0.2500 2.4000 -0.3500
v 0.2500 2.5000 -0.4500
v 0.2500 2.6000 -0.5500
v 0.2500 2.5000 -0.5500
v 0.2500 2.7000 -0.6500
v 0.2500 2.6000 -0.6500
v 0.2500 2.8000 -0.7500
v 0.2500 2.7000 -0.7500
v 0.2500 2.8000 -0.8500
v 0.3500 2.8000 0.8500
v 0.3500 2.8000 0.7500
v 0.3500 2.9000 0.7500
v 0.3500 2.7000 0.7500
v 0.3500 2.7000 0.6500
v 0.3500 2.8000 0.6500
v 0.3500 2.6000 0.6500
v 0.3500 2.6000 0.5500
v 0.3500 2.7000 0.5500
v 0.3500 2.5000 0.5500
v 0.3500 2.5000 0.4500
v 0.3500 2.6000 0.4500
v 0.3500 2.5000 0.3500
v 0.3500 2.4000 0.3500
v 0.3500 2.4000 0.2500
v 0.3500 2.5000 0.2500
v 0.3500 2.4000 0.1500
v 0.3500 2.5000 0.1500
v 0.3500 2.4000 0.0500
v 0.3500 2.4000 -0.0500
v 0.3500 2.4000 -0.1500
v 0.3500 2.4000 -0.2500
v 0.3500 2.5000 -0.2500
v 0.3500 2.5000 -0.1500
v 0.3500 2.4000 -0.3500
v 0.3500 2.5000 -0.3500
v 0.3500 2.5000 -0.4500
v 0.3500 2.5000 -0.5500
v 0.3500 2.6000 -0.5500
v 0.3500 2.6000 -0.4500
v 0.3500 2.6000 -0.6500
v 0.3500 2.7000 -0.6500
v 0.3500 2.7000 -0.5500
v 0.3500 2.7000 -0.7500
v 0.3500 2.8000 -0.7500
v 0.3500 2.8000 -0.6500
v 0.3500 2.8000 -0.8500
v 0.3500 2.9000 -0.7500
v 0.4500 2.9000 0.8500
v 0.4500 2.8000 0.7500
v 0.4500 2.8000 0.6500
v 0.4500 2.7000 0.6500
v 0.4500 2.7000 0.5500
v 0.4500 2.6000 0.5500
v 0.4500 2.6000 0.4500
v 0.4500 2.5000 0.4500
v 0.4500 2.5000 0.3500
v 0.4500 2.6000 0.3500
v 0.4500 2.5000 0.2500
v 0.4500 2.5000 0.1500
v 0.4500 2.4000 0.1500
v 0.4500 2.4000 0.0500
v 0.4500 2.5000 0.0500
v 0.4500 2.4000 -0.0500
v 0.4500 2.5000 -0.0500
v 0.4500 2.4000 -0.1500
v 0.4500 2.5000 -0.1500
v 0.4500 2.5000 -0.2500
v 0.4500 2.5000 -0.3500
v 0.4500 2.5000 -0.4500
v 0.4500 2.6000 -0.4500
v 0.4500 2.6000 -0.3500
v 0.4500 2.7000 -0.5500
v 0.4500 2.6000 -0.5500
v 0.4500 2.8000 -0.6500
v 0.4500 2.7000 -0.6500
v 0.4500 2.8000 -0.7500
v 0.4500 2.9000 -0.8500
v 0.5500 2.8000 0.7500
v 0.5500 2.8000 0.6500
v 0.5500 2.7000 0.6500
v 0.5500 2.7000 0.5500
v 0.5500 2.8000 0.5500
v 0.5500 2.6000 0.5500
v 0.5500 2.6000 0.4500
v 0.5500 2.7000 0.4500
v 0.5500 2.6000 0.3500
v 0.5500 2.7000 0.3500
v 0.5500 2.5000 0.3500
v 0.5500 2.5000 0.2500
v 0.5500 2.6000 0.2500
v 0.5500 2.5000 0.1500
v 0.5500 2.6000 0.1500
v 0.5500 2.5000 0.0500
v 0.5500 2.6000 0.0500
v 0.5500 2.5000 -0.0500
v 0.5500 2.5000 -0.1500
v 0.5500 2.6000 -0.1500
v 0.5500 2.6000 -0.0500
v 0.5500 2.5000 -0.2500
v 0.5500 2.6000 -0.2500
v 0.5500 2.5000 -0.3500
v 0.5500 2.6000 -0.3500
v 0.5500 2.6000 -0.4500
v 0.5500 2.7000 -0.4500
v 0.5500 2.7000 -0.3500
v 0.5500 2.6000 -0.5500
v 0.5500 2.7000 -0.5500
v 0.5500 2.7000 -0.6500
v 0.5500 2.8000 -0.6500
v 0.5500 2.8000 -0.5500
v 0.5500 2.8000 -0.7500
v 0.6500 2.8000 0.6500
v 0.6500 2.8000 0.5500
v 0.6500 2.7000 0.5500
v 0.6500 2.7000 0.4500
v 0.6500 2.8000 0.4500
v 0.6500 2.7000 0.3500
v 0.6500 2.8000 0.3500
v 0.6500 2.6000 0.3500
v 0.6500 2.6000 0.2500
v 0.6500 2.7000 0.2500
v 0.6500 2.6000 0.1500
v 0.6500 2.7000 0.1500
v 0.6500 2.6000 0.0500
v 0.6500 2.5000 0.0500
v 0.6500 2.5000 -0.0500
v 0.6500 2.6000 -0.0500
v 0.6500 2.6000 -0.1500
v 0.6500 2.6000 -0.2500
v 0.6500 2.7000 -0.2500
v 0.6500 2.7000 -0.1500
v 0.6500 2.6000 -0.3500
v 0.6500 2.7000 -0.3500
v 0.6500 2.7000 -0.4500
v 0.6500 2.8000 -0.4500
v 0.6500 2.8000 -0.3500
v 0.6500 2.7000 -0.5500
v 0.6500 2.8000 -0.5500
v 0.6500 2.8000 -0.6500
v 0.7500 2.8000 0.5500
v 0.7500 2.8000 0.4500
v 0.7500 2.8000 0.3500
v 0.7500 2.9000 0.3500
v 0.7500 2.7000 0.3500
v 0.7500 2.7000 0.2500
v 0.7500 2.8000 0.2500
v 0.7500 2.7000 0.1500
v 0.7500 2.8000 0.1500
v 0.7500 2.6000 0.1500
v 0.7500 2.6000 0.0500
v 0.7500 2.7000 0.0500
v 0.7500 2.8000 0.0500
v 0.7500 2.6000 -0.0500
v 0.7500 2.7000 -0.0500
v 0.7500 2.6000 -0.1500
v 0.7500 2.7000 -0.1500
v 0.7500 2.8000 -0.1500
v 0.7500 2.8000 -0.0500
v 0.7500 2.7000 -0.2500
v 0.7500 2.8000 -0.2500
v 0.7500 2.7000 -0.3500
v 0.7500 2.8000 -0.3500
v 0.7500 2.8000 -0.4500
v 0.7500 2.9000 -0.3500
v 0.7500 2.8000 -0.5500
v 0.8500 2.9000 0.4500
v 0.8500 2.8000 0.3500
v 0.8500 2.8000 0.2500
v 0.8500 2.8000 0.1500
v 0.8500 2.8000 0.0500
v 0.8500 2.9000 0.0500
v 0.8500 2.7000 0.0500
v 0.8500 2.7000 -0.0500
v 0.8500 2.8000 -0.0500
v 0.8500 2.9000 -0.0500
v 0.8500 2.8000 -0.1500
v 0.8500 2.8000 -0.2500
v 0.8500 2.8000 -0.3500
v 0.8500 2.9000 -0.4500
v 0.9500 2.9000 0.1500
v 0.9500 2.9000 0.0500
v 0.9500 2.9000 -0.0500
v 0.9500 2.9000 -0.1500
v -0.6500 0.0000 1.1500
v -0.6500 0.0000 1.0500
v -0.6500 0.1000 1.0500
v -0.6500 0.1000 1.1500
v -0.7500 0.0000 1.1500
v -0.7500 0.1000 1.1500
v -0.7500 0.1000 1.0500
v -0.7500 0.0000 1.0500
v 0.9500 0.0000 -0.5500
v 0.9500 0.0000 -0.6500
v 0.9500 0.1000 -0.6500
v 0.9500 0.1000 -0.5500
v 0.8500 0.0000 -0.5500
v 0.8500 0.1000 -0.5500
v 0.8500 0.1000 -0.6500
v 0.8500 0.0000 -0.6500
v -1.2500 0.0000 -0.4500
v -1.2500 0.0000 -0.5500
v -1.2500 0.1000 -0.5500
v -1.2500 0.1000 -0.4500
v -1.3500 0.0000 -0.4500
v -1.3500 0.1000 -0.4500
v -1.3500 0.1000 -0.5500
v -1.3500 0.0000 -0.5500
v 0.5500 0.0000 1.3500
v 0.5500 0.0000 1.2500
v 0.5500 0.1000 1.2500
v 0.5500 0.1000 1.3500
v 0.4500 0.0000 1.3500
v 0.4500 0.1000 1.3500
v 0.4500 0.1000 1.2500
v 0.4500 0.0000 1.2500
usemtl c7
f 5 179 180 6
f 5 7 181 179
f 6 180 182 10
f 10 182 183 13
f 13 183 184 16
f 16 184 185 19
f 19 185 186 22
f 22 186 187 25
f 25 187 188 28
f 28 188 189 31
f 31 189 190 34
f 34 190 191 37
f 37 191 192 40
f 40 192 193 43
f 43 193 194 46
f 46 194 195 49
f 49 195 196 52
f 52 196 197 55
f 55 197 198 58
f 58 198 199 61
f 61 199 200 64
f 64 200 201 67
f 67 201 202 70
f 70 202 203 73
f 73 203 204 76
f 7 79 205 181
f 79 105 206 205
f 132 131 207 208
f 105 132 208 206
f 131 134 209 207
f 134 136 210 209
f 136 138 211 210
f 138 140 212 211
f 140 142 213 212
f 142 144 214 213
f 144 146 215 214
f 146 148 216 215
f 148 150 217 216
f 150 152 218 217
f 152 154 219 218
f 154 156 220 219
f 156 158 221 220
f 158 160 222 221
f 160 162 223 222
f 162 164 224 223
f 164 166 225 224
f 166 168 226 225
f 168 170 227 226
f 170 172 228 227
f 172 174 229 228
f 174 176 230 229
f 176 178 231 230
f 179 232 233 180
f 179 181 234 232
f 180 233 235 182
f 182 235 236 183
f 183 236 237 184
f 184 237 238 185
f 185 238 239 186
f 186 239 240 187
f 187 240 241 188
f 188 241 242 189
f 189 242 243 190
f 190 243 244 191
f 191 244 245 192
f 192 245 246 193
f 193 246 247 194
f 194 247 248 195
f 195 248 249 196
f 196 249 250 197
f 197 250 251 198
f 198 251 252 199
f 199 252 253 200
f 200 253 254 201
f 201 254 255 202
f 202 255 256 203
f 203 256 257 204
f 181 205 258 234
f 205 206 259 258
f 208 207 260 261
f 206 208 261 259
f 207 209 262 260
f 209 210 263 262
f 210 211 264 263
f 211 212 265 264
f 212 213 266 265
f 213 214 267 266
f 214 215 268 267
f 215 216 269 268
f 216 217 270 269
f 217 218 271 270
f 218 219 272 271
f 219 220 273 272
f 220 221 274 273
f 221 222 275 274
f 222 223 276 275
f 223 224 277 276
f 224 225 278 277
f 225 226 279 278
f 226 227 280 279
f 227 228 281 280
f 228 229 282 281
f 229 230 283 282
f 230 231 284 283
f 285 286 287 288
f 232 285 288 233
f 232 234 286 285
f 288 287 289 290
f 233 288 290 235
f 290 289 291 292
f 235 290 292 236
f 292 291 293 294
f 236 292 294 237
f 294 293 295 296
f 237 294 296 238
f 296 295 297 298
f 238 296 298 239
f 298 297 299 300
f 239 298 300 240
f 300 299 301 302
f 240 300 302 241
f 302 301 303 304
f 241 302 304 242
f 304 303 305 306
f 242 304 306 243
f 306 305 307 308
f 243 306 308 244
f 308 307 309 310
f 244 308 310 245
f 310 309 311 312
f 245 310 312 246
f 312 311 313 314
f 246 312 314 247
f 314 313 315 316
f 247 314 316 248
f 316 315 317 318
f 248 316 318 249
f 318 317 319 320
f 249 318 320 250
f 320 319 321 322
f 250 320 322 251
f 322 321 323 324
f 251 322 324 252
f 324 323 325 326
f 252 324 326 253
f 326 325 327 328
f 253 326 328 254
f 328 327 329 330
f 254 328 330 255
f 330 329 331 332
f 255 330 332 256
f 332 331 333 334
f 256 332 334 257
f 286 335 336 287
f 234 258 335 286
f 287 336 337 289
f 289 337 338 291
f 291 338 339 293
f 293 339 340 295
f 295 340 341 297
f 297 341 342 299
f 299 342 343 301
f 301 343 344 303
f 303 344 345 305
f 305 345 346 307
f 307 346 347 309
f 309 347 348 311
f 311 348 349 313
f 313 349 350 315
f 315 350 351 317
f 317 351 352 319
f 319 352 353 321
f 321 353 354 323
f 323 354 355 325
f 325 355 356 327
f 327 356 357 329
f 329 357 358 331
f 331 358 359 333
f 335 360 361 336
f 258 259 360 335
f 336 361 362 337
f 337 362 363 338
f 338 363 364 339
f 339 364 365 340
f 340 365 366 341
f 341 366 367 342
f 342 367 368 343
f 343 368 369 344
f 344 369 370 345
f 345 370 371 346
f 346 371 372 347
f 347 372 373 348
f 348 373 374 349
f 349 374 375 350
f 350 375 376 351
f 351 376 377 352
f 352 377 378 353
f 353 378 379 354
f 354 379 380 355
f 355 380 381 356
f 356 381 382 357
f 357 382 383 358
f 358 383 384 359
f 360 385 386 361
f 261 260 386 385
f 259 261 385 360
f 361 386 387 362
f 260 262 387 386
f 362 387 388 363
f 262 263 388 387
f 363 388 389 364
f 263 264 389 388
f 364 389 390 365
f 264 265 390 389
f 365 390 391 366
f 265 266 391 390
f 366 391 392 367
f 266 267 392 391
f 367 392 393 368
f 267 268 393 392
f 368 393 394 369
f 268 269 394 393
f 369 394 395 370
f 269 270 395 394
f 370 395 396 371
f 270 271 396 395
f 371 396 397 372
f 271 272 397 396
f 372 397 398 373
f 272 273 398 397
f 373 398 399 374
f 273 274 399 398
f 374 399 400 375
f 274 275 400 399
f 375 400 401 376
f 275 276 401 400
f 376 401 402 377
f 276 277 402 401
f 377 402 403 378
f 277 278 403 402
f 378 403 404 379
f 278 279 404 403
f 379 404 405 380
f 279 280 405 404
f 380 405 406 381
f 280 281 406 405
f 381 406 407 382
f 281 282 407 406
f 382 407 408 383
f 282 283 408 407
f 383 408 409 384
f 283 284 409 408
usemtl c8
f 1 2 3 4
f 1 5 6 2
f 1 4 7 5
f 2 8 9 3
f 2 6 10 8
f 8 11 12 9
f 8 10 13 11
f 11 14 15 12
f 11 13 16 14
f 14 17 18 15
f 14 16 19 17
f 17 20 21 18
f 17 19 22 20
f 20 23 24 21
f 20 22 25 23
f 23 26 27 24
f 23 25 28 26
f 26 29 30 27
f 26 28 31 29
f 29 32 33 30
f 29 31 34 32
f 32 35 36 33
f 32 34 37 35
f 35 38 39 36
f 35 37 40 38
f 38 41 42 39
f 38 40 43 41
f 41 44 45 42
f 41 43 46 44
f 44 47 48 45
f 44 46 49 47
f 47 50 51 48
f 47 49 52 50
f 50 53 54 51
f 50 52 55 53
f 53 56 57 54
f 53 55 58 56
f 56 59 60 57
f 56 58 61 59
f 59 62 63 60
f 59 61 64 62
f 62 65 66 63
f 62 64 67 65
f 65 68 69 66
f 65 67 70 68
f 68 71 72 69
f 68 70 73 71
f 71 74 75 72
f 71 73 76 74
f 4 3 77 78
f 4 78 79 7
f 3 9 80 77
f 9 12 81 80
f 12 15 82 81
f 15 18 83 82
f 18 21 84 83
f 21 24 85 84
f 24 27 86 85
f 27 30 87 86
f 30 33 88 87
f 33 36 89 88
f 36 39 90 89
f 39 42 91 90
f 42 45 92 91
f 45 48 93 92
f 48 51 94 93
f 51 54 95 94
f 54 57 96 95
f 57 60 97 96
f 60 63 98 97
f 63 66 99 98
f 66 69 100 99
f 69 72 101 100
f 72 75 102 101
f 78 77 103 104
f 78 104 105 79
f 77 80 106 103
f 80 81 107 106
f 81 82 108 107
f 82 83 109 108
f 83 84 110 109
f 84 85 111 110
f 85 86 112 111
f 86 87 113 112
f 87 88 114 113
f 88 89 115 114
f 89 90 116 115
f 90 91 117 116
f 91 92 118 117
f 92 93 119 118
f 93 94 120 119
f 94 95 121 120
f 95 96 122 121
f 96 97 123 122
f 97 98 124 123
f 98 99 125 124
f 99 100 126 125
f 100 101 127 126
f 101 102 128 127
f 104 103 129 130
f 130 129 131 132
f 104 130 132 105
f 103 106 133 129
f 129 133 134 131
f 106 107 135 133
f 133 135 136 134
f 107 108 137 135
f 135 137 138 136
f 108 109 139 137
f 137 139 140 138
f 109 110 141 139
f 139 141 142 140
f 110 111 143 141
f 141 143 144 142
f 111 112 145 143
f 143 145 146 144
f 112 113 147 145
f 145 147 148 146
f 113 114 149 147
f 147 149 150 148
f 114 115 151 149
f 149 151 152 150
f 115 116 153 151
f 151 153 154 152
f 116 117 155 153
f 153 155 156 154
f 117 118 157 155
f 155 157 158 156
f 118 119 159 157
f 157 159 160 158
f 119 120 161 159
f 159 161 162 160
f 120 121 163 161
f 161 163 164 162
f 121 122 165 163
f 163 165 166 164
f 122 123 167 165
f 165 167 168 166
f 123 124 169 167
f 167 169 170 168
f 124 125 171 169
f 169 171 172 170
f 125 126 173 171
f 171 173 174 172
f 126 127 175 173
f 173 175 176 174
f 127 128 177 175
f 175 177 178 176
usemtl c13
f 410 411 412 413
f 410 414 415 411
f 410 413 416 414
f 411 417 418 412
f 411 415 419 417
f 417 420 421 418
f 417 419 422 420
f 420 422 423 421
f 424 425 426 427
f 424 428 429 425
f 424 427 430 428
f 425 413 431 426
f 425 429 416 413
f 413 412 432 431
f 412 418 433 432
f 418 421 434 433
f 421 435 436 434
f 421 423 437 435
f 435 438 439 436
f 435 437 440 438
f 438 440 441 439
f 442 427 443 444
f 442 445 430 427
f 442 444 446 445
f 427 426 447 443
f 426 431 448 447
f 431 432 449 448
f 432 433 450 449
f 433 434 451 450
f 434 436 452 451
f 436 439 453 452
f 439 454 455 453
f 439 441 456 454
f 444 443 457 458
f 444 458 459 446
f 443 447 460 457
f 447 448 461 460
f 448 449 462 461
f 463 458 464 465
f 463 466 459 458
f 463 465 467 466
f 458 457 468 464
f 457 460 469 468
f 460 461 470 469
f 465 464 471 472
f 465 472 473 467
f 464 468 474 471
f 468 469 475 474
f 472 471 476 477
f 477 476 478 479
f 472 477 479 473
f 471 474 480 476
f 476 480 481 482
f 476 482 483 478
f 482 481 484 485
f 482 485 486 483
f 487 488 489 490
f 487 491 492 488
f 487 490 493 491
f 488 494 495 489
f 488 492 496 494
f 494 497 498 495
f 494 496 499 497
f 497 499 500 498
f 501 502 503 504
f 501 505 506 502
f 501 504 507 505
f 502 508 509 503
f 502 506 510 508
f 508 490 414 509
f 508 510 493 490
f 490 489 415 414
f 489 495 419 415
f 495 498 422 419
f 498 511 512 422
f 498 500 513 511
f 511 514 515 512
f 511 513 516 514
f 514 517 518 515
f 514 516 519 517
f 517 519 520 518
f 521 504 522 523
f 521 524 507 504
f 521 523 525 524
f 504 503 428 522
f 503 509 429 428
f 509 414 416 429
f 422 512 437 423
f 512 515 440 437
f 515 518 526 440
f 518 527 528 526
f 518 520 529 527
f 527 529 530 528
f 531 523 532 533
f 531 534 525 523
f 531 533 535 534
f 523 522 445 532
f 522 428 430 445
f 440 526 456 441
f 526 528 536 456
f 528 537 538 536
f 528 530 539 537
f 537 539 540 538
f 533 532 541 542
f 533 542 543 535
f 532 445 446 541
f 536 538 544 545
f 542 541 466 546
f 542 546 547 543
f 541 446 459 466
f 548 546 549 550
f 548 551 547 546
f 548 550 552 551
f 546 466 467 549
f 550 549 553 554
f 550 554 555 552
f 549 467 473 553
f 554 553 556 557
f 557 556 558 559
f 554 557 559 555
f 553 473 479 556
f 556 479 560 561
f 556 561 562 558
f 479 478 483 560
f 561 560 563 564
f 561 564 565 562
f 560 483 486 563
f 564 563 566 567
f 567 566 568 569
f 564 567 569 565
f 563 486 570 566
f 566 570 571 572
f 572 571 573 574
f 566 572 574 568
f 571 575 576 573
f 577 578 579 580
f 577 581 582 578
f 577 580 583 581
f 578 584 491 579
f 578 582 585 584
f 584 586 492 491
f 584 585 587 586
f 586 588 496 492
f 586 587 589 588
f 588 590 499 496
f 588 589 591 590
f 590 592 593 499
f 590 591 594 592
f 592 595 596 593
f 592 594 597 595
f 595 597 598 596
f 599 600 505 601
f 599 602 603 600
f 599 601 604 602
f 600 580 506 505
f 600 603 583 580
f 580 579 510 506
f 579 491 493 510
f 499 593 513 500
f 593 596 516 513
f 596 605 519 516
f 596 598 606 605
f 605 607 608 519
f 605 606 609 607
f 607 609 610 608
f 611 601 524 612
f 611 613 604 601
f 611 612 614 613
f 601 505 507 524
f 519 608 529 520
f 608 615 616 529
f 608 610 617 615
f 615 617 618 616
f 619 612 534 620
f 619 621 614 612
f 619 620 622 621
f 612 524 525 534
f 529 616 539 530
f 616 623 624 539
f 616 618 625 623
f 623 625 626 624
f 620 534 535 627
f 620 627 628 622
f 539 624 629 540
f 624 626 630 629
f 631 627 632 633
f 631 634 628 627
f 631 633 635 634
f 627 535 543 632
f 629 636 637 638
f 629 630 639 636
f 636 639 640 637
f 633 632 551 641
f 633 641 642 635
f 632 543 547 551
f 641 551 552 643
f 641 643 644 642
f 643 552 555 645
f 643 645 646 644
f 645 555 559 647
f 645 647 648 646
f 647 559 649 650
f 647 650 651 648
f 559 558 562 649
f 650 649 652 653
f 653 652 654 655
f 650 653 655 651
f 649 562 565 652
f 652 565 569 656
f 652 656 657 654
f 656 569 658 659
f 659 658 660 661
f 656 659 661 657
f 569 568 574 658
f 658 574 662 663
f 663 662 664 665
f 658 663 665 660
f 574 573 576 662
f 662 576 666 667
f 667 666 668 669
f 662 667 669 664
f 670 671 582 581
f 670 672 673 671
f 670 581 674 672
f 671 675 585 582
f 671 673 676 675
f 675 677 587 585
f 675 676 678 677
f 677 679 589 587
f 677 678 680 679
f 679 681 591 589
f 679 680 682 681
f 681 683 594 591
f 681 682 684 683
f 683 685 597 594
f 683 684 686 685
f 685 686 687 597
f 688 689 603 602
f 688 690 691 689
f 688 602 692 690
f 689 581 583 603
f 689 691 674 581
f 597 693 606 598
f 597 687 694 693
f 693 695 609 606
f 693 694 696 695
f 695 696 697 609
f 698 602 604 613
f 698 699 692 602
f 698 613 700 699
f 609 701 617 610
f 609 697 702 701
f 701 702 703 617
f 704 613 614 621
f 704 705 700 613
f 704 621 706 705
f 617 707 625 618
f 617 703 708 707
f 707 708 709 625
f 710 621 622 711
f 710 712 706 621
f 710 711 713 712
f 625 714 715 626
f 625 709 716 714
f 714 716 717 715
f 711 622 628 634
f 711 634 718 713
f 626 715 639 630
f 715 717 719 639
f 720 634 635 721
f 720 722 718 634
f 720 721 723 722
f 639 724 725 640
f 639 719 726 724
f 724 726 727 725
f 721 635 642 728
f 721 728 729 723
f 725 727 730 731
f 728 642 644 732
f 728 732 733 729
f 732 644 646 734
f 732 734 735 733
f 734 646 648 736
f 734 736 737 735
f 736 648 651 738
f 736 738 739 737
f 738 651 655 740
f 740 655 741 742
f 738 740 742 739
f 655 654 657 743
f 655 743 744 741
f 743 657 661 745
f 745 661 746 747
f 743 745 747 744
f 661 660 665 748
f 748 665 749 750
f 661 748 750 746
f 665 664 669 751
f 751 669 752 753
f 665 751 753 749
f 669 668 754 755
f 755 754 756 757
f 669 755 757 752
f 758 759 673 672
f 758 760 761 759
f 758 672 762 760
f 759 763 676 673
f 759 761 764 763
f 763 765 678 676
f 763 764 766 765
f 765 767 680 678
f 765 766 768 767
f 767 769 682 680
f 767 768 770 769
f 769 771 684 682
f 769 770 772 771
f 771 773 686 684
f 771 772 774 773
f 773 774 775 686
f 776 777 691 690
f 776 778 779 777
f 776 690 780 778
f 777 672 674 691
f 777 779 762 672
f 686 781 694 687
f 686 775 782 781
f 781 783 696 694
f 781 782 784 783
f 783 784 785 696
f 786 787 699 788
f 786 789 790 787
f 786 788 791 789
f 787 690 692 699
f 787 790 780 690
f 696 792 702 697
f 696 785 793 792
f 792 794 795 702
f 792 793 796 794
f 794 796 797 795
f 798 788 705 799
f 798 800 791 788
f 798 799 801 800
f 788 699 700 705
f 702 795 708 703
f 795 802 803 708
f 795 797 804 802
f 802 804 805 803
f 799 705 706 712
f 799 712 806 801
f 708 803 716 709
f 803 805 807 716
f 808 712 713 809
f 808 810 806 712
f 808 809 811 810
f 716 812 813 717
f 716 807 814 812
f 812 814 815 813
f 809 713 718 722
f 809 722 816 811
f 717 813 726 719
f 813 815 817 726
f 726 822 823 727
f 726 817 824 822
f 822 824 825 823
f 727 823 828 730
f 823 825 829 828
f 828 829 831 832
f 742 741 744 841
f 742 841 842 839
f 841 744 747 843
f 843 747 844 845
f 841 843 845 842
f 747 746 750 846
f 747 846 847 844
f 846 750 848 849
f 849 848 850 851
f 846 849 851 847
f 750 749 753 848
f 848 753 852 853
f 853 852 854 855
f 848 853 855 850
f 753 752 757 852
f 852 757 856 854
f 757 756 857 858
f 858 857 859 860
f 757 858 860 856
f 857 861 862 859
f 863 864 865 866
f 861 863 866 862
f 867 868 761 760
f 867 869 870 868
f 867 760 871 869
f 868 872 764 761
f 868 870 873 872
f 872 874 766 764
f 872 873 875 874
f 874 876 768 766
f 874 875 877 876
f 876 878 770 768
f 876 877 879 878
f 878 880 772 770
f 878 879 881 880
f 880 882 774 772
f 880 881 883 882
f 882 883 884 774
f 885 886 779 778
f 885 887 888 886
f 885 778 889 887
f 886 760 762 779
f 886 888 871 760
f 774 890 782 775
f 774 884 891 890
f 890 892 784 782
f 890 891 893 892
f 892 893 894 784
f 895 896 790 789
f 895 897 898 896
f 895 789 899 897
f 896 778 780 790
f 896 898 889 778
f 784 900 793 785
f 784 894 901 900
f 900 902 796 793
f 900 901 903 902
f 902 903 904 796
f 905 789 791 800
f 905 906 899 789
f 905 800 907 906
f 796 908 804 797
f 796 904 909 908
f 908 909 910 804
f 911 800 801 912
f 911 913 907 800
f 911 912 914 913
f 804 915 916 805
f 804 910 917 915
f 915 917 918 916
f 912 801 806 810
f 912 810 919 914
f 805 916 814 807
f 916 918 920 814
f 814 925 926 815
f 814 920 927 925
f 925 927 928 926
f 815 926 824 817
f 926 928 929 824
f 824 932 933 825
f 824 929 934 932
f 932 934 935 933
f 945 944 947 948
f 845 844 847 954
f 845 954 955 951
f 954 847 851 956
f 956 851 957 958
f 954 956 958 955
f 851 850 855 959
f 959 855 960 961
f 851 959 961 957
f 855 854 962 963
f 963 962 964 965
f 855 963 965 960
f 854 856 860 962
f 962 860 966 964
f 860 859 967 968
f 968 967 969 970
f 860 968 970 966
f 859 862 866 967
f 967 866 971 969
f 866 865 972 973
f 973 972 974 975
f 866 973 975 971
f 972 976 977 974
f 978 979 875 873
f 978 980 981 979
f 978 873 982 980
f 979 983 877 875
f 979 981 984 983
f 983 985 879 877
f 983 984 986 985
f 985 986 987 879
f 988 989 888 887
f 988 990 991 989
f 988 887 992 990
f 989 869 871 888
f 989 991 993 869
f 869 993 994 870
f 870 994 982 873
f 879 987 995 881
f 881 995 996 883
f 883 997 891 884
f 883 996 998 997
f 997 999 893 891
f 997 998 1000 999
f 999 1000 1001 893
f 1002 887 889 898
f 1002 1003 992 887
f 1002 898 1004 1003
f 893 1005 901 894
f 893 1001 1006 1005
f 1005 1006 1007 901
f 1008 897 899 906
f 1008 1009 1010 897
f 1008 906 1011 1009
f 897 1010 1004 898
f 901 1007 1012 903
f 903 1013 909 904
f 903 1012 1014 1013
f 1013 1014 1015 909
f 1016 906 907 913
f 1016 1017 1011 906
f 1016 913 1018 1017
f 909 1019 917 910
f 909 1015 1020 1019
f 1019 1020 1021 917
f 913 914 1022 1018
f 917 1021 1023 918
f 918 1027 927 920
f 918 1023 1028 1027
f 1027 1028 1029 927
f 927 1033 1034 928
f 927 1029 1035 1033
f 1033 1035 1036 1034
f 1041 1042 1043 1044
f 955 958 1048 1046
f 958 957 961 1049
f 1049 961 1050 1051
f 958 1049 1051 1048
f 961 960 965 1052
f 1052 965 1053 1054
f 961 1052 1054 1050
f 965 964 1055 1053
f 964 966 970 1056
f 1056 970 1057 1058
f 964 1056 1058 1055
f 970 969 1059 1060
f 1060 1059 1061 1062
f 970 1060 1062 1057
f 969 971 975 1059
f 1059 975 1063 1061
f 975 974 1064 1063
f 974 977 1065 1064
f 1066 1067 1068 1069
f 977 1066 1069 1065
f 1067 1070 1071 1068
f 1070 1072 1073 1071
f 1074 1075 993 991
f 1074 1076 1077 1075
f 1074 991 1078 1076
f 1075 1079 994 993
f 1075 1077 1080 1079
f 1079 980 982 994
f 1079 1080 1081 980
f 980 1081 1082 981
f 981 1082 1083 984
f 984 1083 1084 986
f 986 1085 995 987
f 986 1084 1086 1085
f 1085 1087 996 995
f 1085 1086 1088 1087
f 1087 1089 998 996
f 1087 1088 1090 1089
f 1089 1090 1091 998
f 1092 990 992 1003
f 1092 1093 1094 990
f 1092 1003 1095 1093
f 990 1094 1078 991
f 998 1091 1096 1000
f 1000 1097 1006 1001
f 1000 1096 1098 1097
f 1097 1098 1099 1006
f 1100 1003 1004 1010
f 1100 1101 1095 1003
f 1100 1010 1102 1101
f 1006 1103 1012 1007
f 1006 1099 1104 1103
f 1103 1104 1105 1012
f 1009 1106 1102 1010
f 1009 1011 1107 1106
f 1012 1105 1108 1014
f 1014 1108 1109 1015
f 1017 1110 1107 1011
f 1017 1018 1111 1110
f 1015 1109 1112 1020
f 1020 1112 1113 1021
f 1021 1117 1028 1023
f 1021 1113 1118 1117
f 1117 1118 1119 1028
f 1051 1050 1134 1135
f 1048 1051 1135 1132
f 1054 1053 1136 1137
f 1050 1054 1137 1134
f 1053 1055 1058 1138
f 1138 1058 1139 1140
f 1053 1138 1140 1136
f 1058 1057 1062 1141
f 1141 1062 1142 1143
f 1058 1141 1143 1139
f 1062 1061 1144 1142
f 1061 1063 1145 1146
f 1146 1145 1147 1148
f 1061 1146 1148 1144
f 1063 1064 1149 1145
f 1145 1149 1150 1147
f 1064 1065 1069 1149
f 1149 1069 1151 1150
f 1069 1068 1152 1151
f 1068 1071 1153 1152
f 1071 1073 1154 1153
f 1073 1155 1156 1154
f 1155 1157 1158 1156
f 1157 1159 1160 1158
f 1161 1162 1082 1081
f 1161 1163 1164 1162
f 1161 1081 1165 1163
f 1162 1166 1083 1082
f 1162 1164 1167 1166
f 1166 1168 1084 1083
f 1166 1167 1169 1168
f 1168 1169 1170 1084
f 1171 1076 1078 1094
f 1171 1172 1173 1076
f 1171 1094 1174 1172
f 1076 1173 1175 1077
f 1077 1175 1176 1080
f 1080 1176 1165 1081
f 1084 1170 1177 1086
f 1086 1177 1178 1088
f 1088 1178 1179 1090
f 1090 1180 1096 1091
f 1090 1179 1181 1180
f 1180 1181 1182 1096
f 1183 1093 1095 1101
f 1183 1184 1185 1093
f 1183 1101 1186 1184
f 1093 1185 1174 1094
f 1096 1182 1187 1098
f 1098 1188 1104 1099
f 1098 1187 1189 1188
f 1188 1189 1190 1104
f 1191 1101 1102 1106
f 1191 1192 1186 1101
f 1191 1106 1193 1192
f 1104 1194 1108 1105
f 1104 1190 1195 1194
f 1194 1195 1196 1108
f 1197 1106 1107 1110
f 1197 1198 1193 1106
f 1197 1110 1199 1198
f 1108 1200 1112 1109
f 1108 1196 1201 1200
f 1200 1201 1202 1112
f 1112 1206 1118 1113
f 1112 1202 1207 1206
f 1206 1207 1208 1118
f 1118 1211 1123 1119
f 1118 1208 1212 1211
f 1211 1212 1213 1123
f 1217 1218 1219 1220
f 1129 1221 1219 1218
f 1225 1226 1227 1228
f 1217 1220 1227 1226
f 1135 1134 1137 1229
f 1229 1137 1230 1231
f 1135 1229 1231 1223
f 1225 1228 1232 1233
f 1137 1136 1140 1234
f 1234 1140 1235 1236
f 1137 1234 1236 1230
f 1237 1238 1239 1240
f 1140 1139 1143 1241
f 1241 1143 1242 1243
f 1140 1241 1243 1235
f 1143 1142 1244 1242
f 1245 1246 1247 1248
f 1246 1249 1250 1247
f 1237 1240 1250 1249
f 1142 1144 1148 1251
f 1251 1148 1252 1253
f 1142 1251 1253 1244
f 1148 1147 1254 1252
f 1147 1150 1255 1254
f 1150 1151 1256 1255
f 1154 1156 1257 1258
f 1156 1158 1259 1257
f 1158 1160 1260 1259
f 1160 1261 1262 1260
f 1245 1248 1262 1261
f 1151 1152 1263 1264
f 1264 1263 1265 1266
f 1151 1264 1266 1256
f 1152 1153 1267 1263
f 1263 1267 1268 1265
f 1153 1154 1269 1267
f 1267 1269 1270 1268
f 1154 1258 1270 1269
f 1271 1272 1176 1175
f 1271 1273 1274 1272
f 1271 1175 1275 1273
f 1272 1163 1165 1176
f 1272 1274 1276 1163
f 1163 1276 1277 1164
f 1164 1277 1278 1167
f 1167 1278 1279 1169
f 1169 1280 1177 1170
f 1169 1279 1281 1280
f 1280 1282 1178 1177
f 1280 1281 1283 1282
f 1282 1283 1284 1178
f 1285 1172 1174 1185
f 1285 1286 1287 1172
f 1285 1185 1288 1286
f 1172 1287 1289 1173
f 1173 1289 1275 1175
f 1178 1284 1290 1179
f 1179 1290 1291 1181
f 1181 1292 1187 1182
f 1181 1291 1293 1292
f 1292 1293 1294 1187
f 1184 1295 1288 1185
f 1184 1186 1296 1295
f 1187 1294 1297 1189
f 1189 1297 1298 1190
f 1192 1299 1296 1186
f 1192 1193 1300 1299
f 1190 1298 1301 1195
f 1195 1301 1302 1196
f 1198 1303 1300 1193
f 1198 1199 1304 1303
f 1196 1302 1305 1201
f 1201 1305 1306 1202
f 1202 1306 1308 1207
f 1207 1308 1309 1208
f 1228 1227 1315 1316
f 1220 1312 1315 1227
f 1231 1230 1317 1318
f 1223 1231 1318 1313
f 1319 1232 1320 1321
f 1228 1316 1320 1232
f 1236 1235 1322 1323
f 1230 1236 1323 1317
f 1240 1239 1324 1325
f 1319 1321 1324 1239
f 1243 1242 1326 1327
f 1235 1243 1327 1322
f 1247 1250 1328 1329
f 1240 1325 1328 1250
f 1242 1244 1253 1330
f 1330 1253 1331 1332
f 1242 1330 1332 1326
f 1253 1252 1333 1331
f 1252 1254 1334 1333
f 1259 1260 1335 1336
f 1260 1262 1337 1335
f 1248 1247 1338 1262
f 1262 1338 1339 1337
f 1247 1329 1339 1338
f 1254 1255 1340 1341
f 1341 1340 1342 1343
f 1254 1341 1343 1334
f 1255 1256 1266 1340
f 1340 1266 1344 1342
f 1266 1265 1345 1344
f 1265 1268 1346 1345
f 1268 1270 1347 1346
f 1258 1257 1348 1270
f 1270 1348 1349 1347
f 1257 1259 1350 1348
f 1348 1350 1351 1349
f 1259 1336 1351 1350
f 1352 1273 1275 1289
f 1352 1353 1354 1273
f 1352 1289 1355 1353
f 1273 1354 1356 1274
f 1274 1356 1357 1276
f 1276 1357 1358 1277
f 1277 1358 1359 1278
f 1278 1359 1360 1279
f 1279 1360 1361 1281
f 1281 1361 1362 1283
f 1283 1363 1290 1284
f 1283 1362 1364 1363
f 1363 1364 1365 1290
f 1286 1366 1367 1287
f 1286 1288 1368 1366
f 1287 1367 1355 1289
f 1290 1365 1369 1291
f 1291 1369 1370 1293
f 1293 1370 1371 1294
f 1372 1295 1296 1299
f 1372 1373 1374 1295
f 1372 1299 1375 1373
f 1295 1374 1368 1288
f 1294 1371 1376 1297
f 1297 1377 1301 1298
f 1297 1376 1378 1377
f 1377 1378 1379 1301
f 1380 1299 1300 1303
f 1380 1381 1375 1299
f 1380 1303 1382 1381
f 1301 1383 1305 1302
f 1301 1379 1384 1383
f 1383 1384 1385 1305
f 1305 1389 1308 1306
f 1305 1385 1390 1389
f 1389 1390 1391 1308
f 1308 1394 1310 1309
f 1308 1391 1395 1394
f 1394 1395 1396 1310
f 1312 1311 1400 1315
f 1315 1400 1401 1402
f 1311 1403 1401 1400
f 1316 1315 1407 1320
f 1320 1407 1408 1409
f 1315 1402 1408 1407
f 1318 1317 1323 1410
f 1410 1323 1411 1412
f 1318 1410 1412 1405
f 1321 1320 1413 1324
f 1324 1413 1414 1415
f 1320 1409 1414 1413
f 1323 1322 1327 1416
f 1416 1327 1417 1418
f 1323 1416 1418 1411
f 1327 1326 1419 1417
f 1329 1328 1420 1421
f 1325 1324 1422 1328
f 1328 1422 1423 1420
f 1324 1415 1423 1422
f 1332 1331 1424 1425
f 1326 1332 1425 1419
f 1331 1333 1426 1424
f 1335 1337 1427 1428
f 1337 1339 1429 1427
f 1329 1421 1429 1339
f 1333 1334 1343 1430
f 1430 1343 1431 1432
f 1333 1430 1432 1426
f 1343 1342 1433 1431
f 1342 1344 1434 1433
f 1344 1345 1435 1434
f 1345 1346 1436 1435
f 1346 1347 1437 1436
f 1347 1349 1438 1437
f 1349 1351 1439 1438
f 1336 1335 1440 1351
f 1351 1440 1441 1439
f 1335 1428 1441 1440
f 1353 1442 1443 1354
f 1353 1355 1444 1442
f 1354 1443 1445 1356
f 1356 1445 1446 1357
f 1357 1446 1447 1358
f 1358 1447 1448 1359
f 1359 1448 1449 1360
f 1360 1449 1450 1361
f 1361 1450 1451 1362
f 1362 1451 1452 1364
f 1364 1452 1453 1365
f 1366 1454 1455 1367
f 1366 1368 1456 1454
f 1367 1455 1444 1355
f 1365 1453 1457 1369
f 1369 1457 1458 1370
f 1370 1458 1459 1371
f 1373 1460 1461 1374
f 1373 1375 1462 1460
f 1374 1461 1456 1368
f 1371 1459 1463 1376
f 1376 1463 1464 1378
f 1378 1464 1465 1379
f 1381 1466 1462 1375
f 1381 1382 1467 1466
f 1379 1465 1468 1384
f 1384 1468 1469 1385
f 1385 1469 1472 1390
f 1390 1472 1473 1391
f 1409 1408 1484 1485
f 1402 1480 1484 1408
f 1412 1411 1486 1487
f 1405 1412 1487 1482
f 1415 1414 1488 1489
f 1409 1485 1488 1414
f 1418 1417 1490 1491
f 1411 1418 1491 1486
f 1417 1419 1492 1490
f 1421 1420 1493 1494
f 1420 1423 1495 1493
f 1415 1489 1495 1423
f 1425 1424 1496 1497
f 1419 1425 1497 1492
f 1424 1426 1498 1496
f 1428 1427 1499 1500
f 1427 1429 1501 1499
f 1421 1494 1501 1429
f 1432 1431 1502 1503
f 1426 1432 1503 1498
f 1431 1433 1504 1502
f 1433 1434 1505 1504
f 1434 1435 1506 1505
f 1435 1436 1507 1506
f 1436 1437 1508 1507
f 1437 1438 1509 1508
f 1438 1439 1510 1509
f 1439 1441 1511 1510
f 1428 1500 1511 1441
f 1512 1442 1444 1455
f 1512 1513 1514 1442
f 1512 1455 1515 1513
f 1442 1514 1516 1443
f 1443 1516 1517 1445
f 1445 1517 1518 1446
f 1446 1518 1519 1447
f 1447 1519 1520 1448
f 1448 1520 1521 1449
f 1449 1521 1522 1450
f 1450 1522 1523 1451
f 1451 1523 1524 1452
f 1452 1525 1457 1453
f 1452 1524 1526 1525
f 1525 1526 1527 1457
f 1528 1454 1456 1461
f 1528 1529 1530 1454
f 1528 1461 1531 1529
f 1454 1530 1515 1455
f 1457 1527 1532 1458
f 1458 1533 1463 1459
f 1458 1532 1534 1533
f 1533 1534 1535 1463
f 1460 1536 1531 1461
f 1460 1462 1537 1536
f 1463 1535 1538 1464
f 1464 1538 1539 1465
f 1466 1540 1537 1462
f 1466 1467 1541 1540
f 1465 1539 1542 1468
f 1468 1542 1543 1469
f 1469 1543 1545 1472
f 1472 1545 1546 1473
f 1485 1484 1552 1553
f 1480 1549 1552 1484
f 1487 1486 1554 1555
f 1482 1487 1555 1550
f 1489 1488 1556 1557
f 1485 1553 1556 1488
f 1491 1490 1558 1559
f 1486 1491 1559 1554
f 1493 1495 1560 1561
f 1489 1557 1560 1495
f 1490 1492 1497 1562
f 1562 1497 1563 1564
f 1490 1562 1564 1558
f 1497 1496 1565 1563
f 1499 1501 1566 1567
f 1494 1493 1568 1501
f 1501 1568 1569 1566
f 1493 1561 1569 1568
f 1496 1498 1503 1570
f 1570 1503 1571 1572
f 1496 1570 1572 1565
f 1503 1502 1573 1571
f 1502 1504 1574 1573
f 1504 1505 1575 1574
f 1505 1506 1576 1575
f 1506 1507 1577 1576
f 1507 1508 1578 1577
f 1508 1509 1579 1578
f 1509 1510 1580 1579
f 1510 1511 1581 1580
f 1500 1499 1582 1511
f 1511 1582 1583 1581
f 1499 1567 1583 1582
f 1584 1585 1586 1587
f 1588 1589 1520 1519
f 1588 1584 1587 1589
f 1589 1587 1586 1520
f 1588 1519 1585 1584
f 1513 1590 1591 1514
f 1513 1515 1592 1590
f 1514 1591 1593 1516
f 1516 1593 1594 1517
f 1517 1594 1595 1518
f 1518 1595 1585 1519
f 1520 1586 1596 1521
f 1521 1596 1597 1522
f 1522 1597 1598 1523
f 1523 1598 1599 1524
f 1524 1599 1600 1526
f 1526 1600 1601 1527
f 1529 1602 1603 1530
f 1529 1531 1604 1602
f 1530 1603 1592 1515
f 1527 1601 1605 1532
f 1532 1605 1606 1534
f 1534 1606 1607 1535
f 1536 1608 1604 1531
f 1536 1537 1609 1608
f 1535 1607 1610 1538
f 1538 1610 1611 1539
f 1540 1612 1609 1537
f 1540 1541 1613 1612
f 1539 1611 1614 1542
f 1542 1614 1615 1543
f 1543 1615 1617 1545
f 1545 1617 1618 1546
f 1553 1552 1624 1625
f 1549 1621 1624 1552
f 1555 1554 1626 1627
f 1550 1555 1627 1622
f 1557 1556 1628 1629
f 1553 1625 1628 1556
f 1559 1558 1630 1631
f 1554 1559 1631 1626
f 1561 1560 1632 1633
f 1557 1629 1632 1560
f 1564 1563 1634 1635
f 1558 1564 1635 1630
f 1563 1565 1636 1634
f 1567 1566 1637 1638
f 1566 1569 1639 1637
f 1561 1633 1639 1569
f 1572 1571 1640 1641
f 1565 1572 1641 1636
f 1571 1573 1642 1640
f 1573 1574 1643 1642
f 1574 1575 1644 1643
f 1575 1576 1645 1644
f 1577 1578 1646 1647
f 1578 1579 1648 1646
f 1579 1580 1649 1648
f 1580 1581 1650 1649
f 1581 1583 1651 1650
f 1567 1638 1651 1583
f 1645 1652 1653 1647
f 1576 1577 1654 1655
f 1655 1654 1653 1652
f 1577 1647 1653 1654
f 1576 1655 1652 1645
f 1656 1657 1658 1659
f 1590 1656 1659 1591
f 1590 1592 1657 1656
f 1591 1659 1660 1593
f 1593 1660 1661 1594
f 1594 1661 1662 1595
f 1595 1662 1663 1585
f 1585 1663 1664 1586
f 1586 1664 1665 1596
f 1596 1665 1666 1597
f 1597 1666 1667 1598
f 1598 1667 1668 1599
f 1668 1669 1670 1671
f 1599 1668 1671 1600
f 1600 1671 1670 1601
f 1672 1673 1674 1675
f 1602 1672 1675 1603
f 1602 1604 1673 1672
f 1603 1675 1657 1592
f 1601 1670 1676 1605
f 1676 1677 1678 1679
f 1605 1676 1679 1606
f 1606 1679 1678 1607
f 1608 1680 1673 1604
f 1608 1609 1681 1680
f 1607 1678 1682 1610
f 1610 1682 1683 1611
f 1612 1684 1681 1609
f 1612 1613 1685 1684
f 1611 1683 1686 1614
f 1614 1686 1687 1615
f 1615 1687 1689 1617
f 1617 1689 1690 1618
f 1625 1624 1696 1697
f 1621 1693 1696 1624
f 1627 1626 1698 1699
f 1622 1627 1699 1694
f 1629 1628 1700 1701
f 1625 1697 1700 1628
f 1631 1630 1702 1703
f 1626 1631 1703 1698
f 1633 1632 1704 1705
f 1629 1701 1704 1632
f 1702 1706 1707 1708
f 1635 1634 1707 1706
f 1630 1635 1706 1702
f 1634 1636 1709 1707
f 1638 1637 1710 1711
f 1712 1710 1713 1705
f 1637 1639 1713 1710
f 1633 1705 1713 1639
f 1709 1714 1715 1716
f 1641 1640 1715 1714
f 1636 1641 1714 1709
f 1640 1642 1717 1715
f 1642 1643 1718 1717
f 1643 1644 1719 1718
f 1644 1645 1720 1719
f 1645 1647 1721 1720
f 1647 1646 1722 1721
f 1646 1648 1723 1722
f 1648 1649 1724 1723
f 1649 1650 1725 1724
f 1726 1725 1727 1711
f 1650 1651 1727 1725
f 1638 1711 1727 1651
f 1659 1728 1729 1660
f 1659 1658 1730 1728
f 1660 1729 1731 1661
f 1661 1731 1732 1662
f 1662 1732 1733 1663
f 1663 1733 1734 1664
f 1664 1734 1735 1665
f 1665 1735 1736 1666
f 1666 1736 1737 1667
f 1667 1737 1738 1668
f 1668 1738 1739 1669
f 1675 1740 1741 1657
f 1675 1674 1742 1740
f 1657 1741 1730 1658
f 1669 1739 1743 1670
f 1670 1743 1744 1676
f 1676 1744 1745 1677
f 1680 1746 1747 1673
f 1680 1681 1748 1746
f 1673 1747 1742 1674
f 1677 1745 1749 1678
f 1678 1749 1750 1682
f 1682 1750 1751 1683
f 1684 1752 1748 1681
f 1684 1685 1753 1752
f 1683 1751 1754 1686
f 1686 1754 1755 1687
f 1687 1755 1759 1689
f 1689 1759 1760 1690
f 1697 1696 1776 1777
f 1693 1771 1776 1696
f 1699 1698 1778 1779
f 1694 1699 1779 1774
f 1701 1700 1780 1781
f 1697 1777 1780 1700
f 1703 1702 1782 1783
f 1698 1703 1783 1778
f 1702 1708 1784 1782
f 1712 1705 1785 1786
f 1705 1704 1787 1785
f 1701 1781 1787 1704
f 1707 1709 1788 1789
f 1708 1707 1789 1784
f 1709 1716 1790 1788
f 1726 1711 1791 1792
f 1711 1710 1793 1791
f 1712 1786 1793 1710
f 1715 1717 1794 1795
f 1716 1715 1795 1790
f 1717 1718 1796 1794
f 1718 1719 1797 1796
f 1719 1720 1798 1797
f 1720 1721 1799 1798
f 1721 1722 1800 1799
f 1722 1723 1801 1800
f 1723 1724 1802 1801
f 1724 1725 1803 1802
f 1726 1792 1803 1725
f 1804 1805 1806 1807
f 1728 1804 1807 1729
f 1728 1730 1805 1804
f 1729 1807 1808 1731
f 1731 1808 1809 1732
f 1732 1809 1810 1733
f 1733 1810 1811 1734
f 1734 1811 1812 1735
f 1735 1812 1813 1736
f 1736 1813 1814 1737
f 1814 1815 1816 1817
f 1737 1814 1817 1738
f 1738 1817 1816 1739
f 1740 1818 1819 1741
f 1740 1742 1820 1818
f 1741 1819 1805 1730
f 1739 1816 1821 1743
f 1743 1821 1822 1744
f 1744 1822 1823 1745
f 1824 1825 1826 1827
f 1746 1824 1827 1747
f 1746 1748 1825 1824
f 1747 1827 1820 1742
f 1745 1823 1828 1749
f 1828 1829 1830 1831
f 1749 1828 1831 1750
f 1750 1831 1830 1751
f 1832 1833 1834 1825
f 1752 1832 1825 1748
f 1752 1753 1833 1832
f 1830 1835 1836 1837
f 1751 1830 1837 1754
f 1754 1837 1836 1755
f 1836 1841 1842 1843
f 1755 1836 1843 1759
f 1759 1843 1842 1760
f 1842 1845 1846 1847
f 1760 1842 1847 1763
f 1763 1847 1846 1764
f 1850 1851 1852 1853
f 1771 1770 1852 1851
f 1773 1853 1852 1770
f 1857 1858 1859 1851
f 1777 1776 1859 1858
f 1771 1851 1859 1776
f 1855 1860 1861 1862
f 1779 1778 1861 1860
f 1774 1779 1860 1855
f 1863 1864 1865 1858
f 1781 1780 1865 1864
f 1777 1858 1865 1780
f 1861 1866 1867 1868
f 1783 1782 1867 1866
f 1778 1783 1866 1861
f 1782 1784 1869 1867
f 1786 1785 1870 1871
f 1872 1870 1873 1864
f 1785 1787 1873 1870
f 1781 1864 1873 1787
f 1789 1788 1874 1875
f 1784 1789 1875 1869
f 1788 1790 1876 1874
f 1792 1791 1877 1878
f 1791 1793 1879 1877
f 1786 1871 1879 1793
f 1876 1880 1881 1882
f 1795 1794 1881 1880
f 1790 1795 1880 1876
f 1794 1796 1883 1881
f 1796 1797 1884 1883
f 1797 1798 1885 1884
f 1798 1799 1886 1885
f 1799 1800 1887 1886
f 1800 1801 1888 1887
f 1801 1802 1889 1888
f 1890 1889 1891 1878
f 1802 1803 1891 1889
f 1792 1878 1891 1803
f 1892 1893 1894 1895
f 1807 1892 1895 1808
f 1807 1806 1893 1892
f 1895 1894 1896 1897
f 1808 1895 1897 1809
f 1809 1897 1898 1810
f 1810 1898 1899 1811
f 1811 1899 1900 1812
f 1900 1901 1902 1903
f 1812 1900 1903 1813
f 1903 1902 1904 1905
f 1813 1903 1905 1814
f 1814 1905 1904 1815
f 1906 1907 1908 1909
f 1818 1906 1909 1819
f 1818 1820 1907 1906
f 1819 1909 1910 1805
f 1805 1910 1893 1806
f 1815 1904 1911 1816
f 1816 1911 1912 1821
f 1912 1913 1914 1915
f 1821 1912 1915 1822
f 1822 1915 1914 1823
f 1827 1916 1907 1820
f 1827 1826 1917 1916
f 1823 1914 1918 1828
f 1828 1918 1919 1829
f 1825 1920 1917 1826
f 1825 1834 1921 1920
f 1829 1919 1922 1830
f 1830 1922 1923 1835
f 1833 1924 1921 1834
f 1833 1840 1925 1924
f 1835 1923 1926 1836
f 1836 1926 1927 1841
f 1841 1927 1929 1842
f 1842 1929 1930 1845
f 1857 1851 1936 1937
f 1850 1933 1936 1851
f 1855 1862 1938 1939
f 1856 1855 1939 1934
f 1863 1858 1940 1941
f 1857 1937 1940 1858
f 1861 1868 1942 1943
f 1862 1861 1943 1938
f 1872 1864 1944 1945
f 1863 1941 1944 1864
f 1867 1869 1946 1947
f 1868 1867 1947 1942
f 1871 1870 1948 1949
f 1872 1945 1948 1870
f 1946 1950 1951 1952
f 1875 1874 1951 1950
f 1869 1875 1950 1946
f 1874 1876 1953 1951
f 1876 1882 1954 1953
f 1890 1878 1955 1956
f 1878 1877 1957 1955
f 1958 1957 1959 1949
f 1877 1879 1959 1957
f 1871 1949 1959 1879
f 1954 1960 1961 1962
f 1881 1883 1961 1960
f 1882 1881 1960 1954
f 1962 1961 1963 1964
f 1883 1884 1963 1961
f 1884 1885 1965 1963
f 1885 1886 1966 1965
f 1886 1887 1967 1966
f 1968 1967 1969 1970
f 1887 1888 1969 1967
f 1970 1969 1971 1956
f 1888 1889 1971 1969
f 1890 1956 1971 1889
f 1972 1973 1974 1975
f 1897 1972 1975 1898
f 1897 1896 1973 1972
f 1975 1974 1976 1977
f 1898 1975 1977 1899
f 1977 1976 1978 1979
f 1899 1977 1979 1900
f 1900 1979 1978 1901
f 1980 1981 1982 1983
f 1909 1980 1983 1910
f 1909 1908 1981 1980
f 1910 1983 1984 1893
f 1893 1984 1985 1894
f 1894 1985 1973 1896
f 1901 1978 1986 1902
f 1902 1986 1987 1904
f 1904 1987 1988 1911
f 1911 1988 1989 1912
f 1912 1989 1990 1913
f 1991 1992 1993 1994
f 1916 1991 1994 1907
f 1916 1917 1992 1991
f 1907 1994 1981 1908
f 1913 1990 1995 1914
f 1914 1995 1996 1918
f 1918 1996 1997 1919
f 1998 1999 2000 1992
f 1920 1998 1992 1917
f 1920 1921 1999 1998
f 1919 1997 2001 1922
f 1922 2001 2002 1923
f 2003 2004 2005 1999
f 1924 2003 1999 1921
f 1924 1925 2004 2003
f 1923 2002 2006 1926
f 1926 2006 2007 1927
f 2007 2012 2013 2014
f 1927 2007 2014 1929
f 1929 2014 2013 1930
f 2013 2019 2020 2021
f 1930 2013 2021 1931
f 1931 2021 2020 2022
f 2029 2030 2031 2032
f 1933 1932 2031 2030
f 2033 2032 2031 1932
f 2037 2038 2039 2030
f 1937 1936 2039 2038
f 1933 2030 2039 1936
f 2035 2040 2041 2042
f 1939 1938 2041 2040
f 1934 1939 2040 2035
f 2043 2044 2045 2038
f 1941 1940 2045 2044
f 1937 2038 2045 1940
f 2041 2046 2047 2048
f 1943 1942 2047 2046
f 1938 1943 2046 2041
f 2049 2050 2051 2044
f 1945 1944 2051 2050
f 1941 2044 2051 1944
f 2047 2052 2053 2054
f 1947 1946 2053 2052
f 1942 1947 2052 2047
f 1946 1952 2055 2053
f 1958 1949 2056 2057
f 2058 2056 2059 2050
f 1949 1948 2059 2056
f 1945 2050 2059 1948
f 2055 2060 2061 2062
f 1951 1953 2061 2060
f 1952 1951 2060 2055
f 1953 1954 2063 2061
f 1954 1962 2064 2063
f 1962 1964 2065 2064
f 1968 1970 2066 2067
f 1970 1956 2068 2066
f 1956 1955 2069 2068
f 2070 2069 2071 2057
f 1955 1957 2071 2069
f 1958 2057 2071 1957
f 2065 2072 2073 2074
f 1963 1965 2073 2072
f 1964 1963 2072 2065
f 2074 2073 2075 2076
f 1965 1966 2075 2073
f 2076 2075 2077 2067
f 1966 1967 2077 2075
f 1968 2067 2077 1967
f 2078 2079 2080 2081
f 1983 2078 2081 1984
f 1983 1982 2079 2078
f 2081 2080 2082 2083
f 1984 2081 2083 1985
f 1985 2083 2084 1973
f 1973 2084 2085 1974
f 1974 2085 2086 1976
f 1976 2086 2087 1978
f 1978 2087 2088 1986
f 1986 2088 2089 1987
f 1987 2089 2090 1988
f 2091 2092 2093 2094
f 1994 2091 2094 1981
f 1994 1993 2092 2091
f 1981 2094 2079 1982
f 1990 2095 2096 1995
f 2097 2098 2099 2092
f 1992 2097 2092 1993
f 1992 2000 2098 2097
f 1999 2100 2098 2000
f 1999 2005 2101 2100
f 2004 2102 2101 2005
f 2004 2010 2103 2102
f 2007 2104 2105 2012
f 2012 2105 2109 2013
f 2013 2109 2110 2019
f 2130 2131 2132 2123
f 2037 2030 2132 2131
f 2029 2123 2132 2030
f 2035 2042 2133 2134
f 2036 2035 2134 2128
f 2043 2038 2135 2136
f 2037 2131 2135 2038
f 2041 2048 2137 2138
f 2042 2041 2138 2133
f 2049 2044 2139 2140
f 2043 2136 2139 2044
f 2137 2141 2142 2143
f 2047 2054 2142 2141
f 2048 2047 2141 2137
f 2144 2145 2146 2140
f 2058 2050 2146 2145
f 2049 2140 2146 2050
f 2142 2147 2148 2149
f 2053 2055 2148 2147
f 2054 2053 2147 2142
f 2055 2062 2150 2148
f 2070 2057 2151 2152
f 2153 2151 2154 2145
f 2057 2056 2154 2151
f 2058 2145 2154 2056
f 2150 2155 2156 2157
f 2061 2063 2156 2155
f 2062 2061 2155 2150
f 2157 2156 2158 2159
f 2063 2064 2158 2156
f 2159 2158 2160 2161
f 2064 2065 2160 2158
f 2065 2074 2162 2160
f 2074 2076 2163 2162
f 2076 2067 2164 2163
f 2165 2164 2166 2167
f 2067 2066 2166 2164
f 2167 2166 2168 2169
f 2066 2068 2168 2166
f 2169 2168 2170 2152
f 2068 2069 2170 2168
f 2070 2152 2170 2069
f 2084 2171 2172 2085
f 2085 2172 2173 2086
f 2086 2173 2174 2087
f 2175 2176 2177 2178
f 2094 2175 2178 2079
f 2094 2093 2176 2175
f 2178 2177 2179 2180
f 2079 2178 2180 2080
f 2080 2180 2181 2082
f 2182 2183 2184 2176
f 2092 2182 2176 2093
f 2092 2099 2183 2182
f 2185 2186 2187 2188
f 2100 2185 2188 2098
f 2100 2101 2186 2185
f 2098 2188 2183 2099
f 2189 2190 2191 2186
f 2102 2189 2186 2101
f 2102 2103 2190 2189
f 2103 2108 2192 2190
f 2110 2196 2197 2114
f 2197 2201 2202 2203
f 2114 2197 2203 2115
f 2115 2203 2202 2204
f 2206 2213 2214 2207
f 2122 2125 2214 2213
f 2215 2207 2214 2125
f 2219 2220 2221 2213
f 2130 2123 2221 2220
f 2122 2213 2221 2123
f 2129 2128 2222 2217
f 2130 2220 2223 2131
f 2222 2224 2225 2226
f 2134 2133 2225 2224
f 2128 2134 2224 2222
f 2227 2228 2229 2223
f 2136 2135 2229 2228
f 2131 2223 2229 2135
f 2225 2230 2231 2232
f 2138 2137 2231 2230
f 2133 2138 2230 2225
f 2137 2143 2233 2231
f 2144 2140 2234 2235
f 2236 2234 2237 2228
f 2140 2139 2237 2234
f 2136 2228 2237 2139
f 2233 2238 2239 2240
f 2142 2149 2239 2238
f 2143 2142 2238 2233
f 2241 2242 2243 2235
f 2153 2145 2243 2242
f 2144 2235 2243 2145
f 2239 2244 2245 2246
f 2148 2150 2245 2244
f 2149 2148 2244 2239
f 2246 2245 2247 2248
f 2150 2157 2247 2245
f 2157 2159 2249 2247
f 2159 2161 2250 2249
f 2165 2167 2251 2252
f 2167 2169 2253 2251
f 2254 2253 2255 2256
f 2169 2152 2255 2253
f 2256 2255 2257 2242
f 2152 2151 2257 2255
f 2153 2242 2257 2151
f 2250 2258 2259 2260
f 2160 2162 2259 2258
f 2161 2160 2258 2250
f 2260 2259 2261 2262
f 2162 2163 2261 2259
f 2262 2261 2263 2252
f 2163 2164 2263 2261
f 2165 2252 2263 2164
f 2180 2264 2265 2181
f 2180 2179 2266 2264
f 2267 2268 2269 2270
f 2176 2267 2270 2177
f 2176 2184 2268 2267
f 2177 2270 2266 2179
f 2271 2272 2273 2274
f 2188 2271 2274 2183
f 2188 2187 2272 2271
f 2274 2273 2275 2268
f 2183 2274 2268 2184
f 2276 2277 2278 2272
f 2186 2276 2272 2187
f 2186 2191 2277 2276
f 2279 2280 2281 2277
f 2190 2279 2277 2191
f 2190 2192 2280 2279
f 2280 2282 2283 2281
f 2192 2195 2282 2280
f 2197 2287 2288 2201
f 2294 2295 2296 2297
f 2298 2297 2296 2299
f 2315 2321 2322 2316
f 2205 2208 2322 2321
f 2318 2316 2322 2208
f 2326 2327 2328 2321
f 2205 2321 2328 2206
f 2327 2331 2332 2328
f 2219 2213 2332 2331
f 2206 2328 2332 2213
f 2330 2333 2334 2335
f 2218 2217 2333 2330
f 2336 2337 2338 2331
f 2219 2331 2338 2220
f 2333 2339 2340 2334
f 2222 2226 2340 2339
f 2217 2222 2339 2333
f 2337 2341 2342 2338
f 2227 2223 2342 2341
f 2220 2338 2342 2223
f 2340 2343 2344 2345
f 2225 2232 2344 2343
f 2226 2225 2343 2340
f 2346 2347 2348 2341
f 2236 2228 2348 2347
f 2227 2341 2348 2228
f 2344 2349 2350 2351
f 2231 2233 2350 2349
f 2232 2231 2349 2344
f 2351 2350 2352 2353
f 2233 2240 2352 2350
f 2354 2355 2356 2357
f 2241 2235 2356 2355
f 2357 2356 2358 2347
f 2235 2234 2358 2356
f 2236 2347 2358 2234
f 2352 2359 2360 2361
f 2239 2246 2360 2359
f 2240 2239 2359 2352
f 2361 2360 2362 2363
f 2246 2248 2362 2360
f 2364 2365 2366 2367
f 2254 2256 2366 2365
f 2367 2366 2368 2355
f 2256 2242 2368 2366
f 2241 2355 2368 2242
f 2362 2369 2370 2371
f 2247 2249 2370 2369
f 2248 2247 2369 2362
f 2371 2370 2372 2373
f 2249 2250 2372 2370
f 2373 2372 2374 2375
f 2250 2260 2374 2372
f 2375 2374 2376 2377
f 2260 2262 2376 2374
f 2377 2376 2378 2379
f 2262 2252 2378 2376
f 2379 2378 2380 2381
f 2252 2251 2380 2378
f 2381 2380 2382 2365
f 2251 2253 2382 2380
f 2254 2365 2382 2253
f 2268 2383 2384 2269
f 2268 2275 2385 2383
f 2386 2387 2388 2389
f 2272 2386 2389 2273
f 2272 2278 2387 2386
f 2389 2388 2390 2385
f 2273 2389 2385 2275
f 2391 2392 2393 2387
f 2277 2391 2387 2278
f 2277 2281 2392 2391
f 2387 2393 2394 2388
f 2392 2395 2396 2393
f 2281 2283 2395 2392
f 2397 2398 2399 2395
f 2282 2397 2395 2283
f 2282 2286 2398 2397
f 2398 2400 2401 2399
f 2286 2290 2400 2398
f 2294 2405 2406 2295
f 2295 2406 2409 2302
f 2302 2409 2412 2305
f 2415 2416 2417 2412
f 2305 2412 2417 2307
f 2416 2420 2421 2417
f 2307 2417 2421 2309
f 2420 2424 2425 2421
f 2309 2421 2425 2315
f 2424 2428 2429 2425
f 2326 2321 2429 2428
f 2315 2425 2429 2321
f 2427 2430 2431 2432
f 2325 2324 2430 2427
f 2433 2434 2435 2428
f 2326 2428 2435 2327
f 2430 2436 2437 2431
f 2330 2335 2437 2436
f 2324 2330 2436 2430
f 2434 2438 2439 2435
f 2336 2331 2439 2438
f 2327 2435 2439 2331
f 2437 2440 2441 2442
f 2335 2334 2440 2437
f 2443 2444 2445 2438
f 2336 2438 2445 2337
f 2440 2446 2447 2441
f 2340 2345 2447 2446
f 2334 2340 2446 2440
f 2441 2447 2448 2449
f 2450 2451 2452 2444
f 2444 2452 2453 2445
f 2346 2341 2453 2452
f 2337 2445 2453 2341
f 2447 2454 2455 2448
f 2344 2351 2455 2454
f 2345 2344 2454 2447
f 2448 2455 2456 2457
f 2351 2353 2456 2455
f 2458 2459 2460 2451
f 2354 2357 2460 2459
f 2451 2460 2461 2452
f 2357 2347 2461 2460
f 2346 2452 2461 2347
f 2456 2462 2463 2464
f 2352 2361 2463 2462
f 2353 2352 2462 2456
f 2464 2463 2465 2466
f 2361 2363 2465 2463
f 2467 2468 2469 2470
f 2364 2367 2469 2468
f 2470 2469 2471 2459
f 2367 2355 2471 2469
f 2354 2459 2471 2355
f 2465 2472 2473 2474
f 2362 2371 2473 2472
f 2363 2362 2472 2465
f 2474 2473 2475 2476
f 2371 2373 2475 2473
f 2476 2475 2477 2478
f 2373 2375 2477 2475
f 2478 2477 2479 2480
f 2375 2377 2479 2477
f 2480 2479 2481 2482
f 2377 2379 2481 2479
f 2482 2481 2483 2484
f 2379 2381 2483 2481
f 2484 2483 2485 2468
f 2381 2365 2485 2483
f 2364 2468 2485 2365
f 2385 2390 2486 2487
f 2488 2489 2490 2486
f 2388 2488 2486 2390
f 2388 2394 2489 2488
f 2491 2492 2493 2489
f 2393 2491 2489 2394
f 2393 2396 2492 2491
f 2494 2495 2496 2492
f 2395 2494 2492 2396
f 2395 2399 2495 2494
f 2495 2497 2498 2496
f 2399 2401 2497 2495
f 2499 2500 2501 2497
f 2400 2499 2497 2401
f 2400 2404 2500 2499
f 2500 2502 2503 2501
f 2404 2408 2502 2500
f 2502 2504 2505 2503
f 2408 2411 2504 2502
f 2504 2506 2507 2505
f 2411 2414 2506 2504
f 2415 2508 2509 2416
f 2506 2510 2511 2507
f 2414 2419 2510 2506
f 2512 2513 2514 2509
f 2416 2509 2514 2420
f 2510 2515 2516 2511
f 2419 2423 2515 2510
f 2513 2517 2518 2514
f 2420 2514 2518 2424
f 2515 2519 2520 2516
f 2427 2432 2520 2519
f 2423 2427 2519 2515
f 2517 2521 2522 2518
f 2433 2428 2522 2521
f 2424 2518 2522 2428
f 2520 2523 2524 2525
f 2432 2431 2523 2520
f 2526 2527 2528 2521
f 2433 2521 2528 2434
f 2523 2529 2530 2524
f 2437 2442 2530 2529
f 2431 2437 2529 2523
f 2527 2531 2532 2528
f 2443 2438 2532 2531
f 2434 2528 2532 2438
f 2530 2533 2534 2535
f 2441 2449 2534 2533
f 2442 2441 2533 2530
f 2536 2537 2538 2531
f 2450 2444 2538 2537
f 2443 2531 2538 2444
f 2534 2539 2540 2541
f 2448 2457 2540 2539
f 2449 2448 2539 2534
f 2542 2543 2544 2537
f 2458 2451 2544 2543
f 2450 2537 2544 2451
f 2540 2545 2546 2547
f 2456 2464 2546 2545
f 2457 2456 2545 2540
f 2547 2546 2548 2549
f 2464 2466 2548 2546
f 2550 2551 2552 2553
f 2467 2470 2552 2551
f 2553 2552 2554 2543
f 2470 2459 2554 2552
f 2458 2543 2554 2459
f 2548 2555 2556 2557
f 2465 2474 2556 2555
f 2466 2465 2555 2548
f 2557 2556 2558 2559
f 2474 2476 2558 2556
f 2559 2558 2560 2561
f 2476 2478 2560 2558
f 2561 2560 2562 2563
f 2478 2480 2562 2560
f 2563 2562 2564 2565
f 2480 2482 2564 2562
f 2565 2564 2566 2567
f 2482 2484 2566 2564
f 2567 2566 2568 2551
f 2484 2468 2568 2566
f 2467 2551 2568 2468
f 2486 2490 2569 2570
f 2571 2572 2573 2569
f 2489 2571 2569 2490
f 2489 2493 2572 2571
f 2574 2575 2576 2572
f 2492 2574 2572 2493
f 2492 2496 2575 2574
f 2575 2577 2578 2576
f 2496 2498 2577 2575
f 2579 2580 2581 2577
f 2497 2579 2577 2498
f 2497 2501 2580 2579
f 2577 2581 2582 2578
f 2580 2583 2584 2581
f 2501 2503 2583 2580
f 2581 2584 2585 2582
f 2583 2586 2587 2584
f 2503 2505 2586 2583
f 2586 2588 2589 2587
f 2505 2507 2588 2586
f 2588 2590 2591 2589
f 2507 2511 2590 2588
f 2512 2592 2593 2513
f 2590 2594 2595 2591
f 2511 2516 2594 2590
f 2591 2595 2596 2597
f 2598 2599 2600 2593
f 2513 2593 2600 2517
f 2594 2601 2602 2595
f 2520 2525 2602 2601
f 2516 2520 2601 2594
f 2595 2602 2603 2596
f 2604 2605 2606 2599
f 2599 2606 2607 2600
f 2526 2521 2607 2606
f 2517 2600 2607 2521
f 2602 2608 2609 2603
f 2525 2524 2608 2602
f 2605 2610 2611 2606
f 2526 2606 2611 2527
f 2608 2612 2613 2609
f 2530 2535 2613 2612
f 2524 2530 2612 2608
f 2609 2613 2614 2615
f 2616 2617 2618 2610
f 2610 2618 2619 2611
f 2536 2531 2619 2618
f 2527 2611 2619 2531
f 2613 2620 2621 2614
f 2534 2541 2621 2620
f 2535 2534 2620 2613
f 2614 2621 2622 2623
f 2624 2625 2626 2617
f 2617 2626 2627 2618
f 2542 2537 2627 2626
f 2536 2618 2627 2537
f 2621 2628 2629 2622
f 2540 2547 2629 2628
f 2541 2540 2628 2621
f 2622 2629 2630 2631
f 2547 2549 2630 2629
f 2631 2630 2632 2633
f 2633 2632 2634 2635
f 2636 2637 2638 2639
f 2639 2638 2640 2641
f 2641 2640 2642 2625
f 2550 2553 2642 2640
f 2625 2642 2643 2626
f 2553 2543 2643 2642
f 2542 2626 2643 2543
f 2630 2644 2645 2632
f 2548 2557 2645 2644
f 2549 2548 2644 2630
f 2632 2645 2646 2634
f 2557 2559 2646 2645
f 2634 2646 2647 2648
f 2559 2561 2647 2646
f 2648 2647 2649 2650
f 2561 2563 2649 2647
f 2650 2649 2651 2637
f 2563 2565 2651 2649
f 2637 2651 2652 2638
f 2565 2567 2652 2651
f 2638 2652 2653 2640
f 2567 2551 2653 2652
f 2550 2640 2653 2551
f 2654 2655 2656 2657
f 2576 2578 2655 2654
f 2655 2658 2659 2656
f 2578 2582 2658 2655
f 2658 2660 2661 2659
f 2582 2585 2660 2658
f 2662 2663 2664 2660
f 2584 2662 2660 2585
f 2584 2587 2663 2662
f 2660 2664 2665 2661
f 2663 2666 2667 2664
f 2587 2589 2666 2663
f 2664 2667 2668 2665
f 2666 2669 2670 2667
f 2591 2597 2670 2669
f 2589 2591 2669 2666
f 2667 2670 2671 2668
f 2670 2672 2673 2671
f 2597 2596 2672 2670
f 2671 2673 2674 2675
f 2672 2676 2677 2673
f 2596 2603 2676 2672
f 2673 2677 2678 2674
f 2679 2680 2681 2682
f 2682 2681 2683 2684
f 2604 2684 2683 2605
f 2676 2685 2686 2677
f 2609 2615 2686 2685
f 2603 2609 2685 2676
f 2677 2686 2687 2678
f 2678 2687 2688 2689
f 2690 2691 2692 2680
f 2680 2692 2693 2681
f 2681 2693 2694 2683
f 2616 2610 2694 2693
f 2605 2683 2694 2610
f 2686 2695 2696 2687
f 2614 2623 2696 2695
f 2615 2614 2695 2686
f 2687 2696 2697 2688
f 2688 2697 2698 2699
f 2699 2698 2700 2701
f 2702 2703 2704 2705
f 2705 2704 2706 2691
f 2691 2706 2707 2692
f 2692 2707 2708 2693
f 2624 2617 2708 2707
f 2616 2693 2708 2617
f 2696 2709 2710 2697
f 2622 2631 2710 2709
f 2623 2622 2709 2696
f 2697 2710 2711 2698
f 2631 2633 2711 2710
f 2698 2711 2712 2700
f 2633 2635 2712 2711
f 2700 2712 2713 2714
f 2714 2713 2715 2716
f 2716 2715 2717 2703
f 2703 2717 2718 2704
f 2636 2639 2718 2717
f 2704 2718 2719 2706
f 2639 2641 2719 2718
f 2706 2719 2720 2707
f 2641 2625 2720 2719
f 2624 2707 2720 2625
f 2712 2721 2722 2713
f 2634 2648 2722 2721
f 2635 2634 2721 2712
f 2713 2722 2723 2715
f 2648 2650 2723 2722
f 2715 2723 2724 2717
f 2650 2637 2724 2723
f 2636 2717 2724 2637
f 2725 2726 2727 2728
f 2661 2665 2726 2725
f 2726 2729 2730 2727
f 2665 2668 2729 2726
f 2727 2730 2731 2732
f 2729 2733 2734 2730
f 2671 2675 2734 2733
f 2668 2671 2733 2729
f 2730 2734 2735 2731
f 2731 2735 2736 2737
f 2734 2738 2739 2735
f 2675 2674 2738 2734
f 2735 2739 2740 2736
f 2736 2740 2741 2742
f 2738 2743 2744 2739
f 2678 2689 2744 2743
f 2674 2678 2743 2738
f 2739 2744 2745 2740
f 2740 2745 2746 2741
f 2741 2746 2747 2748
f 2748 2747 2749 2750
f 2750 2749 2751 2752
f 2752 2751 2753 2754
f 2754 2753 2755 2756
f 2756 2755 2757 2758
f 2690 2680 2757 2755
f 2679 2758 2757 2680
f 2744 2759 2760 2745
f 2688 2699 2760 2759
f 2689 2688 2759 2744
f 2745 2760 2761 2746
f 2699 2701 2761 2760
f 2746 2761 2762 2747
f 2747 2762 2763 2749
f 2749 2763 2764 2751
f 2751 2764 2765 2753
f 2702 2705 2765 2764
f 2753 2765 2766 2755
f 2705 2691 2766 2765
f 2690 2755 2766 2691
f 2761 2767 2768 2762
f 2700 2714 2768 2767
f 2701 2700 2767 2761
f 2762 2768 2769 2763
f 2714 2716 2769 2768
f 2763 2769 2770 2764
f 2716 2703 2770 2769
f 2702 2764 2770 2703
f 2771 2772 2773 2774
f 2774 2773 2775 2776
f 2771 2777 2778 2772
f 2772 2778 2775 2773
f 2771 2774 2776 2777
f 2779 2780 2781 2782
f 2779 2783 2784 2780
f 2779 2782 2785 2783
f 2780 2786 2787 2781
f 2780 2784 2788 2786
f 2786 2789 2790 2787
f 2786 2788 2791 2789
f 2789 2791 2792 2790
f 2793 2782 2794 2795
f 2793 2796 2785 2782
f 2793 2795 2797 2796
f 2782 2781 2798 2794
f 2781 2787 2799 2798
f 2787 2790 2800 2799
f 2790 2801 2802 2800
f 2790 2792 2803 2801
f 2801 2803 2804 2802
f 2805 2795 2806 2807
f 2805 2808 2797 2795
f 2805 2807 2809 2808
f 2795 2794 2810 2806
f 2794 2798 2811 2810
f 2798 2799 2812 2811
f 2799 2800 2813 2812
f 2800 2802 2814 2813
f 2802 2815 2816 2814
f 2802 2804 2817 2815
f 2815 2817 2818 2816
f 2819 2807 2820 2821
f 2819 2822 2809 2807
f 2819 2821 2823 2822
f 2807 2806 2824 2820
f 2806 2810 2825 2824
f 2810 2811 2777 2825
f 2811 2812 2778 2777
f 2812 2813 2826 2778
f 2813 2814 2827 2826
f 2814 2816 2828 2827
f 2816 2829 2830 2828
f 2816 2818 2831 2829
f 2829 2831 2832 2830
f 2821 2820 2833 2834
f 2821 2834 2835 2823
f 2820 2824 2836 2833
f 2824 2825 2837 2836
f 2825 2777 2776 2837
f 2778 2826 2838 2775
f 2826 2827 2839 2838
f 2827 2828 2840 2839
f 2828 2830 2841 2840
f 2830 2832 2842 2841
f 2834 2833 2843 2844
f 2844 2843 2845 2846
f 2834 2844 2846 2835
f 2833 2836 2847 2843
f 2836 2837 2848 2847
f 2837 2776 2849 2848
f 2776 2775 2850 2849
f 2775 2838 2851 2850
f 2838 2839 2852 2851
f 2839 2840 2853 2852
f 2840 2841 2854 2853
f 2853 2854 2855 2856
f 2841 2842 2855 2854
f 2843 2847 2857 2858
f 2858 2857 2859 2860
f 2843 2858 2860 2845
f 2847 2848 2861 2857
f 2848 2849 2862 2861
f 2849 2850 2863 2862
f 2850 2851 2864 2863
f 2851 2852 2865 2864
f 2852 2853 2866 2865
f 2865 2866 2867 2868
f 2853 2856 2867 2866
f 2857 2861 2869 2870
f 2870 2869 2871 2872
f 2857 2870 2872 2859
f 2861 2862 2873 2869
f 2862 2863 2874 2873
f 2863 2864 2875 2874
f 2864 2865 2876 2875
f 2875 2876 2877 2878
f 2865 2868 2877 2876
f 2869 2873 2879 2880
f 2880 2879 2881 2882
f 2869 2880 2882 2871
f 2873 2874 2883 2879
f 2879 2883 2884 2881
f 2874 2875 2885 2883
f 2883 2885 2886 2884
f 2875 2878 2886 2885
f 2887 2888 2783 2889
f 2887 2890 2891 2888
f 2887 2889 2892 2890
f 2888 2893 2784 2783
f 2888 2891 2894 2893
f 2893 2895 2788 2784
f 2893 2894 2896 2895
f 2895 2897 2791 2788
f 2895 2896 2898 2897
f 2897 2899 2900 2791
f 2897 2898 2901 2899
f 2899 2901 2902 2900
f 2903 2904 2905 2906
f 2903 2907 2908 2904
f 2903 2906 2909 2907
f 2904 2889 2796 2905
f 2904 2908 2892 2889
f 2889 2783 2785 2796
f 2791 2900 2803 2792
f 2900 2910 2911 2803
f 2900 2902 2912 2910
f 2910 2913 2914 2911
f 2910 2912 2915 2913
f 2913 2915 2916 2914
f 2906 2905 2808 2917
f 2906 2917 2918 2909
f 2905 2796 2797 2808
f 2803 2911 2817 2804
f 2911 2914 2919 2817
f 2914 2916 2920 2919
f 2921 2917 2822 2922
f 2921 2923 2918 2917
f 2921 2922 2924 2923
f 2917 2808 2809 2822
f 2817 2919 2831 2818
f 2919 2925 2926 2831
f 2919 2920 2927 2925
f 2925 2927 2928 2926
f 2922 2822 2823 2929
f 2922 2929 2930 2924
f 2831 2926 2931 2832
f 2926 2928 2932 2931
f 2929 2823 2835 2933
f 2929 2933 2934 2930
f 2832 2931 2935 2842
f 2931 2932 2936 2935
f 2933 2835 2846 2937
f 2933 2937 2938 2934
f 2842 2935 2939 2855
f 2935 2936 2940 2939
f 2937 2846 2941 2942
f 2942 2941 2943 2944
f 2937 2942 2944 2938
f 2846 2845 2860 2941
f 2856 2855 2945 2867
f 2855 2939 2946 2945
f 2945 2946 2947 2948
f 2939 2940 2947 2946
f 2941 2860 2949 2950
f 2941 2950 2951 2943
f 2860 2859 2872 2949
f 2868 2867 2952 2877
f 2867 2945 2953 2952
f 2945 2948 2954 2953
f 2950 2949 2955 2956
f 2956 2955 2957 2958
f 2950 2956 2958 2951
f 2949 2872 2959 2955
f 2955 2959 2960 2957
f 2872 2871 2882 2959
f 2878 2877 2961 2886
f 2877 2952 2962 2961
f 2961 2962 2963 2964
f 2952 2953 2965 2962
f 2962 2965 2966 2963
f 2953 2954 2966 2965
f 2959 2882 2967 2968
f 2968 2967 2969 2970
f 2959 2968 2970 2960
f 2882 2881 2971 2967
f 2967 2971 2972 2969
f 2881 2884 2973 2971
f 2971 2973 2974 2972
f 2884 2886 2975 2973
f 2973 2975 2976 2974
f 2886 2961 2977 2975
f 2975 2977 2978 2976
f 2961 2964 2978 2977
f 2979 2980 2890 2981
f 2979 449 450 2980
f 2979 2981 462 449
f 2980 2982 2891 2890
f 2980 450 451 2982
f 2982 2983 2894 2891
f 2982 451 452 2983
f 2983 2984 2896 2894
f 2983 452 453 2984
f 2984 2985 2898 2896
f 2984 453 455 2985
f 2985 2986 2901 2898
f 2985 455 2987 2986
f 2986 2988 2989 2901
f 2986 2987 2990 2988
f 2988 2990 2991 2989
f 2992 2981 2908 2907
f 2992 461 462 2981
f 2992 2907 470 461
f 2981 2890 2892 2908
f 2901 2989 2912 2902
f 2989 2993 2915 2912
f 2989 2991 2994 2993
f 2993 2994 2995 2915
f 2996 2907 2909 2997
f 2996 469 470 2907
f 2996 2997 475 469
f 2915 2998 2999 2916
f 2915 2995 3000 2998
f 2998 3000 3001 2999
f 3002 2997 2923 3003
f 3002 474 475 2997
f 3002 3003 480 474
f 2997 2909 2918 2923
f 2916 2999 2927 2920
f 2999 3004 3005 2927
f 2999 3001 3006 3004
f 3004 3006 3007 3005
f 3003 2923 2924 3008
f 3003 3008 481 480
f 2927 3005 3009 2928
f 3005 3007 3010 3009
f 3008 2924 2930 3011
f 3008 3011 484 481
f 2928 3009 3012 2932
f 3009 3010 3013 3012
f 3011 2930 2934 3014
f 3011 3014 3015 484
f 2932 3012 3016 2936
f 3012 3013 3017 3016
f 3014 2934 2938 3018
f 3014 3018 3019 3015
f 2936 3016 3020 2940
f 3016 3017 3021 3020
f 3018 2938 2944 3022
f 3018 3022 3023 3019
f 2940 3020 3024 2947
f 3020 3021 3025 3024
f 3022 2944 3026 3027
f 3027 3026 3028 3029
f 3022 3027 3029 3023
f 2944 2943 2951 3026
f 2948 2947 3030 2954
f 2947 3024 3031 3030
f 3030 3031 3032 3033
f 3024 3025 3032 3031
f 3026 2951 2958 3034
f 3034 2958 3035 3036
f 3026 3034 3036 3028
f 2954 3030 3037 2966
f 2966 3037 3038 3039
f 3030 3033 3038 3037
f 2958 2957 3040 3041
f 3041 3040 3042 3043
f 2958 3041 3043 3035
f 2957 2960 2970 3040
f 2964 2963 3044 2978
f 2963 2966 3045 3044
f 3044 3045 3046 3047
f 2966 3039 3046 3045
f 3040 2970 3048 3049
f 3049 3048 3050 3051
f 3040 3049 3051 3042
f 2970 2969 3052 3048
f 3048 3052 3053 3050
f 2969 2972 3054 3052
f 3052 3054 3055 3053
f 2972 2974 3056 3054
f 3054 3056 3057 3055
f 2974 2976 3058 3056
f 3056 3058 3059 3057
f 2976 2978 3060 3058
f 3058 3060 3061 3059
f 2978 3044 3062 3060
f 3060 3062 3063 3061
f 3044 3047 3063 3062
f 454 3064 2987 455
f 454 456 536 3064
f 3064 536 545 2987
f 2987 545 544 2990
f 2990 3065 2994 2991
f 2990 544 3066 3065
f 3065 3066 3067 2994
f 2994 3068 3000 2995
f 2994 3067 3069 3068
f 3068 3069 3070 3000
f 3000 3071 3006 3001
f 3000 3070 3072 3071
f 3071 3072 3073 3006
f 3006 3073 3074 3007
f 3007 3075 3076 3010
f 3007 3074 3077 3075
f 3075 3077 3078 3076
f 3010 3076 3079 3013
f 3076 3078 3080 3079
f 485 484 3015 3081
f 485 3081 570 486
f 3013 3079 3082 3017
f 3079 3080 3083 3082
f 3081 3015 3019 3084
f 3081 3084 571 570
f 3017 3082 3085 3021
f 3082 3083 3086 3085
f 3084 3019 3023 3087
f 3087 3023 3088 575
f 3084 3087 575 571
f 3021 3085 3089 3025
f 3025 3089 3090 3091
f 3085 3086 3090 3089
f 3023 3029 3092 3088
f 3025 3091 3093 3032
f 3029 3028 3036 3094
f 3094 3036 3095 3096
f 3029 3094 3096 3092
f 3033 3032 3097 3038
f 3038 3097 3098 3099
f 3032 3093 3098 3097
f 3036 3035 3043 3100
f 3100 3043 3101 3102
f 3036 3100 3102 3095
f 3039 3038 3103 3046
f 3046 3103 3104 3105
f 3038 3099 3104 3103
f 3043 3042 3051 3106
f 3106 3051 3107 3108
f 3043 3106 3108 3101
f 3051 3050 3109 3107
f 3061 3063 3110 3111
f 3047 3046 3112 3063
f 3063 3112 3113 3110
f 3046 3105 3113 3112
f 3050 3053 3114 3115
f 3115 3114 3116 3117
f 3050 3115 3117 3109
f 3053 3055 3118 3114
f 3114 3118 3119 3116
f 3055 3057 3120 3118
f 3118 3120 3121 3119
f 3057 3059 3122 3120
f 3120 3122 3123 3121
f 3059 3061 3124 3122
f 3122 3124 3125 3123
f 3061 3111 3125 3124
f 538 3126 3066 544
f 538 540 629 3126
f 3126 629 638 3066
f 3066 3127 3069 3067
f 3066 638 637 3127
f 3127 637 3128 3069
f 3069 3129 3072 3070
f 3069 3128 3130 3129
f 3129 3130 3131 3072
f 3072 3132 3133 3073
f 3072 3131 3134 3132
f 3132 3134 3135 3133
f 3073 3133 3077 3074
f 3133 3135 3136 3077
f 3077 3136 3137 3078
f 3078 3138 3139 3080
f 3078 3137 3140 3138
f 3138 3140 3141 3139
f 3080 3139 3142 3083
f 3139 3141 3143 3142
f 3083 3142 3144 3086
f 3086 3144 3145 3146
f 3142 3143 3145 3144
f 3086 3146 3147 3090
f 575 3088 3092 3148
f 575 3148 666 576
f 3091 3090 3149 3093
f 3090 3147 3150 3149
f 3148 3092 3096 3151
f 3151 3096 3152 3153
f 3148 3151 3153 666
f 3093 3149 3154 3098
f 3098 3154 3155 3156
f 3149 3150 3155 3154
f 3096 3095 3102 3157
f 3157 3102 3158 3159
f 3096 3157 3159 3152
f 3099 3098 3160 3104
f 3104 3160 3161 3162
f 3098 3156 3161 3160
f 3102 3101 3108 3163
f 3163 3108 3164 3165
f 3102 3163 3165 3158
f 3105 3104 3166 3113
f 3113 3166 3167 3168
f 3104 3162 3167 3166
f 3108 3107 3169 3170
f 3170 3169 3171 3172
f 3108 3170 3172 3164
f 3107 3109 3117 3169
f 3169 3117 3173 3171
f 3117 3116 3174 3173
f 3123 3125 3175 3176
f 3111 3110 3177 3125
f 3125 3177 3178 3175
f 3110 3113 3179 3177
f 3177 3179 3180 3178
f 3113 3168 3180 3179
f 3116 3119 3181 3182
f 3182 3181 3183 3184
f 3116 3182 3184 3174
f 3119 3121 3185 3181
f 3181 3185 3186 3183
f 3121 3123 3187 3185
f 3185 3187 3188 3186
f 3123 3176 3188 3187
f 637 3189 3130 3128
f 637 640 725 3189
f 3189 725 731 3130
f 3130 731 3190 3131
f 3131 3190 3191 3134
f 3134 3191 3192 3135
f 3135 3192 3193 3136
f 3136 3194 3140 3137
f 3136 3193 3195 3194
f 3194 3195 3196 3140
f 3140 3196 3197 3141
f 3141 3197 3198 3143
f 3143 3198 3199 3145
f 3146 3145 3200 3147
f 3147 3200 3201 3202
f 3145 3199 3201 3200
f 3147 3202 3203 3150
f 3153 3152 3204 754
f 666 3153 754 668
f 3156 3155 3205 3206
f 3150 3203 3205 3155
f 3152 3159 3207 3204
f 3156 3206 3208 3161
f 3159 3158 3165 3209
f 3209 3165 3210 3211
f 3159 3209 3211 3207
f 3165 3164 3212 3210
f 3168 3167 3213 3214
f 3162 3161 3215 3167
f 3167 3215 3216 3213
f 3161 3208 3216 3215
f 3172 3171 3217 3218
f 3164 3172 3218 3212
f 3171 3173 3219 3217
f 3175 3178 3220 3221
f 3178 3180 3222 3220
f 3168 3214 3222 3180
f 3173 3174 3184 3223
f 3223 3184 3224 3225
f 3173 3223 3225 3219
f 3184 3183 3226 3224
f 3183 3186 3227 3226
f 3186 3188 3228 3227
f 3176 3175 3229 3188
f 3188 3229 3230 3228
f 3175 3221 3230 3229
f 731 3231 3191 3190
f 731 730 828 3231
f 3231 828 832 3191
f 3191 832 3232 3192
f 3192 3233 3195 3193
f 3192 3232 3234 3233
f 3233 3234 3235 3195
f 3195 3235 3236 3196
f 3196 3236 3237 3197
f 3197 3237 3238 3198
f 3198 3238 3239 3199
f 3199 3239 3240 3201
f 3202 3201 3241 3203
f 3203 3241 3242 3243
f 3201 3240 3242 3241
f 3203 3243 3244 3205
f 754 3204 3207 3245
f 3245 3207 861 857
f 754 3245 857 756
f 3206 3205 3246 3208
f 3208 3246 3247 3248
f 3205 3244 3247 3246
f 3211 3210 864 863
f 3207 3211 863 861
f 3213 3216 3249 3250
f 3208 3248 3249 3216
f 3210 3212 3218 3251
f 3251 3218 3252 3253
f 3210 3251 3253 864
f 3218 3217 3254 3252
f 3220 3222 3255 3256
f 3214 3213 3257 3222
f 3222 3257 3258 3255
f 3213 3250 3258 3257
f 3217 3219 3225 3259
f 3259 3225 3260 3261
f 3217 3259 3261 3254
f 3225 3224 3262 3260
f 3224 3226 3263 3262
f 3226 3227 3264 3263
f 3227 3228 3265 3264
f 3228 3230 3266 3265
f 3221 3220 3267 3230
f 3230 3267 3268 3266
f 3220 3256 3268 3267
f 832 3269 3234 3232
f 832 831 939 3269
f 3269 939 3270 3234
f 3234 3270 942 3235
f 3235 942 945 3236
f 3236 945 948 3237
f 3237 948 3271 3238
f 3238 3271 3272 3239
f 3239 3272 3273 3240
f 3240 3273 3274 3242
f 3243 3242 3275 3244
f 3244 3275 3276 3277
f 3242 3274 3276 3275
f 3248 3247 3278 3279
f 3244 3277 3278 3247
f 3250 3249 3280 3281
f 3248 3279 3280 3249
f 3253 3252 976 972
f 864 3253 972 865
f 3255 3258 3282 3283
f 3250 3281 3282 3258
f 3252 3254 3261 3284
f 3284 3261 3285 3286
f 3252 3284 3286 976
f 3261 3260 3287 3285
f 3260 3262 3288 3287
f 3262 3263 3289 3288
f 3263 3264 3290 3289
f 3264 3265 3291 3290
f 3265 3266 3292 3291
f 3266 3268 3293 3292
f 3256 3255 3294 3268
f 3268 3294 3295 3293
f 3255 3283 3295 3294
f 948 3296 3297 3271
f 3271 3297 3298 1041
f 948 947 3299 3296
f 3296 3299 3298 3297
f 3271 1041 1044 3272
f 3272 1044 3300 3273
f 3273 3300 3301 3274
f 3277 3276 3302 3303
f 3274 3301 3302 3276
f 3279 3278 3304 3305
f 3277 3303 3304 3278
f 3281 3280 3306 3307
f 3279 3305 3306 3280
f 3283 3282 3308 3309
f 3281 3307 3308 3282
f 3286 3285 1067 1066
f 976 3286 1066 977
f 3285 3287 1070 1067
f 3287 3288 1072 1070
f 3288 3289 3310 1072
f 3290 3291 3311 3312
f 3291 3292 3313 3311
f 3292 3293 3314 3313
f 3293 3295 3315 3314
f 3283 3309 3315 3295
f 3310 3316 3317 3312
f 3289 3290 3318 3319
f 3319 3318 3317 3316
f 3290 3312 3317 3318
f 3289 3319 3316 3310
f 1044 1043 1130 3300
f 3300 1130 3320 3301
f 3321 3322 3323 3320
f 3303 3302 3323 3322
f 3301 3320 3323 3302
f 3305 3304 3324 3325
f 3303 3322 3324 3304
f 3307 3306 3326 3327
f 3305 3325 3326 3306
f 3309 3308 3328 3329
f 3307 3327 3328 3308
f 1072 3310 1155 1073
f 3310 3312 1157 1155
f 3312 3311 1159 1157
f 3311 3313 3330 1159
f 3313 3314 3331 3330
f 3332 3331 3333 3329
f 3314 3315 3333 3331
f 3309 3329 3333 3315
f 3321 3320 1218 1217
f 1130 1129 1218 3320
f 3321 1217 1226 3322
f 1225 1233 3334 1226
f 3325 3324 3334 1233
f 3322 1226 3334 3324
f 3327 3326 3335 1238
f 3325 1233 3335 3326
f 3332 3329 1249 1246
f 1237 1249 3336 1238
f 3329 3328 3336 1249
f 3327 1238 3336 3328
f 1159 3330 1261 1160
f 1245 1261 3337 1246
f 3330 3331 3337 1261
f 3332 1246 3337 3331
f 1319 1239 3338 1232
f 1238 3335 3338 1239
f 1233 1232 3338 3335
f 1988 2090 3339 1989
f 1989 3339 2095 1990
f 1995 2096 3340 1996
f 1996 3340 3341 1997
f 1997 3341 3342 2001
f 2001 3342 3343 2002
f 2002 3343 3344 2006
f 2006 3344 2104 2007
f 2083 3345 2171 2084
f 2083 2082 2181 3345
f 2087 2174 3346 2088
f 2088 3346 3347 2089
f 2089 3347 3348 2090
f 2090 3348 3349 3339
f 3339 3350 2096 2095
f 3339 3349 3351 3350
f 3350 3351 3352 2096
f 2096 3352 3353 3340
f 3340 3353 3354 3341
f 3341 3354 3355 3342
f 3342 3355 3356 3343
f 3343 3356 3357 3344
f 3344 3357 3358 2104
f 2104 3359 2109 2105
f 2104 3358 3360 3359
f 3359 3360 3361 2109
f 2109 3361 2196 2110
f 3362 3363 3364 3365
f 3366 3367 3346 2174
f 3366 3362 3365 3367
f 3367 3365 3364 3346
f 3366 2174 3363 3362
f 3345 3368 3369 2171
f 3345 2181 2265 3368
f 2171 3369 3370 2172
f 2172 3370 3371 2173
f 2173 3371 3363 2174
f 3346 3364 3372 3347
f 3347 3372 3373 3348
f 3348 3373 3374 3349
f 3349 3374 3375 3351
f 3351 3375 3376 3352
f 3352 3376 3377 3353
f 3353 3377 3378 3354
f 3354 3378 3379 3355
f 3355 3379 3380 3356
f 3356 3380 3381 3357
f 3357 3381 3382 3358
f 3358 3382 3383 3360
f 3360 3383 3384 3361
f 3361 3384 3385 2196
f 2196 3385 2287 2197
f 2288 2294 2297 3386
f 2201 2288 3386 2202
f 2202 3386 2297 2298
f 3387 3388 3389 3390
f 3368 3387 3390 3369
f 3368 2265 3388 3387
f 3369 3390 3391 3370
f 3370 3391 3392 3371
f 3371 3392 3393 3363
f 3363 3393 3394 3364
f 3364 3394 3395 3372
f 3372 3395 3396 3373
f 3373 3396 3397 3374
f 3397 3398 3399 3400
f 3374 3397 3400 3375
f 3375 3400 3399 3376
f 2264 3401 3388 2265
f 2264 2266 3402 3401
f 3376 3399 3403 3377
f 3377 3403 3404 3378
f 2270 3405 3402 2266
f 2270 2269 2384 3405
f 3378 3404 3406 3379
f 3379 3406 3407 3380
f 3380 3407 3408 3381
f 3381 3408 3409 3382
f 3409 3410 3411 3412
f 3382 3409 3412 3383
f 3383 3412 3411 3384
f 3384 3411 3413 3385
f 3385 3413 3414 2287
f 2287 3414 3415 2288
f 2288 3415 2405 2294
f 3416 3417 3418 3419
f 3390 3416 3419 3391
f 3390 3389 3417 3416
f 3391 3419 3420 3392
f 3392 3420 3421 3393
f 3393 3421 3422 3394
f 3394 3422 3423 3395
f 3395 3423 3424 3396
f 3424 3425 3426 3427
f 3396 3424 3427 3397
f 3397 3427 3426 3398
f 3428 3429 3430 3431
f 3401 3428 3431 3388
f 3401 3402 3429 3428
f 3388 3431 3417 3389
f 3398 3426 3432 3399
f 3432 3433 3434 3435
f 3399 3432 3435 3403
f 3403 3435 3434 3404
f 3405 3436 3429 3402
f 3405 2384 3437 3436
f 3404 3434 3438 3406
f 3406 3438 3439 3407
f 3440 2487 3441 3437
f 2383 3440 3437 2384
f 2383 2385 2487 3440
f 3439 3442 3443 3444
f 3407 3439 3444 3408
f 3408 3444 3443 3409
f 3409 3443 3445 3410
f 3445 3446 3447 3448
f 3410 3445 3448 3411
f 3411 3448 3447 3413
f 3413 3447 3449 3414
f 3414 3449 3450 3415
f 3415 3450 3451 2405
f 2405 3451 3452 2406
f 2406 3452 3453 2409
f 3454 2508 3455 3453
f 2415 2412 3455 2508
f 2409 3453 3455 2412
f 3456 3457 3458 3459
f 3419 3456 3459 3420
f 3419 3418 3457 3456
f 3420 3459 3460 3421
f 3421 3460 3461 3422
f 3422 3461 3462 3423
f 3462 3463 3464 3465
f 3423 3462 3465 3424
f 3424 3465 3464 3425
f 3431 3466 3467 3417
f 3431 3430 3468 3466
f 3417 3467 3457 3418
f 3425 3464 3469 3426
f 3426 3469 3470 3432
f 3432 3470 3471 3433
f 3472 3473 3474 3475
f 3436 3472 3475 3429
f 3436 3437 3473 3472
f 3429 3475 3468 3430
f 3433 3471 3476 3434
f 3476 3477 3478 3479
f 3434 3476 3479 3438
f 3438 3479 3478 3439
f 3437 3441 3480 3473
f 3439 3478 3481 3442
f 2487 3482 3480 3441
f 2487 2486 2570 3482
f 3442 3481 3483 3443
f 3443 3483 3484 3445
f 3445 3484 3485 3446
f 3485 3486 3487 3488
f 3446 3485 3488 3447
f 3447 3488 3487 3449
f 3449 3487 3489 3450
f 3450 3489 3490 3451
f 3451 3490 3491 3452
f 3492 3493 3494 3491
f 3454 3453 3494 3493
f 3452 3491 3494 3453
f 3454 3493 3495 2508
f 2512 2509 3496 2592
f 2508 3495 3496 2509
f 3497 3498 3499 3500
f 3459 3497 3500 3460
f 3459 3458 3498 3497
f 3500 3499 3501 3502
f 3460 3500 3502 3461
f 3502 3501 3503 3504
f 3461 3502 3504 3462
f 3462 3504 3503 3463
f 3505 3506 3507 3508
f 3466 3505 3508 3467
f 3466 3468 3506 3505
f 3508 3507 3509 3510
f 3467 3508 3510 3457
f 3457 3510 3498 3458
f 3463 3503 3511 3464
f 3511 3512 3513 3514
f 3464 3511 3514 3469
f 3514 3513 3515 3516
f 3469 3514 3516 3470
f 3470 3516 3515 3471
f 3517 3518 3519 3506
f 3475 3517 3506 3468
f 3475 3474 3518 3517
f 3515 3520 3521 3522
f 3471 3515 3522 3476
f 3476 3522 3521 3477
f 3523 3524 3525 3518
f 3473 3523 3518 3474
f 3473 3480 3524 3523
f 3521 3526 3527 3528
f 3477 3521 3528 3478
f 3478 3528 3527 3481
f 3529 3530 3531 3524
f 3482 3529 3524 3480
f 3482 2570 3530 3529
f 3527 3532 3533 3534
f 3481 3527 3534 3483
f 3483 3534 3533 3484
f 3530 3535 3536 3531
f 2570 2569 3535 3530
f 3532 3537 3538 3533
f 3484 3533 3538 3485
f 2569 2573 3539 3535
f 3485 3538 3540 3486
f 3541 2654 2657 3539
f 2572 3541 3539 2573
f 2572 2576 2654 3541
f 3540 3542 3543 3544
f 3486 3540 3544 3487
f 3487 3544 3543 3489
f 3542 3545 3546 3543
f 3489 3543 3546 3490
f 3545 3547 3548 3546
f 3492 3491 3548 3547
f 3490 3546 3548 3491
f 3492 3547 3549 3493
f 3550 3551 3552 3549
f 3493 3549 3552 3495
f 3551 3553 3554 3552
f 2592 3496 3554 3553
f 3495 3552 3554 3496
f 3555 3556 3557 3553
f 2598 2593 3557 3556
f 2592 3553 3557 2593
f 3558 2684 3559 3556
f 2604 2599 3559 2684
f 2598 3556 3559 2599
f 3560 3561 3562 3563
f 3510 3560 3563 3498
f 3510 3509 3561 3560
f 3563 3562 3564 3565
f 3498 3563 3565 3499
f 3565 3564 3566 3567
f 3499 3565 3567 3501
f 3567 3566 3568 3569
f 3501 3567 3569 3503
f 3569 3568 3570 3571
f 3503 3569 3571 3511
f 3511 3571 3570 3512
f 3572 3573 3574 3575
f 3506 3572 3575 3507
f 3506 3519 3573 3572
f 3507 3575 3561 3509
f 3512 3570 3576 3513
f 3576 3577 3578 3579
f 3513 3576 3579 3515
f 3515 3579 3578 3520
f 3580 3581 3582 3573
f 3518 3580 3573 3519
f 3518 3525 3581 3580
f 3578 3583 3584 3585
f 3520 3578 3585 3521
f 3521 3585 3584 3526
f 3586 3587 3588 3581
f 3524 3586 3581 3525
f 3524 3531 3587 3586
f 3584 3589 3590 3591
f 3526 3584 3591 3527
f 3527 3591 3590 3532
f 3531 3536 3592 3587
f 3532 3590 3593 3537
f 3594 3595 3596 3592
f 3535 3594 3592 3536
f 3535 3539 3595 3594
f 3593 3597 3598 3599
f 3537 3593 3599 3538
f 3538 3599 3598 3540
f 3595 3600 3601 3596
f 3539 2657 3600 3595
f 3597 3602 3603 3598
f 3540 3598 3603 3542
f 3600 3604 3605 3601
f 2657 2656 3604 3600
f 3602 3606 3607 3603
f 3542 3603 3607 3545
f 3604 3608 3609 3605
f 2656 2659 3608 3604
f 3606 3610 3611 3607
f 3545 3607 3611 3547
f 3608 2725 2728 3609
f 2659 2661 2725 3608
f 3610 3612 3613 3611
f 3550 3549 3613 3612
f 3547 3611 3613 3549
f 3550 3612 3614 3551
f 3615 3616 3617 3614
f 3555 3553 3617 3616
f 3551 3614 3617 3553
f 3618 3619 3620 3616
f 3558 3556 3620 3619
f 3555 3616 3620 3556
f 2679 2682 3621 2758
f 3622 3621 3623 3619
f 2682 2684 3623 3621
f 3558 3619 3623 2684
f 3624 3625 3626 3627
f 3575 3624 3627 3561
f 3575 3574 3625 3624
f 3627 3626 3628 3629
f 3561 3627 3629 3562
f 3629 3628 3630 3631
f 3562 3629 3631 3564
f 3631 3630 3632 3633
f 3564 3631 3633 3566
f 3633 3632 3634 3635
f 3566 3633 3635 3568
f 3635 3634 3636 3637
f 3568 3635 3637 3570
f 3637 3636 3638 3639
f 3570 3637 3639 3576
f 3576 3639 3638 3577
f 3640 3641 3642 3625
f 3573 3640 3625 3574
f 3573 3582 3641 3640
f 3625 3642 3643 3626
f 3636 3644 3645 3638
f 3638 3645 3646 3647
f 3577 3638 3647 3578
f 3578 3647 3646 3583
f 3648 3649 3650 3641
f 3581 3648 3641 3582
f 3581 3588 3649 3648
f 3646 3651 3652 3653
f 3583 3646 3653 3584
f 3584 3653 3652 3589
f 3654 3655 3656 3649
f 3587 3654 3649 3588
f 3587 3592 3655 3654
f 3649 3656 3657 3650
f 3651 3658 3659 3652
f 3652 3659 3660 3661
f 3589 3652 3661 3590
f 3590 3661 3660 3593
f 3655 3662 3663 3656
f 3592 3596 3662 3655
f 3659 3664 3665 3660
f 3593 3660 3665 3597
f 3662 3666 3667 3663
f 3596 3601 3666 3662
f 3664 3668 3669 3665
f 3597 3665 3669 3602
f 3666 3670 3671 3667
f 3601 3605 3670 3666
f 3668 3672 3673 3669
f 3602 3669 3673 3606
f 3670 3674 3675 3671
f 3605 3609 3674 3670
f 3672 3676 3677 3673
f 3606 3673 3677 3610
f 3674 3678 3679 3675
f 3609 2728 3678 3674
f 3676 3680 3681 3677
f 3610 3677 3681 3612
f 3678 3682 3683 3679
f 2727 2732 3683 3682
f 2728 2727 3682 3678
f 3679 3683 3684 3685
f 3686 3687 3688 3680
f 3680 3688 3689 3681
f 3615 3614 3689 3688
f 3612 3681 3689 3614
f 3683 3690 3691 3684
f 2731 2737 3691 3690
f 2732 2731 3690 3683
f 3687 3692 3693 3688
f 3618 3616 3693 3692
f 3615 3688 3693 3616
f 3691 3694 3695 3696
f 2736 2742 3695 3694
f 2737 2736 3694 3691
f 3696 3695 3697 3698
f 3699 3700 3701 3702
f 3702 3701 3703 3692
f 3622 3619 3703 3701
f 3618 3692 3703 3619
f 3695 3704 3705 3697
f 2741 2748 3705 3704
f 2742 2741 3704 3695
f 3697 3705 3706 3707
f 2748 2750 3706 3705
f 3707 3706 3708 3709
f 2750 2752 3708 3706
f 3709 3708 3710 3711
f 2752 2754 3710 3708
f 3711 3710 3712 3713
f 2754 2756 3712 3710
f 3713 3712 3714 3700
f 2756 2758 3714 3712
f 3700 3714 3715 3701
f 2758 3621 3715 3714
f 3622 3701 3715 3621
f 3716 3717 3718 3719
f 3626 3716 3719 3628
f 3626 3643 3717 3716
f 3719 3718 3720 3721
f 3628 3719 3721 3630
f 3721 3720 3722 3723
f 3630 3721 3723 3632
f 3723 3722 3724 3725
f 3632 3723 3725 3634
f 3725 3724 3726 3727
f 3634 3725 3727 3636
f 3636 3727 3726 3644
f 3728 3729 3730 3731
f 3641 3728 3731 3642
f 3641 3650 3729 3728
f 3731 3730 3732 3717
f 3642 3731 3717 3643
f 3717 3732 3733 3718
f 3724 3734 3735 3726
f 3726 3735 3736 3737
f 3644 3726 3737 3645
f 3737 3736 3738 3739
f 3645 3737 3739 3646
f 3646 3739 3738 3651
f 3729 3740 3741 3730
f 3650 3657 3740 3729
f 3730 3741 3742 3732
f 3735 3743 3744 3736
f 3736 3744 3745 3738
f 3651 3738 3745 3658
f 3746 3747 3748 3740
f 3656 3746 3740 3657
f 3656 3663 3747 3746
f 3740 3748 3749 3741
f 3744 3750 3751 3745
f 3745 3751 3752 3753
f 3658 3745 3753 3659
f 3659 3753 3752 3664
f 3747 3754 3755 3748
f 3663 3667 3754 3747
f 3751 3756 3757 3752
f 3664 3752 3757 3668
f 3754 3758 3759 3755
f 3667 3671 3758 3754
f 3756 3760 3761 3757
f 3668 3757 3761 3672
f 3758 3762 3763 3759
f 3671 3675 3762 3758
f 3760 3764 3765 3761
f 3672 3761 3765 3676
f 3762 3766 3767 3763
f 3679 3685 3767 3766
f 3675 3679 3766 3762
f 3763 3767 3768 3769
f 3770 3771 3772 3764
f 3764 3772 3773 3765
f 3686 3680 3773 3772
f 3676 3765 3773 3680
f 3767 3774 3775 3768
f 3685 3684 3774 3767
f 3768 3775 3776 3777
f 3778 3779 3780 3771
f 3771 3780 3781 3772
f 3686 3772 3781 3687
f 3774 3782 3783 3775
f 3691 3696 3783 3782
f 3684 3691 3782 3774
f 3775 3783 3784 3776
f 3696 3698 3784 3783
f 3776 3784 3785 3786
f 3787 3788 3789 3779
f 3779 3789 3790 3780
f 3699 3702 3790 3789
f 3780 3790 3791 3781
f 3702 3692 3791 3790
f 3687 3781 3791 3692
f 3784 3792 3793 3785
f 3697 3707 3793 3792
f 3698 3697 3792 3784
f 3785 3793 3794 3795
f 3707 3709 3794 3793
f 3795 3794 3796 3797
f 3709 3711 3796 3794
f 3797 3796 3798 3788
f 3711 3713 3798 3796
f 3788 3798 3799 3789
f 3713 3700 3799 3798
f 3699 3789 3799 3700
f 3800 3801 3802 3803
f 3718 3800 3803 3720
f 3718 3733 3801 3800
f 3803 3802 3804 3805
f 3720 3803 3805 3722
f 3805 3804 3806 3807
f 3722 3805 3807 3724
f 3724 3807 3806 3734
f 3808 3809 3810 3801
f 3732 3808 3801 3733
f 3732 3742 3809 3808
f 3801 3810 3811 3802
f 3802 3811 3812 3804
f 3804 3812 3813 3806
f 3806 3813 3814 3815
f 3734 3806 3815 3735
f 3735 3815 3814 3743
f 3816 3817 3818 3809
f 3741 3816 3809 3742
f 3741 3749 3817 3816
f 3809 3818 3819 3810
f 3810 3819 3820 3811
f 3811 3820 3821 3812
f 3812 3821 3822 3813
f 3813 3822 3823 3814
f 3814 3823 3824 3825
f 3743 3814 3825 3744
f 3744 3825 3824 3750
f 3826 3827 3828 3817
f 3748 3826 3817 3749
f 3748 3755 3827 3826
f 3817 3828 3829 3818
f 3818 3829 3830 3819
f 3819 3830 3831 3820
f 3820 3831 3832 3821
f 3821 3832 3833 3822
f 3822 3833 3834 3823
f 3823 3834 3835 3824
f 3824 3835 3836 3837
f 3750 3824 3837 3751
f 3751 3837 3836 3756
f 3827 3838 3839 3828
f 3755 3759 3838 3827
f 3828 3839 3840 3829
f 3829 3840 3841 3830
f 3830 3841 3842 3831
f 3832 3843 3844 3833
f 3833 3844 3845 3834
f 3834 3845 3846 3835
f 3835 3846 3847 3836
f 3756 3836 3847 3760
f 3838 3848 3849 3839
f 3763 3769 3849 3848
f 3759 3763 3848 3838
f 3839 3849 3850 3840
f 3840 3850 3851 3841
f 3841 3851 3852 3842
f 3842 3852 3853 3843
f 3843 3853 3854 3844
f 3844 3854 3855 3845
f 3845 3855 3856 3846
f 3846 3856 3857 3847
f 3770 3764 3857 3856
f 3760 3847 3857 3764
f 3849 3858 3859 3850
f 3768 3777 3859 3858
f 3769 3768 3858 3849
f 3850 3859 3860 3851
f 3851 3860 3861 3852
f 3852 3861 3862 3853
f 3853 3862 3863 3854
f 3854 3863 3864 3855
f 3855 3864 3865 3856
f 3778 3771 3865 3864
f 3770 3856 3865 3771
f 3859 3866 3867 3860
f 3776 3786 3867 3866
f 3777 3776 3866 3859
f 3860 3867 3868 3861
f 3861 3868 3869 3862
f 3862 3869 3870 3863
f 3863 3870 3871 3864
f 3787 3779 3871 3870
f 3778 3864 3871 3779
f 3867 3872 3873 3868
f 3785 3795 3873 3872
f 3786 3785 3872 3867
f 3868 3873 3874 3869
f 3795 3797 3874 3873
f 3869 3874 3875 3870
f 3797 3788 3875 3874
f 3787 3870 3875 3788
f 3876 3877 3878 3879
f 3842 3843 3878 3877
f 3831 3876 3879 3832
f 3832 3879 3878 3843
f 3831 3842 3877 3876
f 4829 4830 4831 4832
f 4833 4834 4835 4836
f 4836 4835 4831 4830
f 4833 4829 4832 4834
f 4834 4832 4831 4835
f 4833 4836 4830 4829
f 4837 4838 4839 4840
f 4841 4842 4843 4844
f 4844 4843 4839 4838
f 4841 4837 4840 4842
f 4842 4840 4839 4843
f 4841 4844 4838 4837
f 4845 4846 4847 4848
f 4849 4850 4851 4852
f 4852 4851 4847 4846
f 4849 4845 4848 4850
f 4850 4848 4847 4851
f 4849 4852 4846 4845
f 4853 4854 4855 4856
f 4857 4858 4859 4860
f 4860 4859 4855 4854
f 4857 4853 4856 4858
f 4858 4856 4855 4859
f 4857 4860 4854 4853
usemtl c14
f 825 933 937 829
f 933 935 938 937
f 829 937 939 831
f 942 943 944 945
f 928 1034 934 929
f 1028 1122 1035 1029
f 1028 1119 1123 1122
f 1122 1123 1124 1035
f 1043 1128 1129 1130
f 1208 1309 1310 1212
f 1220 1219 1311 1312
f 1391 1473 1475 1395
f 1395 1475 1476 1396
f 1402 1401 1479 1480
f 1403 1481 1479 1401
f 1473 1546 1547 1475
f 1480 1479 1548 1549
f 1546 1618 1619 1547
f 1549 1548 1620 1621
f 1618 1690 1691 1619
f 1621 1620 1692 1693
f 1690 1760 1763 1691
f 1691 1763 1764 1765
f 1693 1692 1770 1771
f 1772 1773 1770 1692
f 1845 1930 1931 1846
f 1850 1853 1932 1933
f 2110 2114 2115 2116
f 2019 2110 2116 2020
f 2020 2116 2115 2117
f 2122 2123 2124 2125
f 2029 2032 2124 2123
f 2126 2125 2124 2032
f 2205 2206 2207 2208
f 2295 2302 2303 2296
f 2299 2296 2303 2304
f 2302 2305 2306 2303
f 2305 2307 2308 2306
f 2307 2309 2310 2308
f 2309 2315 2316 2310
f 2317 2310 2316 2318
f 937 3880 3881 939
f 937 938 3882 3880
f 3880 3882 3883 3881
f 939 3881 3884 3270
f 3881 3883 3885 3884
f 3270 3884 3886 942
f 942 3886 3887 943
f 3884 3885 3887 3886
f 1034 3888 3889 934
f 1034 1036 3890 3888
f 3888 3890 3891 3889
f 934 3889 3892 935
f 3889 3891 3893 3892
f 935 3892 3882 938
f 3892 3894 3895 3882
f 3892 3893 3896 3894
f 3894 3896 3897 3895
f 3882 3895 3898 3883
f 3895 3897 3899 3898
f 3883 3898 3900 3885
f 3898 3899 3901 3900
f 3885 3900 3902 3887
f 3900 3901 3903 3902
f 943 3887 3904 944
f 3887 3902 3905 3904
f 3904 3905 3906 3907
f 3902 3903 3906 3905
f 944 3904 3299 947
f 3904 3907 3908 3299
f 1041 3298 3909 1042
f 3299 3908 3909 3298
f 1035 3910 3890 1036
f 1035 1124 3911 3910
f 3910 3911 3912 3890
f 3890 3913 3914 3891
f 3890 3912 3915 3913
f 3913 3915 3916 3914
f 3891 3914 3896 3893
f 3914 3917 3918 3896
f 3914 3916 3919 3917
f 3917 3919 3920 3918
f 3896 3918 3921 3897
f 3918 3920 3922 3921
f 3897 3921 3923 3899
f 3921 3922 3924 3923
f 3899 3923 3925 3901
f 3923 3924 3926 3925
f 3901 3925 3927 3903
f 3925 3926 3928 3927
f 3903 3927 3929 3906
f 3927 3928 3930 3929
f 3907 3906 3931 3908
f 3906 3929 3932 3931
f 3931 3932 3933 3934
f 3929 3930 3933 3932
f 3908 3931 3935 3909
f 3909 3935 3936 3937
f 3931 3934 3936 3935
f 1042 3909 3938 1043
f 1043 3938 3939 1128
f 3909 3937 3939 3938
f 1123 3940 3911 1124
f 1123 1213 3941 3940
f 3940 3941 3942 3911
f 3911 3943 3915 3912
f 3911 3942 3944 3943
f 3943 3944 3945 3915
f 3915 3946 3919 3916
f 3915 3945 3947 3946
f 3946 3947 3948 3919
f 3919 3948 3949 3920
f 3920 3950 3951 3922
f 3920 3949 3952 3950
f 3950 3952 3953 3951
f 3922 3951 3954 3924
f 3951 3953 3955 3954
f 3924 3954 3956 3926
f 3954 3955 3957 3956
f 3926 3956 3958 3928
f 3956 3957 3959 3958
f 3928 3958 3960 3930
f 3930 3960 3961 3962
f 3958 3959 3961 3960
f 3930 3962 3963 3933
f 3934 3933 3964 3936
f 3936 3964 3965 3966
f 3933 3963 3965 3964
f 3937 3936 3967 3939
f 3939 3967 3968 3969
f 3936 3966 3968 3967
f 1128 3939 3970 1129
f 1129 3970 3971 1221
f 3939 3969 3971 3970
f 1212 3972 3941 1213
f 1212 1310 3973 3972
f 3972 3973 3974 3941
f 3941 3975 3944 3942
f 3941 3974 3976 3975
f 3975 3976 3977 3944
f 3944 3978 3947 3945
f 3944 3977 3979 3978
f 3978 3979 3980 3947
f 3947 3981 3982 3948
f 3947 3980 3983 3981
f 3981 3983 3984 3982
f 3948 3982 3952 3949
f 3982 3984 3985 3952
f 3952 3985 3986 3953
f 3953 3987 3988 3955
f 3953 3986 3989 3987
f 3987 3989 3990 3988
f 3955 3988 3991 3957
f 3988 3990 3992 3991
f 3957 3991 3993 3959
f 3959 3993 3994 3995
f 3991 3992 3994 3993
f 3959 3995 3996 3961
f 3962 3961 3997 3963
f 3961 3996 3998 3997
f 3963 3997 3999 3965
f 3965 3999 4000 4001
f 3997 3998 4000 3999
f 3966 3965 4002 3968
f 3968 4002 4003 4004
f 3965 4001 4003 4002
f 3969 3968 4005 3971
f 3971 4005 4006 4007
f 3968 4004 4006 4005
f 1221 3971 4008 1219
f 1219 4008 4009 1311
f 3971 4007 4009 4008
f 1310 1396 4010 3973
f 3973 4010 4011 3974
f 3974 4011 4012 3976
f 3976 4013 3979 3977
f 3976 4012 4014 4013
f 4013 4014 4015 3979
f 3979 4015 4016 3980
f 3980 4016 4017 3983
f 3983 4017 4018 3984
f 3984 4018 4019 3985
f 3985 4020 3989 3986
f 3985 4019 4021 4020
f 4020 4021 4022 3989
f 3989 4022 4023 3990
f 3990 4023 4024 3992
f 3992 4024 4025 3994
f 3995 3994 4026 3996
f 3996 4026 4027 4028
f 3994 4025 4027 4026
f 3996 4028 4029 3998
f 4001 4000 4030 4031
f 3998 4029 4030 4000
f 4001 4031 4032 4003
f 4007 4006 4033 4034
f 4004 4003 4035 4006
f 4006 4035 4036 4033
f 4003 4032 4036 4035
f 1311 4009 4037 1403
f 4007 4034 4037 4009
f 1396 1476 4038 4010
f 4010 4039 4012 4011
f 4010 4038 4040 4039
f 4039 4040 4041 4012
f 4012 4041 4042 4014
f 4014 4042 4043 4015
f 4015 4044 4017 4016
f 4015 4043 4045 4044
f 4044 4045 4046 4017
f 4017 4046 4047 4018
f 4018 4048 4021 4019
f 4018 4047 4049 4048
f 4048 4049 4050 4021
f 4021 4050 4051 4022
f 4022 4051 4052 4023
f 4023 4052 4053 4024
f 4024 4053 4054 4025
f 4025 4054 4055 4027
f 4028 4027 4056 4029
f 4029 4056 4057 4058
f 4027 4055 4057 4056
f 4029 4058 4059 4030
f 4031 4030 4060 4032
f 4032 4060 4061 4062
f 4030 4059 4061 4060
f 4033 4036 4063 4064
f 4032 4062 4063 4036
f 1403 4037 4065 1481
f 4034 4033 4066 4037
f 4037 4066 4067 4065
f 4033 4064 4067 4066
f 1475 4068 4038 1476
f 1475 1547 4069 4068
f 4068 4069 4070 4038
f 4038 4070 4071 4040
f 4040 4071 4072 4041
f 4041 4072 4073 4042
f 4042 4073 4074 4043
f 4043 4074 4075 4045
f 4045 4075 4076 4046
f 4046 4077 4049 4047
f 4046 4076 4078 4077
f 4077 4078 4079 4049
f 4049 4079 4080 4050
f 4050 4080 4081 4051
f 4051 4081 4082 4052
f 4052 4082 4083 4053
f 4053 4083 4084 4054
f 4054 4084 4085 4055
f 4055 4085 4086 4057
f 4058 4057 4087 4059
f 4059 4087 4088 4089
f 4057 4086 4088 4087
f 4062 4061 4090 4091
f 4059 4089 4090 4061
f 4064 4063 4092 4093
f 4062 4091 4092 4063
f 4065 4067 4094 4095
f 4064 4093 4094 4067
f 1481 4065 4096 1479
f 1479 4096 4097 1548
f 4065 4095 4097 4096
f 1547 1619 4098 4069
f 4069 4098 4099 4070
f 4070 4099 4100 4071
f 4071 4100 4101 4072
f 4072 4101 4102 4073
f 4073 4102 4103 4074
f 4074 4103 4104 4075
f 4075 4104 4105 4076
f 4076 4105 4106 4078
f 4078 4106 4107 4079
f 4079 4107 4108 4080
f 4080 4108 4109 4081
f 4081 4109 4110 4082
f 4110 4111 4112 4113
f 4082 4114 4115 4083
f 4083 4115 4112 4111
f 4082 4110 4113 4114
f 4114 4113 4112 4115
f 4083 4111 4116 4084
f 4084 4116 4117 4085
f 4085 4117 4118 4086
f 4089 4088 4119 4120
f 4086 4118 4119 4088
f 4091 4090 4121 4122
f 4089 4120 4121 4090
f 4093 4092 4123 4124
f 4091 4122 4123 4092
f 4095 4094 4125 4126
f 4093 4124 4125 4094
f 1548 4097 4127 1620
f 4095 4126 4127 4097
f 1691 1765 4128 4129
f 1619 1691 4129 4098
f 4098 4129 4128 4099
f 4099 4128 4130 4100
f 4100 4130 4131 4101
f 4101 4131 4132 4102
f 4102 4132 4133 4103
f 4103 4133 4134 4104
f 4104 4134 4135 4105
f 4135 4136 4137 4138
f 4105 4135 4138 4106
f 4106 4138 4137 4107
f 4107 4137 4139 4108
f 4108 4139 4140 4109
f 4109 4140 4141 4110
f 4110 4141 4142 4111
f 4111 4142 4143 4116
f 4116 4143 4144 4117
f 4117 4144 4145 4118
f 4146 4147 4148 4145
f 4120 4119 4148 4147
f 4118 4145 4148 4119
f 4122 4121 4149 4150
f 4120 4147 4149 4121
f 4124 4123 4151 4152
f 4122 4150 4151 4123
f 4126 4125 4153 4154
f 4124 4152 4153 4125
f 1772 1692 4155 4154
f 1620 4127 4155 1692
f 4126 4154 4155 4127
f 1765 1764 4156 4128
f 4156 4157 4158 4159
f 4128 4156 4159 4130
f 4130 4159 4158 4131
f 4131 4158 4160 4132
f 4132 4160 4161 4133
f 4161 4162 4163 4164
f 4133 4161 4164 4134
f 4134 4164 4163 4135
f 4135 4163 4165 4136
f 4165 4166 4167 4168
f 4136 4165 4168 4137
f 4137 4168 4167 4139
f 4139 4167 4169 4140
f 4140 4169 4170 4141
f 4141 4170 4171 4142
f 4142 4171 4172 4143
f 4143 4172 4173 4144
f 4174 4175 4176 4173
f 4146 4145 4176 4175
f 4144 4173 4176 4145
f 4146 4175 4177 4147
f 4178 4179 4180 4177
f 4150 4149 4180 4179
f 4147 4177 4180 4149
f 4152 4151 4181 4182
f 4150 4179 4181 4151
f 1772 4154 4183 1773
f 4184 4183 4185 4182
f 4154 4153 4185 4183
f 4152 4182 4185 4153
f 1764 1846 4186 4156
f 4156 4186 4187 4157
f 4157 4187 4188 4158
f 4188 4189 4190 4191
f 4158 4188 4191 4160
f 4160 4191 4190 4161
f 4161 4190 4192 4162
f 4162 4192 4193 4163
f 4163 4193 4194 4165
f 4165 4194 4195 4166
f 4195 4196 4197 4198
f 4166 4195 4198 4167
f 4167 4198 4197 4169
f 4169 4197 4199 4170
f 4170 4199 4200 4171
f 4171 4200 4201 4172
f 4202 4203 4204 4201
f 4174 4173 4204 4203
f 4172 4201 4204 4173
f 4174 4203 4205 4175
f 4178 4177 4206 4207
f 4175 4205 4206 4177
f 4178 4207 4208 4179
f 4184 4182 4209 4210
f 4211 4209 4212 4208
f 4182 4181 4212 4209
f 4179 4208 4212 4181
f 1773 4183 4213 1853
f 4184 4210 4213 4183
f 1931 2022 4214 4215
f 1846 1931 4215 4186
f 4186 4215 4214 4187
f 4214 4216 4217 4218
f 4187 4214 4218 4188
f 4188 4218 4217 4189
f 4217 4219 4220 4221
f 4189 4217 4221 4190
f 4190 4221 4220 4192
f 4220 4222 4223 4224
f 4192 4220 4224 4193
f 4193 4224 4223 4194
f 4222 4225 4226 4223
f 4194 4223 4226 4195
f 4195 4226 4227 4196
f 4227 4228 4229 4230
f 4196 4227 4230 4197
f 4197 4230 4229 4199
f 4228 4231 4232 4229
f 4199 4229 4232 4200
f 4231 4233 4234 4232
f 4202 4201 4234 4233
f 4200 4232 4234 4201
f 4202 4233 4235 4203
f 4236 4237 4238 4235
f 4203 4235 4238 4205
f 4237 4239 4240 4238
f 4207 4206 4240 4239
f 4205 4238 4240 4206
f 4241 4242 4243 4239
f 4211 4208 4243 4242
f 4207 4239 4243 4208
f 4244 4245 4246 4242
f 4210 4209 4246 4245
f 4211 4242 4246 4209
f 2033 1932 4247 4245
f 1853 4213 4247 1932
f 4210 4245 4247 4213
f 2020 2117 4248 4249
f 2022 2020 4249 4214
f 4214 4249 4248 4216
f 4248 4250 4251 4252
f 4216 4248 4252 4217
f 4217 4252 4251 4219
f 4251 4253 4254 4255
f 4219 4251 4255 4220
f 4220 4255 4254 4222
f 4222 4254 4256 4225
f 4256 4257 4258 4259
f 4225 4256 4259 4226
f 4226 4259 4258 4227
f 4257 4260 4261 4258
f 4227 4258 4261 4228
f 4260 4262 4263 4261
f 4228 4261 4263 4231
f 4262 4264 4265 4263
f 4231 4263 4265 4233
f 4264 4266 4267 4265
f 4236 4235 4267 4266
f 4233 4265 4267 4235
f 4236 4266 4268 4237
f 4269 4270 4271 4268
f 4241 4239 4271 4270
f 4237 4268 4271 4239
f 4272 4273 4274 4270
f 4244 4242 4274 4273
f 4241 4270 4274 4242
f 2126 2032 4275 4273
f 2033 4245 4275 2032
f 4244 4273 4275 4245
f 2115 2204 4276 4277
f 2117 2115 4277 4248
f 4248 4277 4276 4250
f 4276 4278 4279 4280
f 4250 4276 4280 4251
f 4251 4280 4279 4253
f 4278 4281 4282 4279
f 4279 4282 4283 4284
f 4253 4279 4284 4254
f 4254 4284 4283 4256
f 4282 4285 4286 4283
f 4256 4283 4286 4257
f 4285 4287 4288 4286
f 4257 4286 4288 4260
f 4287 4289 4290 4288
f 4260 4288 4290 4262
f 4289 4291 4292 4290
f 4262 4290 4292 4264
f 4291 4293 4294 4292
f 4264 4292 4294 4266
f 4295 4296 4297 4293
f 4293 4297 4298 4294
f 4269 4268 4298 4297
f 4266 4294 4298 4268
f 4296 4299 4300 4297
f 4272 4270 4300 4299
f 4269 4297 4300 4270
f 2215 2125 4301 4299
f 2126 4273 4301 2125
f 4272 4299 4301 4273
f 2202 2298 4302 4303
f 2204 2202 4303 4276
f 4276 4303 4302 4278
f 2298 2299 4304 4302
f 4278 4302 4304 4281
f 2299 2304 4305 4304
f 4304 4305 4306 4307
f 4281 4304 4307 4282
f 4282 4307 4306 4285
f 4305 4308 4309 4306
f 4285 4306 4309 4287
f 4308 4310 4311 4309
f 4287 4309 4311 4289
f 4310 4312 4313 4311
f 4289 4311 4313 4291
f 2317 2318 4314 4312
f 4312 4314 4315 4313
f 4295 4293 4315 4314
f 4291 4313 4315 4293
f 2318 2208 4316 4314
f 4295 4314 4316 4296
f 2208 2207 4317 4316
f 2215 4299 4317 2207
f 4296 4316 4317 4299
f 2303 2306 4318 4319
f 2304 2303 4319 4305
f 4305 4319 4318 4308
f 2306 2308 4320 4318
f 4308 4318 4320 4310
f 2308 2310 4321 4320
f 2317 4312 4321 2310
f 4310 4320 4321 4312
usemtl c15
f 818 722 723 819
f 818 820 816 722
f 818 819 821 820
f 819 723 729 826
f 819 826 827 821
f 826 729 733 830
f 830 733 735 833
f 833 735 737 834
f 834 737 739 835
f 834 835 836 837
f 835 739 742 838
f 838 742 839 840
f 835 838 840 836
f 921 810 811 922
f 921 923 919 810
f 921 922 924 923
f 922 811 816 820
f 930 820 821 931
f 931 821 827 936
f 940 837 836 941
f 941 836 840 946
f 840 839 842 949
f 949 842 845 950
f 950 845 951 952
f 949 950 952 953
f 1024 914 919 923
f 1024 1025 1022 914
f 1024 923 1026 1025
f 1030 923 924 1031
f 1030 1032 1026 923
f 1037 953 952 1038
f 1038 952 1039 1040
f 952 951 955 1045
f 1045 955 1046 1047
f 952 1045 1047 1039
f 1114 1018 1022 1025
f 1114 1115 1111 1018
f 1114 1025 1116 1115
f 1120 1025 1026 1032
f 1120 1121 1116 1025
f 1040 1039 1047 1125
f 1125 1047 1126 1127
f 1047 1046 1048 1131
f 1131 1048 1132 1133
f 1047 1131 1133 1126
f 1203 1110 1111 1115
f 1203 1204 1199 1110
f 1203 1115 1205 1204
f 1209 1115 1116 1121
f 1209 1210 1205 1115
f 1127 1126 1133 1214
f 1214 1133 1215 1216
f 1133 1132 1135 1222
f 1222 1135 1223 1224
f 1133 1222 1224 1215
f 1204 1307 1304 1199
f 1224 1223 1313 1314
f 1386 1303 1304 1307
f 1386 1387 1382 1303
f 1386 1307 1388 1387
f 1392 1393 1388 1307
f 1397 1314 1398 1399
f 1314 1313 1318 1404
f 1404 1318 1405 1406
f 1314 1404 1406 1398
f 1387 1470 1467 1382
f 1387 1388 1471 1470
f 1393 1474 1471 1388
f 1399 1398 1477 1478
f 1406 1405 1482 1483
f 1398 1406 1483 1477
f 1470 1544 1541 1467
f 1483 1482 1550 1551
f 1544 1616 1613 1541
f 1551 1550 1622 1623
f 1616 1688 1685 1613
f 1623 1622 1694 1695
f 1688 1756 1753 1685
f 1688 1757 1758 1756
f 1761 1762 1758 1757
f 1766 1767 1768 1769
f 1695 1694 1774 1775
f 1767 1695 1775 1768
f 1838 1839 1840 1833
f 1756 1838 1833 1753
f 1756 1758 1839 1838
f 1762 1844 1839 1758
f 1769 1768 1848 1849
f 1848 1854 1855 1856
f 1775 1774 1855 1854
f 1768 1775 1854 1848
f 1839 1928 1925 1840
f 1848 1856 1934 1935
f 2008 2009 2010 2004
f 1928 2008 2004 1925
f 1928 2011 2009 2008
f 2015 2016 2017 2009
f 2018 2015 2009 2011
f 2023 2024 2025 2026
f 2027 2028 2025 2024
f 2025 2034 2035 2036
f 1935 1934 2035 2034
f 2028 1935 2034 2025
f 2106 2107 2108 2103
f 2009 2106 2103 2010
f 2009 2017 2107 2106
f 2111 2112 2113 2107
f 2016 2111 2107 2017
f 2118 2119 2120 2121
f 2023 2026 2120 2119
f 2120 2127 2128 2129
f 2025 2036 2128 2127
f 2026 2025 2127 2120
f 2193 2194 2195 2192
f 2107 2193 2192 2108
f 2107 2113 2194 2193
f 2198 2199 2200 2194
f 2112 2198 2194 2113
f 2209 2210 2211 2212
f 2118 2121 2211 2210
f 2211 2216 2217 2218
f 2120 2129 2217 2216
f 2121 2120 2216 2211
f 2284 2285 2286 2282
f 2194 2284 2282 2195
f 2194 2200 2285 2284
f 2285 2289 2290 2286
f 2291 2292 2293 2289
f 2292 2300 2301 2293
f 2311 2312 2313 2314
f 2312 2319 2320 2313
f 2320 2323 2324 2325
f 2323 2329 2330 2324
f 2211 2218 2330 2329
f 2212 2211 2329 2323
f 2402 2403 2404 2400
f 2289 2402 2400 2290
f 2289 2293 2403 2402
f 2403 2407 2408 2404
f 2293 2301 2407 2403
f 2407 2410 2411 2408
f 2410 2413 2414 2411
f 2413 2418 2419 2414
f 2418 2422 2423 2419
f 2314 2313 2422 2418
f 2422 2426 2427 2423
f 2320 2325 2427 2426
f 2313 2320 2426 2422
f 4322 826 830 4323
f 4322 936 827 826
f 4322 4323 4324 936
f 4323 830 833 4325
f 4323 4325 4326 4324
f 4325 833 834 4327
f 4327 834 837 940
f 4325 4327 940 4326
f 4328 922 820 930
f 4328 1031 924 922
f 4328 930 4329 1031
f 4330 930 931 4331
f 4330 4332 4329 930
f 4330 4331 4333 4332
f 4331 931 936 4334
f 4331 4334 4335 4333
f 4334 936 4324 4336
f 4334 4336 4337 4335
f 4338 4336 4339 4340
f 4340 4339 4341 4342
f 4338 4343 4337 4336
f 4338 4340 4342 4343
f 4336 4324 4326 4339
f 4339 4326 940 4344
f 4339 4344 4345 4341
f 4344 940 941 4346
f 4344 4346 4347 4345
f 4346 941 946 4348
f 4348 946 4349 4350
f 4346 4348 4350 4347
f 946 840 949 4351
f 4351 949 953 1037
f 946 4351 1037 4349
f 4352 1030 1031 4353
f 4352 4354 1032 1030
f 4352 4353 4355 4354
f 4353 1031 4329 4332
f 4353 4332 4356 4355
f 4357 4332 4333 4358
f 4357 4359 4356 4332
f 4357 4358 4360 4359
f 4358 4333 4335 4361
f 4358 4361 4362 4360
f 4363 4361 4343 4364
f 4363 4365 4362 4361
f 4363 4364 4366 4365
f 4361 4335 4337 4343
f 4364 4343 4342 4367
f 4364 4367 4368 4366
f 4367 4342 4369 4370
f 4370 4369 4371 4372
f 4367 4370 4372 4368
f 4342 4341 4345 4369
f 4369 4345 4347 4373
f 4369 4373 4374 4371
f 4373 4347 4350 4375
f 4375 4350 4376 4377
f 4373 4375 4377 4374
f 4350 4349 1037 4378
f 4350 4378 4379 4376
f 4378 1037 1038 4380
f 4380 1038 1040 4381
f 4378 4380 4381 4379
f 4382 1120 1032 4354
f 4382 4383 1121 1120
f 4382 4354 4384 4383
f 4385 4354 4355 4386
f 4385 4387 4384 4354
f 4385 4386 4388 4387
f 4386 4355 4356 4359
f 4386 4359 4389 4388
f 4390 4359 4360 4391
f 4390 4392 4389 4359
f 4390 4391 4393 4392
f 4391 4360 4362 4365
f 4391 4365 4394 4393
f 4365 4366 4395 4394
f 4396 4366 4368 4397
f 4397 4368 4398 4399
f 4396 4400 4395 4366
f 4396 4397 4399 4400
f 4368 4372 4401 4398
f 4372 4371 4374 4402
f 4372 4402 4403 4401
f 4402 4374 4377 4404
f 4404 4377 4405 4406
f 4402 4404 4406 4403
f 4377 4376 4379 4407
f 4377 4407 4408 4405
f 4407 4379 4381 4409
f 4409 4381 4410 4411
f 4407 4409 4411 4408
f 4381 1040 1125 4412
f 4412 1125 1127 4413
f 4381 4412 4413 4410
f 4414 1209 1121 4383
f 4414 4415 1210 1209
f 4414 4383 4416 4415
f 4417 4383 4384 4387
f 4417 4418 4416 4383
f 4417 4387 4419 4418
f 4420 4387 4388 4421
f 4420 4422 4419 4387
f 4420 4421 4423 4422
f 4421 4388 4389 4392
f 4421 4392 4424 4423
f 4425 4392 4393 4426
f 4425 4427 4424 4392
f 4425 4426 4428 4427
f 4426 4393 4394 4429
f 4426 4429 4430 4428
f 4429 4394 4395 4400
f 4429 4400 4431 4430
f 4400 4399 4432 4431
f 4399 4398 4401 4433
f 4399 4433 4434 4432
f 4433 4401 4403 4435
f 4433 4435 4436 4434
f 4435 4403 4406 4437
f 4437 4406 4438 4439
f 4435 4437 4439 4436
f 4406 4405 4408 4440
f 4406 4440 4441 4438
f 4440 4408 4411 4442
f 4442 4411 4443 4444
f 4440 4442 4444 4441
f 4411 4410 4413 4445
f 4445 4413 4446 4447
f 4411 4445 4447 4443
f 4413 1127 1214 4448
f 4448 1214 1216 4449
f 4413 4448 4449 4446
f 4450 1204 1205 1210
f 4450 1392 1307 1204
f 4450 1210 4451 1392
f 4415 4452 4451 1210
f 4415 4416 4453 4452
f 4418 4454 4453 4416
f 4418 4419 4455 4454
f 4422 4456 4455 4419
f 4422 4423 4457 4456
f 4458 4423 4424 4427
f 4458 4459 4457 4423
f 4458 4427 4460 4459
f 4427 4428 4461 4460
f 4428 4430 4462 4461
f 4463 4430 4431 4464
f 4463 4465 4462 4430
f 4463 4464 4466 4465
f 4464 4431 4432 4467
f 4464 4467 4468 4466
f 4467 4432 4434 4469
f 4469 4434 4470 4471
f 4467 4469 4471 4468
f 4434 4436 4472 4470
f 4436 4439 4473 4472
f 4439 4438 4441 4474
f 4474 4441 4475 4476
f 4439 4474 4476 4473
f 4444 4443 4477 4478
f 4441 4444 4478 4475
f 4447 4446 4479 4480
f 4443 4447 4480 4477
f 4449 1216 4481 4482
f 4446 4449 4482 4479
f 1216 1215 1224 4483
f 4483 1224 1314 1397
f 1216 4483 1397 4481
f 4484 1392 4451 4452
f 4484 4485 1393 1392
f 4484 4452 4486 4485
f 4487 4452 4453 4454
f 4487 4488 4486 4452
f 4487 4454 4489 4488
f 4490 4454 4455 4456
f 4490 4491 4489 4454
f 4490 4456 4492 4491
f 4493 4456 4457 4459
f 4493 4494 4492 4456
f 4493 4459 4495 4494
f 4459 4460 4496 4495
f 4497 4460 4461 4498
f 4497 4499 4496 4460
f 4497 4498 74 4499
f 4498 4461 4462 4465
f 4498 4465 75 74
f 4465 4466 102 75
f 4466 4468 128 102
f 4468 4471 177 128
f 4471 4470 4472 4500
f 4471 4500 4501 177
f 4500 4472 4473 4502
f 4502 4473 4503 4504
f 4500 4502 4504 4501
f 4473 4476 4505 4503
f 4476 4475 4478 4506
f 4506 4478 4507 4508
f 4476 4506 4508 4505
f 4478 4477 4480 4509
f 4509 4480 4510 4511
f 4478 4509 4511 4507
f 4480 4479 4482 4512
f 4512 4482 4513 4514
f 4480 4512 4514 4510
f 4482 4481 1397 4515
f 4515 1397 1399 4516
f 4482 4515 4516 4513
f 4485 4517 1474 1393
f 4485 4486 4518 4517
f 4488 4519 4518 4486
f 4488 4489 4520 4519
f 4491 4521 4520 4489
f 4491 4492 4522 4521
f 4494 4523 4522 4492
f 4494 4495 4524 4523
f 4495 4496 4525 4524
f 4499 4526 4525 4496
f 4499 74 76 4526
f 177 4501 4527 178
f 4504 4503 4528 4529
f 4501 4504 4529 4527
f 4503 4505 4530 4528
f 4508 4507 4531 4532
f 4505 4508 4532 4530
f 4511 4510 4533 4534
f 4507 4511 4534 4531
f 4514 4513 4535 4536
f 4510 4514 4536 4533
f 4516 1399 1478 4537
f 4513 4516 4537 4535
f 4538 1470 1471 1474
f 4538 4539 1544 1470
f 4538 1474 4540 4539
f 4517 4541 4540 1474
f 4517 4518 4542 4541
f 4543 4519 4520 4521
f 4543 4544 4545 4519
f 4543 4521 4546 4544
f 4519 4545 4542 4518
f 4521 4522 4547 4546
f 4523 4548 4547 4522
f 4523 4524 4549 4548
f 4550 4524 4525 4526
f 4550 4551 4549 4524
f 4550 4526 4552 4551
f 4526 76 204 4552
f 178 4527 4553 231
f 4527 4529 4554 4553
f 4529 4528 4530 4555
f 4555 4530 4556 4557
f 4529 4555 4557 4554
f 4532 4531 4558 4559
f 4530 4532 4559 4556
f 4531 4534 4560 4558
f 4534 4533 4536 4561
f 4561 4536 4562 4563
f 4534 4561 4563 4560
f 4536 4535 4564 4562
f 4537 1478 4565 4566
f 4535 4537 4566 4564
f 1478 1477 1483 4567
f 4567 1483 1551 4568
f 1478 4567 4568 4565
f 4539 4569 1616 1544
f 4539 4540 4570 4569
f 4571 4572 4573 4574
f 4575 4541 4542 4545
f 4575 4571 4574 4541
f 4575 4545 4572 4571
f 4541 4574 4570 4540
f 4544 4576 4572 4545
f 4544 4546 4577 4576
f 4578 4579 4580 4577
f 4581 4546 4547 4548
f 4581 4578 4577 4546
f 4581 4548 4579 4578
f 4548 4549 4582 4579
f 4551 4583 4582 4549
f 4551 4552 4584 4583
f 4552 204 257 4584
f 231 4553 4585 284
f 4553 4554 4586 4585
f 4557 4556 4587 4588
f 4554 4557 4588 4586
f 4556 4559 4589 4587
f 4589 4590 4591 4592
f 4559 4558 4560 4593
f 4593 4560 4591 4590
f 4559 4593 4590 4589
f 4563 4562 4594 4595
f 4560 4563 4595 4591
f 4594 4596 4597 4598
f 4562 4564 4566 4599
f 4599 4566 4597 4596
f 4562 4599 4596 4594
f 4566 4565 4600 4597
f 4568 1551 1623 4601
f 4565 4568 4601 4600
f 4602 1761 1757 1688
f 4569 4602 1688 1616
f 4569 4570 1761 4602
f 4574 4603 1761 4570
f 4574 4573 4604 4603
f 4605 4606 4607 4608
f 4576 4605 4608 4572
f 4576 4577 4606 4605
f 4572 4608 4604 4573
f 4577 4580 4609 4606
f 4579 4610 4609 4580
f 4579 4582 4611 4610
f 4612 4613 4614 4611
f 4583 4612 4611 4582
f 4583 4584 4613 4612
f 4584 257 334 4613
f 284 4585 4615 409
f 4585 4586 4616 4615
f 4616 4617 4618 4619
f 4588 4587 4618 4617
f 4586 4588 4617 4616
f 4589 4592 4620 4621
f 4587 4589 4621 4618
f 4592 4591 4622 4620
f 4622 4623 4624 4625
f 4595 4594 4624 4623
f 4591 4595 4623 4622
f 4594 4598 4626 4624
f 4597 4600 1766 4627
f 4598 4597 4627 4626
f 1766 4628 1695 1767
f 4601 1623 1695 4628
f 4600 4601 4628 1766
f 4603 4629 1762 1761
f 4603 4604 4630 4629
f 4608 4631 4630 4604
f 4608 4607 4632 4631
f 4606 4633 4632 4607
f 4606 4609 4634 4633
f 4610 4635 4634 4609
f 4610 4611 4636 4635
f 4611 4614 4637 4636
f 4613 4638 4637 4614
f 4613 334 4639 4638
f 334 333 4640 4639
f 333 359 4641 4640
f 359 384 4642 4641
f 384 409 4643 4642
f 409 4615 4644 4643
f 4616 4619 4645 4646
f 4615 4616 4646 4644
f 4619 4618 4647 4645
f 4621 4620 4648 4649
f 4618 4621 4649 4647
f 4622 4625 4650 4651
f 4620 4622 4651 4648
f 4624 4626 4652 4653
f 4625 4624 4653 4650
f 4627 1766 1769 4654
f 4626 4627 4654 4652
f 4655 4656 4657 1844
f 4629 4655 1844 1762
f 4629 4630 4656 4655
f 4658 4659 4660 4656
f 4631 4658 4656 4630
f 4631 4632 4659 4658
f 4661 4662 4663 4659
f 4633 4661 4659 4632
f 4633 4634 4662 4661
f 4664 4665 4666 4662
f 4635 4664 4662 4634
f 4635 4636 4665 4664
f 4636 4637 4667 4665
f 4668 4669 4670 4667
f 4638 4668 4667 4637
f 4638 4639 4669 4668
f 4669 4671 4672 4670
f 4639 4640 4671 4669
f 4640 4641 4673 4671
f 4641 4642 4674 4673
f 4642 4643 4675 4674
f 4675 4676 4677 4678
f 4643 4644 4676 4675
f 4676 4679 4680 4677
f 4646 4645 4680 4679
f 4644 4646 4679 4676
f 4645 4647 4681 4680
f 4681 4682 4683 4684
f 4649 4648 4683 4682
f 4647 4649 4682 4681
f 4683 4685 4686 4687
f 4651 4650 4686 4685
f 4648 4651 4685 4683
f 4686 4688 4689 4690
f 4653 4652 4689 4688
f 4650 4653 4688 4686
f 4689 4691 1849 4692
f 4654 1769 1849 4691
f 4652 4654 4691 4689
f 4693 2018 2011 1928
f 1844 4693 1928 1839
f 1844 4657 2018 4693
f 4656 4694 2018 4657
f 4656 4660 4695 4694
f 4659 4696 4695 4660
f 4659 4663 4697 4696
f 4662 4698 4697 4663
f 4662 4666 4699 4698
f 4700 4701 4702 4699
f 4665 4700 4699 4666
f 4665 4667 4701 4700
f 4667 4670 4703 4701
f 4670 4672 4704 4703
f 4705 4706 4707 4704
f 4671 4705 4704 4672
f 4671 4673 4706 4705
f 4706 4708 4709 4707
f 4673 4674 4708 4706
f 4708 4710 4711 4709
f 4675 4678 4711 4710
f 4674 4675 4710 4708
f 4678 4677 4712 4711
f 4677 4680 4713 4712
f 4713 4714 4715 4716
f 4681 4684 4715 4714
f 4680 4681 4714 4713
f 4683 4687 4717 4718
f 4684 4683 4718 4715
f 4686 4690 4719 4720
f 4687 4686 4720 4717
f 4689 4692 2027 4721
f 4690 4689 4721 4719
f 2027 4722 1935 2028
f 1849 1848 1935 4722
f 4692 1849 4722 2027
f 4723 4724 2016 2015
f 4694 4723 2015 2018
f 4694 4695 4724 4723
f 4725 4726 4727 4724
f 4696 4725 4724 4695
f 4696 4697 4726 4725
f 4728 4729 4730 4726
f 4698 4728 4726 4697
f 4698 4699 4729 4728
f 4729 4731 4732 4730
f 4699 4702 4731 4729
f 4733 4734 4735 4731
f 4701 4733 4731 4702
f 4701 4703 4734 4733
f 4734 4736 4737 4735
f 4703 4704 4736 4734
f 4736 4738 4739 4737
f 4704 4707 4738 4736
f 4707 4709 4740 4738
f 4740 4741 4742 4743
f 4709 4711 4741 4740
f 4741 4744 4745 4742
f 4711 4712 4744 4741
f 4744 4746 4747 4745
f 4713 4716 4747 4746
f 4712 4713 4746 4744
f 4747 4748 4749 4750
f 4716 4715 4748 4747
f 4748 4751 4752 4749
f 4718 4717 4752 4751
f 4715 4718 4751 4748
f 4752 4753 4754 4755
f 4720 4719 4754 4753
f 4717 4720 4753 4752
f 4754 4756 2024 2023
f 4721 2027 2024 4756
f 4719 4721 4756 4754
f 4757 4758 2112 2111
f 4724 4757 2111 2016
f 4724 4727 4758 4757
f 4759 4760 4761 4758
f 4726 4759 4758 4727
f 4726 4730 4760 4759
f 4760 4762 4763 4761
f 4730 4732 4762 4760
f 4764 4765 4766 4762
f 4731 4764 4762 4732
f 4731 4735 4765 4764
f 4765 4767 4768 4766
f 4735 4737 4767 4765
f 4737 4739 4769 4767
f 4770 4771 4772 4769
f 4740 4743 4772 4771
f 4738 4770 4769 4739
f 4738 4740 4771 4770
f 4743 4742 4773 4772
f 4773 4774 4775 4776
f 4742 4745 4774 4773
f 4774 4777 4778 4775
f 4747 4750 4778 4777
f 4745 4747 4777 4774
f 4778 4779 4780 4781
f 4750 4749 4779 4778
f 4779 4782 4783 4780
f 4752 4755 4783 4782
f 4749 4752 4782 4779
f 4783 4784 2119 2118
f 4754 2023 2119 4784
f 4755 4754 4784 4783
f 4785 4786 2199 2198
f 4758 4785 2198 2112
f 4758 4761 4786 4785
f 4786 4787 4788 2199
f 4761 4763 4787 4786
f 4789 4790 4791 4787
f 4762 4789 4787 4763
f 4762 4766 4790 4789
f 4790 4792 4793 4791
f 4766 4768 4792 4790
f 4794 4795 4796 4792
f 4767 4794 4792 4768
f 4767 4769 4795 4794
f 4792 4796 4797 4793
f 4795 4798 4799 4796
f 4769 4772 4798 4795
f 4798 4800 4801 4799
f 4773 4776 4801 4800
f 4772 4773 4800 4798
f 4799 4801 4802 4803
f 4801 4804 4805 4802
f 4776 4775 4804 4801
f 4804 4806 4807 4805
f 4778 4781 4807 4806
f 4775 4778 4806 4804
f 4807 4808 2209 4809
f 4781 4780 4808 4807
f 4808 4810 2210 2209
f 4783 2118 2210 4810
f 4780 4783 4810 4808
f 4811 2291 2289 2285
f 2199 4811 2285 2200
f 2199 4788 2291 4811
f 4812 4813 2292 2291
f 4787 4812 2291 4788
f 4787 4791 4813 4812
f 4813 4814 2300 2292
f 4791 4793 4814 4813
f 4814 4815 4816 2300
f 4793 4797 4815 4814
f 4817 4818 4819 4815
f 4799 4803 4819 4818
f 4796 4817 4815 4797
f 4796 4799 4818 4817
f 4815 4819 4820 4816
f 4819 4821 2311 4820
f 4803 4802 4821 4819
f 4821 4822 2312 2311
f 4802 4805 4822 4821
f 4822 4823 2319 2312
f 4807 4809 2319 4823
f 4805 4807 4823 4822
f 2319 4824 2323 2320
f 2209 2212 2323 4824
f 4809 2209 4824 2319
f 4825 4826 2410 2407
f 2300 4825 2407 2301
f 2300 4816 4826 4825
f 4826 4827 2413 2410
f 4816 4820 4827 4826
f 4827 4828 2418 2413
f 2311 2314 2418 4828
f 4820 2311 4828 4827
