# generado por tools/vox_to_obj.py desde arbol_saman.vox
mtllib arbol_saman.mtl
v -0.6500 0.0000 0.6500
v -0.6500 0.1000 0.6500
v -0.6500 0.1000 0.5500
v -0.6500 0.0000 0.5500
v -0.5500 0.0000 0.6500
v -0.5500 0.1000 0.6500
v -0.5500 0.0000 0.5500
v -0.6500 0.2000 0.6500
v -0.6500 0.2000 0.5500
v -0.5500 0.2000 0.6500
v -0.6500 0.3000 0.6500
v -0.6500 0.3000 0.5500
v -0.5500 0.3000 0.6500
v -0.6500 0.4000 0.6500
v -0.6500 0.4000 0.5500
v -0.5500 0.4000 0.6500
v -0.6500 0.5000 0.6500
v -0.6500 0.5000 0.5500
v -0.5500 0.5000 0.6500
v -0.6500 0.6000 0.6500
v -0.6500 0.6000 0.5500
v -0.5500 0.6000 0.6500
v -0.6500 0.7000 0.6500
v -0.6500 0.7000 0.5500
v -0.5500 0.7000 0.6500
v -0.6500 0.8000 0.6500
v -0.6500 0.8000 0.5500
v -0.5500 0.8000 0.6500
v -0.6500 0.9000 0.6500
v -0.6500 0.9000 0.5500
v -0.5500 0.9000 0.6500
v -0.6500 1.0000 0.6500
v -0.6500 1.0000 0.5500
v -0.5500 1.0000 0.6500
v -0.6500 1.1000 0.6500
v -0.6500 1.1000 0.5500
v -0.5500 1.1000 0.6500
v -0.6500 1.2000 0.6500
v -0.6500 1.2000 0.5500
v -0.5500 1.2000 0.6500
v -0.6500 1.3000 0.6500
v -0.6500 1.3000 0.5500
v -0.5500 1.3000 0.6500
v -0.6500 1.4000 0.6500
v -0.6500 1.4000 0.5500
v -0.5500 1.4000 0.6500
v -0.6500 1.5000 0.6500
v -0.6500 1.5000 0.5500
v -0.5500 1.5000 0.6500
v -0.6500 1.6000 0.6500
v -0.6500 1.6000 0.5500
v -0.5500 1.6000 0.6500
v -0.6500 1.7000 0.6500
v -0.6500 1.7000 0.5500
v -0.5500 1.7000 0.6500
v -0.6500 1.8000 0.6500
v -0.6500 1.8000 0.5500
v -0.5500 1.8000 0.6500
v -0.6500 1.9000 0.6500
v -0.6500 1.9000 0.5500
v -0.5500 1.9000 0.6500
v -0.6500 2.0000 0.6500
v -0.6500 2.0000 0.5500
v -0.5500 2.0000 0.6500
v -0.6500 2.1000 0.6500
v -0.6500 2.1000 0.5500
v -0.5500 2.1000 0.6500
v -0.6500 2.2000 0.6500
v -0.6500 2.2000 0.5500
v -0.5500 2.2000 0.6500
v -0.6500 2.3000 0.6500
v -0.6500 2.3000 0.5500
v -0.5500 2.3000 0.6500
v -0.6500 2.4000 0.6500
v -0.6500 2.4000 0.5500
v -0.5500 2.4000 0.6500
v -0.6500 2.5000 0.6500
v -0.6500 2.5000 0.5500
v -0.5500 2.5000 0.6500
v -0.6500 2.6000 0.6500
v -0.6500 2.6000 0.5500
v -0.5500 2.6000 0.6500
v -0.6500 2.7000 0.6500
v -0.6500 2.7000 0.5500
v -0.5500 2.7000 0.6500
v -0.6500 2.8000 0.6500
v -0.6500 2.8000 0.5500
v -0.5500 2.8000 0.6500
v -0.6500 0.1000 0.4500
v -0.6500 0.0000 0.4500
v -0.5500 0.0000 0.4500
v -0.6500 0.2000 0.4500
v -0.6500 0.3000 0.4500
v -0.6500 0.4000 0.4500
v -0.6500 0.5000 0.4500
v -0.6500 0.6000 0.4500
v -0.6500 0.7000 0.4500
v -0.6500 0.8000 0.4500
v -0.6500 0.9000 0.4500
v -0.6500 1.0000 0.4500
v -0.6500 1.1000 0.4500
v -0.6500 1.2000 0.4500
v -0.6500 1.3000 0.4500
v -0.6500 1.4000 0.4500
v -0.6500 1.5000 0.4500
v -0.6500 1.6000 0.4500
v -0.6500 1.7000 0.4500
v -0.6500 1.8000 0.4500
v -0.6500 1.9000 0.4500
v -0.6500 2.0000 0.4500
v -0.6500 2.1000 0.4500
v -0.6500 2.2000 0.4500
v -0.6500 2.3000 0.4500
v -0.6500 2.4000 0.4500
v -0.6500 2.5000 0.4500
v -0.6500 2.6000 0.4500
v -0.6500 2.7000 0.4500
v -0.6500 2.8000 0.4500
v -0.6500 0.1000 0.3500
v -0.6500 0.0000 0.3500
v -0.5500 0.0000 0.3500
v -0.6500 0.2000 0.3500
v -0.6500 0.3000 0.3500
v -0.6500 0.4000 0.3500
v -0.6500 0.5000 0.3500
v -0.6500 0.6000 0.3500
v -0.6500 0.7000 0.3500
v -0.6500 0.8000 0.3500
v -0.6500 0.9000 0.3500
v -0.6500 1.0000 0.3500
v -0.6500 1.1000 0.3500
v -0.6500 1.2000 0.3500
v -0.6500 1.3000 0.3500
v -0.6500 1.4000 0.3500
v -0.6500 1.5000 0.3500
v -0.6500 1.6000 0.3500
v -0.6500 1.7000 0.3500
v -0.6500 1.8000 0.3500
v -0.6500 1.9000 0.3500
v -0.6500 2.0000 0.3500
v -0.6500 2.1000 0.3500
v -0.6500 2.2000 0.3500
v -0.6500 2.3000 0.3500
v -0.6500 2.4000 0.3500
v -0.6500 2.5000 0.3500
v -0.6500 2.6000 0.3500
v -0.6500 2.7000 0.3500
v -0.6500 2.8000 0.3500
v -0.6500 0.1000 0.2500
v -0.6500 0.0000 0.2500
v -0.5500 0.0000 0.2500
v -0.6500 0.2000 0.2500
v -0.6500 0.3000 0.2500
v -0.6500 0.4000 0.2500
v -0.6500 0.5000 0.2500
v -0.6500 0.6000 0.2500
v -0.6500 0.7000 0.2500
v -0.6500 0.8000 0.2500
v -0.6500 0.9000 0.2500
v -0.6500 1.0000 0.2500
v -0.6500 1.1000 0.2500
v -0.6500 1.2000 0.2500
v -0.6500 1.3000 0.2500
v -0.6500 1.4000 0.2500
v -0.6500 1.5000 0.2500
v -0.6500 1.6000 0.2500
v -0.6500 1.7000 0.2500
v -0.6500 1.8000 0.2500
v -0.6500 1.9000 0.2500
v -0.6500 2.0000 0.2500
v -0.6500 2.1000 0.2500
v -0.6500 2.2000 0.2500
v -0.6500 2.3000 0.2500
v -0.6500 2.4000 0.2500
v -0.6500 2.5000 0.2500
v -0.6500 2.6000 0.2500
v -0.6500 2.7000 0.2500
v -0.6500 2.8000 0.2500
v -0.6500 0.1000 0.1500
v -0.6500 0.0000 0.1500
v -0.5500 0.0000 0.1500
v -0.6500 0.2000 0.1500
v -0.6500 0.3000 0.1500
v -0.6500 0.4000 0.1500
v -0.6500 0.5000 0.1500
v -0.6500 0.6000 0.1500
v -0.6500 0.7000 0.1500
v -0.6500 0.8000 0.1500
v -0.6500 0.9000 0.1500
v -0.6500 1.0000 0.1500
v -0.6500 1.1000 0.1500
v -0.6500 1.2000 0.1500
v -0.6500 1.3000 0.1500
v -0.6500 1.4000 0.1500
v -0.6500 1.5000 0.1500
v -0.6500 1.6000 0.1500
v -0.6500 1.7000 0.1500
v -0.6500 1.8000 0.1500
v -0.6500 1.9000 0.1500
v -0.6500 2.0000 0.1500
v -0.6500 2.1000 0.1500
v -0.6500 2.2000 0.1500
v -0.6500 2.3000 0.1500
v -0.6500 2.4000 0.1500
v -0.6500 2.5000 0.1500
v -0.6500 2.6000 0.1500
v -0.6500 2.7000 0.1500
v -0.6500 2.8000 0.1500
v -0.6500 0.1000 0.0500
v -0.6500 0.0000 0.0500
v -0.5500 0.0000 0.0500
v -0.6500 0.2000 0.0500
v -0.6500 0.3000 0.0500
v -0.6500 0.4000 0.0500
v -0.6500 0.5000 0.0500
v -0.6500 0.6000 0.0500
v -0.6500 0.7000 0.0500
v -0.6500 0.8000 0.0500
v -0.6500 0.9000 0.0500
v -0.6500 1.0000 0.0500
v -0.6500 1.1000 0.0500
v -0.6500 1.2000 0.0500
v -0.6500 1.3000 0.0500
v -0.6500 1.4000 0.0500
v -0.6500 1.5000 0.0500
v -0.6500 1.6000 0.0500
v -0.6500 1.7000 0.0500
v -0.6500 1.8000 0.0500
v -0.6500 1.9000 0.0500
v -0.6500 2.0000 0.0500
v -0.6500 2.1000 0.0500
v -0.6500 2.2000 0.0500
v -0.6500 2.3000 0.0500
v -0.6500 2.4000 0.0500
v -0.6500 2.5000 0.0500
v -0.6500 2.6000 0.0500
v -0.6500 2.7000 0.0500
v -0.6500 2.8000 0.0500
v -0.6500 0.1000 -0.0500
v -0.6500 0.0000 -0.0500
v -0.5500 0.0000 -0.0500
v -0.6500 0.2000 -0.0500
v -0.6500 0.3000 -0.0500
v -0.6500 0.4000 -0.0500
v -0.6500 0.5000 -0.0500
v -0.6500 0.6000 -0.0500
v -0.6500 0.7000 -0.0500
v -0.6500 0.8000 -0.0500
v -0.6500 0.9000 -0.0500
v -0.6500 1.0000 -0.0500
v -0.6500 1.1000 -0.0500
v -0.6500 1.2000 -0.0500
v -0.6500 1.3000 -0.0500
v -0.6500 1.4000 -0.0500
v -0.6500 1.5000 -0.0500
v -0.6500 1.6000 -0.0500
v -0.6500 1.7000 -0.0500
v -0.6500 1.8000 -0.0500
v -0.6500 1.9000 -0.0500
v -0.6500 2.0000 -0.0500
v -0.6500 2.1000 -0.0500
v -0.6500 2.2000 -0.0500
v -0.6500 2.3000 -0.0500
v -0.6500 2.4000 -0.0500
v -0.6500 2.5000 -0.0500
v -0.6500 2.6000 -0.0500
v -0.6500 2.7000 -0.0500
v -0.6500 2.8000 -0.0500
v -0.6500 0.1000 -0.1500
v -0.6500 0.0000 -0.1500
v -0.5500 0.0000 -0.1500
v -0.6500 0.2000 -0.1500
v -0.6500 0.3000 -0.1500
v -0.6500 0.4000 -0.1500
v -0.6500 0.5000 -0.1500
v -0.6500 0.6000 -0.1500
v -0.6500 0.7000 -0.1500
v -0.6500 0.8000 -0.1500
v -0.6500 0.9000 -0.1500
v -0.6500 1.0000 -0.1500
v -0.6500 1.1000 -0.1500
v -0.6500 1.2000 -0.1500
v -0.6500 1.3000 -0.1500
v -0.6500 1.4000 -0.1500
v -0.6500 1.5000 -0.1500
v -0.6500 1.6000 -0.1500
v -0.6500 1.7000 -0.1500
v -0.6500 1.8000 -0.1500
v -0.6500 1.9000 -0.1500
v -0.6500 2.0000 -0.1500
v -0.6500 2.1000 -0.1500
v -0.6500 2.2000 -0.1500
v -0.6500 2.3000 -0.1500
v -0.6500 2.4000 -0.1500
v -0.6500 2.5000 -0.1500
v -0.6500 2.6000 -0.1500
v -0.6500 2.7000 -0.1500
v -0.6500 2.8000 -0.1500
v -0.6500 0.1000 -0.2500
v -0.6500 0.0000 -0.2500
v -0.5500 0.0000 -0.2500
v -0.6500 0.2000 -0.2500
v -0.6500 0.3000 -0.2500
v -0.6500 0.4000 -0.2500
v -0.6500 0.5000 -0.2500
v -0.6500 0.6000 -0.2500
v -0.6500 0.7000 -0.2500
v -0.6500 0.8000 -0.2500
v -0.6500 0.9000 -0.2500
v -0.6500 1.0000 -0.2500
v -0.6500 1.1000 -0.2500
v -0.6500 1.2000 -0.2500
v -0.6500 1.3000 -0.2500
v -0.6500 1.4000 -0.2500
v -0.6500 1.5000 -0.2500
v -0.6500 1.6000 -0.2500
v -0.6500 1.7000 -0.2500
v -0.6500 1.8000 -0.2500
v -0.6500 1.9000 -0.2500
v -0.6500 2.0000 -0.2500
v -0.6500 2.1000 -0.2500
v -0.6500 2.2000 -0.2500
v -0.6500 2.3000 -0.2500
v -0.6500 2.4000 -0.2500
v -0.6500 2.5000 -0.2500
v -0.6500 2.6000 -0.2500
v -0.6500 2.7000 -0.2500
v -0.6500 2.8000 -0.2500
v -0.6500 0.1000 -0.3500
v -0.6500 0.0000 -0.3500
v -0.5500 0.0000 -0.3500
v -0.6500 0.2000 -0.3500
v -0.6500 0.3000 -0.3500
v -0.6500 0.4000 -0.3500
v -0.6500 0.5000 -0.3500
v -0.6500 0.6000 -0.3500
v -0.6500 0.7000 -0.3500
v -0.6500 0.8000 -0.3500
v -0.6500 0.9000 -0.3500
v -0.6500 1.0000 -0.3500
v -0.6500 1.1000 -0.3500
v -0.6500 1.2000 -0.3500
v -0.6500 1.3000 -0.3500
v -0.6500 1.4000 -0.3500
v -0.6500 1.5000 -0.3500
v -0.6500 1.6000 -0.3500
v -0.6500 1.7000 -0.3500
v -0.6500 1.8000 -0.3500
v -0.6500 1.9000 -0.3500
v -0.6500 2.0000 -0.3500
v -0.6500 2.1000 -0.3500
v -0.6500 2.2000 -0.3500
v -0.6500 2.3000 -0.3500
v -0.6500 2.4000 -0.3500
v -0.6500 2.5000 -0.3500
v -0.6500 2.6000 -0.3500
v -0.6500 2.7000 -0.3500
v -0.6500 2.8000 -0.3500
v -0.6500 0.1000 -0.4500
v -0.6500 0.0000 -0.4500
v -0.5500 0.0000 -0.4500
v -0.6500 0.2000 -0.4500
v -0.6500 0.3000 -0.4500
v -0.6500 0.4000 -0.4500
v -0.6500 0.5000 -0.4500
v -0.6500 0.6000 -0.4500
v -0.6500 0.7000 -0.4500
v -0.6500 0.8000 -0.4500
v -0.6500 0.9000 -0.4500
v -0.6500 1.0000 -0.4500
v -0.6500 1.1000 -0.4500
v -0.6500 1.2000 -0.4500
v -0.6500 1.3000 -0.4500
v -0.6500 1.4000 -0.4500
v -0.6500 1.5000 -0.4500
v -0.6500 1.6000 -0.4500
v -0.6500 1.7000 -0.4500
v -0.6500 1.8000 -0.4500
v -0.6500 1.9000 -0.4500
v -0.6500 2.0000 -0.4500
v -0.6500 2.1000 -0.4500
v -0.6500 2.2000 -0.4500
v -0.6500 2.3000 -0.4500
v -0.6500 2.4000 -0.4500
v -0.6500 2.5000 -0.4500
v -0.6500 2.6000 -0.4500
v -0.6500 2.7000 -0.4500
v -0.6500 2.8000 -0.4500
v -0.6500 0.1000 -0.5500
v -0.6500 0.0000 -0.5500
v -0.5500 0.1000 -0.5500
v -0.5500 0.0000 -0.5500
v -0.6500 0.2000 -0.5500
v -0.5500 0.2000 -0.5500
v -0.6500 0.3000 -0.5500
v -0.5500 0.3000 -0.5500
v -0.6500 0.4000 -0.5500
v -0.5500 0.4000 -0.5500
v -0.6500 0.5000 -0.5500
v -0.5500 0.5000 -0.5500
v -0.6500 0.6000 -0.5500
v -0.5500 0.6000 -0.5500
v -0.6500 0.7000 -0.5500
v -0.5500 0.7000 -0.5500
v -0.6500 0.8000 -0.5500
v -0.5500 0.8000 -0.5500
v -0.6500 0.9000 -0.5500
v -0.5500 0.9000 -0.5500
v -0.6500 1.0000 -0.5500
v -0.5500 1.0000 -0.5500
v -0.6500 1.1000 -0.5500
v -0.5500 1.1000 -0.5500
v -0.6500 1.2000 -0.5500
v -0.5500 1.2000 -0.5500
v -0.6500 1.3000 -0.5500
v -0.5500 1.3000 -0.5500
v -0.6500 1.4000 -0.5500
v -0.5500 1.4000 -0.5500
v -0.6500 1.5000 -0.5500
v -0.5500 1.5000 -0.5500
v -0.6500 1.6000 -0.5500
v -0.5500 1.6000 -0.5500
v -0.6500 1.7000 -0.5500
v -0.5500 1.7000 -0.5500
v -0.6500 1.8000 -0.5500
v -0.5500 1.8000 -0.5500
v -0.6500 1.9000 -0.5500
v -0.5500 1.9000 -0.5500
v -0.6500 2.0000 -0.5500
v -0.5500 2.0000 -0.5500
v -0.6500 2.1000 -0.5500
v -0.5500 2.1000 -0.5500
v -0.6500 2.2000 -0.5500
v -0.5500 2.2000 -0.5500
v -0.6500 2.3000 -0.5500
v -0.5500 2.3000 -0.5500
v -0.6500 2.4000 -0.5500
v -0.5500 2.4000 -0.5500
v -0.6500 2.5000 -0.5500
v -0.5500 2.5000 -0.5500
v -0.6500 2.6000 -0.5500
v -0.5500 2.6000 -0.5500
v -0.6500 2.7000 -0.5500
v -0.5500 2.7000 -0.5500
v -0.6500 2.8000 -0.5500
v -0.5500 2.8000 -0.5500
v -0.4500 0.0000 0.6500
v -0.4500 0.1000 0.6500
v -0.4500 0.0000 0.5500
v -0.4500 0.2000 0.6500
v -0.4500 0.3000 0.6500
v -0.4500 0.4000 0.6500
v -0.4500 0.5000 0.6500
v -0.4500 0.6000 0.6500
v -0.4500 0.7000 0.6500
v -0.4500 0.8000 0.6500
v -0.4500 0.9000 0.6500
v -0.4500 1.0000 0.6500
v -0.4500 1.1000 0.6500
v -0.4500 1.2000 0.6500
v -0.4500 1.3000 0.6500
v -0.4500 1.4000 0.6500
v -0.4500 1.5000 0.6500
v -0.4500 1.6000 0.6500
v -0.4500 1.7000 0.6500
v -0.4500 1.8000 0.6500
v -0.4500 1.9000 0.6500
v -0.4500 2.0000 0.6500
v -0.4500 2.1000 0.6500
v -0.4500 2.2000 0.6500
v -0.4500 2.3000 0.6500
v -0.4500 2.4000 0.6500
v -0.4500 2.5000 0.6500
v -0.4500 2.6000 0.6500
v -0.4500 2.7000 0.6500
v -0.4500 2.8000 0.6500
v -0.4500 0.0000 0.4500
v -0.4500 0.0000 0.3500
v -0.4500 0.0000 0.2500
v -0.4500 0.0000 0.1500
v -0.4500 0.0000 0.0500
v -0.4500 0.0000 -0.0500
v -0.4500 0.0000 -0.1500
v -0.4500 0.0000 -0.2500
v -0.4500 0.0000 -0.3500
v -0.4500 0.0000 -0.4500
v -0.4500 0.1000 -0.5500
v -0.4500 0.0000 -0.5500
v -0.4500 0.2000 -0.5500
v -0.4500 0.3000 -0.5500
v -0.4500 0.4000 -0.5500
v -0.4500 0.5000 -0.5500
v -0.4500 0.6000 -0.5500
v -0.4500 0.7000 -0.5500
v -0.4500 0.8000 -0.5500
v -0.4500 0.9000 -0.5500
v -0.4500 1.0000 -0.5500
v -0.4500 1.1000 -0.5500
v -0.4500 1.2000 -0.5500
v -0.4500 1.3000 -0.5500
v -0.4500 1.4000 -0.5500
v -0.4500 1.5000 -0.5500
v -0.4500 1.6000 -0.5500
v -0.4500 1.7000 -0.5500
v -0.4500 1.8000 -0.5500
v -0.4500 1.9000 -0.5500
v -0.4500 2.0000 -0.5500
v -0.4500 2.1000 -0.5500
v -0.4500 2.2000 -0.5500
v -0.4500 2.3000 -0.5500
v -0.4500 2.4000 -0.5500
v -0.4500 2.5000 -0.5500
v -0.4500 2.6000 -0.5500
v -0.4500 2.7000 -0.5500
v -0.4500 2.8000 -0.5500
v -0.3500 0.0000 0.6500
v -0.3500 0.1000 0.6500
v -0.3500 0.0000 0.5500
v -0.3500 0.2000 0.6500
v -0.3500 0.3000 0.6500
v -0.3500 0.4000 0.6500
v -0.3500 0.5000 0.6500
v -0.3500 0.6000 0.6500
v -0.3500 0.7000 0.6500
v -0.3500 0.8000 0.6500
v -0.3500 0.9000 0.6500
v -0.3500 1.0000 0.6500
v -0.3500 1.1000 0.6500
v -0.3500 1.2000 0.6500
v -0.3500 1.3000 0.6500
v -0.3500 1.4000 0.6500
v -0.3500 1.5000 0.6500
v -0.3500 1.6000 0.6500
v -0.3500 1.7000 0.6500
v -0.3500 1.8000 0.6500
v -0.3500 1.9000 0.6500
v -0.3500 2.0000 0.6500
v -0.3500 2.1000 0.6500
v -0.3500 2.2000 0.6500
v -0.3500 2.3000 0.6500
v -0.3500 2.4000 0.6500
v -0.3500 2.5000 0.6500
v -0.3500 2.6000 0.6500
v -0.3500 2.7000 0.6500
v -0.3500 2.8000 0.6500
v -0.3500 0.0000 0.4500
v -0.3500 0.0000 0.3500
v -0.3500 0.0000 0.2500
v -0.3500 0.0000 0.1500
v -0.3500 0.0000 0.0500
v -0.3500 0.0000 -0.0500
v -0.3500 0.0000 -0.1500
v -0.3500 0.0000 -0.2500
v -0.3500 0.0000 -0.3500
v -0.3500 0.0000 -0.4500
v -0.3500 0.1000 -0.5500
v -0.3500 0.0000 -0.5500
v -0.3500 0.2000 -0.5500
v -0.3500 0.3000 -0.5500
v -0.3500 0.4000 -0.5500
v -0.3500 0.5000 -0.5500
v -0.3500 0.6000 -0.5500
v -0.3500 0.7000 -0.5500
v -0.3500 0.8000 -0.5500
v -0.3500 0.9000 -0.5500
v -0.3500 1.0000 -0.5500
v -0.3500 1.1000 -0.5500
v -0.3500 1.2000 -0.5500
v -0.3500 1.3000 -0.5500
v -0.3500 1.4000 -0.5500
v -0.3500 1.5000 -0.5500
v -0.3500 1.6000 -0.5500
v -0.3500 1.7000 -0.5500
v -0.3500 1.8000 -0.5500
v -0.3500 1.9000 -0.5500
v -0.3500 2.0000 -0.5500
v -0.3500 2.1000 -0.5500
v -0.3500 2.2000 -0.5500
v -0.3500 2.3000 -0.5500
v -0.3500 2.4000 -0.5500
v -0.3500 2.5000 -0.5500
v -0.3500 2.6000 -0.5500
v -0.3500 2.7000 -0.5500
v -0.3500 2.8000 -0.5500
v -0.2500 0.0000 0.6500
v -0.2500 0.1000 0.6500
v -0.2500 0.0000 0.5500
v -0.2500 0.2000 0.6500
v -0.2500 0.3000 0.6500
v -0.2500 0.4000 0.6500
v -0.2500 0.5000 0.6500
v -0.2500 0.6000 0.6500
v -0.2500 0.7000 0.6500
v -0.2500 0.8000 0.6500
v -0.2500 0.9000 0.6500
v -0.2500 1.0000 0.6500
v -0.2500 1.1000 0.6500
v -0.2500 1.2000 0.6500
v -0.2500 1.3000 0.6500
v -0.2500 1.4000 0.6500
v -0.2500 1.5000 0.6500
v -0.2500 1.6000 0.6500
v -0.2500 1.7000 0.6500
v -0.2500 1.8000 0.6500
v -0.2500 1.9000 0.6500
v -0.2500 2.0000 0.6500
v -0.2500 2.1000 0.6500
v -0.2500 2.2000 0.6500
v -0.2500 2.3000 0.6500
v -0.2500 2.4000 0.6500
v -0.2500 2.5000 0.6500
v -0.2500 2.6000 0.6500
v -0.2500 2.7000 0.6500
v -0.2500 2.8000 0.6500
v -0.2500 0.0000 0.4500
v -0.2500 0.0000 0.3500
v -0.2500 0.0000 0.2500
v -0.2500 0.0000 0.1500
v -0.2500 0.0000 0.0500
v -0.2500 0.0000 -0.0500
v -0.2500 0.0000 -0.1500
v -0.2500 0.0000 -0.2500
v -0.2500 0.0000 -0.3500
v -0.2500 0.0000 -0.4500
v -0.2500 0.1000 -0.5500
v -0.2500 0.0000 -0.5500
v -0.2500 0.2000 -0.5500
v -0.2500 0.3000 -0.5500
v -0.2500 0.4000 -0.5500
v -0.2500 0.5000 -0.5500
v -0.2500 0.6000 -0.5500
v -0.2500 0.7000 -0.5500
v -0.2500 0.8000 -0.5500
v -0.2500 0.9000 -0.5500
v -0.2500 1.0000 -0.5500
v -0.2500 1.1000 -0.5500
v -0.2500 1.2000 -0.5500
v -0.2500 1.3000 -0.5500
v -0.2500 1.4000 -0.5500
v -0.2500 1.5000 -0.5500
v -0.2500 1.6000 -0.5500
v -0.2500 1.7000 -0.5500
v -0.2500 1.8000 -0.5500
v -0.2500 1.9000 -0.5500
v -0.2500 2.0000 -0.5500
v -0.2500 2.1000 -0.5500
v -0.2500 2.2000 -0.5500
v -0.2500 2.3000 -0.5500
v -0.2500 2.4000 -0.5500
v -0.2500 2.5000 -0.5500
v -0.2500 2.6000 -0.5500
v -0.2500 2.7000 -0.5500
v -0.2500 2.8000 -0.5500
v -0.1500 0.0000 0.6500
v -0.1500 0.1000 0.6500
v -0.1500 0.0000 0.5500
v -0.1500 0.2000 0.6500
v -0.1500 0.3000 0.6500
v -0.1500 0.4000 0.6500
v -0.1500 0.5000 0.6500
v -0.1500 0.6000 0.6500
v -0.1500 0.7000 0.6500
v -0.1500 0.8000 0.6500
v -0.1500 0.9000 0.6500
v -0.1500 1.0000 0.6500
v -0.1500 1.1000 0.6500
v -0.1500 1.2000 0.6500
v -0.1500 1.3000 0.6500
v -0.1500 1.4000 0.6500
v -0.1500 1.5000 0.6500
v -0.1500 1.6000 0.6500
v -0.1500 1.7000 0.6500
v -0.1500 1.8000 0.6500
v -0.1500 1.9000 0.6500
v -0.1500 2.0000 0.6500
v -0.1500 2.1000 0.6500
v -0.1500 2.2000 0.6500
v -0.1500 2.3000 0.6500
v -0.1500 2.4000 0.6500
v -0.1500 2.5000 0.6500
v -0.1500 2.6000 0.6500
v -0.1500 2.7000 0.6500
v -0.1500 2.8000 0.6500
v -0.1500 0.0000 0.4500
v -0.1500 0.0000 0.3500
v -0.1500 0.0000 0.2500
v -0.1500 0.0000 0.1500
v -0.1500 0.0000 0.0500
v -0.1500 0.0000 -0.0500
v -0.1500 0.0000 -0.1500
v -0.1500 0.0000 -0.2500
v -0.1500 0.0000 -0.3500
v -0.1500 0.0000 -0.4500
v -0.1500 0.1000 -0.5500
v -0.1500 0.0000 -0.5500
v -0.1500 0.2000 -0.5500
v -0.1500 0.3000 -0.5500
v -0.1500 0.4000 -0.5500
v -0.1500 0.5000 -0.5500
v -0.1500 0.6000 -0.5500
v -0.1500 0.7000 -0.5500
v -0.1500 0.8000 -0.5500
v -0.1500 0.9000 -0.5500
v -0.1500 1.0000 -0.5500
v -0.1500 1.1000 -0.5500
v -0.1500 1.2000 -0.5500
v -0.1500 1.3000 -0.5500
v -0.1500 1.4000 -0.5500
v -0.1500 1.5000 -0.5500
v -0.1500 1.6000 -0.5500
v -0.1500 1.7000 -0.5500
v -0.1500 1.8000 -0.5500
v -0.1500 1.9000 -0.5500
v -0.1500 2.0000 -0.5500
v -0.1500 2.1000 -0.5500
v -0.1500 2.2000 -0.5500
v -0.1500 2.3000 -0.5500
v -0.1500 2.4000 -0.5500
v -0.1500 2.5000 -0.5500
v -0.1500 2.6000 -0.5500
v -0.1500 2.7000 -0.5500
v -0.1500 2.8000 -0.5500
v -0.0500 0.0000 0.6500
v -0.0500 0.1000 0.6500
v -0.0500 0.0000 0.5500
v -0.0500 0.2000 0.6500
v -0.0500 0.3000 0.6500
v -0.0500 0.4000 0.6500
v -0.0500 0.5000 0.6500
v -0.0500 0.6000 0.6500
v -0.0500 0.7000 0.6500
v -0.0500 0.8000 0.6500
v -0.0500 0.9000 0.6500
v -0.0500 1.0000 0.6500
v -0.0500 1.1000 0.6500
v -0.0500 1.2000 0.6500
v -0.0500 1.3000 0.6500
v -0.0500 1.4000 0.6500
v -0.0500 1.5000 0.6500
v -0.0500 1.6000 0.6500
v -0.0500 1.7000 0.6500
v -0.0500 1.8000 0.6500
v -0.0500 1.9000 0.6500
v -0.0500 2.0000 0.6500
v -0.0500 2.1000 0.6500
v -0.0500 2.2000 0.6500
v -0.0500 2.3000 0.6500
v -0.0500 2.4000 0.6500
v -0.0500 2.5000 0.6500
v -0.0500 2.6000 0.6500
v -0.0500 2.7000 0.6500
v -0.0500 2.8000 0.6500
v -0.0500 0.0000 0.4500
v -0.0500 0.0000 0.3500
v -0.0500 0.0000 0.2500
v -0.0500 0.0000 0.1500
v -0.0500 0.0000 0.0500
v -0.0500 0.0000 -0.0500
v -0.0500 0.0000 -0.1500
v -0.0500 0.0000 -0.2500
v -0.0500 0.0000 -0.3500
v -0.0500 0.0000 -0.4500
v -0.0500 0.1000 -0.5500
v -0.0500 0.0000 -0.5500
v -0.0500 0.2000 -0.5500
v -0.0500 0.3000 -0.5500
v -0.0500 0.4000 -0.5500
v -0.0500 0.5000 -0.5500
v -0.0500 0.6000 -0.5500
v -0.0500 0.7000 -0.5500
v -0.0500 0.8000 -0.5500
v -0.0500 0.9000 -0.5500
v -0.0500 1.0000 -0.5500
v -0.0500 1.1000 -0.5500
v -0.0500 1.2000 -0.5500
v -0.0500 1.3000 -0.5500
v -0.0500 1.4000 -0.5500
v -0.0500 1.5000 -0.5500
v -0.0500 1.6000 -0.5500
v -0.0500 1.7000 -0.5500
v -0.0500 1.8000 -0.5500
v -0.0500 1.9000 -0.5500
v -0.0500 2.0000 -0.5500
v -0.0500 2.1000 -0.5500
v -0.0500 2.2000 -0.5500
v -0.0500 2.3000 -0.5500
v -0.0500 2.4000 -0.5500
v -0.0500 2.5000 -0.5500
v -0.0500 2.6000 -0.5500
v -0.0500 2.7000 -0.5500
v -0.0500 2.8000 -0.5500
v 0.0500 0.0000 0.6500
v 0.0500 0.1000 0.6500
v 0.0500 0.0000 0.5500
v 0.0500 0.2000 0.6500
v 0.0500 0.3000 0.6500
v 0.0500 0.4000 0.6500
v 0.0500 0.5000 0.6500
v 0.0500 0.6000 0.6500
v 0.0500 0.7000 0.6500
v 0.0500 0.8000 0.6500
v 0.0500 0.9000 0.6500
v 0.0500 1.0000 0.6500
v 0.0500 1.1000 0.6500
v 0.0500 1.2000 0.6500
v 0.0500 1.3000 0.6500
v 0.0500 1.4000 0.6500
v 0.0500 1.5000 0.6500
v 0.0500 1.6000 0.6500
v 0.0500 1.7000 0.6500
v 0.0500 1.8000 0.6500
v 0.0500 1.9000 0.6500
v 0.0500 2.0000 0.6500
v 0.0500 2.1000 0.6500
v 0.0500 2.2000 0.6500
v 0.0500 2.3000 0.6500
v 0.0500 2.4000 0.6500
v 0.0500 2.5000 0.6500
v 0.0500 2.6000 0.6500
v 0.0500 2.7000 0.6500
v 0.0500 2.8000 0.6500
v 0.0500 0.0000 0.4500
v 0.0500 0.0000 0.3500
v 0.0500 0.0000 0.2500
v 0.0500 0.0000 0.1500
v 0.0500 0.0000 0.0500
v 0.0500 0.0000 -0.0500
v 0.0500 0.0000 -0.1500
v 0.0500 0.0000 -0.2500
v 0.0500 0.0000 -0.3500
v 0.0500 0.0000 -0.4500
v 0.0500 0.1000 -0.5500
v 0.0500 0.0000 -0.5500
v 0.0500 0.2000 -0.5500
v 0.0500 0.3000 -0.5500
v 0.0500 0.4000 -0.5500
v 0.0500 0.5000 -0.5500
v 0.0500 0.6000 -0.5500
v 0.0500 0.7000 -0.5500
v 0.0500 0.8000 -0.5500
v 0.0500 0.9000 -0.5500
v 0.0500 1.0000 -0.5500
v 0.0500 1.1000 -0.5500
v 0.0500 1.2000 -0.5500
v 0.0500 1.3000 -0.5500
v 0.0500 1.4000 -0.5500
v 0.0500 1.5000 -0.5500
v 0.0500 1.6000 -0.5500
v 0.0500 1.7000 -0.5500
v 0.0500 1.8000 -0.5500
v 0.0500 1.9000 -0.5500
v 0.0500 2.0000 -0.5500
v 0.0500 2.1000 -0.5500
v 0.0500 2.2000 -0.5500
v 0.0500 2.3000 -0.5500
v 0.0500 2.4000 -0.5500
v 0.0500 2.5000 -0.5500
v 0.0500 2.6000 -0.5500
v 0.0500 2.7000 -0.5500
v 0.0500 2.8000 -0.5500
v 0.1500 0.0000 0.6500
v 0.1500 0.1000 0.6500
v 0.1500 0.0000 0.5500
v 0.1500 0.2000 0.6500
v 0.1500 0.3000 0.6500
v 0.1500 0.4000 0.6500
v 0.1500 0.5000 0.6500
v 0.1500 0.6000 0.6500
v 0.1500 0.7000 0.6500
v 0.1500 0.8000 0.6500
v 0.1500 0.9000 0.6500
v 0.1500 1.0000 0.6500
v 0.1500 1.1000 0.6500
v 0.1500 1.2000 0.6500
v 0.1500 1.3000 0.6500
v 0.1500 1.4000 0.6500
v 0.1500 1.5000 0.6500
v 0.1500 1.6000 0.6500
v 0.1500 1.7000 0.6500
v 0.1500 1.8000 0.6500
v 0.1500 1.9000 0.6500
v 0.1500 2.0000 0.6500
v 0.1500 2.1000 0.6500
v 0.1500 2.2000 0.6500
v 0.1500 2.3000 0.6500
v 0.1500 2.4000 0.6500
v 0.1500 2.5000 0.6500
v 0.1500 2.6000 0.6500
v 0.1500 2.7000 0.6500
v 0.1500 2.8000 0.6500
v 0.1500 0.0000 0.4500
v 0.1500 0.0000 0.3500
v 0.1500 0.0000 0.2500
v 0.1500 0.0000 0.1500
v 0.1500 0.0000 0.0500
v 0.1500 0.0000 -0.0500
v 0.1500 0.0000 -0.1500
v 0.1500 0.0000 -0.2500
v 0.1500 0.0000 -0.3500
v 0.1500 0.0000 -0.4500
v 0.1500 0.1000 -0.5500
v 0.1500 0.0000 -0.5500
v 0.1500 0.2000 -0.5500
v 0.1500 0.3000 -0.5500
v 0.1500 0.4000 -0.5500
v 0.1500 0.5000 -0.5500
v 0.1500 0.6000 -0.5500
v 0.1500 0.7000 -0.5500
v 0.1500 0.8000 -0.5500
v 0.1500 0.9000 -0.5500
v 0.1500 1.0000 -0.5500
v 0.1500 1.1000 -0.5500
v 0.1500 1.2000 -0.5500
v 0.1500 1.3000 -0.5500
v 0.1500 1.4000 -0.5500
v 0.1500 1.5000 -0.5500
v 0.1500 1.6000 -0.5500
v 0.1500 1.7000 -0.5500
v 0.1500 1.8000 -0.5500
v 0.1500 1.9000 -0.5500
v 0.1500 2.0000 -0.5500
v 0.1500 2.1000 -0.5500
v 0.1500 2.2000 -0.5500
v 0.1500 2.3000 -0.5500
v 0.1500 2.4000 -0.5500
v 0.1500 2.5000 -0.5500
v 0.1500 2.6000 -0.5500
v 0.1500 2.7000 -0.5500
v 0.1500 2.8000 -0.5500
v 0.2500 0.0000 0.6500
v 0.2500 0.1000 0.6500
v 0.2500 0.0000 0.5500
v 0.2500 0.2000 0.6500
v 0.2500 0.3000 0.6500
v 0.2500 0.4000 0.6500
v 0.2500 0.5000 0.6500
v 0.2500 0.6000 0.6500
v 0.2500 0.7000 0.6500
v 0.2500 0.8000 0.6500
v 0.2500 0.9000 0.6500
v 0.2500 1.0000 0.6500
v 0.2500 1.1000 0.6500
v 0.2500 1.2000 0.6500
v 0.2500 1.3000 0.6500
v 0.2500 1.4000 0.6500
v 0.2500 1.5000 0.6500
v 0.2500 1.6000 0.6500
v 0.2500 1.7000 0.6500
v 0.2500 1.8000 0.6500
v 0.2500 1.9000 0.6500
v 0.2500 2.0000 0.6500
v 0.2500 2.1000 0.6500
v 0.2500 2.2000 0.6500
v 0.2500 2.3000 0.6500
v 0.2500 2.4000 0.6500
v 0.2500 2.5000 0.6500
v 0.2500 2.6000 0.6500
v 0.2500 2.7000 0.6500
v 0.2500 2.8000 0.6500
v 0.2500 0.0000 0.4500
v 0.2500 0.0000 0.3500
v 0.2500 0.0000 0.2500
v 0.2500 0.0000 0.1500
v 0.2500 0.0000 0.0500
v 0.2500 0.0000 -0.0500
v 0.2500 0.0000 -0.1500
v 0.2500 0.0000 -0.2500
v 0.2500 0.0000 -0.3500
v 0.2500 0.0000 -0.4500
v 0.2500 0.1000 -0.5500
v 0.2500 0.0000 -0.5500
v 0.2500 0.2000 -0.5500
v 0.2500 0.3000 -0.5500
v 0.2500 0.4000 -0.5500
v 0.2500 0.5000 -0.5500
v 0.2500 0.6000 -0.5500
v 0.2500 0.7000 -0.5500
v 0.2500 0.8000 -0.5500
v 0.2500 0.9000 -0.5500
v 0.2500 1.0000 -0.5500
v 0.2500 1.1000 -0.5500
v 0.2500 1.2000 -0.5500
v 0.2500 1.3000 -0.5500
v 0.2500 1.4000 -0.5500
v 0.2500 1.5000 -0.5500
v 0.2500 1.6000 -0.5500
v 0.2500 1.7000 -0.5500
v 0.2500 1.8000 -0.5500
v 0.2500 1.9000 -0.5500
v 0.2500 2.0000 -0.5500
v 0.2500 2.1000 -0.5500
v 0.2500 2.2000 -0.5500
v 0.2500 2.3000 -0.5500
v 0.2500 2.4000 -0.5500
v 0.2500 2.5000 -0.5500
v 0.2500 2.6000 -0.5500
v 0.2500 2.7000 -0.5500
v 0.2500 2.8000 -0.5500
v 0.3500 0.0000 0.6500
v 0.3500 0.1000 0.6500
v 0.3500 0.0000 0.5500
v 0.3500 0.2000 0.6500
v 0.3500 0.3000 0.6500
v 0.3500 0.4000 0.6500
v 0.3500 0.5000 0.6500
v 0.3500 0.6000 0.6500
v 0.3500 0.7000 0.6500
v 0.3500 0.8000 0.6500
v 0.3500 0.9000 0.6500
v 0.3500 1.0000 0.6500
v 0.3500 1.1000 0.6500
v 0.3500 1.2000 0.6500
v 0.3500 1.3000 0.6500
v 0.3500 1.4000 0.6500
v 0.3500 1.5000 0.6500
v 0.3500 1.6000 0.6500
v 0.3500 1.7000 0.6500
v 0.3500 1.8000 0.6500
v 0.3500 1.9000 0.6500
v 0.3500 2.0000 0.6500
v 0.3500 2.1000 0.6500
v 0.3500 2.2000 0.6500
v 0.3500 2.3000 0.6500
v 0.3500 2.4000 0.6500
v 0.3500 2.5000 0.6500
v 0.3500 2.6000 0.6500
v 0.3500 2.7000 0.6500
v 0.3500 2.8000 0.6500
v 0.3500 0.0000 0.4500
v 0.3500 0.0000 0.3500
v 0.3500 0.0000 0.2500
v 0.3500 0.0000 0.1500
v 0.3500 0.0000 0.0500
v 0.3500 0.0000 -0.0500
v 0.3500 0.0000 -0.1500
v 0.3500 0.0000 -0.2500
v 0.3500 0.0000 -0.3500
v 0.3500 0.0000 -0.4500
v 0.3500 0.1000 -0.5500
v 0.3500 0.0000 -0.5500
v 0.3500 0.2000 -0.5500
v 0.3500 0.3000 -0.5500
v 0.3500 0.4000 -0.5500
v 0.3500 0.5000 -0.5500
v 0.3500 0.6000 -0.5500
v 0.3500 0.7000 -0.5500
v 0.3500 0.8000 -0.5500
v 0.3500 0.9000 -0.5500
v 0.3500 1.0000 -0.5500
v 0.3500 1.1000 -0.5500
v 0.3500 1.2000 -0.5500
v 0.3500 1.3000 -0.5500
v 0.3500 1.4000 -0.5500
v 0.3500 1.5000 -0.5500
v 0.3500 1.6000 -0.5500
v 0.3500 1.7000 -0.5500
v 0.3500 1.8000 -0.5500
v 0.3500 1.9000 -0.5500
v 0.3500 2.0000 -0.5500
v 0.3500 2.1000 -0.5500
v 0.3500 2.2000 -0.5500
v 0.3500 2.3000 -0.5500
v 0.3500 2.4000 -0.5500
v 0.3500 2.5000 -0.5500
v 0.3500 2.6000 -0.5500
v 0.3500 2.7000 -0.5500
v 0.3500 2.8000 -0.5500
v 0.4500 0.0000 0.6500
v 0.4500 0.1000 0.6500
v 0.4500 0.0000 0.5500
v 0.4500 0.2000 0.6500
v 0.4500 0.3000 0.6500
v 0.4500 0.4000 0.6500
v 0.4500 0.5000 0.6500
v 0.4500 0.6000 0.6500
v 0.4500 0.7000 0.6500
v 0.4500 0.8000 0.6500
v 0.4500 0.9000 0.6500
v 0.4500 1.0000 0.6500
v 0.4500 1.1000 0.6500
v 0.4500 1.2000 0.6500
v 0.4500 1.3000 0.6500
v 0.4500 1.4000 0.6500
v 0.4500 1.5000 0.6500
v 0.4500 1.6000 0.6500
v 0.4500 1.7000 0.6500
v 0.4500 1.8000 0.6500
v 0.4500 1.9000 0.6500
v 0.4500 2.0000 0.6500
v 0.4500 2.1000 0.6500
v 0.4500 2.2000 0.6500
v 0.4500 2.3000 0.6500
v 0.4500 2.4000 0.6500
v 0.4500 2.5000 0.6500
v 0.4500 2.6000 0.6500
v 0.4500 2.7000 0.6500
v 0.4500 2.8000 0.6500
v 0.4500 0.0000 0.4500
v 0.4500 0.0000 0.3500
v 0.4500 0.0000 0.2500
v 0.4500 0.0000 0.1500
v 0.4500 0.0000 0.0500
v 0.4500 0.0000 -0.0500
v 0.4500 0.0000 -0.1500
v 0.4500 0.0000 -0.2500
v 0.4500 0.0000 -0.3500
v 0.4500 0.0000 -0.4500
v 0.4500 0.1000 -0.5500
v 0.4500 0.0000 -0.5500
v 0.4500 0.2000 -0.5500
v 0.4500 0.3000 -0.5500
v 0.4500 0.4000 -0.5500
v 0.4500 0.5000 -0.5500
v 0.4500 0.6000 -0.5500
v 0.4500 0.7000 -0.5500
v 0.4500 0.8000 -0.5500
v 0.4500 0.9000 -0.5500
v 0.4500 1.0000 -0.5500
v 0.4500 1.1000 -0.5500
v 0.4500 1.2000 -0.5500
v 0.4500 1.3000 -0.5500
v 0.4500 1.4000 -0.5500
v 0.4500 1.5000 -0.5500
v 0.4500 1.6000 -0.5500
v 0.4500 1.7000 -0.5500
v 0.4500 1.8000 -0.5500
v 0.4500 1.9000 -0.5500
v 0.4500 2.0000 -0.5500
v 0.4500 2.1000 -0.5500
v 0.4500 2.2000 -0.5500
v 0.4500 2.3000 -0.5500
v 0.4500 2.4000 -0.5500
v 0.4500 2.5000 -0.5500
v 0.4500 2.6000 -0.5500
v 0.4500 2.7000 -0.5500
v 0.4500 2.8000 -0.5500
v 0.5500 0.0000 0.6500
v 0.5500 0.0000 0.5500
v 0.5500 0.1000 0.5500
v 0.5500 0.1000 0.6500
v 0.5500 0.2000 0.5500
v 0.5500 0.2000 0.6500
v 0.5500 0.3000 0.5500
v 0.5500 0.3000 0.6500
v 0.5500 0.4000 0.5500
v 0.5500 0.4000 0.6500
v 0.5500 0.5000 0.5500
v 0.5500 0.5000 0.6500
v 0.5500 0.6000 0.5500
v 0.5500 0.6000 0.6500
v 0.5500 0.7000 0.5500
v 0.5500 0.7000 0.6500
v 0.5500 0.8000 0.5500
v 0.5500 0.8000 0.6500
v 0.5500 0.9000 0.5500
v 0.5500 0.9000 0.6500
v 0.5500 1.0000 0.5500
v 0.5500 1.0000 0.6500
v 0.5500 1.1000 0.5500
v 0.5500 1.1000 0.6500
v 0.5500 1.2000 0.5500
v 0.5500 1.2000 0.6500
v 0.5500 1.3000 0.5500
v 0.5500 1.3000 0.6500
v 0.5500 1.4000 0.5500
v 0.5500 1.4000 0.6500
v 0.5500 1.5000 0.5500
v 0.5500 1.5000 0.6500
v 0.5500 1.6000 0.5500
v 0.5500 1.6000 0.6500
v 0.5500 1.7000 0.5500
v 0.5500 1.7000 0.6500
v 0.5500 1.8000 0.5500
v 0.5500 1.8000 0.6500
v 0.5500 1.9000 0.5500
v 0.5500 1.9000 0.6500
v 0.5500 2.0000 0.5500
v 0.5500 2.0000 0.6500
v 0.5500 2.1000 0.5500
v 0.5500 2.1000 0.6500
v 0.5500 2.2000 0.5500
v 0.5500 2.2000 0.6500
v 0.5500 2.3000 0.5500
v 0.5500 2.3000 0.6500
v 0.5500 2.4000 0.5500
v 0.5500 2.4000 0.6500
v 0.5500 2.5000 0.5500
v 0.5500 2.5000 0.6500
v 0.5500 2.6000 0.5500
v 0.5500 2.6000 0.6500
v 0.5500 2.7000 0.5500
v 0.5500 2.7000 0.6500
v 0.5500 2.8000 0.5500
v 0.5500 2.8000 0.6500
v 0.5500 0.0000 0.4500
v 0.5500 0.1000 0.4500
v 0.5500 0.2000 0.4500
v 0.5500 0.3000 0.4500
v 0.5500 0.4000 0.4500
v 0.5500 0.5000 0.4500
v 0.5500 0.6000 0.4500
v 0.5500 0.7000 0.4500
v 0.5500 0.8000 0.4500
v 0.5500 0.9000 0.4500
v 0.5500 1.0000 0.4500
v 0.5500 1.1000 0.4500
v 0.5500 1.2000 0.4500
v 0.5500 1.3000 0.4500
v 0.5500 1.4000 0.4500
v 0.5500 1.5000 0.4500
v 0.5500 1.6000 0.4500
v 0.5500 1.7000 0.4500
v 0.5500 1.8000 0.4500
v 0.5500 1.9000 0.4500
v 0.5500 2.0000 0.4500
v 0.5500 2.1000 0.4500
v 0.5500 2.2000 0.4500
v 0.5500 2.3000 0.4500
v 0.5500 2.4000 0.4500
v 0.5500 2.5000 0.4500
v 0.5500 2.6000 0.4500
v 0.5500 2.7000 0.4500
v 0.5500 2.8000 0.4500
v 0.5500 0.0000 0.3500
v 0.5500 0.1000 0.3500
v 0.5500 0.2000 0.3500
v 0.5500 0.3000 0.3500
v 0.5500 0.4000 0.3500
v 0.5500 0.5000 0.3500
v 0.5500 0.6000 0.3500
v 0.5500 0.7000 0.3500
v 0.5500 0.8000 0.3500
v 0.5500 0.9000 0.3500
v 0.5500 1.0000 0.3500
v 0.5500 1.1000 0.3500
v 0.5500 1.2000 0.3500
v 0.5500 1.3000 0.3500
v 0.5500 1.4000 0.3500
v 0.5500 1.5000 0.3500
v 0.5500 1.6000 0.3500
v 0.5500 1.7000 0.3500
v 0.5500 1.8000 0.3500
v 0.5500 1.9000 0.3500
v 0.5500 2.0000 0.3500
v 0.5500 2.1000 0.3500
v 0.5500 2.2000 0.3500
v 0.5500 2.3000 0.3500
v 0.5500 2.4000 0.3500
v 0.5500 2.5000 0.3500
v 0.5500 2.6000 0.3500
v 0.5500 2.7000 0.3500
v 0.5500 2.8000 0.3500
v 0.5500 0.0000 0.2500
v 0.5500 0.1000 0.2500
v 0.5500 0.2000 0.2500
v 0.5500 0.3000 0.2500
v 0.5500 0.4000 0.2500
v 0.5500 0.5000 0.2500
v 0.5500 0.6000 0.2500
v 0.5500 0.7000 0.2500
v 0.5500 0.8000 0.2500
v 0.5500 0.9000 0.2500
v 0.5500 1.0000 0.2500
v 0.5500 1.1000 0.2500
v 0.5500 1.2000 0.2500
v 0.5500 1.3000 0.2500
v 0.5500 1.4000 0.2500
v 0.5500 1.5000 0.2500
v 0.5500 1.6000 0.2500
v 0.5500 1.7000 0.2500
v 0.5500 1.8000 0.2500
v 0.5500 1.9000 0.2500
v 0.5500 2.0000 0.2500
v 0.5500 2.1000 0.2500
v 0.5500 2.2000 0.2500
v 0.5500 2.3000 0.2500
v 0.5500 2.4000 0.2500
v 0.5500 2.5000 0.2500
v 0.5500 2.6000 0.2500
v 0.5500 2.7000 0.2500
v 0.5500 2.8000 0.2500
v 0.5500 0.0000 0.1500
v 0.5500 0.1000 0.1500
v 0.5500 0.2000 0.1500
v 0.5500 0.3000 0.1500
v 0.5500 0.4000 0.1500
v 0.5500 0.5000 0.1500
v 0.5500 0.6000 0.1500
v 0.5500 0.7000 0.1500
v 0.5500 0.8000 0.1500
v 0.5500 0.9000 0.1500
v 0.5500 1.0000 0.1500
v 0.5500 1.1000 0.1500
v 0.5500 1.2000 0.1500
v 0.5500 1.3000 0.1500
v 0.5500 1.4000 0.1500
v 0.5500 1.5000 0.1500
v 0.5500 1.6000 0.1500
v 0.5500 1.7000 0.1500
v 0.5500 1.8000 0.1500
v 0.5500 1.9000 0.1500
v 0.5500 2.0000 0.1500
v 0.5500 2.1000 0.1500
v 0.5500 2.2000 0.1500
v 0.5500 2.3000 0.1500
v 0.5500 2.4000 0.1500
v 0.5500 2.5000 0.1500
v 0.5500 2.6000 0.1500
v 0.5500 2.7000 0.1500
v 0.5500 2.8000 0.1500
v 0.5500 0.0000 0.0500
v 0.5500 0.1000 0.0500
v 0.5500 0.2000 0.0500
v 0.5500 0.3000 0.0500
v 0.5500 0.4000 0.0500
v 0.5500 0.5000 0.0500
v 0.5500 0.6000 0.0500
v 0.5500 0.7000 0.0500
v 0.5500 0.8000 0.0500
v 0.5500 0.9000 0.0500
v 0.5500 1.0000 0.0500
v 0.5500 1.1000 0.0500
v 0.5500 1.2000 0.0500
v 0.5500 1.3000 0.0500
v 0.5500 1.4000 0.0500
v 0.5500 1.5000 0.0500
v 0.5500 1.6000 0.0500
v 0.5500 1.7000 0.0500
v 0.5500 1.8000 0.0500
v 0.5500 1.9000 0.0500
v 0.5500 2.0000 0.0500
v 0.5500 2.1000 0.0500
v 0.5500 2.2000 0.0500
v 0.5500 2.3000 0.0500
v 0.5500 2.4000 0.0500
v 0.5500 2.5000 0.0500
v 0.5500 2.6000 0.0500
v 0.5500 2.7000 0.0500
v 0.5500 2.8000 0.0500
v 0.5500 0.0000 -0.0500
v 0.5500 0.1000 -0.0500
v 0.5500 0.2000 -0.0500
v 0.5500 0.3000 -0.0500
v 0.5500 0.4000 -0.0500
v 0.5500 0.5000 -0.0500
v 0.5500 0.6000 -0.0500
v 0.5500 0.7000 -0.0500
v 0.5500 0.8000 -0.0500
v 0.5500 0.9000 -0.0500
v 0.5500 1.0000 -0.0500
v 0.5500 1.1000 -0.0500
v 0.5500 1.2000 -0.0500
v 0.5500 1.3000 -0.0500
v 0.5500 1.4000 -0.0500
v 0.5500 1.5000 -0.0500
v 0.5500 1.6000 -0.0500
v 0.5500 1.7000 -0.0500
v 0.5500 1.8000 -0.0500
v 0.5500 1.9000 -0.0500
v 0.5500 2.0000 -0.0500
v 0.5500 2.1000 -0.0500
v 0.5500 2.2000 -0.0500
v 0.5500 2.3000 -0.0500
v 0.5500 2.4000 -0.0500
v 0.5500 2.5000 -0.0500
v 0.5500 2.6000 -0.0500
v 0.5500 2.7000 -0.0500
v 0.5500 2.8000 -0.0500
v 0.5500 0.0000 -0.1500
v 0.5500 0.1000 -0.1500
v 0.5500 0.2000 -0.1500
v 0.5500 0.3000 -0.1500
v 0.5500 0.4000 -0.1500
v 0.5500 0.5000 -0.1500
v 0.5500 0.6000 -0.1500
v 0.5500 0.7000 -0.1500
v 0.5500 0.8000 -0.1500
v 0.5500 0.9000 -0.1500
v 0.5500 1.0000 -0.1500
v 0.5500 1.1000 -0.1500
v 0.5500 1.2000 -0.1500
v 0.5500 1.3000 -0.1500
v 0.5500 1.4000 -0.1500
v 0.5500 1.5000 -0.1500
v 0.5500 1.6000 -0.1500
v 0.5500 1.7000 -0.1500
v 0.5500 1.8000 -0.1500
v 0.5500 1.9000 -0.1500
v 0.5500 2.0000 -0.1500
v 0.5500 2.1000 -0.1500
v 0.5500 2.2000 -0.1500
v 0.5500 2.3000 -0.1500
v 0.5500 2.4000 -0.1500
v 0.5500 2.5000 -0.1500
v 0.5500 2.6000 -0.1500
v 0.5500 2.7000 -0.1500
v 0.5500 2.8000 -0.1500
v 0.5500 0.0000 -0.2500
v 0.5500 0.1000 -0.2500
v 0.5500 0.2000 -0.2500
v 0.5500 0.3000 -0.2500
v 0.5500 0.4000 -0.2500
v 0.5500 0.5000 -0.2500
v 0.5500 0.6000 -0.2500
v 0.5500 0.7000 -0.2500
v 0.5500 0.8000 -0.2500
v 0.5500 0.9000 -0.2500
v 0.5500 1.0000 -0.2500
v 0.5500 1.1000 -0.2500
v 0.5500 1.2000 -0.2500
v 0.5500 1.3000 -0.2500
v 0.5500 1.4000 -0.2500
v 0.5500 1.5000 -0.2500
v 0.5500 1.6000 -0.2500
v 0.5500 1.7000 -0.2500
v 0.5500 1.8000 -0.2500
v 0.5500 1.9000 -0.2500
v 0.5500 2.0000 -0.2500
v 0.5500 2.1000 -0.2500
v 0.5500 2.2000 -0.2500
v 0.5500 2.3000 -0.2500
v 0.5500 2.4000 -0.2500
v 0.5500 2.5000 -0.2500
v 0.5500 2.6000 -0.2500
v 0.5500 2.7000 -0.2500
v 0.5500 2.8000 -0.2500
v 0.5500 0.0000 -0.3500
v 0.5500 0.1000 -0.3500
v 0.5500 0.2000 -0.3500
v 0.5500 0.3000 -0.3500
v 0.5500 0.4000 -0.3500
v 0.5500 0.5000 -0.3500
v 0.5500 0.6000 -0.3500
v 0.5500 0.7000 -0.3500
v 0.5500 0.8000 -0.3500
v 0.5500 0.9000 -0.3500
v 0.5500 1.0000 -0.3500
v 0.5500 1.1000 -0.3500
v 0.5500 1.2000 -0.3500
v 0.5500 1.3000 -0.3500
v 0.5500 1.4000 -0.3500
v 0.5500 1.5000 -0.3500
v 0.5500 1.6000 -0.3500
v 0.5500 1.7000 -0.3500
v 0.5500 1.8000 -0.3500
v 0.5500 1.9000 -0.3500
v 0.5500 2.0000 -0.3500
v 0.5500 2.1000 -0.3500
v 0.5500 2.2000 -0.3500
v 0.5500 2.3000 -0.3500
v 0.5500 2.4000 -0.3500
v 0.5500 2.5000 -0.3500
v 0.5500 2.6000 -0.3500
v 0.5500 2.7000 -0.3500
v 0.5500 2.8000 -0.3500
v 0.5500 0.0000 -0.4500
v 0.5500 0.1000 -0.4500
v 0.5500 0.2000 -0.4500
v 0.5500 0.3000 -0.4500
v 0.5500 0.4000 -0.4500
v 0.5500 0.5000 -0.4500
v 0.5500 0.6000 -0.4500
v 0.5500 0.7000 -0.4500
v 0.5500 0.8000 -0.4500
v 0.5500 0.9000 -0.4500
v 0.5500 1.0000 -0.4500
v 0.5500 1.1000 -0.4500
v 0.5500 1.2000 -0.4500
v 0.5500 1.3000 -0.4500
v 0.5500 1.4000 -0.4500
v 0.5500 1.5000 -0.4500
v 0.5500 1.6000 -0.4500
v 0.5500 1.7000 -0.4500
v 0.5500 1.8000 -0.4500
v 0.5500 1.9000 -0.4500
v 0.5500 2.0000 -0.4500
v 0.5500 2.1000 -0.4500
v 0.5500 2.2000 -0.4500
v 0.5500 2.3000 -0.4500
v 0.5500 2.4000 -0.4500
v 0.5500 2.5000 -0.4500
v 0.5500 2.6000 -0.4500
v 0.5500 2.7000 -0.4500
v 0.5500 2.8000 -0.4500
v 0.5500 0.0000 -0.5500
v 0.5500 0.1000 -0.5500
v 0.5500 0.2000 -0.5500
v 0.5500 0.3000 -0.5500
v 0.5500 0.4000 -0.5500
v 0.5500 0.5000 -0.5500
v 0.5500 0.6000 -0.5500
v 0.5500 0.7000 -0.5500
v 0.5500 0.8000 -0.5500
v 0.5500 0.9000 -0.5500
v 0.5500 1.0000 -0.5500
v 0.5500 1.1000 -0.5500
v 0.5500 1.2000 -0.5500
v 0.5500 1.3000 -0.5500
v 0.5500 1.4000 -0.5500
v 0.5500 1.5000 -0.5500
v 0.5500 1.6000 -0.5500
v 0.5500 1.7000 -0.5500
v 0.5500 1.8000 -0.5500
v 0.5500 1.9000 -0.5500
v 0.5500 2.0000 -0.5500
v 0.5500 2.1000 -0.5500
v 0.5500 2.2000 -0.5500
v 0.5500 2.3000 -0.5500
v 0.5500 2.4000 -0.5500
v 0.5500 2.5000 -0.5500
v 0.5500 2.6000 -0.5500
v 0.5500 2.7000 -0.5500
v 0.5500 2.8000 -0.5500
v -3.8500 2.8000 0.0500
v -3.8500 2.9000 0.0500
v -3.8500 2.9000 -0.0500
v -3.8500 2.8000 -0.0500
v -3.7500 2.9000 -0.0500
v -3.7500 2.8000 -0.0500
v -3.7500 2.8000 0.0500
v -3.7500 2.9000 0.0500
v -3.7500 2.8000 0.8500
v -3.7500 2.9000 0.8500
v -3.7500 2.9000 0.7500
v -3.7500 2.8000 0.7500
v -3.6500 2.8000 0.8500
v -3.6500 2.9000 0.8500
v -3.6500 2.8000 0.7500
v -3.7500 2.9000 0.6500
v -3.7500 2.8000 0.6500
v -3.6500 2.8000 0.6500
v -3.7500 2.9000 0.5500
v -3.7500 2.8000 0.5500
v -3.6500 2.8000 0.5500
v -3.7500 2.9000 0.4500
v -3.7500 2.8000 0.4500
v -3.6500 2.8000 0.4500
v -3.7500 2.9000 0.3500
v -3.7500 2.8000 0.3500
v -3.6500 2.8000 0.3500
v -3.7500 2.9000 0.2500
v -3.7500 2.8000 0.2500
v -3.6500 2.8000 0.2500
v -3.7500 2.9000 0.1500
v -3.7500 2.8000 0.1500
v -3.6500 2.8000 0.1500
v -3.6500 2.8000 0.0500
v -3.6500 2.8000 -0.0500
v -3.7500 2.9000 -0.1500
v -3.7500 2.8000 -0.1500
v -3.6500 2.8000 -0.1500
v -3.7500 2.9000 -0.2500
v -3.7500 2.8000 -0.2500
v -3.6500 2.8000 -0.2500
v -3.7500 2.9000 -0.3500
v -3.7500 2.8000 -0.3500
v -3.6500 2.8000 -0.3500
v -3.7500 2.9000 -0.4500
v -3.7500 2.8000 -0.4500
v -3.6500 2.8000 -0.4500
v -3.7500 2.9000 -0.5500
v -3.7500 2.8000 -0.5500
v -3.6500 2.8000 -0.5500
v -3.7500 2.9000 -0.6500
v -3.7500 2.8000 -0.6500
v -3.6500 2.8000 -0.6500
v -3.7500 2.9000 -0.7500
v -3.7500 2.8000 -0.7500
v -3.6500 2.8000 -0.7500
v -3.7500 2.9000 -0.8500
v -3.7500 2.8000 -0.8500
v -3.6500 2.9000 -0.8500
v -3.6500 2.8000 -0.8500
v -3.6500 2.8000 1.2500
v -3.6500 2.9000 1.2500
v -3.6500 2.9000 1.1500
v -3.6500 2.8000 1.1500
v -3.5500 2.8000 1.2500
v -3.5500 2.9000 1.2500
v -3.5500 2.8000 1.1500
v -3.6500 2.9000 1.0500
v -3.6500 2.8000 1.0500
v -3.5500 2.8000 1.0500
v -3.6500 2.9000 0.9500
v -3.6500 2.8000 0.9500
v -3.5500 2.8000 0.9500
v -3.5500 2.8000 0.8500
v -3.5500 2.8000 0.7500
v -3.5500 2.8000 0.6500
v -3.5500 2.8000 0.5500
v -3.5500 2.8000 0.4500
v -3.5500 2.8000 0.3500
v -3.5500 2.8000 0.2500
v -3.5500 2.8000 0.1500
v -3.5500 2.8000 0.0500
v -3.5500 2.8000 -0.0500
v -3.5500 2.8000 -0.1500
v -3.5500 2.8000 -0.2500
v -3.5500 2.8000 -0.3500
v -3.5500 2.8000 -0.4500
v -3.5500 2.8000 -0.5500
v -3.5500 2.8000 -0.6500
v -3.5500 2.8000 -0.7500
v -3.5500 2.8000 -0.8500
v -3.6500 2.9000 -0.9500
v -3.6500 2.8000 -0.9500
v -3.5500 2.8000 -0.9500
v -3.6500 2.9000 -1.0500
v -3.6500 2.8000 -1.0500
v -3.5500 2.8000 -1.0500
v -3.6500 2.9000 -1.1500
v -3.6500 2.8000 -1.1500
v -3.5500 2.8000 -1.1500
v -3.6500 2.9000 -1.2500
v -3.6500 2.8000 -1.2500
v -3.5500 2.9000 -1.2500
v -3.5500 2.8000 -1.2500
v -3.5500 2.8000 1.4500
v -3.5500 2.9000 1.4500
v -3.5500 2.9000 1.3500
v -3.5500 2.8000 1.3500
v -3.4500 2.8000 1.4500
v -3.4500 2.9000 1.4500
v -3.4500 2.8000 1.3500
v -3.4500 2.8000 1.2500
v -3.4500 2.8000 1.1500
v -3.4500 2.8000 1.0500
v -3.4500 2.8000 0.9500
v -3.4500 2.8000 0.8500
v -3.4500 2.8000 0.7500
v -3.4500 2.8000 0.6500
v -3.4500 2.8000 0.5500
v -3.4500 2.8000 0.4500
v -3.4500 2.8000 0.3500
v -3.4500 2.8000 0.2500
v -3.4500 2.8000 0.1500
v -3.4500 2.8000 0.0500
v -3.4500 2.8000 -0.0500
v -3.4500 2.8000 -0.1500
v -3.4500 2.8000 -0.2500
v -3.4500 2.8000 -0.3500
v -3.4500 2.8000 -0.4500
v -3.4500 2.8000 -0.5500
v -3.4500 2.8000 -0.6500
v -3.4500 2.8000 -0.7500
v -3.4500 2.8000 -0.8500
v -3.4500 2.8000 -0.9500
v -3.4500 2.8000 -1.0500
v -3.4500 2.8000 -1.1500
v -3.4500 2.8000 -1.2500
v -3.5500 2.9000 -1.3500
v -3.5500 2.8000 -1.3500
v -3.4500 2.8000 -1.3500
v -3.5500 2.9000 -1.4500
v -3.5500 2.8000 -1.4500
v -3.4500 2.9000 -1.4500
v -3.4500 2.8000 -1.4500
v -3.4500 2.8000 1.6500
v -3.4500 2.9000 1.6500
v -3.4500 2.9000 1.5500
v -3.4500 2.8000 1.5500
v -3.3500 2.8000 1.6500
v -3.3500 2.9000 1.6500
v -3.3500 2.8000 1.5500
v -3.3500 2.8000 1.4500
v -3.3500 2.8000 1.3500
v -3.3500 2.8000 1.2500
v -3.3500 2.8000 1.1500
v -3.3500 2.8000 1.0500
v -3.3500 2.8000 0.9500
v -3.3500 2.8000 0.8500
v -3.3500 2.8000 0.7500
v -3.3500 2.8000 0.6500
v -3.3500 2.8000 0.5500
v -3.3500 2.8000 0.4500
v -3.3500 2.8000 0.3500
v -3.3500 2.8000 0.2500
v -3.3500 2.8000 0.1500
v -3.3500 2.8000 0.0500
v -3.3500 2.8000 -0.0500
v -3.3500 2.8000 -0.1500
v -3.3500 2.8000 -0.2500
v -3.3500 2.8000 -0.3500
v -3.3500 2.8000 -0.4500
v -3.3500 2.8000 -0.5500
v -3.3500 2.8000 -0.6500
v -3.3500 2.8000 -0.7500
v -3.3500 2.8000 -0.8500
v -3.3500 2.8000 -0.9500
v -3.3500 2.8000 -1.0500
v -3.3500 2.8000 -1.1500
v -3.3500 2.8000 -1.2500
v -3.3500 2.8000 -1.3500
v -3.3500 2.8000 -1.4500
v -3.4500 2.9000 -1.5500
v -3.4500 2.8000 -1.5500
v -3.3500 2.8000 -1.5500
v -3.4500 2.9000 -1.6500
v -3.4500 2.8000 -1.6500
v -3.3500 2.9000 -1.6500
v -3.3500 2.8000 -1.6500
v -3.3500 2.8000 1.8500
v -3.3500 2.9000 1.8500
v -3.3500 2.9000 1.7500
v -3.3500 2.8000 1.7500
v -3.2500 2.8000 1.8500
v -3.2500 2.9000 1.8500
v -3.2500 2.8000 1.7500
v -3.2500 2.8000 1.6500
v -3.2500 2.8000 1.5500
v -3.2500 2.8000 1.4500
v -3.2500 2.8000 1.3500
v -3.2500 2.8000 1.2500
v -3.2500 2.8000 1.1500
v -3.2500 2.8000 1.0500
v -3.2500 2.8000 0.9500
v -3.2500 2.8000 0.8500
v -3.2500 2.8000 0.7500
v -3.2500 2.8000 0.6500
v -3.2500 2.8000 0.5500
v -3.2500 2.8000 0.4500
v -3.2500 2.8000 0.3500
v -3.2500 2.8000 0.2500
v -3.2500 2.8000 0.1500
v -3.2500 2.8000 0.0500
v -3.2500 2.8000 -0.0500
v -3.2500 2.8000 -0.1500
v -3.2500 2.8000 -0.2500
v -3.2500 2.8000 -0.3500
v -3.2500 2.8000 -0.4500
v -3.2500 2.8000 -0.5500
v -3.2500 2.8000 -0.6500
v -3.2500 2.8000 -0.7500
v -3.2500 2.8000 -0.8500
v -3.2500 2.8000 -0.9500
v -3.2500 2.8000 -1.0500
v -3.2500 2.8000 -1.1500
v -3.2500 2.8000 -1.2500
v -3.2500 2.8000 -1.3500
v -3.2500 2.8000 -1.4500
v -3.2500 2.8000 -1.5500
v -3.2500 2.8000 -1.6500
v -3.3500 2.9000 -1.7500
v -3.3500 2.8000 -1.7500
v -3.2500 2.8000 -1.7500
v -3.3500 2.9000 -1.8500
v -3.3500 2.8000 -1.8500
v -3.2500 2.9000 -1.8500
v -3.2500 2.8000 -1.8500
v -3.2500 2.8000 2.0500
v -3.2500 2.9000 2.0500
v -3.2500 2.9000 1.9500
v -3.2500 2.8000 1.9500
v -3.1500 2.8000 2.0500
v -3.1500 2.9000 2.0500
v -3.1500 2.8000 1.9500
v -3.1500 2.8000 1.8500
v -3.1500 2.8000 1.7500
v -3.1500 2.8000 1.6500
v -3.1500 2.8000 1.5500
v -3.1500 2.8000 1.4500
v -3.1500 2.8000 1.3500
v -3.1500 2.8000 1.2500
v -3.1500 2.8000 1.1500
v -3.1500 2.8000 1.0500
v -3.1500 2.8000 0.9500
v -3.1500 2.8000 0.8500
v -3.1500 2.8000 0.7500
v -3.1500 2.8000 0.6500
v -3.1500 2.8000 0.5500
v -3.1500 2.8000 0.4500
v -3.1500 2.8000 0.3500
v -3.1500 2.8000 0.2500
v -3.1500 2.8000 0.1500
v -3.1500 2.8000 0.0500
v -3.1500 2.8000 -0.0500
v -3.1500 2.8000 -0.1500
v -3.1500 2.8000 -0.2500
v -3.1500 2.8000 -0.3500
v -3.1500 2.8000 -0.4500
v -3.1500 2.8000 -0.5500
v -3.1500 2.8000 -0.6500
v -3.1500 2.8000 -0.7500
v -3.1500 2.8000 -0.8500
v -3.1500 2.8000 -0.9500
v -3.1500 2.8000 -1.0500
v -3.1500 2.8000 -1.1500
v -3.1500 2.8000 -1.2500
v -3.1500 2.8000 -1.3500
v -3.1500 2.8000 -1.4500
v -3.1500 2.8000 -1.5500
v -3.1500 2.8000 -1.6500
v -3.1500 2.8000 -1.7500
v -3.1500 2.8000 -1.8500
v -3.2500 2.9000 -1.9500
v -3.2500 2.8000 -1.9500
v -3.1500 2.8000 -1.9500
v -3.2500 2.9000 -2.0500
v -3.2500 2.8000 -2.0500
v -3.1500 2.9000 -2.0500
v -3.1500 2.8000 -2.0500
v -3.1500 2.8000 2.1500
v -3.1500 2.9000 2.1500
v -3.0500 2.8000 2.1500
v -3.0500 2.9000 2.1500
v -3.0500 2.8000 2.0500
v -3.0500 2.8000 1.9500
v -3.0500 2.8000 1.8500
v -3.0500 2.8000 1.7500
v -3.0500 2.8000 1.6500
v -3.0500 2.8000 1.5500
v -3.0500 2.8000 1.4500
v -3.0500 2.8000 1.3500
v -3.0500 2.8000 1.2500
v -3.0500 2.8000 1.1500
v -3.0500 2.8000 1.0500
v -3.0500 2.8000 0.9500
v -3.0500 2.8000 0.8500
v -3.0500 2.8000 0.7500
v -3.0500 2.8000 0.6500
v -3.0500 2.8000 0.5500
v -3.0500 2.8000 0.4500
v -3.0500 2.8000 0.3500
v -3.0500 2.8000 0.2500
v -3.0500 2.8000 0.1500
v -3.0500 2.8000 0.0500
v -3.0500 2.8000 -0.0500
v -3.0500 2.8000 -0.1500
v -3.0500 2.8000 -0.2500
v -3.0500 2.8000 -0.3500
v -3.0500 2.8000 -0.4500
v -3.0500 2.8000 -0.5500
v -3.0500 2.8000 -0.6500
v -3.0500 2.8000 -0.7500
v -3.0500 2.8000 -0.8500
v -3.0500 2.8000 -0.9500
v -3.0500 2.8000 -1.0500
v -3.0500 2.8000 -1.1500
v -3.0500 2.8000 -1.2500
v -3.0500 2.8000 -1.3500
v -3.0500 2.8000 -1.4500
v -3.0500 2.8000 -1.5500
v -3.0500 2.8000 -1.6500
v -3.0500 2.8000 -1.7500
v -3.0500 2.8000 -1.8500
v -3.0500 2.8000 -1.9500
v -3.0500 2.8000 -2.0500
v -3.1500 2.9000 -2.1500
v -3.1500 2.8000 -2.1500
v -3.0500 2.9000 -2.1500
v -3.0500 2.8000 -2.1500
v -3.0500 2.8000 2.3500
v -3.0500 2.9000 2.3500
v -3.0500 2.9000 2.2500
v -3.0500 2.8000 2.2500
v -2.9500 2.8000 2.3500
v -2.9500 2.9000 2.3500
v -2.9500 2.8000 2.2500
v -2.9500 2.8000 2.1500
v -2.9500 2.8000 2.0500
v -2.9500 2.8000 1.9500
v -2.9500 2.8000 1.8500
v -2.9500 2.8000 1.7500
v -2.9500 2.8000 1.6500
v -2.9500 2.8000 1.5500
v -2.9500 2.8000 1.4500
v -2.9500 2.8000 1.3500
v -2.9500 2.8000 1.2500
v -2.9500 2.8000 1.1500
v -2.9500 2.8000 1.0500
v -2.9500 2.8000 0.9500
v -2.9500 2.8000 0.8500
v -2.9500 2.8000 0.7500
v -2.9500 2.8000 0.6500
v -2.9500 2.8000 0.5500
v -2.9500 2.8000 0.4500
v -2.9500 2.8000 0.3500
v -2.9500 2.8000 0.2500
v -2.9500 2.8000 0.1500
v -2.9500 2.8000 0.0500
v -2.9500 2.8000 -0.0500
v -2.9500 2.8000 -0.1500
v -2.9500 2.8000 -0.2500
v -2.9500 2.8000 -0.3500
v -2.9500 2.8000 -0.4500
v -2.9500 2.8000 -0.5500
v -2.9500 2.8000 -0.6500
v -2.9500 2.8000 -0.7500
v -2.9500 2.8000 -0.8500
v -2.9500 2.8000 -0.9500
v -2.9500 2.8000 -1.0500
v -2.9500 2.8000 -1.1500
v -2.9500 2.8000 -1.2500
v -2.9500 2.8000 -1.3500
v -2.9500 2.8000 -1.4500
v -2.9500 2.8000 -1.5500
v -2.9500 2.8000 -1.6500
v -2.9500 2.8000 -1.7500
v -2.9500 2.8000 -1.8500
v -2.9500 2.8000 -1.9500
v -2.9500 2.8000 -2.0500
v -2.9500 2.8000 -2.1500
v -3.0500 2.9000 -2.2500
v -3.0500 2.8000 -2.2500
v -2.9500 2.8000 -2.2500
v -3.0500 2.9000 -2.3500
v -3.0500 2.8000 -2.3500
v -2.9500 2.9000 -2.3500
v -2.9500 2.8000 -2.3500
v -2.9500 2.8000 2.4500
v -2.9500 2.9000 2.4500
v -2.8500 2.8000 2.4500
v -2.8500 2.9000 2.4500
v -2.8500 2.8000 2.3500
v -2.8500 2.8000 2.2500
v -2.8500 2.8000 2.1500
v -2.8500 2.8000 2.0500
v -2.8500 2.8000 1.9500
v -2.8500 2.8000 1.8500
v -2.8500 2.8000 1.7500
v -2.8500 2.8000 1.6500
v -2.8500 2.8000 1.5500
v -2.8500 2.8000 1.4500
v -2.8500 2.8000 1.3500
v -2.8500 2.8000 1.2500
v -2.8500 2.8000 1.1500
v -2.8500 2.8000 1.0500
v -2.8500 2.8000 0.9500
v -2.8500 2.8000 0.8500
v -2.8500 2.8000 0.7500
v -2.8500 2.8000 0.6500
v -2.8500 2.8000 0.5500
v -2.8500 2.8000 0.4500
v -2.8500 2.8000 0.3500
v -2.8500 2.8000 0.2500
v -2.8500 2.8000 0.1500
v -2.8500 2.8000 0.0500
v -2.8500 2.8000 -0.0500
v -2.8500 2.8000 -0.1500
v -2.8500 2.8000 -0.2500
v -2.8500 2.8000 -0.3500
v -2.8500 2.8000 -0.4500
v -2.8500 2.8000 -0.5500
v -2.8500 2.8000 -0.6500
v -2.8500 2.8000 -0.7500
v -2.8500 2.8000 -0.8500
v -2.8500 2.8000 -0.9500
v -2.8500 2.8000 -1.0500
v -2.8500 2.8000 -1.1500
v -2.8500 2.8000 -1.2500
v -2.8500 2.8000 -1.3500
v -2.8500 2.8000 -1.4500
v -2.8500 2.8000 -1.5500
v -2.8500 2.8000 -1.6500
v -2.8500 2.8000 -1.7500
v -2.8500 2.8000 -1.8500
v -2.8500 2.8000 -1.9500
v -2.8500 2.8000 -2.0500
v -2.8500 2.8000 -2.1500
v -2.8500 2.8000 -2.2500
v -2.8500 2.8000 -2.3500
v -2.9500 2.9000 -2.4500
v -2.9500 2.8000 -2.4500
v -2.8500 2.9000 -2.4500
v -2.8500 2.8000 -2.4500
v -2.8500 2.8000 2.5500
v -2.8500 2.9000 2.5500
v -2.7500 2.8000 2.5500
v -2.7500 2.9000 2.5500
v -2.7500 2.8000 2.4500
v -2.7500 2.8000 2.3500
v -2.7500 2.8000 2.2500
v -2.7500 2.8000 2.1500
v -2.7500 2.8000 2.0500
v -2.7500 2.8000 1.9500
v -2.7500 2.8000 1.8500
v -2.7500 2.8000 1.7500
v -2.7500 2.8000 1.6500
v -2.7500 2.8000 1.5500
v -2.7500 2.8000 1.4500
v -2.7500 2.8000 1.3500
v -2.7500 2.8000 1.2500
v -2.7500 2.8000 1.1500
v -2.7500 2.8000 1.0500
v -2.7500 2.8000 0.9500
v -2.7500 2.8000 0.8500
v -2.7500 2.8000 0.7500
v -2.7500 2.8000 0.6500
v -2.7500 2.8000 0.5500
v -2.7500 2.8000 0.4500
v -2.7500 2.8000 0.3500
v -2.7500 2.8000 0.2500
v -2.7500 2.8000 0.1500
v -2.7500 2.8000 0.0500
v -2.7500 2.8000 -0.0500
v -2.7500 2.8000 -0.1500
v -2.7500 2.8000 -0.2500
v -2.7500 2.8000 -0.3500
v -2.7500 2.8000 -0.4500
v -2.7500 2.8000 -0.5500
v -2.7500 2.8000 -0.6500
v -2.7500 2.8000 -0.7500
v -2.7500 2.8000 -0.8500
v -2.7500 2.8000 -0.9500
v -2.7500 2.8000 -1.0500
v -2.7500 2.8000 -1.1500
v -2.7500 2.8000 -1.2500
v -2.7500 2.8000 -1.3500
v -2.7500 2.8000 -1.4500
v -2.7500 2.8000 -1.5500
v -2.7500 2.8000 -1.6500
v -2.7500 2.8000 -1.7500
v -2.7500 2.8000 -1.8500
v -2.7500 2.8000 -1.9500
v -2.7500 2.8000 -2.0500
v -2.7500 2.8000 -2.1500
v -2.7500 2.8000 -2.2500
v -2.7500 2.8000 -2.3500
v -2.7500 2.8000 -2.4500
v -2.8500 2.9000 -2.5500
v -2.8500 2.8000 -2.5500
v -2.7500 2.9000 -2.5500
v -2.7500 2.8000 -2.5500
v -2.7500 2.8000 2.6500
v -2.7500 2.9000 2.6500
v -2.6500 2.8000 2.6500
v -2.6500 2.9000 2.6500
v -2.6500 2.8000 2.5500
v -2.6500 2.8000 2.4500
v -2.6500 2.8000 2.3500
v -2.6500 2.8000 2.2500
v -2.6500 2.8000 2.1500
v -2.6500 2.8000 2.0500
v -2.6500 2.8000 1.9500
v -2.6500 2.8000 1.8500
v -2.6500 2.8000 1.7500
v -2.6500 2.8000 1.6500
v -2.6500 2.8000 1.5500
v -2.6500 2.8000 1.4500
v -2.6500 2.8000 1.3500
v -2.6500 2.8000 1.2500
v -2.6500 2.8000 1.1500
v -2.6500 2.8000 1.0500
v -2.6500 2.8000 0.9500
v -2.6500 2.8000 0.8500
v -2.6500 2.8000 0.7500
v -2.6500 2.8000 0.6500
v -2.6500 2.8000 0.5500
v -2.6500 2.8000 0.4500
v -2.6500 2.8000 0.3500
v -2.6500 2.8000 0.2500
v -2.6500 2.8000 0.1500
v -2.6500 2.8000 0.0500
v -2.6500 2.8000 -0.0500
v -2.6500 2.8000 -0.1500
v -2.6500 2.8000 -0.2500
v -2.6500 2.8000 -0.3500
v -2.6500 2.8000 -0.4500
v -2.6500 2.8000 -0.5500
v -2.6500 2.8000 -0.6500
v -2.6500 2.8000 -0.7500
v -2.6500 2.8000 -0.8500
v -2.6500 2.8000 -0.9500
v -2.6500 2.8000 -1.0500
v -2.6500 2.8000 -1.1500
v -2.6500 2.8000 -1.2500
v -2.6500 2.8000 -1.3500
v -2.6500 2.8000 -1.4500
v -2.6500 2.8000 -1.5500
v -2.6500 2.8000 -1.6500
v -2.6500 2.8000 -1.7500
v -2.6500 2.8000 -1.8500
v -2.6500 2.8000 -1.9500
v -2.6500 2.8000 -2.0500
v -2.6500 2.8000 -2.1500
v -2.6500 2.8000 -2.2500
v -2.6500 2.8000 -2.3500
v -2.6500 2.8000 -2.4500
v -2.6500 2.8000 -2.5500
v -2.7500 2.9000 -2.6500
v -2.7500 2.8000 -2.6500
v -2.6500 2.9000 -2.6500
v -2.6500 2.8000 -2.6500
v -2.6500 2.8000 2.7500
v -2.6500 2.9000 2.7500
v -2.5500 2.8000 2.7500
v -2.5500 2.9000 2.7500
v -2.5500 2.8000 2.6500
v -2.5500 2.8000 2.5500
v -2.5500 2.8000 2.4500
v -2.5500 2.8000 2.3500
v -2.5500 2.8000 2.2500
v -2.5500 2.8000 2.1500
v -2.5500 2.8000 2.0500
v -2.5500 2.8000 1.9500
v -2.5500 2.8000 1.8500
v -2.5500 2.8000 1.7500
v -2.5500 2.8000 1.6500
v -2.5500 2.8000 1.5500
v -2.5500 2.8000 1.4500
v -2.5500 2.8000 1.3500
v -2.5500 2.8000 1.2500
v -2.5500 2.8000 1.1500
v -2.5500 2.8000 1.0500
v -2.5500 2.8000 0.9500
v -2.5500 2.8000 0.8500
v -2.5500 2.8000 0.7500
v -2.5500 2.8000 0.6500
v -2.5500 2.8000 0.5500
v -2.5500 2.8000 0.4500
v -2.5500 2.8000 0.3500
v -2.5500 2.8000 0.2500
v -2.5500 2.8000 0.1500
v -2.5500 2.8000 0.0500
v -2.5500 2.8000 -0.0500
v -2.5500 2.8000 -0.1500
v -2.5500 2.8000 -0.2500
v -2.5500 2.8000 -0.3500
v -2.5500 2.8000 -0.4500
v -2.5500 2.8000 -0.5500
v -2.5500 2.8000 -0.6500
v -2.5500 2.8000 -0.7500
v -2.5500 2.8000 -0.8500
v -2.5500 2.8000 -0.9500
v -2.5500 2.8000 -1.0500
v -2.5500 2.8000 -1.1500
v -2.5500 2.8000 -1.2500
v -2.5500 2.8000 -1.3500
v -2.5500 2.8000 -1.4500
v -2.5500 2.8000 -1.5500
v -2.5500 2.8000 -1.6500
v -2.5500 2.8000 -1.7500
v -2.5500 2.8000 -1.8500
v -2.5500 2.8000 -1.9500
v -2.5500 2.8000 -2.0500
v -2.5500 2.8000 -2.1500
v -2.5500 2.8000 -2.2500
v -2.5500 2.8000 -2.3500
v -2.5500 2.8000 -2.4500
v -2.5500 2.8000 -2.5500
v -2.5500 2.8000 -2.6500
v -2.6500 2.9000 -2.7500
v -2.6500 2.8000 -2.7500
v -2.5500 2.9000 -2.7500
v -2.5500 2.8000 -2.7500
v -2.5500 2.8000 2.8500
v -2.5500 2.9000 2.8500
v -2.4500 2.8000 2.8500
v -2.4500 2.9000 2.8500
v -2.4500 2.8000 2.7500
v -2.4500 2.8000 2.6500
v -2.4500 2.8000 2.5500
v -2.4500 2.8000 2.4500
v -2.4500 2.8000 2.3500
v -2.4500 2.8000 2.2500
v -2.4500 2.8000 2.1500
v -2.4500 2.8000 2.0500
v -2.4500 2.8000 1.9500
v -2.4500 2.8000 1.8500
v -2.4500 2.8000 1.7500
v -2.4500 2.8000 1.6500
v -2.4500 2.8000 1.5500
v -2.4500 2.8000 1.4500
v -2.4500 2.8000 1.3500
v -2.4500 2.8000 1.2500
v -2.4500 2.8000 1.1500
v -2.4500 2.8000 1.0500
v -2.4500 2.8000 0.9500
v -2.4500 2.8000 0.8500
v -2.4500 2.8000 0.7500
v -2.4500 2.8000 0.6500
v -2.4500 2.8000 0.5500
v -2.4500 2.8000 0.4500
v -2.4500 2.8000 0.3500
v -2.4500 2.8000 0.2500
v -2.4500 2.8000 0.1500
v -2.4500 2.8000 0.0500
v -2.4500 2.8000 -0.0500
v -2.4500 2.8000 -0.1500
v -2.4500 2.8000 -0.2500
v -2.4500 2.8000 -0.3500
v -2.4500 2.8000 -0.4500
v -2.4500 2.8000 -0.5500
v -2.4500 2.8000 -0.6500
v -2.4500 2.8000 -0.7500
v -2.4500 2.8000 -0.8500
v -2.4500 2.8000 -0.9500
v -2.4500 2.8000 -1.0500
v -2.4500 2.8000 -1.1500
v -2.4500 2.8000 -1.2500
v -2.4500 2.8000 -1.3500
v -2.4500 2.8000 -1.4500
v -2.4500 2.8000 -1.5500
v -2.4500 2.8000 -1.6500
v -2.4500 2.8000 -1.7500
v -2.4500 2.8000 -1.8500
v -2.4500 2.8000 -1.9500
v -2.4500 2.8000 -2.0500
v -2.4500 2.8000 -2.1500
v -2.4500 2.8000 -2.2500
v -2.4500 2.8000 -2.3500
v -2.4500 2.8000 -2.4500
v -2.4500 2.8000 -2.5500
v -2.4500 2.8000 -2.6500
v -2.4500 2.8000 -2.7500
v -2.5500 2.9000 -2.8500
v -2.5500 2.8000 -2.8500
v -2.4500 2.9000 -2.8500
v -2.4500 2.8000 -2.8500
v -2.4500 2.8000 2.9500
v -2.4500 2.9000 2.9500
v -2.3500 2.8000 2.9500
v -2.3500 2.9000 2.9500
v -2.3500 2.8000 2.8500
v -2.3500 2.8000 2.7500
v -2.3500 2.8000 2.6500
v -2.3500 2.8000 2.5500
v -2.3500 2.8000 2.4500
v -2.3500 2.8000 2.3500
v -2.3500 2.8000 2.2500
v -2.3500 2.8000 2.1500
v -2.3500 2.8000 2.0500
v -2.3500 2.8000 1.9500
v -2.3500 2.8000 1.8500
v -2.3500 2.8000 1.7500
v -2.3500 2.8000 1.6500
v -2.3500 2.8000 1.5500
v -2.3500 2.8000 1.4500
v -2.3500 2.8000 1.3500
v -2.3500 2.8000 1.2500
v -2.3500 2.8000 1.1500
v -2.3500 2.8000 1.0500
v -2.3500 2.8000 0.9500
v -2.3500 2.8000 0.8500
v -2.3500 2.8000 0.7500
v -2.3500 2.8000 0.6500
v -2.3500 2.8000 0.5500
v -2.3500 2.8000 0.4500
v -2.3500 2.8000 0.3500
v -2.3500 2.8000 0.2500
v -2.3500 2.8000 0.1500
v -2.3500 2.8000 0.0500
v -2.3500 2.8000 -0.0500
v -2.3500 2.8000 -0.1500
v -2.3500 2.8000 -0.2500
v -2.3500 2.8000 -0.3500
v -2.3500 2.8000 -0.4500
v -2.3500 2.8000 -0.5500
v -2.3500 2.8000 -0.6500
v -2.3500 2.8000 -0.7500
v -2.3500 2.8000 -0.8500
v -2.3500 2.8000 -0.9500
v -2.3500 2.8000 -1.0500
v -2.3500 2.8000 -1.1500
v -2.3500 2.8000 -1.2500
v -2.3500 2.8000 -1.3500
v -2.3500 2.8000 -1.4500
v -2.3500 2.8000 -1.5500
v -2.3500 2.8000 -1.6500
v -2.3500 2.8000 -1.7500
v -2.3500 2.8000 -1.8500
v -2.3500 2.8000 -1.9500
v -2.3500 2.8000 -2.0500
v -2.3500 2.8000 -2.1500
v -2.3500 2.8000 -2.2500
v -2.3500 2.8000 -2.3500
v -2.3500 2.8000 -2.4500
v -2.3500 2.8000 -2.5500
v -2.3500 2.8000 -2.6500
v -2.3500 2.8000 -2.7500
v -2.3500 2.8000 -2.8500
v -2.4500 2.9000 -2.9500
v -2.4500 2.8000 -2.9500
v -2.3500 2.9000 -2.9500
v -2.3500 2.8000 -2.9500
v -2.3500 2.8000 3.0500
v -2.3500 2.9000 3.0500
v -2.2500 2.8000 3.0500
v -2.2500 2.9000 3.0500
v -2.2500 2.8000 2.9500
v -2.2500 2.8000 2.8500
v -2.2500 2.8000 2.7500
v -2.2500 2.8000 2.6500
v -2.2500 2.8000 2.5500
v -2.2500 2.8000 2.4500
v -2.2500 2.8000 2.3500
v -2.2500 2.8000 2.2500
v -2.2500 2.8000 2.1500
v -2.2500 2.8000 2.0500
v -2.2500 2.8000 1.9500
v -2.2500 2.8000 1.8500
v -2.2500 2.8000 1.7500
v -2.2500 2.8000 1.6500
v -2.2500 2.8000 1.5500
v -2.2500 2.8000 1.4500
v -2.2500 2.8000 1.3500
v -2.2500 2.8000 1.2500
v -2.2500 2.8000 1.1500
v -2.2500 2.8000 1.0500
v -2.2500 2.8000 0.9500
v -2.2500 2.8000 0.8500
v -2.2500 2.8000 0.7500
v -2.2500 2.8000 0.6500
v -2.2500 2.8000 0.5500
v -2.2500 2.8000 0.4500
v -2.2500 2.8000 0.3500
v -2.2500 2.8000 0.2500
v -2.2500 2.8000 0.1500
v -2.2500 2.8000 0.0500
v -2.2500 2.8000 -0.0500
v -2.2500 2.8000 -0.1500
v -2.2500 2.8000 -0.2500
v -2.2500 2.8000 -0.3500
v -2.2500 2.8000 -0.4500
v -2.2500 2.8000 -0.5500
v -2.2500 2.8000 -0.6500
v -2.2500 2.8000 -0.7500
v -2.2500 2.8000 -0.8500
v -2.2500 2.8000 -0.9500
v -2.2500 2.8000 -1.0500
v -2.2500 2.8000 -1.1500
v -2.2500 2.8000 -1.2500
v -2.2500 2.8000 -1.3500
v -2.2500 2.8000 -1.4500
v -2.2500 2.8000 -1.5500
v -2.2500 2.8000 -1.6500
v -2.2500 2.8000 -1.7500
v -2.2500 2.8000 -1.8500
v -2.2500 2.8000 -1.9500
v -2.2500 2.8000 -2.0500
v -2.2500 2.8000 -2.1500
v -2.2500 2.8000 -2.2500
v -2.2500 2.8000 -2.3500
v -2.2500 2.8000 -2.4500
v -2.2500 2.8000 -2.5500
v -2.2500 2.8000 -2.6500
v -2.2500 2.8000 -2.7500
v -2.2500 2.8000 -2.8500
v -2.2500 2.8000 -2.9500
v -2.3500 2.9000 -3.0500
v -2.3500 2.8000 -3.0500
v -2.2500 2.9000 -3.0500
v -2.2500 2.8000 -3.0500
v -2.1500 2.8000 3.0500
v -2.1500 2.9000 3.0500
v -2.1500 2.8000 2.9500
v -2.1500 2.8000 2.8500
v -2.1500 2.8000 2.7500
v -2.1500 2.8000 2.6500
v -2.1500 2.8000 2.5500
v -2.1500 2.8000 2.4500
v -2.1500 2.8000 2.3500
v -2.1500 2.8000 2.2500
v -2.1500 2.8000 2.1500
v -2.1500 2.8000 2.0500
v -2.1500 2.8000 1.9500
v -2.1500 2.8000 1.8500
v -2.1500 2.8000 1.7500
v -2.1500 2.8000 1.6500
v -2.1500 2.8000 1.5500
v -2.1500 2.8000 1.4500
v -2.1500 2.8000 1.3500
v -2.1500 2.8000 1.2500
v -2.1500 2.8000 1.1500
v -2.1500 2.8000 1.0500
v -2.1500 2.8000 0.9500
v -2.1500 2.8000 0.8500
v -2.1500 2.8000 0.7500
v -2.1500 2.8000 0.6500
v -2.1500 2.8000 0.5500
v -2.1500 2.8000 0.4500
v -2.1500 2.8000 0.3500
v -2.1500 2.8000 0.2500
v -2.1500 2.8000 0.1500
v -2.1500 2.8000 0.0500
v -2.1500 2.8000 -0.0500
v -2.1500 2.8000 -0.1500
v -2.1500 2.8000 -0.2500
v -2.1500 2.8000 -0.3500
v -2.1500 2.8000 -0.4500
v -2.1500 2.8000 -0.5500
v -2.1500 2.8000 -0.6500
v -2.1500 2.8000 -0.7500
v -2.1500 2.8000 -0.8500
v -2.1500 2.8000 -0.9500
v -2.1500 2.8000 -1.0500
v -2.1500 2.8000 -1.1500
v -2.1500 2.8000 -1.2500
v -2.1500 2.8000 -1.3500
v -2.1500 2.8000 -1.4500
v -2.1500 2.8000 -1.5500
v -2.1500 2.8000 -1.6500
v -2.1500 2.8000 -1.7500
v -2.1500 2.8000 -1.8500
v -2.1500 2.8000 -1.9500
v -2.1500 2.8000 -2.0500
v -2.1500 2.8000 -2.1500
v -2.1500 2.8000 -2.2500
v -2.1500 2.8000 -2.3500
v -2.1500 2.8000 -2.4500
v -2.1500 2.8000 -2.5500
v -2.1500 2.8000 -2.6500
v -2.1500 2.8000 -2.7500
v -2.1500 2.8000 -2.8500
v -2.1500 2.8000 -2.9500
v -2.1500 2.9000 -3.0500
v -2.1500 2.8000 -3.0500
v -2.1500 2.8000 3.1500
v -2.1500 2.9000 3.1500
v -2.0500 2.8000 3.1500
v -2.0500 2.9000 3.1500
v -2.0500 2.8000 3.0500
v -2.0500 2.8000 2.9500
v -2.0500 2.8000 2.8500
v -2.0500 2.8000 2.7500
v -2.0500 2.8000 2.6500
v -2.0500 2.8000 2.5500
v -2.0500 2.8000 2.4500
v -2.0500 2.8000 2.3500
v -2.0500 2.8000 2.2500
v -2.0500 2.8000 2.1500
v -2.0500 2.8000 2.0500
v -2.0500 2.8000 1.9500
v -2.0500 2.8000 1.8500
v -2.0500 2.8000 1.7500
v -2.0500 2.8000 1.6500
v -2.0500 2.8000 1.5500
v -2.0500 2.8000 1.4500
v -2.0500 2.8000 1.3500
v -2.0500 2.8000 1.2500
v -2.0500 2.8000 1.1500
v -2.0500 2.8000 1.0500
v -2.0500 2.8000 0.9500
v -2.0500 2.8000 0.8500
v -2.0500 2.8000 0.7500
v -2.0500 2.8000 0.6500
v -2.0500 2.8000 0.5500
v -2.0500 2.8000 0.4500
v -2.0500 2.8000 0.3500
v -2.0500 2.8000 0.2500
v -2.0500 2.8000 0.1500
v -2.0500 2.8000 0.0500
v -2.0500 2.8000 -0.0500
v -2.0500 2.8000 -0.1500
v -2.0500 2.8000 -0.2500
v -2.0500 2.8000 -0.3500
v -2.0500 2.8000 -0.4500
v -2.0500 2.8000 -0.5500
v -2.0500 2.8000 -0.6500
v -2.0500 2.8000 -0.7500
v -2.0500 2.8000 -0.8500
v -2.0500 2.8000 -0.9500
v -2.0500 2.8000 -1.0500
v -2.0500 2.8000 -1.1500
v -2.0500 2.8000 -1.2500
v -2.0500 2.8000 -1.3500
v -2.0500 2.8000 -1.4500
v -2.0500 2.8000 -1.5500
v -2.0500 2.8000 -1.6500
v -2.0500 2.8000 -1.7500
v -2.0500 2.8000 -1.8500
v -2.0500 2.8000 -1.9500
v -2.0500 2.8000 -2.0500
v -2.0500 2.8000 -2.1500
v -2.0500 2.8000 -2.2500
v -2.0500 2.8000 -2.3500
v -2.0500 2.8000 -2.4500
v -2.0500 2.8000 -2.5500
v -2.0500 2.8000 -2.6500
v -2.0500 2.8000 -2.7500
v -2.0500 2.8000 -2.8500
v -2.0500 2.8000 -2.9500
v -2.0500 2.8000 -3.0500
v -2.1500 2.9000 -3.1500
v -2.1500 2.8000 -3.1500
v -2.0500 2.9000 -3.1500
v -2.0500 2.8000 -3.1500
v -2.0500 2.8000 3.2500
v -2.0500 2.9000 3.2500
v -1.9500 2.8000 3.2500
v -1.9500 2.9000 3.2500
v -1.9500 2.8000 3.1500
v -1.9500 2.8000 3.0500
v -1.9500 2.8000 2.9500
v -1.9500 2.8000 2.8500
v -1.9500 2.8000 2.7500
v -1.9500 2.8000 2.6500
v -1.9500 2.8000 2.5500
v -1.9500 2.8000 2.4500
v -1.9500 2.8000 2.3500
v -1.9500 2.8000 2.2500
v -1.9500 2.8000 2.1500
v -1.9500 2.8000 2.0500
v -1.9500 2.8000 1.9500
v -1.9500 2.8000 1.8500
v -1.9500 2.8000 1.7500
v -1.9500 2.8000 1.6500
v -1.9500 2.8000 1.5500
v -1.9500 2.8000 1.4500
v -1.9500 2.8000 1.3500
v -1.9500 2.8000 1.2500
v -1.9500 2.8000 1.1500
v -1.9500 2.8000 1.0500
v -1.9500 2.8000 0.9500
v -1.9500 2.8000 0.8500
v -1.9500 2.8000 0.7500
v -1.9500 2.8000 0.6500
v -1.9500 2.8000 0.5500
v -1.9500 2.8000 0.4500
v -1.9500 2.8000 0.3500
v -1.9500 2.8000 0.2500
v -1.9500 2.8000 0.1500
v -1.9500 2.8000 0.0500
v -1.9500 2.8000 -0.0500
v -1.9500 2.8000 -0.1500
v -1.9500 2.8000 -0.2500
v -1.9500 2.8000 -0.3500
v -1.9500 2.8000 -0.4500
v -1.9500 2.8000 -0.5500
v -1.9500 2.8000 -0.6500
v -1.9500 2.8000 -0.7500
v -1.9500 2.8000 -0.8500
v -1.9500 2.8000 -0.9500
v -1.9500 2.8000 -1.0500
v -1.9500 2.8000 -1.1500
v -1.9500 2.8000 -1.2500
v -1.9500 2.8000 -1.3500
v -1.9500 2.8000 -1.4500
v -1.9500 2.8000 -1.5500
v -1.9500 2.8000 -1.6500
v -1.9500 2.8000 -1.7500
v -1.9500 2.8000 -1.8500
v -1.9500 2.8000 -1.9500
v -1.9500 2.8000 -2.0500
v -1.9500 2.8000 -2.1500
v -1.9500 2.8000 -2.2500
v -1.9500 2.8000 -2.3500
v -1.9500 2.8000 -2.4500
v -1.9500 2.8000 -2.5500
v -1.9500 2.8000 -2.6500
v -1.9500 2.8000 -2.7500
v -1.9500 2.8000 -2.8500
v -1.9500 2.8000 -2.9500
v -1.9500 2.8000 -3.0500
v -1.9500 2.8000 -3.1500
v -2.0500 2.9000 -3.2500
v -2.0500 2.8000 -3.2500
v -1.9500 2.9000 -3.2500
v -1.9500 2.8000 -3.2500
v -1.8500 2.8000 3.2500
v -1.8500 2.9000 3.2500
v -1.8500 2.8000 3.1500
v -1.8500 2.8000 3.0500
v -1.8500 2.8000 2.9500
v -1.8500 2.8000 2.8500
v -1.8500 2.8000 2.7500
v -1.8500 2.8000 2.6500
v -1.8500 2.8000 2.5500
v -1.8500 2.8000 2.4500
v -1.8500 2.8000 2.3500
v -1.8500 2.8000 2.2500
v -1.8500 2.8000 2.1500
v -1.8500 2.8000 2.0500
v -1.8500 2.8000 1.9500
v -1.8500 2.8000 1.8500
v -1.8500 2.8000 1.7500
v -1.8500 2.8000 1.6500
v -1.8500 2.8000 1.5500
v -1.8500 2.8000 1.4500
v -1.8500 2.8000 1.3500
v -1.8500 2.8000 1.2500
v -1.8500 2.8000 1.1500
v -1.8500 2.8000 1.0500
v -1.8500 2.8000 0.9500
v -1.8500 2.8000 0.8500
v -1.8500 2.8000 0.7500
v -1.8500 2.8000 0.6500
v -1.8500 2.8000 0.5500
v -1.8500 2.8000 0.4500
v -1.8500 2.8000 0.3500
v -1.8500 2.8000 0.2500
v -1.8500 2.8000 0.1500
v -1.8500 2.8000 0.0500
v -1.8500 2.8000 -0.0500
v -1.8500 2.8000 -0.1500
v -1.8500 2.8000 -0.2500
v -1.8500 2.8000 -0.3500
v -1.8500 2.8000 -0.4500
v -1.8500 2.8000 -0.5500
v -1.8500 2.8000 -0.6500
v -1.8500 2.8000 -0.7500
v -1.8500 2.8000 -0.8500
v -1.8500 2.8000 -0.9500
v -1.8500 2.8000 -1.0500
v -1.8500 2.8000 -1.1500
v -1.8500 2.8000 -1.2500
v -1.8500 2.8000 -1.3500
v -1.8500 2.8000 -1.4500
v -1.8500 2.8000 -1.5500
v -1.8500 2.8000 -1.6500
v -1.8500 2.8000 -1.7500
v -1.8500 2.8000 -1.8500
v -1.8500 2.8000 -1.9500
v -1.8500 2.8000 -2.0500
v -1.8500 2.8000 -2.1500
v -1.8500 2.8000 -2.2500
v -1.8500 2.8000 -2.3500
v -1.8500 2.8000 -2.4500
v -1.8500 2.8000 -2.5500
v -1.8500 2.8000 -2.6500
v -1.8500 2.8000 -2.7500
v -1.8500 2.8000 -2.8500
v -1.8500 2.8000 -2.9500
v -1.8500 2.8000 -3.0500
v -1.8500 2.8000 -3.1500
v -1.8500 2.9000 -3.2500
v -1.8500 2.8000 -3.2500
v -1.8500 2.8000 3.3500
v -1.8500 2.9000 3.3500
v -1.7500 2.8000 3.3500
v -1.7500 2.9000 3.3500
v -1.7500 2.8000 3.2500
v -1.7500 2.8000 3.1500
v -1.7500 2.8000 3.0500
v -1.7500 2.8000 2.9500
v -1.7500 2.8000 2.8500
v -1.7500 2.8000 2.7500
v -1.7500 2.8000 2.6500
v -1.7500 2.8000 2.5500
v -1.7500 2.8000 2.4500
v -1.7500 2.8000 2.3500
v -1.7500 2.8000 2.2500
v -1.7500 2.8000 2.1500
v -1.7500 2.8000 2.0500
v -1.7500 2.8000 1.9500
v -1.7500 2.8000 1.8500
v -1.7500 2.8000 1.7500
v -1.7500 2.8000 1.6500
v -1.7500 2.8000 1.5500
v -1.7500 2.8000 1.4500
v -1.7500 2.8000 1.3500
v -1.7500 2.8000 1.2500
v -1.7500 2.8000 1.1500
v -1.7500 2.8000 1.0500
v -1.7500 2.8000 0.9500
v -1.7500 2.8000 0.8500
v -1.7500 2.8000 0.7500
v -1.7500 2.8000 0.6500
v -1.7500 2.8000 0.5500
v -1.7500 2.8000 0.4500
v -1.7500 2.8000 0.3500
v -1.7500 2.8000 0.2500
v -1.7500 2.8000 0.1500
v -1.7500 2.8000 0.0500
v -1.7500 2.8000 -0.0500
v -1.7500 2.8000 -0.1500
v -1.7500 2.8000 -0.2500
v -1.7500 2.8000 -0.3500
v -1.7500 2.8000 -0.4500
v -1.7500 2.8000 -0.5500
v -1.7500 2.8000 -0.6500
v -1.7500 2.8000 -0.7500
v -1.7500 2.8000 -0.8500
v -1.7500 2.8000 -0.9500
v -1.7500 2.8000 -1.0500
v -1.7500 2.8000 -1.1500
v -1.7500 2.8000 -1.2500
v -1.7500 2.8000 -1.3500
v -1.7500 2.8000 -1.4500
v -1.7500 2.8000 -1.5500
v -1.7500 2.8000 -1.6500
v -1.7500 2.8000 -1.7500
v -1.7500 2.8000 -1.8500
v -1.7500 2.8000 -1.9500
v -1.7500 2.8000 -2.0500
v -1.7500 2.8000 -2.1500
v -1.7500 2.8000 -2.2500
v -1.7500 2.8000 -2.3500
v -1.7500 2.8000 -2.4500
v -1.7500 2.8000 -2.5500
v -1.7500 2.8000 -2.6500
v -1.7500 2.8000 -2.7500
v -1.7500 2.8000 -2.8500
v -1.7500 2.8000 -2.9500
v -1.7500 2.8000 -3.0500
v -1.7500 2.8000 -3.1500
v -1.7500 2.8000 -3.2500
v -1.8500 2.9000 -3.3500
v -1.8500 2.8000 -3.3500
v -1.7500 2.9000 -3.3500
v -1.7500 2.8000 -3.3500
v -1.6500 2.8000 3.3500
v -1.6500 2.9000 3.3500
v -1.6500 2.8000 3.2500
v -1.6500 2.8000 3.1500
v -1.6500 2.8000 3.0500
v -1.6500 2.8000 2.9500
v -1.6500 2.8000 2.8500
v -1.6500 2.8000 2.7500
v -1.6500 2.8000 2.6500
v -1.6500 2.8000 2.5500
v -1.6500 2.8000 2.4500
v -1.6500 2.8000 2.3500
v -1.6500 2.8000 2.2500
v -1.6500 2.8000 2.1500
v -1.6500 2.8000 2.0500
v -1.6500 2.8000 1.9500
v -1.6500 2.8000 1.8500
v -1.6500 2.8000 1.7500
v -1.6500 2.8000 1.6500
v -1.6500 2.8000 1.5500
v -1.6500 2.8000 1.4500
v -1.6500 2.8000 1.3500
v -1.6500 2.8000 1.2500
v -1.6500 2.8000 1.1500
v -1.6500 2.8000 1.0500
v -1.6500 2.8000 0.9500
v -1.6500 2.8000 0.8500
v -1.6500 2.8000 0.7500
v -1.6500 2.8000 0.6500
v -1.6500 2.8000 0.5500
v -1.6500 2.8000 0.4500
v -1.6500 2.8000 0.3500
v -1.6500 2.8000 0.2500
v -1.6500 2.8000 0.1500
v -1.6500 2.8000 0.0500
v -1.6500 2.8000 -0.0500
v -1.6500 2.8000 -0.1500
v -1.6500 2.8000 -0.2500
v -1.6500 2.8000 -0.3500
v -1.6500 2.8000 -0.4500
v -1.6500 2.8000 -0.5500
v -1.6500 2.8000 -0.6500
v -1.6500 2.8000 -0.7500
v -1.6500 2.8000 -0.8500
v -1.6500 2.8000 -0.9500
v -1.6500 2.8000 -1.0500
v -1.6500 2.8000 -1.1500
v -1.6500 2.8000 -1.2500
v -1.6500 2.8000 -1.3500
v -1.6500 2.8000 -1.4500
v -1.6500 2.8000 -1.5500
v -1.6500 2.8000 -1.6500
v -1.6500 2.8000 -1.7500
v -1.6500 2.8000 -1.8500
v -1.6500 2.8000 -1.9500
v -1.6500 2.8000 -2.0500
v -1.6500 2.8000 -2.1500
v -1.6500 2.8000 -2.2500
v -1.6500 2.8000 -2.3500
v -1.6500 2.8000 -2.4500
v -1.6500 2.8000 -2.5500
v -1.6500 2.8000 -2.6500
v -1.6500 2.8000 -2.7500
v -1.6500 2.8000 -2.8500
v -1.6500 2.8000 -2.9500
v -1.6500 2.8000 -3.0500
v -1.6500 2.8000 -3.1500
v -1.6500 2.8000 -3.2500
v -1.6500 2.9000 -3.3500
v -1.6500 2.8000 -3.3500
v -1.6500 2.8000 3.4500
v -1.6500 2.9000 3.4500
v -1.5500 2.8000 3.4500
v -1.5500 2.9000 3.4500
v -1.5500 2.8000 3.3500
v -1.5500 2.8000 3.2500
v -1.5500 2.8000 3.1500
v -1.5500 2.8000 3.0500
v -1.5500 2.8000 2.9500
v -1.5500 2.8000 2.8500
v -1.5500 2.8000 2.7500
v -1.5500 2.8000 2.6500
v -1.5500 2.8000 2.5500
v -1.5500 2.8000 2.4500
v -1.5500 2.8000 2.3500
v -1.5500 2.8000 2.2500
v -1.5500 2.8000 2.1500
v -1.5500 2.8000 2.0500
v -1.5500 2.8000 1.9500
v -1.5500 2.8000 1.8500
v -1.5500 2.8000 1.7500
v -1.5500 2.8000 1.6500
v -1.5500 2.8000 1.5500
v -1.5500 2.8000 1.4500
v -1.5500 2.8000 1.3500
v -1.5500 2.8000 1.2500
v -1.5500 2.8000 1.1500
v -1.5500 2.8000 1.0500
v -1.5500 2.8000 0.9500
v -1.5500 2.8000 0.8500
v -1.5500 2.8000 0.7500
v -1.5500 2.8000 0.6500
v -1.5500 2.8000 0.5500
v -1.5500 2.8000 0.4500
v -1.5500 2.8000 0.3500
v -1.5500 2.8000 0.2500
v -1.5500 2.8000 0.1500
v -1.5500 2.8000 0.0500
v -1.5500 2.8000 -0.0500
v -1.5500 2.8000 -0.1500
v -1.5500 2.8000 -0.2500
v -1.5500 2.8000 -0.3500
v -1.5500 2.8000 -0.4500
v -1.5500 2.8000 -0.5500
v -1.5500 2.8000 -0.6500
v -1.5500 2.8000 -0.7500
v -1.5500 2.8000 -0.8500
v -1.5500 2.8000 -0.9500
v -1.5500 2.8000 -1.0500
v -1.5500 2.8000 -1.1500
v -1.5500 2.8000 -1.2500
v -1.5500 2.8000 -1.3500
v -1.5500 2.8000 -1.4500
v -1.5500 2.8000 -1.5500
v -1.5500 2.8000 -1.6500
v -1.5500 2.8000 -1.7500
v -1.5500 2.8000 -1.8500
v -1.5500 2.8000 -1.9500
v -1.5500 2.8000 -2.0500
v -1.5500 2.8000 -2.1500
v -1.5500 2.8000 -2.2500
v -1.5500 2.8000 -2.3500
v -1.5500 2.8000 -2.4500
v -1.5500 2.8000 -2.5500
v -1.5500 2.8000 -2.6500
v -1.5500 2.8000 -2.7500
v -1.5500 2.8000 -2.8500
v -1.5500 2.8000 -2.9500
v -1.5500 2.8000 -3.0500
v -1.5500 2.8000 -3.1500
v -1.5500 2.8000 -3.2500
v -1.5500 2.8000 -3.3500
v -1.6500 2.9000 -3.4500
v -1.6500 2.8000 -3.4500
v -1.5500 2.9000 -3.4500
v -1.5500 2.8000 -3.4500
v -1.4500 2.8000 3.4500
v -1.4500 2.9000 3.4500
v -1.4500 2.8000 3.3500
v -1.4500 2.8000 3.2500
v -1.4500 2.8000 3.1500
v -1.4500 2.8000 3.0500
v -1.4500 2.8000 2.9500
v -1.4500 2.8000 2.8500
v -1.4500 2.8000 2.7500
v -1.4500 2.8000 2.6500
v -1.4500 2.8000 2.5500
v -1.4500 2.8000 2.4500
v -1.4500 2.8000 2.3500
v -1.4500 2.8000 2.2500
v -1.4500 2.8000 2.1500
v -1.4500 2.8000 2.0500
v -1.4500 2.8000 1.9500
v -1.4500 2.8000 1.8500
v -1.4500 2.8000 1.7500
v -1.4500 2.8000 1.6500
v -1.4500 2.8000 1.5500
v -1.4500 2.8000 1.4500
v -1.4500 2.8000 1.3500
v -1.4500 2.8000 1.2500
v -1.4500 2.8000 1.1500
v -1.4500 2.8000 1.0500
v -1.4500 2.8000 0.9500
v -1.4500 2.8000 0.8500
v -1.4500 2.8000 0.7500
v -1.4500 2.8000 0.6500
v -1.4500 2.8000 0.5500
v -1.4500 2.8000 0.4500
v -1.4500 2.8000 0.3500
v -1.4500 2.8000 0.2500
v -1.4500 2.8000 0.1500
v -1.4500 2.8000 0.0500
v -1.4500 2.8000 -0.0500
v -1.4500 2.8000 -0.1500
v -1.4500 2.8000 -0.2500
v -1.4500 2.8000 -0.3500
v -1.4500 2.8000 -0.4500
v -1.4500 2.8000 -0.5500
v -1.4500 2.8000 -0.6500
v -1.4500 2.8000 -0.7500
v -1.4500 2.8000 -0.8500
v -1.4500 2.8000 -0.9500
v -1.4500 2.8000 -1.0500
v -1.4500 2.8000 -1.1500
v -1.4500 2.8000 -1.2500
v -1.4500 2.8000 -1.3500
v -1.4500 2.8000 -1.4500
v -1.4500 2.8000 -1.5500
v -1.4500 2.8000 -1.6500
v -1.4500 2.8000 -1.7500
v -1.4500 2.8000 -1.8500
v -1.4500 2.8000 -1.9500
v -1.4500 2.8000 -2.0500
v -1.4500 2.8000 -2.1500
v -1.4500 2.8000 -2.2500
v -1.4500 2.8000 -2.3500
v -1.4500 2.8000 -2.4500
v -1.4500 2.8000 -2.5500
v -1.4500 2.8000 -2.6500
v -1.4500 2.8000 -2.7500
v -1.4500 2.8000 -2.8500
v -1.4500 2.8000 -2.9500
v -1.4500 2.8000 -3.0500
v -1.4500 2.8000 -3.1500
v -1.4500 2.8000 -3.2500
v -1.4500 2.8000 -3.3500
v -1.4500 2.9000 -3.4500
v -1.4500 2.8000 -3.4500
v -1.4500 2.8000 3.5500
v -1.4500 2.9000 3.5500
v -1.3500 2.8000 3.5500
v -1.3500 2.9000 3.5500
v -1.3500 2.8000 3.4500
v -1.3500 2.8000 3.3500
v -1.3500 2.8000 3.2500
v -1.3500 2.8000 3.1500
v -1.3500 2.8000 3.0500
v -1.3500 2.8000 2.9500
v -1.3500 2.8000 2.8500
v -1.3500 2.8000 2.7500
v -1.3500 2.8000 2.6500
v -1.3500 2.8000 2.5500
v -1.3500 2.8000 2.4500
v -1.3500 2.8000 2.3500
v -1.3500 2.8000 2.2500
v -1.3500 2.8000 2.1500
v -1.3500 2.8000 2.0500
v -1.3500 2.8000 1.9500
v -1.3500 2.8000 1.8500
v -1.3500 2.8000 1.7500
v -1.3500 2.8000 1.6500
v -1.3500 2.8000 1.5500
v -1.3500 2.8000 1.4500
v -1.3500 2.8000 1.3500
v -1.3500 2.8000 1.2500
v -1.3500 2.8000 1.1500
v -1.3500 2.8000 1.0500
v -1.3500 2.8000 0.9500
v -1.3500 2.8000 0.8500
v -1.3500 2.8000 0.7500
v -1.3500 2.8000 0.6500
v -1.3500 2.8000 0.5500
v -1.3500 2.8000 0.4500
v -1.3500 2.8000 0.3500
v -1.3500 2.8000 0.2500
v -1.3500 2.8000 0.1500
v -1.3500 2.8000 0.0500
v -1.3500 2.8000 -0.0500
v -1.3500 2.8000 -0.1500
v -1.3500 2.8000 -0.2500
v -1.3500 2.8000 -0.3500
v -1.3500 2.8000 -0.4500
v -1.3500 2.8000 -0.5500
v -1.3500 2.8000 -0.6500
v -1.3500 2.8000 -0.7500
v -1.3500 2.8000 -0.8500
v -1.3500 2.8000 -0.9500
v -1.3500 2.8000 -1.0500
v -1.3500 2.8000 -1.1500
v -1.3500 2.8000 -1.2500
v -1.3500 2.8000 -1.3500
v -1.3500 2.8000 -1.4500
v -1.3500 2.8000 -1.5500
v -1.3500 2.8000 -1.6500
v -1.3500 2.8000 -1.7500
v -1.3500 2.8000 -1.8500
v -1.3500 2.8000 -1.9500
v -1.3500 2.8000 -2.0500
v -1.3500 2.8000 -2.1500
v -1.3500 2.8000 -2.2500
v -1.3500 2.8000 -2.3500
v -1.3500 2.8000 -2.4500
v -1.3500 2.8000 -2.5500
v -1.3500 2.8000 -2.6500
v -1.3500 2.8000 -2.7500
v -1.3500 2.8000 -2.8500
v -1.3500 2.8000 -2.9500
v -1.3500 2.8000 -3.0500
v -1.3500 2.8000 -3.1500
v -1.3500 2.8000 -3.2500
v -1.3500 2.8000 -3.3500
v -1.3500 2.8000 -3.4500
v -1.4500 2.9000 -3.5500
v -1.4500 2.8000 -3.5500
v -1.3500 2.9000 -3.5500
v -1.3500 2.8000 -3.5500
v -1.2500 2.8000 3.5500
v -1.2500 2.9000 3.5500
v -1.2500 2.8000 3.4500
v -1.2500 2.8000 3.3500
v -1.2500 2.8000 3.2500
v -1.2500 2.8000 3.1500
v -1.2500 2.8000 3.0500
v -1.2500 2.8000 2.9500
v -1.2500 2.8000 2.8500
v -1.2500 2.8000 2.7500
v -1.2500 2.8000 2.6500
v -1.2500 2.8000 2.5500
v -1.2500 2.8000 2.4500
v -1.2500 2.8000 2.3500
v -1.2500 2.8000 2.2500
v -1.2500 2.8000 2.1500
v -1.2500 2.8000 2.0500
v -1.2500 2.8000 1.9500
v -1.2500 2.8000 1.8500
v -1.2500 2.8000 1.7500
v -1.2500 2.8000 1.6500
v -1.2500 2.8000 1.5500
v -1.2500 2.8000 1.4500
v -1.2500 2.8000 1.3500
v -1.2500 2.8000 1.2500
v -1.2500 2.8000 1.1500
v -1.2500 2.8000 1.0500
v -1.2500 2.8000 0.9500
v -1.2500 2.8000 0.8500
v -1.2500 2.8000 0.7500
v -1.2500 2.8000 0.6500
v -1.2500 2.8000 0.5500
v -1.2500 2.8000 0.4500
v -1.2500 2.8000 0.3500
v -1.2500 2.8000 0.2500
v -1.2500 2.8000 0.1500
v -1.2500 2.8000 0.0500
v -1.2500 2.8000 -0.0500
v -1.2500 2.8000 -0.1500
v -1.2500 2.8000 -0.2500
v -1.2500 2.8000 -0.3500
v -1.2500 2.8000 -0.4500
v -1.2500 2.8000 -0.5500
v -1.2500 2.8000 -0.6500
v -1.2500 2.8000 -0.7500
v -1.2500 2.8000 -0.8500
v -1.2500 2.8000 -0.9500
v -1.2500 2.8000 -1.0500
v -1.2500 2.8000 -1.1500
v -1.2500 2.8000 -1.2500
v -1.2500 2.8000 -1.3500
v -1.2500 2.8000 -1.4500
v -1.2500 2.8000 -1.5500
v -1.2500 2.8000 -1.6500
v -1.2500 2.8000 -1.7500
v -1.2500 2.8000 -1.8500
v -1.2500 2.8000 -1.9500
v -1.2500 2.8000 -2.0500
v -1.2500 2.8000 -2.1500
v -1.2500 2.8000 -2.2500
v -1.2500 2.8000 -2.3500
v -1.2500 2.8000 -2.4500
v -1.2500 2.8000 -2.5500
v -1.2500 2.8000 -2.6500
v -1.2500 2.8000 -2.7500
v -1.2500 2.8000 -2.8500
v -1.2500 2.8000 -2.9500
v -1.2500 2.8000 -3.0500
v -1.2500 2.8000 -3.1500
v -1.2500 2.8000 -3.2500
v -1.2500 2.8000 -3.3500
v -1.2500 2.8000 -3.4500
v -1.2500 2.9000 -3.5500
v -1.2500 2.8000 -3.5500
v -1.2500 2.8000 3.6500
v -1.2500 2.9000 3.6500
v -1.1500 2.8000 3.6500
v -1.1500 2.9000 3.6500
v -1.1500 2.8000 3.5500
v -1.1500 2.8000 3.4500
v -1.1500 2.8000 3.3500
v -1.1500 2.8000 3.2500
v -1.1500 2.8000 3.1500
v -1.1500 2.8000 3.0500
v -1.1500 2.8000 2.9500
v -1.1500 2.8000 2.8500
v -1.1500 2.8000 2.7500
v -1.1500 2.8000 2.6500
v -1.1500 2.8000 2.5500
v -1.1500 2.8000 2.4500
v -1.1500 2.8000 2.3500
v -1.1500 2.8000 2.2500
v -1.1500 2.8000 2.1500
v -1.1500 2.8000 2.0500
v -1.1500 2.8000 1.9500
v -1.1500 2.8000 1.8500
v -1.1500 2.8000 1.7500
v -1.1500 2.8000 1.6500
v -1.1500 2.8000 1.5500
v -1.1500 2.8000 1.4500
v -1.1500 2.8000 1.3500
v -1.1500 2.8000 1.2500
v -1.1500 2.8000 1.1500
v -1.1500 2.8000 1.0500
v -1.1500 2.8000 0.9500
v -1.1500 2.8000 0.8500
v -1.1500 2.8000 0.7500
v -1.1500 2.8000 0.6500
v -1.1500 2.8000 0.5500
v -1.1500 2.8000 0.4500
v -1.1500 2.8000 0.3500
v -1.1500 2.8000 0.2500
v -1.1500 2.8000 0.1500
v -1.1500 2.8000 0.0500
v -1.1500 2.8000 -0.0500
v -1.1500 2.8000 -0.1500
v -1.1500 2.8000 -0.2500
v -1.1500 2.8000 -0.3500
v -1.1500 2.8000 -0.4500
v -1.1500 2.8000 -0.5500
v -1.1500 2.8000 -0.6500
v -1.1500 2.8000 -0.7500
v -1.1500 2.8000 -0.8500
v -1.1500 2.8000 -0.9500
v -1.1500 2.8000 -1.0500
v -1.1500 2.8000 -1.1500
v -1.1500 2.8000 -1.2500
v -1.1500 2.8000 -1.3500
v -1.1500 2.8000 -1.4500
v -1.1500 2.8000 -1.5500
v -1.1500 2.8000 -1.6500
v -1.1500 2.8000 -1.7500
v -1.1500 2.8000 -1.8500
v -1.1500 2.8000 -1.9500
v -1.1500 2.8000 -2.0500
v -1.1500 2.8000 -2.1500
v -1.1500 2.8000 -2.2500
v -1.1500 2.8000 -2.3500
v -1.1500 2.8000 -2.4500
v -1.1500 2.8000 -2.5500
v -1.1500 2.8000 -2.6500
v -1.1500 2.8000 -2.7500
v -1.1500 2.8000 -2.8500
v -1.1500 2.8000 -2.9500
v -1.1500 2.8000 -3.0500
v -1.1500 2.8000 -3.1500
v -1.1500 2.8000 -3.2500
v -1.1500 2.8000 -3.3500
v -1.1500 2.8000 -3.4500
v -1.1500 2.8000 -3.5500
v -1.2500 2.9000 -3.6500
v -1.2500 2.8000 -3.6500
v -1.1500 2.9000 -3.6500
v -1.1500 2.8000 -3.6500
v -1.0500 2.8000 3.6500
v -1.0500 2.9000 3.6500
v -1.0500 2.8000 3.5500
v -1.0500 2.8000 3.4500
v -1.0500 2.8000 3.3500
v -1.0500 2.8000 3.2500
v -1.0500 2.8000 3.1500
v -1.0500 2.8000 3.0500
v -1.0500 2.8000 2.9500
v -1.0500 2.8000 2.8500
v -1.0500 2.8000 2.7500
v -1.0500 2.8000 2.6500
v -1.0500 2.8000 2.5500
v -1.0500 2.8000 2.4500
v -1.0500 2.8000 2.3500
v -1.0500 2.8000 2.2500
v -1.0500 2.8000 2.1500
v -1.0500 2.8000 2.0500
v -1.0500 2.8000 1.9500
v -1.0500 2.8000 1.8500
v -1.0500 2.8000 1.7500
v -1.0500 2.8000 1.6500
v -1.0500 2.8000 1.5500
v -1.0500 2.8000 1.4500
v -1.0500 2.8000 1.3500
v -1.0500 2.8000 1.2500
v -1.0500 2.8000 1.1500
v -1.0500 2.8000 1.0500
v -1.0500 2.8000 0.9500
v -1.0500 2.8000 0.8500
v -1.0500 2.8000 0.7500
v -1.0500 2.8000 0.6500
v -1.0500 2.8000 0.5500
v -1.0500 2.8000 0.4500
v -1.0500 2.8000 0.3500
v -1.0500 2.8000 0.2500
v -1.0500 2.8000 0.1500
v -1.0500 2.8000 0.0500
v -1.0500 2.8000 -0.0500
v -1.0500 2.8000 -0.1500
v -1.0500 2.8000 -0.2500
v -1.0500 2.8000 -0.3500
v -1.0500 2.8000 -0.4500
v -1.0500 2.8000 -0.5500
v -1.0500 2.8000 -0.6500
v -1.0500 2.8000 -0.7500
v -1.0500 2.8000 -0.8500
v -1.0500 2.8000 -0.9500
v -1.0500 2.8000 -1.0500
v -1.0500 2.8000 -1.1500
v -1.0500 2.8000 -1.2500
v -1.0500 2.8000 -1.3500
v -1.0500 2.8000 -1.4500
v -1.0500 2.8000 -1.5500
v -1.0500 2.8000 -1.6500
v -1.0500 2.8000 -1.7500
v -1.0500 2.8000 -1.8500
v -1.0500 2.8000 -1.9500
v -1.0500 2.8000 -2.0500
v -1.0500 2.8000 -2.1500
v -1.0500 2.8000 -2.2500
v -1.0500 2.8000 -2.3500
v -1.0500 2.8000 -2.4500
v -1.0500 2.8000 -2.5500
v -1.0500 2.8000 -2.6500
v -1.0500 2.8000 -2.7500
v -1.0500 2.8000 -2.8500
v -1.0500 2.8000 -2.9500
v -1.0500 2.8000 -3.0500
v -1.0500 2.8000 -3.1500
v -1.0500 2.8000 -3.2500
v -1.0500 2.8000 -3.3500
v -1.0500 2.8000 -3.4500
v -1.0500 2.8000 -3.5500
v -1.0500 2.9000 -3.6500
v -1.0500 2.8000 -3.6500
v -0.9500 2.8000 3.6500
v -0.9500 2.9000 3.6500
v -0.9500 2.8000 3.5500
v -0.9500 2.8000 3.4500
v -0.9500 2.8000 3.3500
v -0.9500 2.8000 3.2500
v -0.9500 2.8000 3.1500
v -0.9500 2.8000 3.0500
v -0.9500 2.8000 2.9500
v -0.9500 2.8000 2.8500
v -0.9500 2.8000 2.7500
v -0.9500 2.8000 2.6500
v -0.9500 2.8000 2.5500
v -0.9500 2.8000 2.4500
v -0.9500 2.8000 2.3500
v -0.9500 2.8000 2.2500
v -0.9500 2.8000 2.1500
v -0.9500 2.8000 2.0500
v -0.9500 2.8000 1.9500
v -0.9500 2.8000 1.8500
v -0.9500 2.8000 1.7500
v -0.9500 2.8000 1.6500
v -0.9500 2.8000 1.5500
v -0.9500 2.8000 1.4500
v -0.9500 2.8000 1.3500
v -0.9500 2.8000 1.2500
v -0.9500 2.8000 1.1500
v -0.9500 2.8000 1.0500
v -0.9500 2.8000 0.9500
v -0.9500 2.8000 0.8500
v -0.9500 2.8000 0.7500
v -0.9500 2.8000 0.6500
v -0.9500 2.8000 0.5500
v -0.9500 2.8000 0.4500
v -0.9500 2.8000 0.3500
v -0.9500 2.8000 0.2500
v -0.9500 2.8000 0.1500
v -0.9500 2.8000 0.0500
v -0.9500 2.8000 -0.0500
v -0.9500 2.8000 -0.1500
v -0.9500 2.8000 -0.2500
v -0.9500 2.8000 -0.3500
v -0.9500 2.8000 -0.4500
v -0.9500 2.8000 -0.5500
v -0.9500 2.8000 -0.6500
v -0.9500 2.8000 -0.7500
v -0.9500 2.8000 -0.8500
v -0.9500 2.8000 -0.9500
v -0.9500 2.8000 -1.0500
v -0.9500 2.8000 -1.1500
v -0.9500 2.8000 -1.2500
v -0.9500 2.8000 -1.3500
v -0.9500 2.8000 -1.4500
v -0.9500 2.8000 -1.5500
v -0.9500 2.8000 -1.6500
v -0.9500 2.8000 -1.7500
v -0.9500 2.8000 -1.8500
v -0.9500 2.8000 -1.9500
v -0.9500 2.8000 -2.0500
v -0.9500 2.8000 -2.1500
v -0.9500 2.8000 -2.2500
v -0.9500 2.8000 -2.3500
v -0.9500 2.8000 -2.4500
v -0.9500 2.8000 -2.5500
v -0.9500 2.8000 -2.6500
v -0.9500 2.8000 -2.7500
v -0.9500 2.8000 -2.8500
v -0.9500 2.8000 -2.9500
v -0.9500 2.8000 -3.0500
v -0.9500 2.8000 -3.1500
v -0.9500 2.8000 -3.2500
v -0.9500 2.8000 -3.3500
v -0.9500 2.8000 -3.4500
v -0.9500 2.8000 -3.5500
v -0.9500 2.9000 -3.6500
v -0.9500 2.8000 -3.6500
v -0.8500 2.8000 3.6500
v -0.8500 2.9000 3.6500
v -0.8500 2.8000 3.5500
v -0.8500 2.8000 3.4500
v -0.8500 2.8000 3.3500
v -0.8500 2.8000 3.2500
v -0.8500 2.8000 3.1500
v -0.8500 2.8000 3.0500
v -0.8500 2.8000 2.9500
v -0.8500 2.8000 2.8500
v -0.8500 2.8000 2.7500
v -0.8500 2.8000 2.6500
v -0.8500 2.8000 2.5500
v -0.8500 2.8000 2.4500
v -0.8500 2.8000 2.3500
v -0.8500 2.8000 2.2500
v -0.8500 2.8000 2.1500
v -0.8500 2.8000 2.0500
v -0.8500 2.8000 1.9500
v -0.8500 2.8000 1.8500
v -0.8500 2.8000 1.7500
v -0.8500 2.8000 1.6500
v -0.8500 2.8000 1.5500
v -0.8500 2.8000 1.4500
v -0.8500 2.8000 1.3500
v -0.8500 2.8000 1.2500
v -0.8500 2.8000 1.1500
v -0.8500 2.8000 1.0500
v -0.8500 2.8000 0.9500
v -0.8500 2.8000 0.8500
v -0.8500 2.8000 0.7500
v -0.8500 2.8000 0.6500
v -0.8500 2.8000 0.5500
v -0.8500 2.8000 0.4500
v -0.8500 2.8000 0.3500
v -0.8500 2.8000 0.2500
v -0.8500 2.8000 0.1500
v -0.8500 2.8000 0.0500
v -0.8500 2.8000 -0.0500
v -0.8500 2.8000 -0.1500
v -0.8500 2.8000 -0.2500
v -0.8500 2.8000 -0.3500
v -0.8500 2.8000 -0.4500
v -0.8500 2.8000 -0.5500
v -0.8500 2.8000 -0.6500
v -0.8500 2.8000 -0.7500
v -0.8500 2.8000 -0.8500
v -0.8500 2.8000 -0.9500
v -0.8500 2.8000 -1.0500
v -0.8500 2.8000 -1.1500
v -0.8500 2.8000 -1.2500
v -0.8500 2.8000 -1.3500
v -0.8500 2.8000 -1.4500
v -0.8500 2.8000 -1.5500
v -0.8500 2.8000 -1.6500
v -0.8500 2.8000 -1.7500
v -0.8500 2.8000 -1.8500
v -0.8500 2.8000 -1.9500
v -0.8500 2.8000 -2.0500
v -0.8500 2.8000 -2.1500
v -0.8500 2.8000 -2.2500
v -0.8500 2.8000 -2.3500
v -0.8500 2.8000 -2.4500
v -0.8500 2.8000 -2.5500
v -0.8500 2.8000 -2.6500
v -0.8500 2.8000 -2.7500
v -0.8500 2.8000 -2.8500
v -0.8500 2.8000 -2.9500
v -0.8500 2.8000 -3.0500
v -0.8500 2.8000 -3.1500
v -0.8500 2.8000 -3.2500
v -0.8500 2.8000 -3.3500
v -0.8500 2.8000 -3.4500
v -0.8500 2.8000 -3.5500
v -0.8500 2.9000 -3.6500
v -0.8500 2.8000 -3.6500
v -0.8500 2.8000 3.7500
v -0.8500 2.9000 3.7500
v -0.7500 2.8000 3.7500
v -0.7500 2.9000 3.7500
v -0.7500 2.8000 3.6500
v -0.7500 2.8000 3.5500
v -0.7500 2.8000 3.4500
v -0.7500 2.8000 3.3500
v -0.7500 2.8000 3.2500
v -0.7500 2.8000 3.1500
v -0.7500 2.8000 3.0500
v -0.7500 2.8000 2.9500
v -0.7500 2.8000 2.8500
v -0.7500 2.8000 2.7500
v -0.7500 2.8000 2.6500
v -0.7500 2.8000 2.5500
v -0.7500 2.8000 2.4500
v -0.7500 2.8000 2.3500
v -0.7500 2.8000 2.2500
v -0.7500 2.8000 2.1500
v -0.7500 2.8000 2.0500
v -0.7500 2.8000 1.9500
v -0.7500 2.8000 1.8500
v -0.7500 2.8000 1.7500
v -0.7500 2.8000 1.6500
v -0.7500 2.8000 1.5500
v -0.7500 2.8000 1.4500
v -0.7500 2.8000 1.3500
v -0.7500 2.8000 1.2500
v -0.7500 2.8000 1.1500
v -0.7500 2.8000 1.0500
v -0.7500 2.8000 0.9500
v -0.7500 2.8000 0.8500
v -0.7500 2.8000 0.7500
v -0.7500 2.8000 0.6500
v -0.7500 2.8000 0.5500
v -0.7500 2.8000 0.4500
v -0.7500 2.8000 0.3500
v -0.7500 2.8000 0.2500
v -0.7500 2.8000 0.1500
v -0.7500 2.8000 0.0500
v -0.7500 2.8000 -0.0500
v -0.7500 2.8000 -0.1500
v -0.7500 2.8000 -0.2500
v -0.7500 2.8000 -0.3500
v -0.7500 2.8000 -0.4500
v -0.7500 2.8000 -0.5500
v -0.7500 2.8000 -0.6500
v -0.7500 2.8000 -0.7500
v -0.7500 2.8000 -0.8500
v -0.7500 2.8000 -0.9500
v -0.7500 2.8000 -1.0500
v -0.7500 2.8000 -1.1500
v -0.7500 2.8000 -1.2500
v -0.7500 2.8000 -1.3500
v -0.7500 2.8000 -1.4500
v -0.7500 2.8000 -1.5500
v -0.7500 2.8000 -1.6500
v -0.7500 2.8000 -1.7500
v -0.7500 2.8000 -1.8500
v -0.7500 2.8000 -1.9500
v -0.7500 2.8000 -2.0500
v -0.7500 2.8000 -2.1500
v -0.7500 2.8000 -2.2500
v -0.7500 2.8000 -2.3500
v -0.7500 2.8000 -2.4500
v -0.7500 2.8000 -2.5500
v -0.7500 2.8000 -2.6500
v -0.7500 2.8000 -2.7500
v -0.7500 2.8000 -2.8500
v -0.7500 2.8000 -2.9500
v -0.7500 2.8000 -3.0500
v -0.7500 2.8000 -3.1500
v -0.7500 2.8000 -3.2500
v -0.7500 2.8000 -3.3500
v -0.7500 2.8000 -3.4500
v -0.7500 2.8000 -3.5500
v -0.7500 2.8000 -3.6500
v -0.8500 2.9000 -3.7500
v -0.8500 2.8000 -3.7500
v -0.7500 2.9000 -3.7500
v -0.7500 2.8000 -3.7500
v -0.6500 2.8000 3.7500
v -0.6500 2.9000 3.7500
v -0.6500 2.8000 3.6500
v -0.6500 2.8000 3.5500
v -0.6500 2.8000 3.4500
v -0.6500 2.8000 3.3500
v -0.6500 2.8000 3.2500
v -0.6500 2.8000 3.1500
v -0.6500 2.8000 3.0500
v -0.6500 2.8000 2.9500
v -0.6500 2.8000 2.8500
v -0.6500 2.8000 2.7500
v -0.6500 2.8000 2.6500
v -0.6500 2.8000 2.5500
v -0.6500 2.8000 2.4500
v -0.6500 2.8000 2.3500
v -0.6500 2.8000 2.2500
v -0.6500 2.8000 2.1500
v -0.6500 2.8000 2.0500
v -0.6500 2.8000 1.9500
v -0.6500 2.8000 1.8500
v -0.6500 2.8000 1.7500
v -0.6500 2.8000 1.6500
v -0.6500 2.8000 1.5500
v -0.6500 2.8000 1.4500
v -0.6500 2.8000 1.3500
v -0.6500 2.8000 1.2500
v -0.6500 2.8000 1.1500
v -0.6500 2.8000 1.0500
v -0.6500 2.8000 0.9500
v -0.6500 2.8000 0.8500
v -0.6500 2.8000 0.7500
v -0.6500 2.8000 -0.6500
v -0.6500 2.8000 -0.7500
v -0.6500 2.8000 -0.8500
v -0.6500 2.8000 -0.9500
v -0.6500 2.8000 -1.0500
v -0.6500 2.8000 -1.1500
v -0.6500 2.8000 -1.2500
v -0.6500 2.8000 -1.3500
v -0.6500 2.8000 -1.4500
v -0.6500 2.8000 -1.5500
v -0.6500 2.8000 -1.6500
v -0.6500 2.8000 -1.7500
v -0.6500 2.8000 -1.8500
v -0.6500 2.8000 -1.9500
v -0.6500 2.8000 -2.0500
v -0.6500 2.8000 -2.1500
v -0.6500 2.8000 -2.2500
v -0.6500 2.8000 -2.3500
v -0.6500 2.8000 -2.4500
v -0.6500 2.8000 -2.5500
v -0.6500 2.8000 -2.6500
v -0.6500 2.8000 -2.7500
v -0.6500 2.8000 -2.8500
v -0.6500 2.8000 -2.9500
v -0.6500 2.8000 -3.0500
v -0.6500 2.8000 -3.1500
v -0.6500 2.8000 -3.2500
v -0.6500 2.8000 -3.3500
v -0.6500 2.8000 -3.4500
v -0.6500 2.8000 -3.5500
v -0.6500 2.8000 -3.6500
v -0.6500 2.9000 -3.7500
v -0.6500 2.8000 -3.7500
v -0.5500 2.8000 3.7500
v -0.5500 2.9000 3.7500
v -0.5500 2.8000 3.6500
v -0.5500 2.8000 3.5500
v -0.5500 2.8000 3.4500
v -0.5500 2.8000 3.3500
v -0.5500 2.8000 3.2500
v -0.5500 2.8000 3.1500
v -0.5500 2.8000 3.0500
v -0.5500 2.8000 2.9500
v -0.5500 2.8000 2.8500
v -0.5500 2.8000 2.7500
v -0.5500 2.8000 2.6500
v -0.5500 2.8000 2.5500
v -0.5500 2.8000 2.4500
v -0.5500 2.8000 2.3500
v -0.5500 2.8000 2.2500
v -0.5500 2.8000 2.1500
v -0.5500 2.8000 2.0500
v -0.5500 2.8000 1.9500
v -0.5500 2.8000 1.8500
v -0.5500 2.8000 1.7500
v -0.5500 2.8000 1.6500
v -0.5500 2.8000 1.5500
v -0.5500 2.8000 1.4500
v -0.5500 2.8000 1.3500
v -0.5500 2.8000 1.2500
v -0.5500 2.8000 1.1500
v -0.5500 2.8000 1.0500
v -0.5500 2.8000 0.9500
v -0.5500 2.8000 0.8500
v -0.5500 2.8000 0.7500
v -0.5500 2.8000 -0.6500
v -0.5500 2.8000 -0.7500
v -0.5500 2.8000 -0.8500
v -0.5500 2.8000 -0.9500
v -0.5500 2.8000 -1.0500
v -0.5500 2.8000 -1.1500
v -0.5500 2.8000 -1.2500
v -0.5500 2.8000 -1.3500
v -0.5500 2.8000 -1.4500
v -0.5500 2.8000 -1.5500
v -0.5500 2.8000 -1.6500
v -0.5500 2.8000 -1.7500
v -0.5500 2.8000 -1.8500
v -0.5500 2.8000 -1.9500
v -0.5500 2.8000 -2.0500
v -0.5500 2.8000 -2.1500
v -0.5500 2.8000 -2.2500
v -0.5500 2.8000 -2.3500
v -0.5500 2.8000 -2.4500
v -0.5500 2.8000 -2.5500
v -0.5500 2.8000 -2.6500
v -0.5500 2.8000 -2.7500
v -0.5500 2.8000 -2.8500
v -0.5500 2.8000 -2.9500
v -0.5500 2.8000 -3.0500
v -0.5500 2.8000 -3.1500
v -0.5500 2.8000 -3.2500
v -0.5500 2.8000 -3.3500
v -0.5500 2.8000 -3.4500
v -0.5500 2.8000 -3.5500
v -0.5500 2.8000 -3.6500
v -0.5500 2.9000 -3.7500
v -0.5500 2.8000 -3.7500
v -0.4500 2.8000 3.7500
v -0.4500 2.9000 3.7500
v -0.4500 2.8000 3.6500
v -0.4500 2.8000 3.5500
v -0.4500 2.8000 3.4500
v -0.4500 2.8000 3.3500
v -0.4500 2.8000 3.2500
v -0.4500 2.8000 3.1500
v -0.4500 2.8000 3.0500
v -0.4500 2.8000 2.9500
v -0.4500 2.8000 2.8500
v -0.4500 2.8000 2.7500
v -0.4500 2.8000 2.6500
v -0.4500 2.8000 2.5500
v -0.4500 2.8000 2.4500
v -0.4500 2.8000 2.3500
v -0.4500 2.8000 2.2500
v -0.4500 2.8000 2.1500
v -0.4500 2.8000 2.0500
v -0.4500 2.8000 1.9500
v -0.4500 2.8000 1.8500
v -0.4500 2.8000 1.7500
v -0.4500 2.8000 1.6500
v -0.4500 2.8000 1.5500
v -0.4500 2.8000 1.4500
v -0.4500 2.8000 1.3500
v -0.4500 2.8000 1.2500
v -0.4500 2.8000 1.1500
v -0.4500 2.8000 1.0500
v -0.4500 2.8000 0.9500
v -0.4500 2.8000 0.8500
v -0.4500 2.8000 0.7500
v -0.4500 2.8000 -0.6500
v -0.4500 2.8000 -0.7500
v -0.4500 2.8000 -0.8500
v -0.4500 2.8000 -0.9500
v -0.4500 2.8000 -1.0500
v -0.4500 2.8000 -1.1500
v -0.4500 2.8000 -1.2500
v -0.4500 2.8000 -1.3500
v -0.4500 2.8000 -1.4500
v -0.4500 2.8000 -1.5500
v -0.4500 2.8000 -1.6500
v -0.4500 2.8000 -1.7500
v -0.4500 2.8000 -1.8500
v -0.4500 2.8000 -1.9500
v -0.4500 2.8000 -2.0500
v -0.4500 2.8000 -2.1500
v -0.4500 2.8000 -2.2500
v -0.4500 2.8000 -2.3500
v -0.4500 2.8000 -2.4500
v -0.4500 2.8000 -2.5500
v -0.4500 2.8000 -2.6500
v -0.4500 2.8000 -2.7500
v -0.4500 2.8000 -2.8500
v -0.4500 2.8000 -2.9500
v -0.4500 2.8000 -3.0500
v -0.4500 2.8000 -3.1500
v -0.4500 2.8000 -3.2500
v -0.4500 2.8000 -3.3500
v -0.4500 2.8000 -3.4500
v -0.4500 2.8000 -3.5500
v -0.4500 2.8000 -3.6500
v -0.4500 2.9000 -3.7500
v -0.4500 2.8000 -3.7500
v -0.3500 2.8000 3.7500
v -0.3500 2.9000 3.7500
v -0.3500 2.8000 3.6500
v -0.3500 2.8000 3.5500
v -0.3500 2.8000 3.4500
v -0.3500 2.8000 3.3500
v -0.3500 2.8000 3.2500
v -0.3500 2.8000 3.1500
v -0.3500 2.8000 3.0500
v -0.3500 2.8000 2.9500
v -0.3500 2.8000 2.8500
v -0.3500 2.8000 2.7500
v -0.3500 2.8000 2.6500
v -0.3500 2.8000 2.5500
v -0.3500 2.8000 2.4500
v -0.3500 2.8000 2.3500
v -0.3500 2.8000 2.2500
v -0.3500 2.8000 2.1500
v -0.3500 2.8000 2.0500
v -0.3500 2.8000 1.9500
v -0.3500 2.8000 1.8500
v -0.3500 2.8000 1.7500
v -0.3500 2.8000 1.6500
v -0.3500 2.8000 1.5500
v -0.3500 2.8000 1.4500
v -0.3500 2.8000 1.3500
v -0.3500 2.8000 1.2500
v -0.3500 2.8000 1.1500
v -0.3500 2.8000 1.0500
v -0.3500 2.8000 0.9500
v -0.3500 2.8000 0.8500
v -0.3500 2.8000 0.7500
v -0.3500 2.8000 -0.6500
v -0.3500 2.8000 -0.7500
v -0.3500 2.8000 -0.8500
v -0.3500 2.8000 -0.9500
v -0.3500 2.8000 -1.0500
v -0.3500 2.8000 -1.1500
v -0.3500 2.8000 -1.2500
v -0.3500 2.8000 -1.3500
v -0.3500 2.8000 -1.4500
v -0.3500 2.8000 -1.5500
v -0.3500 2.8000 -1.6500
v -0.3500 2.8000 -1.7500
v -0.3500 2.8000 -1.8500
v -0.3500 2.8000 -1.9500
v -0.3500 2.8000 -2.0500
v -0.3500 2.8000 -2.1500
v -0.3500 2.8000 -2.2500
v -0.3500 2.8000 -2.3500
v -0.3500 2.8000 -2.4500
v -0.3500 2.8000 -2.5500
v -0.3500 2.8000 -2.6500
v -0.3500 2.8000 -2.7500
v -0.3500 2.8000 -2.8500
v -0.3500 2.8000 -2.9500
v -0.3500 2.8000 -3.0500
v -0.3500 2.8000 -3.1500
v -0.3500 2.8000 -3.2500
v -0.3500 2.8000 -3.3500
v -0.3500 2.8000 -3.4500
v -0.3500 2.8000 -3.5500
v -0.3500 2.8000 -3.6500
v -0.3500 2.9000 -3.7500
v -0.3500 2.8000 -3.7500
v -0.2500 2.8000 3.7500
v -0.2500 2.9000 3.7500
v -0.2500 2.8000 3.6500
v -0.2500 2.8000 3.5500
v -0.2500 2.8000 3.4500
v -0.2500 2.8000 3.3500
v -0.2500 2.8000 3.2500
v -0.2500 2.8000 3.1500
v -0.2500 2.8000 3.0500
v -0.2500 2.8000 2.9500
v -0.2500 2.8000 2.8500
v -0.2500 2.8000 2.7500
v -0.2500 2.8000 2.6500
v -0.2500 2.8000 2.5500
v -0.2500 2.8000 2.4500
v -0.2500 2.8000 2.3500
v -0.2500 2.8000 2.2500
v -0.2500 2.8000 2.1500
v -0.2500 2.8000 2.0500
v -0.2500 2.8000 1.9500
v -0.2500 2.8000 1.8500
v -0.2500 2.8000 1.7500
v -0.2500 2.8000 1.6500
v -0.2500 2.8000 1.5500
v -0.2500 2.8000 1.4500
v -0.2500 2.8000 1.3500
v -0.2500 2.8000 1.2500
v -0.2500 2.8000 1.1500
v -0.2500 2.8000 1.0500
v -0.2500 2.8000 0.9500
v -0.2500 2.8000 0.8500
v -0.2500 2.8000 0.7500
v -0.2500 2.8000 -0.6500
v -0.2500 2.8000 -0.7500
v -0.2500 2.8000 -0.8500
v -0.2500 2.8000 -0.9500
v -0.2500 2.8000 -1.0500
v -0.2500 2.8000 -1.1500
v -0.2500 2.8000 -1.2500
v -0.2500 2.8000 -1.3500
v -0.2500 2.8000 -1.4500
v -0.2500 2.8000 -1.5500
v -0.2500 2.8000 -1.6500
v -0.2500 2.8000 -1.7500
v -0.2500 2.8000 -1.8500
v -0.2500 2.8000 -1.9500
v -0.2500 2.8000 -2.0500
v -0.2500 2.8000 -2.1500
v -0.2500 2.8000 -2.2500
v -0.2500 2.8000 -2.3500
v -0.2500 2.8000 -2.4500
v -0.2500 2.8000 -2.5500
v -0.2500 2.8000 -2.6500
v -0.2500 2.8000 -2.7500
v -0.2500 2.8000 -2.8500
v -0.2500 2.8000 -2.9500
v -0.2500 2.8000 -3.0500
v -0.2500 2.8000 -3.1500
v -0.2500 2.8000 -3.2500
v -0.2500 2.8000 -3.3500
v -0.2500 2.8000 -3.4500
v -0.2500 2.8000 -3.5500
v -0.2500 2.8000 -3.6500
v -0.2500 2.9000 -3.7500
v -0.2500 2.8000 -3.7500
v -0.1500 2.8000 3.7500
v -0.1500 2.9000 3.7500
v -0.1500 2.8000 3.6500
v -0.1500 2.8000 3.5500
v -0.1500 2.8000 3.4500
v -0.1500 2.8000 3.3500
v -0.1500 2.8000 3.2500
v -0.1500 2.8000 3.1500
v -0.1500 2.8000 3.0500
v -0.1500 2.8000 2.9500
v -0.1500 2.8000 2.8500
v -0.1500 2.8000 2.7500
v -0.1500 2.8000 2.6500
v -0.1500 2.8000 2.5500
v -0.1500 2.8000 2.4500
v -0.1500 2.8000 2.3500
v -0.1500 2.8000 2.2500
v -0.1500 2.8000 2.1500
v -0.1500 2.8000 2.0500
v -0.1500 2.8000 1.9500
v -0.1500 2.8000 1.8500
v -0.1500 2.8000 1.7500
v -0.1500 2.8000 1.6500
v -0.1500 2.8000 1.5500
v -0.1500 2.8000 1.4500
v -0.1500 2.8000 1.3500
v -0.1500 2.8000 1.2500
v -0.1500 2.8000 1.1500
v -0.1500 2.8000 1.0500
v -0.1500 2.8000 0.9500
v -0.1500 2.8000 0.8500
v -0.1500 2.8000 0.7500
v -0.1500 2.8000 -0.6500
v -0.1500 2.8000 -0.7500
v -0.1500 2.8000 -0.8500
v -0.1500 2.8000 -0.9500
v -0.1500 2.8000 -1.0500
v -0.1500 2.8000 -1.1500
v -0.1500 2.8000 -1.2500
v -0.1500 2.8000 -1.3500
v -0.1500 2.8000 -1.4500
v -0.1500 2.8000 -1.5500
v -0.1500 2.8000 -1.6500
v -0.1500 2.8000 -1.7500
v -0.1500 2.8000 -1.8500
v -0.1500 2.8000 -1.9500
v -0.1500 2.8000 -2.0500
v -0.1500 2.8000 -2.1500
v -0.1500 2.8000 -2.2500
v -0.1500 2.8000 -2.3500
v -0.1500 2.8000 -2.4500
v -0.1500 2.8000 -2.5500
v -0.1500 2.8000 -2.6500
v -0.1500 2.8000 -2.7500
v -0.1500 2.8000 -2.8500
v -0.1500 2.8000 -2.9500
v -0.1500 2.8000 -3.0500
v -0.1500 2.8000 -3.1500
v -0.1500 2.8000 -3.2500
v -0.1500 2.8000 -3.3500
v -0.1500 2.8000 -3.4500
v -0.1500 2.8000 -3.5500
v -0.1500 2.8000 -3.6500
v -0.1500 2.9000 -3.7500
v -0.1500 2.8000 -3.7500
v -0.0500 2.8000 3.7500
v -0.0500 2.9000 3.7500
v -0.0500 2.8000 3.6500
v -0.0500 2.8000 3.5500
v -0.0500 2.8000 3.4500
v -0.0500 2.8000 3.3500
v -0.0500 2.8000 3.2500
v -0.0500 2.8000 3.1500
v -0.0500 2.8000 3.0500
v -0.0500 2.8000 2.9500
v -0.0500 2.8000 2.8500
v -0.0500 2.8000 2.7500
v -0.0500 2.8000 2.6500
v -0.0500 2.8000 2.5500
v -0.0500 2.8000 2.4500
v -0.0500 2.8000 2.3500
v -0.0500 2.8000 2.2500
v -0.0500 2.8000 2.1500
v -0.0500 2.8000 2.0500
v -0.0500 2.8000 1.9500
v -0.0500 2.8000 1.8500
v -0.0500 2.8000 1.7500
v -0.0500 2.8000 1.6500
v -0.0500 2.8000 1.5500
v -0.0500 2.8000 1.4500
v -0.0500 2.8000 1.3500
v -0.0500 2.8000 1.2500
v -0.0500 2.8000 1.1500
v -0.0500 2.8000 1.0500
v -0.0500 2.8000 0.9500
v -0.0500 2.8000 0.8500
v -0.0500 2.8000 0.7500
v -0.0500 2.8000 -0.6500
v -0.0500 2.8000 -0.7500
v -0.0500 2.8000 -0.8500
v -0.0500 2.8000 -0.9500
v -0.0500 2.8000 -1.0500
v -0.0500 2.8000 -1.1500
v -0.0500 2.8000 -1.2500
v -0.0500 2.8000 -1.3500
v -0.0500 2.8000 -1.4500
v -0.0500 2.8000 -1.5500
v -0.0500 2.8000 -1.6500
v -0.0500 2.8000 -1.7500
v -0.0500 2.8000 -1.8500
v -0.0500 2.8000 -1.9500
v -0.0500 2.8000 -2.0500
v -0.0500 2.8000 -2.1500
v -0.0500 2.8000 -2.2500
v -0.0500 2.8000 -2.3500
v -0.0500 2.8000 -2.4500
v -0.0500 2.8000 -2.5500
v -0.0500 2.8000 -2.6500
v -0.0500 2.8000 -2.7500
v -0.0500 2.8000 -2.8500
v -0.0500 2.8000 -2.9500
v -0.0500 2.8000 -3.0500
v -0.0500 2.8000 -3.1500
v -0.0500 2.8000 -3.2500
v -0.0500 2.8000 -3.3500
v -0.0500 2.8000 -3.4500
v -0.0500 2.8000 -3.5500
v -0.0500 2.8000 -3.6500
v -0.0500 2.9000 -3.7500
v -0.0500 2.8000 -3.7500
v 0.0500 2.8000 3.8500
v 0.0500 2.8000 3.7500
v 0.0500 2.9000 3.7500
v 0.0500 2.9000 3.8500
v -0.0500 2.8000 3.8500
v -0.0500 2.9000 3.8500
v 0.0500 2.8000 3.6500
v 0.0500 2.8000 3.5500
v 0.0500 2.8000 3.4500
v 0.0500 2.8000 3.3500
v 0.0500 2.8000 3.2500
v 0.0500 2.8000 3.1500
v 0.0500 2.8000 3.0500
v 0.0500 2.8000 2.9500
v 0.0500 2.8000 2.8500
v 0.0500 2.8000 2.7500
v 0.0500 2.8000 2.6500
v 0.0500 2.8000 2.5500
v 0.0500 2.8000 2.4500
v 0.0500 2.8000 2.3500
v 0.0500 2.8000 2.2500
v 0.0500 2.8000 2.1500
v 0.0500 2.8000 2.0500
v 0.0500 2.8000 1.9500
v 0.0500 2.8000 1.8500
v 0.0500 2.8000 1.7500
v 0.0500 2.8000 1.6500
v 0.0500 2.8000 1.5500
v 0.0500 2.8000 1.4500
v 0.0500 2.8000 1.3500
v 0.0500 2.8000 1.2500
v 0.0500 2.8000 1.1500
v 0.0500 2.8000 1.0500
v 0.0500 2.8000 0.9500
v 0.0500 2.8000 0.8500
v 0.0500 2.8000 0.7500
v 0.0500 2.8000 -0.6500
v 0.0500 2.8000 -0.7500
v 0.0500 2.8000 -0.8500
v 0.0500 2.8000 -0.9500
v 0.0500 2.8000 -1.0500
v 0.0500 2.8000 -1.1500
v 0.0500 2.8000 -1.2500
v 0.0500 2.8000 -1.3500
v 0.0500 2.8000 -1.4500
v 0.0500 2.8000 -1.5500
v 0.0500 2.8000 -1.6500
v 0.0500 2.8000 -1.7500
v 0.0500 2.8000 -1.8500
v 0.0500 2.8000 -1.9500
v 0.0500 2.8000 -2.0500
v 0.0500 2.8000 -2.1500
v 0.0500 2.8000 -2.2500
v 0.0500 2.8000 -2.3500
v 0.0500 2.8000 -2.4500
v 0.0500 2.8000 -2.5500
v 0.0500 2.8000 -2.6500
v 0.0500 2.8000 -2.7500
v 0.0500 2.8000 -2.8500
v 0.0500 2.8000 -2.9500
v 0.0500 2.8000 -3.0500
v 0.0500 2.8000 -3.1500
v 0.0500 2.8000 -3.2500
v 0.0500 2.8000 -3.3500
v 0.0500 2.8000 -3.4500
v 0.0500 2.8000 -3.5500
v 0.0500 2.8000 -3.6500
v 0.0500 2.8000 -3.7500
v 0.0500 2.8000 -3.8500
v 0.0500 2.9000 -3.8500
v 0.0500 2.9000 -3.7500
v -0.0500 2.9000 -3.8500
v -0.0500 2.8000 -3.8500
v 0.1500 2.8000 3.7500
v 0.1500 2.9000 3.7500
v 0.1500 2.8000 3.6500
v 0.1500 2.8000 3.5500
v 0.1500 2.8000 3.4500
v 0.1500 2.8000 3.3500
v 0.1500 2.8000 3.2500
v 0.1500 2.8000 3.1500
v 0.1500 2.8000 3.0500
v 0.1500 2.8000 2.9500
v 0.1500 2.8000 2.8500
v 0.1500 2.8000 2.7500
v 0.1500 2.8000 2.6500
v 0.1500 2.8000 2.5500
v 0.1500 2.8000 2.4500
v 0.1500 2.8000 2.3500
v 0.1500 2.8000 2.2500
v 0.1500 2.8000 2.1500
v 0.1500 2.8000 2.0500
v 0.1500 2.8000 1.9500
v 0.1500 2.8000 1.8500
v 0.1500 2.8000 1.7500
v 0.1500 2.8000 1.6500
v 0.1500 2.8000 1.5500
v 0.1500 2.8000 1.4500
v 0.1500 2.8000 1.3500
v 0.1500 2.8000 1.2500
v 0.1500 2.8000 1.1500
v 0.1500 2.8000 1.0500
v 0.1500 2.8000 0.9500
v 0.1500 2.8000 0.8500
v 0.1500 2.8000 0.7500
v 0.1500 2.8000 -0.6500
v 0.1500 2.8000 -0.7500
v 0.1500 2.8000 -0.8500
v 0.1500 2.8000 -0.9500
v 0.1500 2.8000 -1.0500
v 0.1500 2.8000 -1.1500
v 0.1500 2.8000 -1.2500
v 0.1500 2.8000 -1.3500
v 0.1500 2.8000 -1.4500
v 0.1500 2.8000 -1.5500
v 0.1500 2.8000 -1.6500
v 0.1500 2.8000 -1.7500
v 0.1500 2.8000 -1.8500
v 0.1500 2.8000 -1.9500
v 0.1500 2.8000 -2.0500
v 0.1500 2.8000 -2.1500
v 0.1500 2.8000 -2.2500
v 0.1500 2.8000 -2.3500
v 0.1500 2.8000 -2.4500
v 0.1500 2.8000 -2.5500
v 0.1500 2.8000 -2.6500
v 0.1500 2.8000 -2.7500
v 0.1500 2.8000 -2.8500
v 0.1500 2.8000 -2.9500
v 0.1500 2.8000 -3.0500
v 0.1500 2.8000 -3.1500
v 0.1500 2.8000 -3.2500
v 0.1500 2.8000 -3.3500
v 0.1500 2.8000 -3.4500
v 0.1500 2.8000 -3.5500
v 0.1500 2.8000 -3.6500
v 0.1500 2.9000 -3.7500
v 0.1500 2.8000 -3.7500
v 0.2500 2.8000 3.7500
v 0.2500 2.9000 3.7500
v 0.2500 2.8000 3.6500
v 0.2500 2.8000 3.5500
v 0.2500 2.8000 3.4500
v 0.2500 2.8000 3.3500
v 0.2500 2.8000 3.2500
v 0.2500 2.8000 3.1500
v 0.2500 2.8000 3.0500
v 0.2500 2.8000 2.9500
v 0.2500 2.8000 2.8500
v 0.2500 2.8000 2.7500
v 0.2500 2.8000 2.6500
v 0.2500 2.8000 2.5500
v 0.2500 2.8000 2.4500
v 0.2500 2.8000 2.3500
v 0.2500 2.8000 2.2500
v 0.2500 2.8000 2.1500
v 0.2500 2.8000 2.0500
v 0.2500 2.8000 1.9500
v 0.2500 2.8000 1.8500
v 0.2500 2.8000 1.7500
v 0.2500 2.8000 1.6500
v 0.2500 2.8000 1.5500
v 0.2500 2.8000 1.4500
v 0.2500 2.8000 1.3500
v 0.2500 2.8000 1.2500
v 0.2500 2.8000 1.1500
v 0.2500 2.8000 1.0500
v 0.2500 2.8000 0.9500
v 0.2500 2.8000 0.8500
v 0.2500 2.8000 0.7500
v 0.2500 2.8000 -0.6500
v 0.2500 2.8000 -0.7500
v 0.2500 2.8000 -0.8500
v 0.2500 2.8000 -0.9500
v 0.2500 2.8000 -1.0500
v 0.2500 2.8000 -1.1500
v 0.2500 2.8000 -1.2500
v 0.2500 2.8000 -1.3500
v 0.2500 2.8000 -1.4500
v 0.2500 2.8000 -1.5500
v 0.2500 2.8000 -1.6500
v 0.2500 2.8000 -1.7500
v 0.2500 2.8000 -1.8500
v 0.2500 2.8000 -1.9500
v 0.2500 2.8000 -2.0500
v 0.2500 2.8000 -2.1500
v 0.2500 2.8000 -2.2500
v 0.2500 2.8000 -2.3500
v 0.2500 2.8000 -2.4500
v 0.2500 2.8000 -2.5500
v 0.2500 2.8000 -2.6500
v 0.2500 2.8000 -2.7500
v 0.2500 2.8000 -2.8500
v 0.2500 2.8000 -2.9500
v 0.2500 2.8000 -3.0500
v 0.2500 2.8000 -3.1500
v 0.2500 2.8000 -3.2500
v 0.2500 2.8000 -3.3500
v 0.2500 2.8000 -3.4500
v 0.2500 2.8000 -3.5500
v 0.2500 2.8000 -3.6500
v 0.2500 2.9000 -3.7500
v 0.2500 2.8000 -3.7500
v 0.3500 2.8000 3.7500
v 0.3500 2.9000 3.7500
v 0.3500 2.8000 3.6500
v 0.3500 2.8000 3.5500
v 0.3500 2.8000 3.4500
v 0.3500 2.8000 3.3500
v 0.3500 2.8000 3.2500
v 0.3500 2.8000 3.1500
v 0.3500 2.8000 3.0500
v 0.3500 2.8000 2.9500
v 0.3500 2.8000 2.8500
v 0.3500 2.8000 2.7500
v 0.3500 2.8000 2.6500
v 0.3500 2.8000 2.5500
v 0.3500 2.8000 2.4500
v 0.3500 2.8000 2.3500
v 0.3500 2.8000 2.2500
v 0.3500 2.8000 2.1500
v 0.3500 2.8000 2.0500
v 0.3500 2.8000 1.9500
v 0.3500 2.8000 1.8500
v 0.3500 2.8000 1.7500
v 0.3500 2.8000 1.6500
v 0.3500 2.8000 1.5500
v 0.3500 2.8000 1.4500
v 0.3500 2.8000 1.3500
v 0.3500 2.8000 1.2500
v 0.3500 2.8000 1.1500
v 0.3500 2.8000 1.0500
v 0.3500 2.8000 0.9500
v 0.3500 2.8000 0.8500
v 0.3500 2.8000 0.7500
v 0.3500 2.8000 -0.6500
v 0.3500 2.8000 -0.7500
v 0.3500 2.8000 -0.8500
v 0.3500 2.8000 -0.9500
v 0.3500 2.8000 -1.0500
v 0.3500 2.8000 -1.1500
v 0.3500 2.8000 -1.2500
v 0.3500 2.8000 -1.3500
v 0.3500 2.8000 -1.4500
v 0.3500 2.8000 -1.5500
v 0.3500 2.8000 -1.6500
v 0.3500 2.8000 -1.7500
v 0.3500 2.8000 -1.8500
v 0.3500 2.8000 -1.9500
v 0.3500 2.8000 -2.0500
v 0.3500 2.8000 -2.1500
v 0.3500 2.8000 -2.2500
v 0.3500 2.8000 -2.3500
v 0.3500 2.8000 -2.4500
v 0.3500 2.8000 -2.5500
v 0.3500 2.8000 -2.6500
v 0.3500 2.8000 -2.7500
v 0.3500 2.8000 -2.8500
v 0.3500 2.8000 -2.9500
v 0.3500 2.8000 -3.0500
v 0.3500 2.8000 -3.1500
v 0.3500 2.8000 -3.2500
v 0.3500 2.8000 -3.3500
v 0.3500 2.8000 -3.4500
v 0.3500 2.8000 -3.5500
v 0.3500 2.8000 -3.6500
v 0.3500 2.9000 -3.7500
v 0.3500 2.8000 -3.7500
v 0.4500 2.8000 3.7500
v 0.4500 2.9000 3.7500
v 0.4500 2.8000 3.6500
v 0.4500 2.8000 3.5500
v 0.4500 2.8000 3.4500
v 0.4500 2.8000 3.3500
v 0.4500 2.8000 3.2500
v 0.4500 2.8000 3.1500
v 0.4500 2.8000 3.0500
v 0.4500 2.8000 2.9500
v 0.4500 2.8000 2.8500
v 0.4500 2.8000 2.7500
v 0.4500 2.8000 2.6500
v 0.4500 2.8000 2.5500
v 0.4500 2.8000 2.4500
v 0.4500 2.8000 2.3500
v 0.4500 2.8000 2.2500
v 0.4500 2.8000 2.1500
v 0.4500 2.8000 2.0500
v 0.4500 2.8000 1.9500
v 0.4500 2.8000 1.8500
v 0.4500 2.8000 1.7500
v 0.4500 2.8000 1.6500
v 0.4500 2.8000 1.5500
v 0.4500 2.8000 1.4500
v 0.4500 2.8000 1.3500
v 0.4500 2.8000 1.2500
v 0.4500 2.8000 1.1500
v 0.4500 2.8000 1.0500
v 0.4500 2.8000 0.9500
v 0.4500 2.8000 0.8500
v 0.4500 2.8000 0.7500
v 0.4500 2.8000 -0.6500
v 0.4500 2.8000 -0.7500
v 0.4500 2.8000 -0.8500
v 0.4500 2.8000 -0.9500
v 0.4500 2.8000 -1.0500
v 0.4500 2.8000 -1.1500
v 0.4500 2.8000 -1.2500
v 0.4500 2.8000 -1.3500
v 0.4500 2.8000 -1.4500
v 0.4500 2.8000 -1.5500
v 0.4500 2.8000 -1.6500
v 0.4500 2.8000 -1.7500
v 0.4500 2.8000 -1.8500
v 0.4500 2.8000 -1.9500
v 0.4500 2.8000 -2.0500
v 0.4500 2.8000 -2.1500
v 0.4500 2.8000 -2.2500
v 0.4500 2.8000 -2.3500
v 0.4500 2.8000 -2.4500
v 0.4500 2.8000 -2.5500
v 0.4500 2.8000 -2.6500
v 0.4500 2.8000 -2.7500
v 0.4500 2.8000 -2.8500
v 0.4500 2.8000 -2.9500
v 0.4500 2.8000 -3.0500
v 0.4500 2.8000 -3.1500
v 0.4500 2.8000 -3.2500
v 0.4500 2.8000 -3.3500
v 0.4500 2.8000 -3.4500
v 0.4500 2.8000 -3.5500
v 0.4500 2.8000 -3.6500
v 0.4500 2.9000 -3.7500
v 0.4500 2.8000 -3.7500
v 0.5500 2.8000 3.7500
v 0.5500 2.9000 3.7500
v 0.5500 2.8000 3.6500
v 0.5500 2.8000 3.5500
v 0.5500 2.8000 3.4500
v 0.5500 2.8000 3.3500
v 0.5500 2.8000 3.2500
v 0.5500 2.8000 3.1500
v 0.5500 2.8000 3.0500
v 0.5500 2.8000 2.9500
v 0.5500 2.8000 2.8500
v 0.5500 2.8000 2.7500
v 0.5500 2.8000 2.6500
v 0.5500 2.8000 2.5500
v 0.5500 2.8000 2.4500
v 0.5500 2.8000 2.3500
v 0.5500 2.8000 2.2500
v 0.5500 2.8000 2.1500
v 0.5500 2.8000 2.0500
v 0.5500 2.8000 1.9500
v 0.5500 2.8000 1.8500
v 0.5500 2.8000 1.7500
v 0.5500 2.8000 1.6500
v 0.5500 2.8000 1.5500
v 0.5500 2.8000 1.4500
v 0.5500 2.8000 1.3500
v 0.5500 2.8000 1.2500
v 0.5500 2.8000 1.1500
v 0.5500 2.8000 1.0500
v 0.5500 2.8000 0.9500
v 0.5500 2.8000 0.8500
v 0.5500 2.8000 0.7500
v 0.5500 2.8000 -0.6500
v 0.5500 2.8000 -0.7500
v 0.5500 2.8000 -0.8500
v 0.5500 2.8000 -0.9500
v 0.5500 2.8000 -1.0500
v 0.5500 2.8000 -1.1500
v 0.5500 2.8000 -1.2500
v 0.5500 2.8000 -1.3500
v 0.5500 2.8000 -1.4500
v 0.5500 2.8000 -1.5500
v 0.5500 2.8000 -1.6500
v 0.5500 2.8000 -1.7500
v 0.5500 2.8000 -1.8500
v 0.5500 2.8000 -1.9500
v 0.5500 2.8000 -2.0500
v 0.5500 2.8000 -2.1500
v 0.5500 2.8000 -2.2500
v 0.5500 2.8000 -2.3500
v 0.5500 2.8000 -2.4500
v 0.5500 2.8000 -2.5500
v 0.5500 2.8000 -2.6500
v 0.5500 2.8000 -2.7500
v 0.5500 2.8000 -2.8500
v 0.5500 2.8000 -2.9500
v 0.5500 2.8000 -3.0500
v 0.5500 2.8000 -3.1500
v 0.5500 2.8000 -3.2500
v 0.5500 2.8000 -3.3500
v 0.5500 2.8000 -3.4500
v 0.5500 2.8000 -3.5500
v 0.5500 2.8000 -3.6500
v 0.5500 2.9000 -3.7500
v 0.5500 2.8000 -3.7500
v 0.6500 2.8000 3.7500
v 0.6500 2.9000 3.7500
v 0.6500 2.8000 3.6500
v 0.6500 2.8000 3.5500
v 0.6500 2.8000 3.4500
v 0.6500 2.8000 3.3500
v 0.6500 2.8000 3.2500
v 0.6500 2.8000 3.1500
v 0.6500 2.8000 3.0500
v 0.6500 2.8000 2.9500
v 0.6500 2.8000 2.8500
v 0.6500 2.8000 2.7500
v 0.6500 2.8000 2.6500
v 0.6500 2.8000 2.5500
v 0.6500 2.8000 2.4500
v 0.6500 2.8000 2.3500
v 0.6500 2.8000 2.2500
v 0.6500 2.8000 2.1500
v 0.6500 2.8000 2.0500
v 0.6500 2.8000 1.9500
v 0.6500 2.8000 1.8500
v 0.6500 2.8000 1.7500
v 0.6500 2.8000 1.6500
v 0.6500 2.8000 1.5500
v 0.6500 2.8000 1.4500
v 0.6500 2.8000 1.3500
v 0.6500 2.8000 1.2500
v 0.6500 2.8000 1.1500
v 0.6500 2.8000 1.0500
v 0.6500 2.8000 0.9500
v 0.6500 2.8000 0.8500
v 0.6500 2.8000 0.7500
v 0.6500 2.8000 0.6500
v 0.6500 2.8000 0.5500
v 0.6500 2.8000 0.4500
v 0.6500 2.8000 0.3500
v 0.6500 2.8000 0.2500
v 0.6500 2.8000 0.1500
v 0.6500 2.8000 0.0500
v 0.6500 2.8000 -0.0500
v 0.6500 2.8000 -0.1500
v 0.6500 2.8000 -0.2500
v 0.6500 2.8000 -0.3500
v 0.6500 2.8000 -0.4500
v 0.6500 2.8000 -0.5500
v 0.6500 2.8000 -0.6500
v 0.6500 2.8000 -0.7500
v 0.6500 2.8000 -0.8500
v 0.6500 2.8000 -0.9500
v 0.6500 2.8000 -1.0500
v 0.6500 2.8000 -1.1500
v 0.6500 2.8000 -1.2500
v 0.6500 2.8000 -1.3500
v 0.6500 2.8000 -1.4500
v 0.6500 2.8000 -1.5500
v 0.6500 2.8000 -1.6500
v 0.6500 2.8000 -1.7500
v 0.6500 2.8000 -1.8500
v 0.6500 2.8000 -1.9500
v 0.6500 2.8000 -2.0500
v 0.6500 2.8000 -2.1500
v 0.6500 2.8000 -2.2500
v 0.6500 2.8000 -2.3500
v 0.6500 2.8000 -2.4500
v 0.6500 2.8000 -2.5500
v 0.6500 2.8000 -2.6500
v 0.6500 2.8000 -2.7500
v 0.6500 2.8000 -2.8500
v 0.6500 2.8000 -2.9500
v 0.6500 2.8000 -3.0500
v 0.6500 2.8000 -3.1500
v 0.6500 2.8000 -3.2500
v 0.6500 2.8000 -3.3500
v 0.6500 2.8000 -3.4500
v 0.6500 2.8000 -3.5500
v 0.6500 2.8000 -3.6500
v 0.6500 2.9000 -3.7500
v 0.6500 2.8000 -3.7500
v 0.7500 2.8000 3.7500
v 0.7500 2.9000 3.7500
v 0.7500 2.8000 3.6500
v 0.7500 2.8000 3.5500
v 0.7500 2.8000 3.4500
v 0.7500 2.8000 3.3500
v 0.7500 2.8000 3.2500
v 0.7500 2.8000 3.1500
v 0.7500 2.8000 3.0500
v 0.7500 2.8000 2.9500
v 0.7500 2.8000 2.8500
v 0.7500 2.8000 2.7500
v 0.7500 2.8000 2.6500
v 0.7500 2.8000 2.5500
v 0.7500 2.8000 2.4500
v 0.7500 2.8000 2.3500
v 0.7500 2.8000 2.2500
v 0.7500 2.8000 2.1500
v 0.7500 2.8000 2.0500
v 0.7500 2.8000 1.9500
v 0.7500 2.8000 1.8500
v 0.7500 2.8000 1.7500
v 0.7500 2.8000 1.6500
v 0.7500 2.8000 1.5500
v 0.7500 2.8000 1.4500
v 0.7500 2.8000 1.3500
v 0.7500 2.8000 1.2500
v 0.7500 2.8000 1.1500
v 0.7500 2.8000 1.0500
v 0.7500 2.8000 0.9500
v 0.7500 2.8000 0.8500
v 0.7500 2.8000 0.7500
v 0.7500 2.8000 0.6500
v 0.7500 2.8000 0.5500
v 0.7500 2.8000 0.4500
v 0.7500 2.8000 0.3500
v 0.7500 2.8000 0.2500
v 0.7500 2.8000 0.1500
v 0.7500 2.8000 0.0500
v 0.7500 2.8000 -0.0500
v 0.7500 2.8000 -0.1500
v 0.7500 2.8000 -0.2500
v 0.7500 2.8000 -0.3500
v 0.7500 2.8000 -0.4500
v 0.7500 2.8000 -0.5500
v 0.7500 2.8000 -0.6500
v 0.7500 2.8000 -0.7500
v 0.7500 2.8000 -0.8500
v 0.7500 2.8000 -0.9500
v 0.7500 2.8000 -1.0500
v 0.7500 2.8000 -1.1500
v 0.7500 2.8000 -1.2500
v 0.7500 2.8000 -1.3500
v 0.7500 2.8000 -1.4500
v 0.7500 2.8000 -1.5500
v 0.7500 2.8000 -1.6500
v 0.7500 2.8000 -1.7500
v 0.7500 2.8000 -1.8500
v 0.7500 2.8000 -1.9500
v 0.7500 2.8000 -2.0500
v 0.7500 2.8000 -2.1500
v 0.7500 2.8000 -2.2500
v 0.7500 2.8000 -2.3500
v 0.7500 2.8000 -2.4500
v 0.7500 2.8000 -2.5500
v 0.7500 2.8000 -2.6500
v 0.7500 2.8000 -2.7500
v 0.7500 2.8000 -2.8500
v 0.7500 2.8000 -2.9500
v 0.7500 2.8000 -3.0500
v 0.7500 2.8000 -3.1500
v 0.7500 2.8000 -3.2500
v 0.7500 2.8000 -3.3500
v 0.7500 2.8000 -3.4500
v 0.7500 2.8000 -3.5500
v 0.7500 2.8000 -3.6500
v 0.7500 2.9000 -3.7500
v 0.7500 2.8000 -3.7500
v 0.8500 2.8000 3.7500
v 0.8500 2.8000 3.6500
v 0.8500 2.9000 3.6500
v 0.8500 2.9000 3.7500
v 0.8500 2.8000 3.5500
v 0.8500 2.8000 3.4500
v 0.8500 2.8000 3.3500
v 0.8500 2.8000 3.2500
v 0.8500 2.8000 3.1500
v 0.8500 2.8000 3.0500
v 0.8500 2.8000 2.9500
v 0.8500 2.8000 2.8500
v 0.8500 2.8000 2.7500
v 0.8500 2.8000 2.6500
v 0.8500 2.8000 2.5500
v 0.8500 2.8000 2.4500
v 0.8500 2.8000 2.3500
v 0.8500 2.8000 2.2500
v 0.8500 2.8000 2.1500
v 0.8500 2.8000 2.0500
v 0.8500 2.8000 1.9500
v 0.8500 2.8000 1.8500
v 0.8500 2.8000 1.7500
v 0.8500 2.8000 1.6500
v 0.8500 2.8000 1.5500
v 0.8500 2.8000 1.4500
v 0.8500 2.8000 1.3500
v 0.8500 2.8000 1.2500
v 0.8500 2.8000 1.1500
v 0.8500 2.8000 1.0500
v 0.8500 2.8000 0.9500
v 0.8500 2.8000 0.8500
v 0.8500 2.8000 0.7500
v 0.8500 2.8000 0.6500
v 0.8500 2.8000 0.5500
v 0.8500 2.8000 0.4500
v 0.8500 2.8000 0.3500
v 0.8500 2.8000 0.2500
v 0.8500 2.8000 0.1500
v 0.8500 2.8000 0.0500
v 0.8500 2.8000 -0.0500
v 0.8500 2.8000 -0.1500
v 0.8500 2.8000 -0.2500
v 0.8500 2.8000 -0.3500
v 0.8500 2.8000 -0.4500
v 0.8500 2.8000 -0.5500
v 0.8500 2.8000 -0.6500
v 0.8500 2.8000 -0.7500
v 0.8500 2.8000 -0.8500
v 0.8500 2.8000 -0.9500
v 0.8500 2.8000 -1.0500
v 0.8500 2.8000 -1.1500
v 0.8500 2.8000 -1.2500
v 0.8500 2.8000 -1.3500
v 0.8500 2.8000 -1.4500
v 0.8500 2.8000 -1.5500
v 0.8500 2.8000 -1.6500
v 0.8500 2.8000 -1.7500
v 0.8500 2.8000 -1.8500
v 0.8500 2.8000 -1.9500
v 0.8500 2.8000 -2.0500
v 0.8500 2.8000 -2.1500
v 0.8500 2.8000 -2.2500
v 0.8500 2.8000 -2.3500
v 0.8500 2.8000 -2.4500
v 0.8500 2.8000 -2.5500
v 0.8500 2.8000 -2.6500
v 0.8500 2.8000 -2.7500
v 0.8500 2.8000 -2.8500
v 0.8500 2.8000 -2.9500
v 0.8500 2.8000 -3.0500
v 0.8500 2.8000 -3.1500
v 0.8500 2.8000 -3.2500
v 0.8500 2.8000 -3.3500
v 0.8500 2.8000 -3.4500
v 0.8500 2.8000 -3.5500
v 0.8500 2.8000 -3.6500
v 0.8500 2.8000 -3.7500
v 0.8500 2.9000 -3.7500
v 0.8500 2.9000 -3.6500
v 0.9500 2.8000 3.6500
v 0.9500 2.9000 3.6500
v 0.9500 2.8000 3.5500
v 0.9500 2.8000 3.4500
v 0.9500 2.8000 3.3500
v 0.9500 2.8000 3.2500
v 0.9500 2.8000 3.1500
v 0.9500 2.8000 3.0500
v 0.9500 2.8000 2.9500
v 0.9500 2.8000 2.8500
v 0.9500 2.8000 2.7500
v 0.9500 2.8000 2.6500
v 0.9500 2.8000 2.5500
v 0.9500 2.8000 2.4500
v 0.9500 2.8000 2.3500
v 0.9500 2.8000 2.2500
v 0.9500 2.8000 2.1500
v 0.9500 2.8000 2.0500
v 0.9500 2.8000 1.9500
v 0.9500 2.8000 1.8500
v 0.9500 2.8000 1.7500
v 0.9500 2.8000 1.6500
v 0.9500 2.8000 1.5500
v 0.9500 2.8000 1.4500
v 0.9500 2.8000 1.3500
v 0.9500 2.8000 1.2500
v 0.9500 2.8000 1.1500
v 0.9500 2.8000 1.0500
v 0.9500 2.8000 0.9500
v 0.9500 2.8000 0.8500
v 0.9500 2.8000 0.7500
v 0.9500 2.8000 0.6500
v 0.9500 2.8000 0.5500
v 0.9500 2.8000 0.4500
v 0.9500 2.8000 0.3500
v 0.9500 2.8000 0.2500
v 0.9500 2.8000 0.1500
v 0.9500 2.8000 0.0500
v 0.9500 2.8000 -0.0500
v 0.9500 2.8000 -0.1500
v 0.9500 2.8000 -0.2500
v 0.9500 2.8000 -0.3500
v 0.9500 2.8000 -0.4500
v 0.9500 2.8000 -0.5500
v 0.9500 2.8000 -0.6500
v 0.9500 2.8000 -0.7500
v 0.9500 2.8000 -0.8500
v 0.9500 2.8000 -0.9500
v 0.9500 2.8000 -1.0500
v 0.9500 2.8000 -1.1500
v 0.9500 2.8000 -1.2500
v 0.9500 2.8000 -1.3500
v 0.9500 2.8000 -1.4500
v 0.9500 2.8000 -1.5500
v 0.9500 2.8000 -1.6500
v 0.9500 2.8000 -1.7500
v 0.9500 2.8000 -1.8500
v 0.9500 2.8000 -1.9500
v 0.9500 2.8000 -2.0500
v 0.9500 2.8000 -2.1500
v 0.9500 2.8000 -2.2500
v 0.9500 2.8000 -2.3500
v 0.9500 2.8000 -2.4500
v 0.9500 2.8000 -2.5500
v 0.9500 2.8000 -2.6500
v 0.9500 2.8000 -2.7500
v 0.9500 2.8000 -2.8500
v 0.9500 2.8000 -2.9500
v 0.9500 2.8000 -3.0500
v 0.9500 2.8000 -3.1500
v 0.9500 2.8000 -3.2500
v 0.9500 2.8000 -3.3500
v 0.9500 2.8000 -3.4500
v 0.9500 2.8000 -3.5500
v 0.9500 2.9000 -3.6500
v 0.9500 2.8000 -3.6500
v 1.0500 2.8000 3.6500
v 1.0500 2.9000 3.6500
v 1.0500 2.8000 3.5500
v 1.0500 2.8000 3.4500
v 1.0500 2.8000 3.3500
v 1.0500 2.8000 3.2500
v 1.0500 2.8000 3.1500
v 1.0500 2.8000 3.0500
v 1.0500 2.8000 2.9500
v 1.0500 2.8000 2.8500
v 1.0500 2.8000 2.7500
v 1.0500 2.8000 2.6500
v 1.0500 2.8000 2.5500
v 1.0500 2.8000 2.4500
v 1.0500 2.8000 2.3500
v 1.0500 2.8000 2.2500
v 1.0500 2.8000 2.1500
v 1.0500 2.8000 2.0500
v 1.0500 2.8000 1.9500
v 1.0500 2.8000 1.8500
v 1.0500 2.8000 1.7500
v 1.0500 2.8000 1.6500
v 1.0500 2.8000 1.5500
v 1.0500 2.8000 1.4500
v 1.0500 2.8000 1.3500
v 1.0500 2.8000 1.2500
v 1.0500 2.8000 1.1500
v 1.0500 2.8000 1.0500
v 1.0500 2.8000 0.9500
v 1.0500 2.8000 0.8500
v 1.0500 2.8000 0.7500
v 1.0500 2.8000 0.6500
v 1.0500 2.8000 0.5500
v 1.0500 2.8000 0.4500
v 1.0500 2.8000 0.3500
v 1.0500 2.8000 0.2500
v 1.0500 2.8000 0.1500
v 1.0500 2.8000 0.0500
v 1.0500 2.8000 -0.0500
v 1.0500 2.8000 -0.1500
v 1.0500 2.8000 -0.2500
v 1.0500 2.8000 -0.3500
v 1.0500 2.8000 -0.4500
v 1.0500 2.8000 -0.5500
v 1.0500 2.8000 -0.6500
v 1.0500 2.8000 -0.7500
v 1.0500 2.8000 -0.8500
v 1.0500 2.8000 -0.9500
v 1.0500 2.8000 -1.0500
v 1.0500 2.8000 -1.1500
v 1.0500 2.8000 -1.2500
v 1.0500 2.8000 -1.3500
v 1.0500 2.8000 -1.4500
v 1.0500 2.8000 -1.5500
v 1.0500 2.8000 -1.6500
v 1.0500 2.8000 -1.7500
v 1.0500 2.8000 -1.8500
v 1.0500 2.8000 -1.9500
v 1.0500 2.8000 -2.0500
v 1.0500 2.8000 -2.1500
v 1.0500 2.8000 -2.2500
v 1.0500 2.8000 -2.3500
v 1.0500 2.8000 -2.4500
v 1.0500 2.8000 -2.5500
v 1.0500 2.8000 -2.6500
v 1.0500 2.8000 -2.7500
v 1.0500 2.8000 -2.8500
v 1.0500 2.8000 -2.9500
v 1.0500 2.8000 -3.0500
v 1.0500 2.8000 -3.1500
v 1.0500 2.8000 -3.2500
v 1.0500 2.8000 -3.3500
v 1.0500 2.8000 -3.4500
v 1.0500 2.8000 -3.5500
v 1.0500 2.9000 -3.6500
v 1.0500 2.8000 -3.6500
v 1.1500 2.8000 3.6500
v 1.1500 2.9000 3.6500
v 1.1500 2.8000 3.5500
v 1.1500 2.8000 3.4500
v 1.1500 2.8000 3.3500
v 1.1500 2.8000 3.2500
v 1.1500 2.8000 3.1500
v 1.1500 2.8000 3.0500
v 1.1500 2.8000 2.9500
v 1.1500 2.8000 2.8500
v 1.1500 2.8000 2.7500
v 1.1500 2.8000 2.6500
v 1.1500 2.8000 2.5500
v 1.1500 2.8000 2.4500
v 1.1500 2.8000 2.3500
v 1.1500 2.8000 2.2500
v 1.1500 2.8000 2.1500
v 1.1500 2.8000 2.0500
v 1.1500 2.8000 1.9500
v 1.1500 2.8000 1.8500
v 1.1500 2.8000 1.7500
v 1.1500 2.8000 1.6500
v 1.1500 2.8000 1.5500
v 1.1500 2.8000 1.4500
v 1.1500 2.8000 1.3500
v 1.1500 2.8000 1.2500
v 1.1500 2.8000 1.1500
v 1.1500 2.8000 1.0500
v 1.1500 2.8000 0.9500
v 1.1500 2.8000 0.8500
v 1.1500 2.8000 0.7500
v 1.1500 2.8000 0.6500
v 1.1500 2.8000 0.5500
v 1.1500 2.8000 0.4500
v 1.1500 2.8000 0.3500
v 1.1500 2.8000 0.2500
v 1.1500 2.8000 0.1500
v 1.1500 2.8000 0.0500
v 1.1500 2.8000 -0.0500
v 1.1500 2.8000 -0.1500
v 1.1500 2.8000 -0.2500
v 1.1500 2.8000 -0.3500
v 1.1500 2.8000 -0.4500
v 1.1500 2.8000 -0.5500
v 1.1500 2.8000 -0.6500
v 1.1500 2.8000 -0.7500
v 1.1500 2.8000 -0.8500
v 1.1500 2.8000 -0.9500
v 1.1500 2.8000 -1.0500
v 1.1500 2.8000 -1.1500
v 1.1500 2.8000 -1.2500
v 1.1500 2.8000 -1.3500
v 1.1500 2.8000 -1.4500
v 1.1500 2.8000 -1.5500
v 1.1500 2.8000 -1.6500
v 1.1500 2.8000 -1.7500
v 1.1500 2.8000 -1.8500
v 1.1500 2.8000 -1.9500
v 1.1500 2.8000 -2.0500
v 1.1500 2.8000 -2.1500
v 1.1500 2.8000 -2.2500
v 1.1500 2.8000 -2.3500
v 1.1500 2.8000 -2.4500
v 1.1500 2.8000 -2.5500
v 1.1500 2.8000 -2.6500
v 1.1500 2.8000 -2.7500
v 1.1500 2.8000 -2.8500
v 1.1500 2.8000 -2.9500
v 1.1500 2.8000 -3.0500
v 1.1500 2.8000 -3.1500
v 1.1500 2.8000 -3.2500
v 1.1500 2.8000 -3.3500
v 1.1500 2.8000 -3.4500
v 1.1500 2.8000 -3.5500
v 1.1500 2.9000 -3.6500
v 1.1500 2.8000 -3.6500
v 1.2500 2.8000 3.6500
v 1.2500 2.8000 3.5500
v 1.2500 2.9000 3.5500
v 1.2500 2.9000 3.6500
v 1.2500 2.8000 3.4500
v 1.2500 2.8000 3.3500
v 1.2500 2.8000 3.2500
v 1.2500 2.8000 3.1500
v 1.2500 2.8000 3.0500
v 1.2500 2.8000 2.9500
v 1.2500 2.8000 2.8500
v 1.2500 2.8000 2.7500
v 1.2500 2.8000 2.6500
v 1.2500 2.8000 2.5500
v 1.2500 2.8000 2.4500
v 1.2500 2.8000 2.3500
v 1.2500 2.8000 2.2500
v 1.2500 2.8000 2.1500
v 1.2500 2.8000 2.0500
v 1.2500 2.8000 1.9500
v 1.2500 2.8000 1.8500
v 1.2500 2.8000 1.7500
v 1.2500 2.8000 1.6500
v 1.2500 2.8000 1.5500
v 1.2500 2.8000 1.4500
v 1.2500 2.8000 1.3500
v 1.2500 2.8000 1.2500
v 1.2500 2.8000 1.1500
v 1.2500 2.8000 1.0500
v 1.2500 2.8000 0.9500
v 1.2500 2.8000 0.8500
v 1.2500 2.8000 0.7500
v 1.2500 2.8000 0.6500
v 1.2500 2.8000 0.5500
v 1.2500 2.8000 0.4500
v 1.2500 2.8000 0.3500
v 1.2500 2.8000 0.2500
v 1.2500 2.8000 0.1500
v 1.2500 2.8000 0.0500
v 1.2500 2.8000 -0.0500
v 1.2500 2.8000 -0.1500
v 1.2500 2.8000 -0.2500
v 1.2500 2.8000 -0.3500
v 1.2500 2.8000 -0.4500
v 1.2500 2.8000 -0.5500
v 1.2500 2.8000 -0.6500
v 1.2500 2.8000 -0.7500
v 1.2500 2.8000 -0.8500
v 1.2500 2.8000 -0.9500
v 1.2500 2.8000 -1.0500
v 1.2500 2.8000 -1.1500
v 1.2500 2.8000 -1.2500
v 1.2500 2.8000 -1.3500
v 1.2500 2.8000 -1.4500
v 1.2500 2.8000 -1.5500
v 1.2500 2.8000 -1.6500
v 1.2500 2.8000 -1.7500
v 1.2500 2.8000 -1.8500
v 1.2500 2.8000 -1.9500
v 1.2500 2.8000 -2.0500
v 1.2500 2.8000 -2.1500
v 1.2500 2.8000 -2.2500
v 1.2500 2.8000 -2.3500
v 1.2500 2.8000 -2.4500
v 1.2500 2.8000 -2.5500
v 1.2500 2.8000 -2.6500
v 1.2500 2.8000 -2.7500
v 1.2500 2.8000 -2.8500
v 1.2500 2.8000 -2.9500
v 1.2500 2.8000 -3.0500
v 1.2500 2.8000 -3.1500
v 1.2500 2.8000 -3.2500
v 1.2500 2.8000 -3.3500
v 1.2500 2.8000 -3.4500
v 1.2500 2.8000 -3.5500
v 1.2500 2.8000 -3.6500
v 1.2500 2.9000 -3.6500
v 1.2500 2.9000 -3.5500
v 1.3500 2.8000 3.5500
v 1.3500 2.9000 3.5500
v 1.3500 2.8000 3.4500
v 1.3500 2.8000 3.3500
v 1.3500 2.8000 3.2500
v 1.3500 2.8000 3.1500
v 1.3500 2.8000 3.0500
v 1.3500 2.8000 2.9500
v 1.3500 2.8000 2.8500
v 1.3500 2.8000 2.7500
v 1.3500 2.8000 2.6500
v 1.3500 2.8000 2.5500
v 1.3500 2.8000 2.4500
v 1.3500 2.8000 2.3500
v 1.3500 2.8000 2.2500
v 1.3500 2.8000 2.1500
v 1.3500 2.8000 2.0500
v 1.3500 2.8000 1.9500
v 1.3500 2.8000 1.8500
v 1.3500 2.8000 1.7500
v 1.3500 2.8000 1.6500
v 1.3500 2.8000 1.5500
v 1.3500 2.8000 1.4500
v 1.3500 2.8000 1.3500
v 1.3500 2.8000 1.2500
v 1.3500 2.8000 1.1500
v 1.3500 2.8000 1.0500
v 1.3500 2.8000 0.9500
v 1.3500 2.8000 0.8500
v 1.3500 2.8000 0.7500
v 1.3500 2.8000 0.6500
v 1.3500 2.8000 0.5500
v 1.3500 2.8000 0.4500
v 1.3500 2.8000 0.3500
v 1.3500 2.8000 0.2500
v 1.3500 2.8000 0.1500
v 1.3500 2.8000 0.0500
v 1.3500 2.8000 -0.0500
v 1.3500 2.8000 -0.1500
v 1.3500 2.8000 -0.2500
v 1.3500 2.8000 -0.3500
v 1.3500 2.8000 -0.4500
v 1.3500 2.8000 -0.5500
v 1.3500 2.8000 -0.6500
v 1.3500 2.8000 -0.7500
v 1.3500 2.8000 -0.8500
v 1.3500 2.8000 -0.9500
v 1.3500 2.8000 -1.0500
v 1.3500 2.8000 -1.1500
v 1.3500 2.8000 -1.2500
v 1.3500 2.8000 -1.3500
v 1.3500 2.8000 -1.4500
v 1.3500 2.8000 -1.5500
v 1.3500 2.8000 -1.6500
v 1.3500 2.8000 -1.7500
v 1.3500 2.8000 -1.8500
v 1.3500 2.8000 -1.9500
v 1.3500 2.8000 -2.0500
v 1.3500 2.8000 -2.1500
v 1.3500 2.8000 -2.2500
v 1.3500 2.8000 -2.3500
v 1.3500 2.8000 -2.4500
v 1.3500 2.8000 -2.5500
v 1.3500 2.8000 -2.6500
v 1.3500 2.8000 -2.7500
v 1.3500 2.8000 -2.8500
v 1.3500 2.8000 -2.9500
v 1.3500 2.8000 -3.0500
v 1.3500 2.8000 -3.1500
v 1.3500 2.8000 -3.2500
v 1.3500 2.8000 -3.3500
v 1.3500 2.8000 -3.4500
v 1.3500 2.9000 -3.5500
v 1.3500 2.8000 -3.5500
v 1.4500 2.8000 3.5500
v 1.4500 2.8000 3.4500
v 1.4500 2.9000 3.4500
v 1.4500 2.9000 3.5500
v 1.4500 2.8000 3.3500
v 1.4500 2.8000 3.2500
v 1.4500 2.8000 3.1500
v 1.4500 2.8000 3.0500
v 1.4500 2.8000 2.9500
v 1.4500 2.8000 2.8500
v 1.4500 2.8000 2.7500
v 1.4500 2.8000 2.6500
v 1.4500 2.8000 2.5500
v 1.4500 2.8000 2.4500
v 1.4500 2.8000 2.3500
v 1.4500 2.8000 2.2500
v 1.4500 2.8000 2.1500
v 1.4500 2.8000 2.0500
v 1.4500 2.8000 1.9500
v 1.4500 2.8000 1.8500
v 1.4500 2.8000 1.7500
v 1.4500 2.8000 1.6500
v 1.4500 2.8000 1.5500
v 1.4500 2.8000 1.4500
v 1.4500 2.8000 1.3500
v 1.4500 2.8000 1.2500
v 1.4500 2.8000 1.1500
v 1.4500 2.8000 1.0500
v 1.4500 2.8000 0.9500
v 1.4500 2.8000 0.8500
v 1.4500 2.8000 0.7500
v 1.4500 2.8000 0.6500
v 1.4500 2.8000 0.5500
v 1.4500 2.8000 0.4500
v 1.4500 2.8000 0.3500
v 1.4500 2.8000 0.2500
v 1.4500 2.8000 0.1500
v 1.4500 2.8000 0.0500
v 1.4500 2.8000 -0.0500
v 1.4500 2.8000 -0.1500
v 1.4500 2.8000 -0.2500
v 1.4500 2.8000 -0.3500
v 1.4500 2.8000 -0.4500
v 1.4500 2.8000 -0.5500
v 1.4500 2.8000 -0.6500
v 1.4500 2.8000 -0.7500
v 1.4500 2.8000 -0.8500
v 1.4500 2.8000 -0.9500
v 1.4500 2.8000 -1.0500
v 1.4500 2.8000 -1.1500
v 1.4500 2.8000 -1.2500
v 1.4500 2.8000 -1.3500
v 1.4500 2.8000 -1.4500
v 1.4500 2.8000 -1.5500
v 1.4500 2.8000 -1.6500
v 1.4500 2.8000 -1.7500
v 1.4500 2.8000 -1.8500
v 1.4500 2.8000 -1.9500
v 1.4500 2.8000 -2.0500
v 1.4500 2.8000 -2.1500
v 1.4500 2.8000 -2.2500
v 1.4500 2.8000 -2.3500
v 1.4500 2.8000 -2.4500
v 1.4500 2.8000 -2.5500
v 1.4500 2.8000 -2.6500
v 1.4500 2.8000 -2.7500
v 1.4500 2.8000 -2.8500
v 1.4500 2.8000 -2.9500
v 1.4500 2.8000 -3.0500
v 1.4500 2.8000 -3.1500
v 1.4500 2.8000 -3.2500
v 1.4500 2.8000 -3.3500
v 1.4500 2.8000 -3.4500
v 1.4500 2.8000 -3.5500
v 1.4500 2.9000 -3.5500
v 1.4500 2.9000 -3.4500
v 1.5500 2.8000 3.4500
v 1.5500 2.9000 3.4500
v 1.5500 2.8000 3.3500
v 1.5500 2.8000 3.2500
v 1.5500 2.8000 3.1500
v 1.5500 2.8000 3.0500
v 1.5500 2.8000 2.9500
v 1.5500 2.8000 2.8500
v 1.5500 2.8000 2.7500
v 1.5500 2.8000 2.6500
v 1.5500 2.8000 2.5500
v 1.5500 2.8000 2.4500
v 1.5500 2.8000 2.3500
v 1.5500 2.8000 2.2500
v 1.5500 2.8000 2.1500
v 1.5500 2.8000 2.0500
v 1.5500 2.8000 1.9500
v 1.5500 2.8000 1.8500
v 1.5500 2.8000 1.7500
v 1.5500 2.8000 1.6500
v 1.5500 2.8000 1.5500
v 1.5500 2.8000 1.4500
v 1.5500 2.8000 1.3500
v 1.5500 2.8000 1.2500
v 1.5500 2.8000 1.1500
v 1.5500 2.8000 1.0500
v 1.5500 2.8000 0.9500
v 1.5500 2.8000 0.8500
v 1.5500 2.8000 0.7500
v 1.5500 2.8000 0.6500
v 1.5500 2.8000 0.5500
v 1.5500 2.8000 0.4500
v 1.5500 2.8000 0.3500
v 1.5500 2.8000 0.2500
v 1.5500 2.8000 0.1500
v 1.5500 2.8000 0.0500
v 1.5500 2.8000 -0.0500
v 1.5500 2.8000 -0.1500
v 1.5500 2.8000 -0.2500
v 1.5500 2.8000 -0.3500
v 1.5500 2.8000 -0.4500
v 1.5500 2.8000 -0.5500
v 1.5500 2.8000 -0.6500
v 1.5500 2.8000 -0.7500
v 1.5500 2.8000 -0.8500
v 1.5500 2.8000 -0.9500
v 1.5500 2.8000 -1.0500
v 1.5500 2.8000 -1.1500
v 1.5500 2.8000 -1.2500
v 1.5500 2.8000 -1.3500
v 1.5500 2.8000 -1.4500
v 1.5500 2.8000 -1.5500
v 1.5500 2.8000 -1.6500
v 1.5500 2.8000 -1.7500
v 1.5500 2.8000 -1.8500
v 1.5500 2.8000 -1.9500
v 1.5500 2.8000 -2.0500
v 1.5500 2.8000 -2.1500
v 1.5500 2.8000 -2.2500
v 1.5500 2.8000 -2.3500
v 1.5500 2.8000 -2.4500
v 1.5500 2.8000 -2.5500
v 1.5500 2.8000 -2.6500
v 1.5500 2.8000 -2.7500
v 1.5500 2.8000 -2.8500
v 1.5500 2.8000 -2.9500
v 1.5500 2.8000 -3.0500
v 1.5500 2.8000 -3.1500
v 1.5500 2.8000 -3.2500
v 1.5500 2.8000 -3.3500
v 1.5500 2.9000 -3.4500
v 1.5500 2.8000 -3.4500
v 1.6500 2.8000 3.4500
v 1.6500 2.8000 3.3500
v 1.6500 2.9000 3.3500
v 1.6500 2.9000 3.4500
v 1.6500 2.8000 3.2500
v 1.6500 2.8000 3.1500
v 1.6500 2.8000 3.0500
v 1.6500 2.8000 2.9500
v 1.6500 2.8000 2.8500
v 1.6500 2.8000 2.7500
v 1.6500 2.8000 2.6500
v 1.6500 2.8000 2.5500
v 1.6500 2.8000 2.4500
v 1.6500 2.8000 2.3500
v 1.6500 2.8000 2.2500
v 1.6500 2.8000 2.1500
v 1.6500 2.8000 2.0500
v 1.6500 2.8000 1.9500
v 1.6500 2.8000 1.8500
v 1.6500 2.8000 1.7500
v 1.6500 2.8000 1.6500
v 1.6500 2.8000 1.5500
v 1.6500 2.8000 1.4500
v 1.6500 2.8000 1.3500
v 1.6500 2.8000 1.2500
v 1.6500 2.8000 1.1500
v 1.6500 2.8000 1.0500
v 1.6500 2.8000 0.9500
v 1.6500 2.8000 0.8500
v 1.6500 2.8000 0.7500
v 1.6500 2.8000 0.6500
v 1.6500 2.8000 0.5500
v 1.6500 2.8000 0.4500
v 1.6500 2.8000 0.3500
v 1.6500 2.8000 0.2500
v 1.6500 2.8000 0.1500
v 1.6500 2.8000 0.0500
v 1.6500 2.8000 -0.0500
v 1.6500 2.8000 -0.1500
v 1.6500 2.8000 -0.2500
v 1.6500 2.8000 -0.3500
v 1.6500 2.8000 -0.4500
v 1.6500 2.8000 -0.5500
v 1.6500 2.8000 -0.6500
v 1.6500 2.8000 -0.7500
v 1.6500 2.8000 -0.8500
v 1.6500 2.8000 -0.9500
v 1.6500 2.8000 -1.0500
v 1.6500 2.8000 -1.1500
v 1.6500 2.8000 -1.2500
v 1.6500 2.8000 -1.3500
v 1.6500 2.8000 -1.4500
v 1.6500 2.8000 -1.5500
v 1.6500 2.8000 -1.6500
v 1.6500 2.8000 -1.7500
v 1.6500 2.8000 -1.8500
v 1.6500 2.8000 -1.9500
v 1.6500 2.8000 -2.0500
v 1.6500 2.8000 -2.1500
v 1.6500 2.8000 -2.2500
v 1.6500 2.8000 -2.3500
v 1.6500 2.8000 -2.4500
v 1.6500 2.8000 -2.5500
v 1.6500 2.8000 -2.6500
v 1.6500 2.8000 -2.7500
v 1.6500 2.8000 -2.8500
v 1.6500 2.8000 -2.9500
v 1.6500 2.8000 -3.0500
v 1.6500 2.8000 -3.1500
v 1.6500 2.8000 -3.2500
v 1.6500 2.8000 -3.3500
v 1.6500 2.8000 -3.4500
v 1.6500 2.9000 -3.4500
v 1.6500 2.9000 -3.3500
v 1.7500 2.8000 3.3500
v 1.7500 2.9000 3.3500
v 1.7500 2.8000 3.2500
v 1.7500 2.8000 3.1500
v 1.7500 2.8000 3.0500
v 1.7500 2.8000 2.9500
v 1.7500 2.8000 2.8500
v 1.7500 2.8000 2.7500
v 1.7500 2.8000 2.6500
v 1.7500 2.8000 2.5500
v 1.7500 2.8000 2.4500
v 1.7500 2.8000 2.3500
v 1.7500 2.8000 2.2500
v 1.7500 2.8000 2.1500
v 1.7500 2.8000 2.0500
v 1.7500 2.8000 1.9500
v 1.7500 2.8000 1.8500
v 1.7500 2.8000 1.7500
v 1.7500 2.8000 1.6500
v 1.7500 2.8000 1.5500
v 1.7500 2.8000 1.4500
v 1.7500 2.8000 1.3500
v 1.7500 2.8000 1.2500
v 1.7500 2.8000 1.1500
v 1.7500 2.8000 1.0500
v 1.7500 2.8000 0.9500
v 1.7500 2.8000 0.8500
v 1.7500 2.8000 0.7500
v 1.7500 2.8000 0.6500
v 1.7500 2.8000 0.5500
v 1.7500 2.8000 0.4500
v 1.7500 2.8000 0.3500
v 1.7500 2.8000 0.2500
v 1.7500 2.8000 0.1500
v 1.7500 2.8000 0.0500
v 1.7500 2.8000 -0.0500
v 1.7500 2.8000 -0.1500
v 1.7500 2.8000 -0.2500
v 1.7500 2.8000 -0.3500
v 1.7500 2.8000 -0.4500
v 1.7500 2.8000 -0.5500
v 1.7500 2.8000 -0.6500
v 1.7500 2.8000 -0.7500
v 1.7500 2.8000 -0.8500
v 1.7500 2.8000 -0.9500
v 1.7500 2.8000 -1.0500
v 1.7500 2.8000 -1.1500
v 1.7500 2.8000 -1.2500
v 1.7500 2.8000 -1.3500
v 1.7500 2.8000 -1.4500
v 1.7500 2.8000 -1.5500
v 1.7500 2.8000 -1.6500
v 1.7500 2.8000 -1.7500
v 1.7500 2.8000 -1.8500
v 1.7500 2.8000 -1.9500
v 1.7500 2.8000 -2.0500
v 1.7500 2.8000 -2.1500
v 1.7500 2.8000 -2.2500
v 1.7500 2.8000 -2.3500
v 1.7500 2.8000 -2.4500
v 1.7500 2.8000 -2.5500
v 1.7500 2.8000 -2.6500
v 1.7500 2.8000 -2.7500
v 1.7500 2.8000 -2.8500
v 1.7500 2.8000 -2.9500
v 1.7500 2.8000 -3.0500
v 1.7500 2.8000 -3.1500
v 1.7500 2.8000 -3.2500
v 1.7500 2.9000 -3.3500
v 1.7500 2.8000 -3.3500
v 1.8500 2.8000 3.3500
v 1.8500 2.8000 3.2500
v 1.8500 2.9000 3.2500
v 1.8500 2.9000 3.3500
v 1.8500 2.8000 3.1500
v 1.8500 2.8000 3.0500
v 1.8500 2.8000 2.9500
v 1.8500 2.8000 2.8500
v 1.8500 2.8000 2.7500
v 1.8500 2.8000 2.6500
v 1.8500 2.8000 2.5500
v 1.8500 2.8000 2.4500
v 1.8500 2.8000 2.3500
v 1.8500 2.8000 2.2500
v 1.8500 2.8000 2.1500
v 1.8500 2.8000 2.0500
v 1.8500 2.8000 1.9500
v 1.8500 2.8000 1.8500
v 1.8500 2.8000 1.7500
v 1.8500 2.8000 1.6500
v 1.8500 2.8000 1.5500
v 1.8500 2.8000 1.4500
v 1.8500 2.8000 1.3500
v 1.8500 2.8000 1.2500
v 1.8500 2.8000 1.1500
v 1.8500 2.8000 1.0500
v 1.8500 2.8000 0.9500
v 1.8500 2.8000 0.8500
v 1.8500 2.8000 0.7500
v 1.8500 2.8000 0.6500
v 1.8500 2.8000 0.5500
v 1.8500 2.8000 0.4500
v 1.8500 2.8000 0.3500
v 1.8500 2.8000 0.2500
v 1.8500 2.8000 0.1500
v 1.8500 2.8000 0.0500
v 1.8500 2.8000 -0.0500
v 1.8500 2.8000 -0.1500
v 1.8500 2.8000 -0.2500
v 1.8500 2.8000 -0.3500
v 1.8500 2.8000 -0.4500
v 1.8500 2.8000 -0.5500
v 1.8500 2.8000 -0.6500
v 1.8500 2.8000 -0.7500
v 1.8500 2.8000 -0.8500
v 1.8500 2.8000 -0.9500
v 1.8500 2.8000 -1.0500
v 1.8500 2.8000 -1.1500
v 1.8500 2.8000 -1.2500
v 1.8500 2.8000 -1.3500
v 1.8500 2.8000 -1.4500
v 1.8500 2.8000 -1.5500
v 1.8500 2.8000 -1.6500
v 1.8500 2.8000 -1.7500
v 1.8500 2.8000 -1.8500
v 1.8500 2.8000 -1.9500
v 1.8500 2.8000 -2.0500
v 1.8500 2.8000 -2.1500
v 1.8500 2.8000 -2.2500
v 1.8500 2.8000 -2.3500
v 1.8500 2.8000 -2.4500
v 1.8500 2.8000 -2.5500
v 1.8500 2.8000 -2.6500
v 1.8500 2.8000 -2.7500
v 1.8500 2.8000 -2.8500
v 1.8500 2.8000 -2.9500
v 1.8500 2.8000 -3.0500
v 1.8500 2.8000 -3.1500
v 1.8500 2.8000 -3.2500
v 1.8500 2.8000 -3.3500
v 1.8500 2.9000 -3.3500
v 1.8500 2.9000 -3.2500
v 1.9500 2.8000 3.2500
v 1.9500 2.9000 3.2500
v 1.9500 2.8000 3.1500
v 1.9500 2.8000 3.0500
v 1.9500 2.8000 2.9500
v 1.9500 2.8000 2.8500
v 1.9500 2.8000 2.7500
v 1.9500 2.8000 2.6500
v 1.9500 2.8000 2.5500
v 1.9500 2.8000 2.4500
v 1.9500 2.8000 2.3500
v 1.9500 2.8000 2.2500
v 1.9500 2.8000 2.1500
v 1.9500 2.8000 2.0500
v 1.9500 2.8000 1.9500
v 1.9500 2.8000 1.8500
v 1.9500 2.8000 1.7500
v 1.9500 2.8000 1.6500
v 1.9500 2.8000 1.5500
v 1.9500 2.8000 1.4500
v 1.9500 2.8000 1.3500
v 1.9500 2.8000 1.2500
v 1.9500 2.8000 1.1500
v 1.9500 2.8000 1.0500
v 1.9500 2.8000 0.9500
v 1.9500 2.8000 0.8500
v 1.9500 2.8000 0.7500
v 1.9500 2.8000 0.6500
v 1.9500 2.8000 0.5500
v 1.9500 2.8000 0.4500
v 1.9500 2.8000 0.3500
v 1.9500 2.8000 0.2500
v 1.9500 2.8000 0.1500
v 1.9500 2.8000 0.0500
v 1.9500 2.8000 -0.0500
v 1.9500 2.8000 -0.1500
v 1.9500 2.8000 -0.2500
v 1.9500 2.8000 -0.3500
v 1.9500 2.8000 -0.4500
v 1.9500 2.8000 -0.5500
v 1.9500 2.8000 -0.6500
v 1.9500 2.8000 -0.7500
v 1.9500 2.8000 -0.8500
v 1.9500 2.8000 -0.9500
v 1.9500 2.8000 -1.0500
v 1.9500 2.8000 -1.1500
v 1.9500 2.8000 -1.2500
v 1.9500 2.8000 -1.3500
v 1.9500 2.8000 -1.4500
v 1.9500 2.8000 -1.5500
v 1.9500 2.8000 -1.6500
v 1.9500 2.8000 -1.7500
v 1.9500 2.8000 -1.8500
v 1.9500 2.8000 -1.9500
v 1.9500 2.8000 -2.0500
v 1.9500 2.8000 -2.1500
v 1.9500 2.8000 -2.2500
v 1.9500 2.8000 -2.3500
v 1.9500 2.8000 -2.4500
v 1.9500 2.8000 -2.5500
v 1.9500 2.8000 -2.6500
v 1.9500 2.8000 -2.7500
v 1.9500 2.8000 -2.8500
v 1.9500 2.8000 -2.9500
v 1.9500 2.8000 -3.0500
v 1.9500 2.8000 -3.1500
v 1.9500 2.9000 -3.2500
v 1.9500 2.8000 -3.2500
v 2.0500 2.8000 3.2500
v 2.0500 2.8000 3.1500
v 2.0500 2.9000 3.1500
v 2.0500 2.9000 3.2500
v 2.0500 2.8000 3.0500
v 2.0500 2.8000 2.9500
v 2.0500 2.8000 2.8500
v 2.0500 2.8000 2.7500
v 2.0500 2.8000 2.6500
v 2.0500 2.8000 2.5500
v 2.0500 2.8000 2.4500
v 2.0500 2.8000 2.3500
v 2.0500 2.8000 2.2500
v 2.0500 2.8000 2.1500
v 2.0500 2.8000 2.0500
v 2.0500 2.8000 1.9500
v 2.0500 2.8000 1.8500
v 2.0500 2.8000 1.7500
v 2.0500 2.8000 1.6500
v 2.0500 2.8000 1.5500
v 2.0500 2.8000 1.4500
v 2.0500 2.8000 1.3500
v 2.0500 2.8000 1.2500
v 2.0500 2.8000 1.1500
v 2.0500 2.8000 1.0500
v 2.0500 2.8000 0.9500
v 2.0500 2.8000 0.8500
v 2.0500 2.8000 0.7500
v 2.0500 2.8000 0.6500
v 2.0500 2.8000 0.5500
v 2.0500 2.8000 0.4500
v 2.0500 2.8000 0.3500
v 2.0500 2.8000 0.2500
v 2.0500 2.8000 0.1500
v 2.0500 2.8000 0.0500
v 2.0500 2.8000 -0.0500
v 2.0500 2.8000 -0.1500
v 2.0500 2.8000 -0.2500
v 2.0500 2.8000 -0.3500
v 2.0500 2.8000 -0.4500
v 2.0500 2.8000 -0.5500
v 2.0500 2.8000 -0.6500
v 2.0500 2.8000 -0.7500
v 2.0500 2.8000 -0.8500
v 2.0500 2.8000 -0.9500
v 2.0500 2.8000 -1.0500
v 2.0500 2.8000 -1.1500
v 2.0500 2.8000 -1.2500
v 2.0500 2.8000 -1.3500
v 2.0500 2.8000 -1.4500
v 2.0500 2.8000 -1.5500
v 2.0500 2.8000 -1.6500
v 2.0500 2.8000 -1.7500
v 2.0500 2.8000 -1.8500
v 2.0500 2.8000 -1.9500
v 2.0500 2.8000 -2.0500
v 2.0500 2.8000 -2.1500
v 2.0500 2.8000 -2.2500
v 2.0500 2.8000 -2.3500
v 2.0500 2.8000 -2.4500
v 2.0500 2.8000 -2.5500
v 2.0500 2.8000 -2.6500
v 2.0500 2.8000 -2.7500
v 2.0500 2.8000 -2.8500
v 2.0500 2.8000 -2.9500
v 2.0500 2.8000 -3.0500
v 2.0500 2.8000 -3.1500
v 2.0500 2.8000 -3.2500
v 2.0500 2.9000 -3.2500
v 2.0500 2.9000 -3.1500
v 2.1500 2.8000 3.1500
v 2.1500 2.8000 3.0500
v 2.1500 2.9000 3.0500
v 2.1500 2.9000 3.1500
v 2.1500 2.8000 2.9500
v 2.1500 2.8000 2.8500
v 2.1500 2.8000 2.7500
v 2.1500 2.8000 2.6500
v 2.1500 2.8000 2.5500
v 2.1500 2.8000 2.4500
v 2.1500 2.8000 2.3500
v 2.1500 2.8000 2.2500
v 2.1500 2.8000 2.1500
v 2.1500 2.8000 2.0500
v 2.1500 2.8000 1.9500
v 2.1500 2.8000 1.8500
v 2.1500 2.8000 1.7500
v 2.1500 2.8000 1.6500
v 2.1500 2.8000 1.5500
v 2.1500 2.8000 1.4500
v 2.1500 2.8000 1.3500
v 2.1500 2.8000 1.2500
v 2.1500 2.8000 1.1500
v 2.1500 2.8000 1.0500
v 2.1500 2.8000 0.9500
v 2.1500 2.8000 0.8500
v 2.1500 2.8000 0.7500
v 2.1500 2.8000 0.6500
v 2.1500 2.8000 0.5500
v 2.1500 2.8000 0.4500
v 2.1500 2.8000 0.3500
v 2.1500 2.8000 0.2500
v 2.1500 2.8000 0.1500
v 2.1500 2.8000 0.0500
v 2.1500 2.8000 -0.0500
v 2.1500 2.8000 -0.1500
v 2.1500 2.8000 -0.2500
v 2.1500 2.8000 -0.3500
v 2.1500 2.8000 -0.4500
v 2.1500 2.8000 -0.5500
v 2.1500 2.8000 -0.6500
v 2.1500 2.8000 -0.7500
v 2.1500 2.8000 -0.8500
v 2.1500 2.8000 -0.9500
v 2.1500 2.8000 -1.0500
v 2.1500 2.8000 -1.1500
v 2.1500 2.8000 -1.2500
v 2.1500 2.8000 -1.3500
v 2.1500 2.8000 -1.4500
v 2.1500 2.8000 -1.5500
v 2.1500 2.8000 -1.6500
v 2.1500 2.8000 -1.7500
v 2.1500 2.8000 -1.8500
v 2.1500 2.8000 -1.9500
v 2.1500 2.8000 -2.0500
v 2.1500 2.8000 -2.1500
v 2.1500 2.8000 -2.2500
v 2.1500 2.8000 -2.3500
v 2.1500 2.8000 -2.4500
v 2.1500 2.8000 -2.5500
v 2.1500 2.8000 -2.6500
v 2.1500 2.8000 -2.7500
v 2.1500 2.8000 -2.8500
v 2.1500 2.8000 -2.9500
v 2.1500 2.8000 -3.0500
v 2.1500 2.8000 -3.1500
v 2.1500 2.9000 -3.1500
v 2.1500 2.9000 -3.0500
v 2.2500 2.8000 3.0500
v 2.2500 2.9000 3.0500
v 2.2500 2.8000 2.9500
v 2.2500 2.8000 2.8500
v 2.2500 2.8000 2.7500
v 2.2500 2.8000 2.6500
v 2.2500 2.8000 2.5500
v 2.2500 2.8000 2.4500
v 2.2500 2.8000 2.3500
v 2.2500 2.8000 2.2500
v 2.2500 2.8000 2.1500
v 2.2500 2.8000 2.0500
v 2.2500 2.8000 1.9500
v 2.2500 2.8000 1.8500
v 2.2500 2.8000 1.7500
v 2.2500 2.8000 1.6500
v 2.2500 2.8000 1.5500
v 2.2500 2.8000 1.4500
v 2.2500 2.8000 1.3500
v 2.2500 2.8000 1.2500
v 2.2500 2.8000 1.1500
v 2.2500 2.8000 1.0500
v 2.2500 2.8000 0.9500
v 2.2500 2.8000 0.8500
v 2.2500 2.8000 0.7500
v 2.2500 2.8000 0.6500
v 2.2500 2.8000 0.5500
v 2.2500 2.8000 0.4500
v 2.2500 2.8000 0.3500
v 2.2500 2.8000 0.2500
v 2.2500 2.8000 0.1500
v 2.2500 2.8000 0.0500
v 2.2500 2.8000 -0.0500
v 2.2500 2.8000 -0.1500
v 2.2500 2.8000 -0.2500
v 2.2500 2.8000 -0.3500
v 2.2500 2.8000 -0.4500
v 2.2500 2.8000 -0.5500
v 2.2500 2.8000 -0.6500
v 2.2500 2.8000 -0.7500
v 2.2500 2.8000 -0.8500
v 2.2500 2.8000 -0.9500
v 2.2500 2.8000 -1.0500
v 2.2500 2.8000 -1.1500
v 2.2500 2.8000 -1.2500
v 2.2500 2.8000 -1.3500
v 2.2500 2.8000 -1.4500
v 2.2500 2.8000 -1.5500
v 2.2500 2.8000 -1.6500
v 2.2500 2.8000 -1.7500
v 2.2500 2.8000 -1.8500
v 2.2500 2.8000 -1.9500
v 2.2500 2.8000 -2.0500
v 2.2500 2.8000 -2.1500
v 2.2500 2.8000 -2.2500
v 2.2500 2.8000 -2.3500
v 2.2500 2.8000 -2.4500
v 2.2500 2.8000 -2.5500
v 2.2500 2.8000 -2.6500
v 2.2500 2.8000 -2.7500
v 2.2500 2.8000 -2.8500
v 2.2500 2.8000 -2.9500
v 2.2500 2.9000 -3.0500
v 2.2500 2.8000 -3.0500
v 2.3500 2.8000 3.0500
v 2.3500 2.8000 2.9500
v 2.3500 2.9000 2.9500
v 2.3500 2.9000 3.0500
v 2.3500 2.8000 2.8500
v 2.3500 2.8000 2.7500
v 2.3500 2.8000 2.6500
v 2.3500 2.8000 2.5500
v 2.3500 2.8000 2.4500
v 2.3500 2.8000 2.3500
v 2.3500 2.8000 2.2500
v 2.3500 2.8000 2.1500
v 2.3500 2.8000 2.0500
v 2.3500 2.8000 1.9500
v 2.3500 2.8000 1.8500
v 2.3500 2.8000 1.7500
v 2.3500 2.8000 1.6500
v 2.3500 2.8000 1.5500
v 2.3500 2.8000 1.4500
v 2.3500 2.8000 1.3500
v 2.3500 2.8000 1.2500
v 2.3500 2.8000 1.1500
v 2.3500 2.8000 1.0500
v 2.3500 2.8000 0.9500
v 2.3500 2.8000 0.8500
v 2.3500 2.8000 0.7500
v 2.3500 2.8000 0.6500
v 2.3500 2.8000 0.5500
v 2.3500 2.8000 0.4500
v 2.3500 2.8000 0.3500
v 2.3500 2.8000 0.2500
v 2.3500 2.8000 0.1500
v 2.3500 2.8000 0.0500
v 2.3500 2.8000 -0.0500
v 2.3500 2.8000 -0.1500
v 2.3500 2.8000 -0.2500
v 2.3500 2.8000 -0.3500
v 2.3500 2.8000 -0.4500
v 2.3500 2.8000 -0.5500
v 2.3500 2.8000 -0.6500
v 2.3500 2.8000 -0.7500
v 2.3500 2.8000 -0.8500
v 2.3500 2.8000 -0.9500
v 2.3500 2.8000 -1.0500
v 2.3500 2.8000 -1.1500
v 2.3500 2.8000 -1.2500
v 2.3500 2.8000 -1.3500
v 2.3500 2.8000 -1.4500
v 2.3500 2.8000 -1.5500
v 2.3500 2.8000 -1.6500
v 2.3500 2.8000 -1.7500
v 2.3500 2.8000 -1.8500
v 2.3500 2.8000 -1.9500
v 2.3500 2.8000 -2.0500
v 2.3500 2.8000 -2.1500
v 2.3500 2.8000 -2.2500
v 2.3500 2.8000 -2.3500
v 2.3500 2.8000 -2.4500
v 2.3500 2.8000 -2.5500
v 2.3500 2.8000 -2.6500
v 2.3500 2.8000 -2.7500
v 2.3500 2.8000 -2.8500
v 2.3500 2.8000 -2.9500
v 2.3500 2.8000 -3.0500
v 2.3500 2.9000 -3.0500
v 2.3500 2.9000 -2.9500
v 2.4500 2.8000 2.9500
v 2.4500 2.8000 2.8500
v 2.4500 2.9000 2.8500
v 2.4500 2.9000 2.9500
v 2.4500 2.8000 2.7500
v 2.4500 2.8000 2.6500
v 2.4500 2.8000 2.5500
v 2.4500 2.8000 2.4500
v 2.4500 2.8000 2.3500
v 2.4500 2.8000 2.2500
v 2.4500 2.8000 2.1500
v 2.4500 2.8000 2.0500
v 2.4500 2.8000 1.9500
v 2.4500 2.8000 1.8500
v 2.4500 2.8000 1.7500
v 2.4500 2.8000 1.6500
v 2.4500 2.8000 1.5500
v 2.4500 2.8000 1.4500
v 2.4500 2.8000 1.3500
v 2.4500 2.8000 1.2500
v 2.4500 2.8000 1.1500
v 2.4500 2.8000 1.0500
v 2.4500 2.8000 0.9500
v 2.4500 2.8000 0.8500
v 2.4500 2.8000 0.7500
v 2.4500 2.8000 0.6500
v 2.4500 2.8000 0.5500
v 2.4500 2.8000 0.4500
v 2.4500 2.8000 0.3500
v 2.4500 2.8000 0.2500
v 2.4500 2.8000 0.1500
v 2.4500 2.8000 0.0500
v 2.4500 2.8000 -0.0500
v 2.4500 2.8000 -0.1500
v 2.4500 2.8000 -0.2500
v 2.4500 2.8000 -0.3500
v 2.4500 2.8000 -0.4500
v 2.4500 2.8000 -0.5500
v 2.4500 2.8000 -0.6500
v 2.4500 2.8000 -0.7500
v 2.4500 2.8000 -0.8500
v 2.4500 2.8000 -0.9500
v 2.4500 2.8000 -1.0500
v 2.4500 2.8000 -1.1500
v 2.4500 2.8000 -1.2500
v 2.4500 2.8000 -1.3500
v 2.4500 2.8000 -1.4500
v 2.4500 2.8000 -1.5500
v 2.4500 2.8000 -1.6500
v 2.4500 2.8000 -1.7500
v 2.4500 2.8000 -1.8500
v 2.4500 2.8000 -1.9500
v 2.4500 2.8000 -2.0500
v 2.4500 2.8000 -2.1500
v 2.4500 2.8000 -2.2500
v 2.4500 2.8000 -2.3500
v 2.4500 2.8000 -2.4500
v 2.4500 2.8000 -2.5500
v 2.4500 2.8000 -2.6500
v 2.4500 2.8000 -2.7500
v 2.4500 2.8000 -2.8500
v 2.4500 2.8000 -2.9500
v 2.4500 2.9000 -2.9500
v 2.4500 2.9000 -2.8500
v 2.5500 2.8000 2.8500
v 2.5500 2.8000 2.7500
v 2.5500 2.9000 2.7500
v 2.5500 2.9000 2.8500
v 2.5500 2.8000 2.6500
v 2.5500 2.8000 2.5500
v 2.5500 2.8000 2.4500
v 2.5500 2.8000 2.3500
v 2.5500 2.8000 2.2500
v 2.5500 2.8000 2.1500
v 2.5500 2.8000 2.0500
v 2.5500 2.8000 1.9500
v 2.5500 2.8000 1.8500
v 2.5500 2.8000 1.7500
v 2.5500 2.8000 1.6500
v 2.5500 2.8000 1.5500
v 2.5500 2.8000 1.4500
v 2.5500 2.8000 1.3500
v 2.5500 2.8000 1.2500
v 2.5500 2.8000 1.1500
v 2.5500 2.8000 1.0500
v 2.5500 2.8000 0.9500
v 2.5500 2.8000 0.8500
v 2.5500 2.8000 0.7500
v 2.5500 2.8000 0.6500
v 2.5500 2.8000 0.5500
v 2.5500 2.8000 0.4500
v 2.5500 2.8000 0.3500
v 2.5500 2.8000 0.2500
v 2.5500 2.8000 0.1500
v 2.5500 2.8000 0.0500
v 2.5500 2.8000 -0.0500
v 2.5500 2.8000 -0.1500
v 2.5500 2.8000 -0.2500
v 2.5500 2.8000 -0.3500
v 2.5500 2.8000 -0.4500
v 2.5500 2.8000 -0.5500
v 2.5500 2.8000 -0.6500
v 2.5500 2.8000 -0.7500
v 2.5500 2.8000 -0.8500
v 2.5500 2.8000 -0.9500
v 2.5500 2.8000 -1.0500
v 2.5500 2.8000 -1.1500
v 2.5500 2.8000 -1.2500
v 2.5500 2.8000 -1.3500
v 2.5500 2.8000 -1.4500
v 2.5500 2.8000 -1.5500
v 2.5500 2.8000 -1.6500
v 2.5500 2.8000 -1.7500
v 2.5500 2.8000 -1.8500
v 2.5500 2.8000 -1.9500
v 2.5500 2.8000 -2.0500
v 2.5500 2.8000 -2.1500
v 2.5500 2.8000 -2.2500
v 2.5500 2.8000 -2.3500
v 2.5500 2.8000 -2.4500
v 2.5500 2.8000 -2.5500
v 2.5500 2.8000 -2.6500
v 2.5500 2.8000 -2.7500
v 2.5500 2.8000 -2.8500
v 2.5500 2.9000 -2.8500
v 2.5500 2.9000 -2.7500
v 2.6500 2.8000 2.7500
v 2.6500 2.8000 2.6500
v 2.6500 2.9000 2.6500
v 2.6500 2.9000 2.7500
v 2.6500 2.8000 2.5500
v 2.6500 2.8000 2.4500
v 2.6500 2.8000 2.3500
v 2.6500 2.8000 2.2500
v 2.6500 2.8000 2.1500
v 2.6500 2.8000 2.0500
v 2.6500 2.8000 1.9500
v 2.6500 2.8000 1.8500
v 2.6500 2.8000 1.7500
v 2.6500 2.8000 1.6500
v 2.6500 2.8000 1.5500
v 2.6500 2.8000 1.4500
v 2.6500 2.8000 1.3500
v 2.6500 2.8000 1.2500
v 2.6500 2.8000 1.1500
v 2.6500 2.8000 1.0500
v 2.6500 2.8000 0.9500
v 2.6500 2.8000 0.8500
v 2.6500 2.8000 0.7500
v 2.6500 2.8000 0.6500
v 2.6500 2.8000 0.5500
v 2.6500 2.8000 0.4500
v 2.6500 2.8000 0.3500
v 2.6500 2.8000 0.2500
v 2.6500 2.8000 0.1500
v 2.6500 2.8000 0.0500
v 2.6500 2.8000 -0.0500
v 2.6500 2.8000 -0.1500
v 2.6500 2.8000 -0.2500
v 2.6500 2.8000 -0.3500
v 2.6500 2.8000 -0.4500
v 2.6500 2.8000 -0.5500
v 2.6500 2.8000 -0.6500
v 2.6500 2.8000 -0.7500
v 2.6500 2.8000 -0.8500
v 2.6500 2.8000 -0.9500
v 2.6500 2.8000 -1.0500
v 2.6500 2.8000 -1.1500
v 2.6500 2.8000 -1.2500
v 2.6500 2.8000 -1.3500
v 2.6500 2.8000 -1.4500
v 2.6500 2.8000 -1.5500
v 2.6500 2.8000 -1.6500
v 2.6500 2.8000 -1.7500
v 2.6500 2.8000 -1.8500
v 2.6500 2.8000 -1.9500
v 2.6500 2.8000 -2.0500
v 2.6500 2.8000 -2.1500
v 2.6500 2.8000 -2.2500
v 2.6500 2.8000 -2.3500
v 2.6500 2.8000 -2.4500
v 2.6500 2.8000 -2.5500
v 2.6500 2.8000 -2.6500
v 2.6500 2.8000 -2.7500
v 2.6500 2.9000 -2.7500
v 2.6500 2.9000 -2.6500
v 2.7500 2.8000 2.6500
v 2.7500 2.8000 2.5500
v 2.7500 2.9000 2.5500
v 2.7500 2.9000 2.6500
v 2.7500 2.8000 2.4500
v 2.7500 2.8000 2.3500
v 2.7500 2.8000 2.2500
v 2.7500 2.8000 2.1500
v 2.7500 2.8000 2.0500
v 2.7500 2.8000 1.9500
v 2.7500 2.8000 1.8500
v 2.7500 2.8000 1.7500
v 2.7500 2.8000 1.6500
v 2.7500 2.8000 1.5500
v 2.7500 2.8000 1.4500
v 2.7500 2.8000 1.3500
v 2.7500 2.8000 1.2500
v 2.7500 2.8000 1.1500
v 2.7500 2.8000 1.0500
v 2.7500 2.8000 0.9500
v 2.7500 2.8000 0.8500
v 2.7500 2.8000 0.7500
v 2.7500 2.8000 0.6500
v 2.7500 2.8000 0.5500
v 2.7500 2.8000 0.4500
v 2.7500 2.8000 0.3500
v 2.7500 2.8000 0.2500
v 2.7500 2.8000 0.1500
v 2.7500 2.8000 0.0500
v 2.7500 2.8000 -0.0500
v 2.7500 2.8000 -0.1500
v 2.7500 2.8000 -0.2500
v 2.7500 2.8000 -0.3500
v 2.7500 2.8000 -0.4500
v 2.7500 2.8000 -0.5500
v 2.7500 2.8000 -0.6500
v 2.7500 2.8000 -0.7500
v 2.7500 2.8000 -0.8500
v 2.7500 2.8000 -0.9500
v 2.7500 2.8000 -1.0500
v 2.7500 2.8000 -1.1500
v 2.7500 2.8000 -1.2500
v 2.7500 2.8000 -1.3500
v 2.7500 2.8000 -1.4500
v 2.7500 2.8000 -1.5500
v 2.7500 2.8000 -1.6500
v 2.7500 2.8000 -1.7500
v 2.7500 2.8000 -1.8500
v 2.7500 2.8000 -1.9500
v 2.7500 2.8000 -2.0500
v 2.7500 2.8000 -2.1500
v 2.7500 2.8000 -2.2500
v 2.7500 2.8000 -2.3500
v 2.7500 2.8000 -2.4500
v 2.7500 2.8000 -2.5500
v 2.7500 2.8000 -2.6500
v 2.7500 2.9000 -2.6500
v 2.7500 2.9000 -2.5500
v 2.8500 2.8000 2.5500
v 2.8500 2.8000 2.4500
v 2.8500 2.9000 2.4500
v 2.8500 2.9000 2.5500
v 2.8500 2.8000 2.3500
v 2.8500 2.8000 2.2500
v 2.8500 2.8000 2.1500
v 2.8500 2.8000 2.0500
v 2.8500 2.8000 1.9500
v 2.8500 2.8000 1.8500
v 2.8500 2.8000 1.7500
v 2.8500 2.8000 1.6500
v 2.8500 2.8000 1.5500
v 2.8500 2.8000 1.4500
v 2.8500 2.8000 1.3500
v 2.8500 2.8000 1.2500
v 2.8500 2.8000 1.1500
v 2.8500 2.8000 1.0500
v 2.8500 2.8000 0.9500
v 2.8500 2.8000 0.8500
v 2.8500 2.8000 0.7500
v 2.8500 2.8000 0.6500
v 2.8500 2.8000 0.5500
v 2.8500 2.8000 0.4500
v 2.8500 2.8000 0.3500
v 2.8500 2.8000 0.2500
v 2.8500 2.8000 0.1500
v 2.8500 2.8000 0.0500
v 2.8500 2.8000 -0.0500
v 2.8500 2.8000 -0.1500
v 2.8500 2.8000 -0.2500
v 2.8500 2.8000 -0.3500
v 2.8500 2.8000 -0.4500
v 2.8500 2.8000 -0.5500
v 2.8500 2.8000 -0.6500
v 2.8500 2.8000 -0.7500
v 2.8500 2.8000 -0.8500
v 2.8500 2.8000 -0.9500
v 2.8500 2.8000 -1.0500
v 2.8500 2.8000 -1.1500
v 2.8500 2.8000 -1.2500
v 2.8500 2.8000 -1.3500
v 2.8500 2.8000 -1.4500
v 2.8500 2.8000 -1.5500
v 2.8500 2.8000 -1.6500
v 2.8500 2.8000 -1.7500
v 2.8500 2.8000 -1.8500
v 2.8500 2.8000 -1.9500
v 2.8500 2.8000 -2.0500
v 2.8500 2.8000 -2.1500
v 2.8500 2.8000 -2.2500
v 2.8500 2.8000 -2.3500
v 2.8500 2.8000 -2.4500
v 2.8500 2.8000 -2.5500
v 2.8500 2.9000 -2.5500
v 2.8500 2.9000 -2.4500
v 2.9500 2.8000 2.4500
v 2.9500 2.8000 2.3500
v 2.9500 2.9000 2.3500
v 2.9500 2.9000 2.4500
v 2.9500 2.8000 2.2500
v 2.9500 2.8000 2.1500
v 2.9500 2.8000 2.0500
v 2.9500 2.8000 1.9500
v 2.9500 2.8000 1.8500
v 2.9500 2.8000 1.7500
v 2.9500 2.8000 1.6500
v 2.9500 2.8000 1.5500
v 2.9500 2.8000 1.4500
v 2.9500 2.8000 1.3500
v 2.9500 2.8000 1.2500
v 2.9500 2.8000 1.1500
v 2.9500 2.8000 1.0500
v 2.9500 2.8000 0.9500
v 2.9500 2.8000 0.8500
v 2.9500 2.8000 0.7500
v 2.9500 2.8000 0.6500
v 2.9500 2.8000 0.5500
v 2.9500 2.8000 0.4500
v 2.9500 2.8000 0.3500
v 2.9500 2.8000 0.2500
v 2.9500 2.8000 0.1500
v 2.9500 2.8000 0.0500
v 2.9500 2.8000 -0.0500
v 2.9500 2.8000 -0.1500
v 2.9500 2.8000 -0.2500
v 2.9500 2.8000 -0.3500
v 2.9500 2.8000 -0.4500
v 2.9500 2.8000 -0.5500
v 2.9500 2.8000 -0.6500
v 2.9500 2.8000 -0.7500
v 2.9500 2.8000 -0.8500
v 2.9500 2.8000 -0.9500
v 2.9500 2.8000 -1.0500
v 2.9500 2.8000 -1.1500
v 2.9500 2.8000 -1.2500
v 2.9500 2.8000 -1.3500
v 2.9500 2.8000 -1.4500
v 2.9500 2.8000 -1.5500
v 2.9500 2.8000 -1.6500
v 2.9500 2.8000 -1.7500
v 2.9500 2.8000 -1.8500
v 2.9500 2.8000 -1.9500
v 2.9500 2.8000 -2.0500
v 2.9500 2.8000 -2.1500
v 2.9500 2.8000 -2.2500
v 2.9500 2.8000 -2.3500
v 2.9500 2.8000 -2.4500
v 2.9500 2.9000 -2.4500
v 2.9500 2.9000 -2.3500
v 3.0500 2.8000 2.3500
v 3.0500 2.8000 2.2500
v 3.0500 2.9000 2.2500
v 3.0500 2.9000 2.3500
v 3.0500 2.8000 2.1500
v 3.0500 2.9000 2.1500
v 3.0500 2.8000 2.0500
v 3.0500 2.8000 1.9500
v 3.0500 2.8000 1.8500
v 3.0500 2.8000 1.7500
v 3.0500 2.8000 1.6500
v 3.0500 2.8000 1.5500
v 3.0500 2.8000 1.4500
v 3.0500 2.8000 1.3500
v 3.0500 2.8000 1.2500
v 3.0500 2.8000 1.1500
v 3.0500 2.8000 1.0500
v 3.0500 2.8000 0.9500
v 3.0500 2.8000 0.8500
v 3.0500 2.8000 0.7500
v 3.0500 2.8000 0.6500
v 3.0500 2.8000 0.5500
v 3.0500 2.8000 0.4500
v 3.0500 2.8000 0.3500
v 3.0500 2.8000 0.2500
v 3.0500 2.8000 0.1500
v 3.0500 2.8000 0.0500
v 3.0500 2.8000 -0.0500
v 3.0500 2.8000 -0.1500
v 3.0500 2.8000 -0.2500
v 3.0500 2.8000 -0.3500
v 3.0500 2.8000 -0.4500
v 3.0500 2.8000 -0.5500
v 3.0500 2.8000 -0.6500
v 3.0500 2.8000 -0.7500
v 3.0500 2.8000 -0.8500
v 3.0500 2.8000 -0.9500
v 3.0500 2.8000 -1.0500
v 3.0500 2.8000 -1.1500
v 3.0500 2.8000 -1.2500
v 3.0500 2.8000 -1.3500
v 3.0500 2.8000 -1.4500
v 3.0500 2.8000 -1.5500
v 3.0500 2.8000 -1.6500
v 3.0500 2.8000 -1.7500
v 3.0500 2.8000 -1.8500
v 3.0500 2.8000 -1.9500
v 3.0500 2.8000 -2.0500
v 3.0500 2.8000 -2.1500
v 3.0500 2.8000 -2.2500
v 3.0500 2.9000 -2.2500
v 3.0500 2.9000 -2.1500
v 3.0500 2.8000 -2.3500
v 3.0500 2.9000 -2.3500
v 3.1500 2.8000 2.1500
v 3.1500 2.8000 2.0500
v 3.1500 2.9000 2.0500
v 3.1500 2.9000 2.1500
v 3.1500 2.8000 1.9500
v 3.1500 2.8000 1.8500
v 3.1500 2.8000 1.7500
v 3.1500 2.8000 1.6500
v 3.1500 2.8000 1.5500
v 3.1500 2.8000 1.4500
v 3.1500 2.8000 1.3500
v 3.1500 2.8000 1.2500
v 3.1500 2.8000 1.1500
v 3.1500 2.8000 1.0500
v 3.1500 2.8000 0.9500
v 3.1500 2.8000 0.8500
v 3.1500 2.8000 0.7500
v 3.1500 2.8000 0.6500
v 3.1500 2.8000 0.5500
v 3.1500 2.8000 0.4500
v 3.1500 2.8000 0.3500
v 3.1500 2.8000 0.2500
v 3.1500 2.8000 0.1500
v 3.1500 2.8000 0.0500
v 3.1500 2.8000 -0.0500
v 3.1500 2.8000 -0.1500
v 3.1500 2.8000 -0.2500
v 3.1500 2.8000 -0.3500
v 3.1500 2.8000 -0.4500
v 3.1500 2.8000 -0.5500
v 3.1500 2.8000 -0.6500
v 3.1500 2.8000 -0.7500
v 3.1500 2.8000 -0.8500
v 3.1500 2.8000 -0.9500
v 3.1500 2.8000 -1.0500
v 3.1500 2.8000 -1.1500
v 3.1500 2.8000 -1.2500
v 3.1500 2.8000 -1.3500
v 3.1500 2.8000 -1.4500
v 3.1500 2.8000 -1.5500
v 3.1500 2.8000 -1.6500
v 3.1500 2.8000 -1.7500
v 3.1500 2.8000 -1.8500
v 3.1500 2.8000 -1.9500
v 3.1500 2.8000 -2.0500
v 3.1500 2.8000 -2.1500
v 3.1500 2.9000 -2.1500
v 3.1500 2.9000 -2.0500
v 3.2500 2.8000 2.0500
v 3.2500 2.8000 1.9500
v 3.2500 2.9000 1.9500
v 3.2500 2.9000 2.0500
v 3.2500 2.8000 1.8500
v 3.2500 2.9000 1.8500
v 3.2500 2.8000 1.7500
v 3.2500 2.8000 1.6500
v 3.2500 2.8000 1.5500
v 3.2500 2.8000 1.4500
v 3.2500 2.8000 1.3500
v 3.2500 2.8000 1.2500
v 3.2500 2.8000 1.1500
v 3.2500 2.8000 1.0500
v 3.2500 2.8000 0.9500
v 3.2500 2.8000 0.8500
v 3.2500 2.8000 0.7500
v 3.2500 2.8000 0.6500
v 3.2500 2.8000 0.5500
v 3.2500 2.8000 0.4500
v 3.2500 2.8000 0.3500
v 3.2500 2.8000 0.2500
v 3.2500 2.8000 0.1500
v 3.2500 2.8000 0.0500
v 3.2500 2.8000 -0.0500
v 3.2500 2.8000 -0.1500
v 3.2500 2.8000 -0.2500
v 3.2500 2.8000 -0.3500
v 3.2500 2.8000 -0.4500
v 3.2500 2.8000 -0.5500
v 3.2500 2.8000 -0.6500
v 3.2500 2.8000 -0.7500
v 3.2500 2.8000 -0.8500
v 3.2500 2.8000 -0.9500
v 3.2500 2.8000 -1.0500
v 3.2500 2.8000 -1.1500
v 3.2500 2.8000 -1.2500
v 3.2500 2.8000 -1.3500
v 3.2500 2.8000 -1.4500
v 3.2500 2.8000 -1.5500
v 3.2500 2.8000 -1.6500
v 3.2500 2.8000 -1.7500
v 3.2500 2.8000 -1.8500
v 3.2500 2.8000 -1.9500
v 3.2500 2.9000 -1.9500
v 3.2500 2.9000 -1.8500
v 3.2500 2.8000 -2.0500
v 3.2500 2.9000 -2.0500
v 3.3500 2.8000 1.8500
v 3.3500 2.8000 1.7500
v 3.3500 2.9000 1.7500
v 3.3500 2.9000 1.8500
v 3.3500 2.8000 1.6500
v 3.3500 2.9000 1.6500
v 3.3500 2.8000 1.5500
v 3.3500 2.8000 1.4500
v 3.3500 2.8000 1.3500
v 3.3500 2.8000 1.2500
v 3.3500 2.8000 1.1500
v 3.3500 2.8000 1.0500
v 3.3500 2.8000 0.9500
v 3.3500 2.8000 0.8500
v 3.3500 2.8000 0.7500
v 3.3500 2.8000 0.6500
v 3.3500 2.8000 0.5500
v 3.3500 2.8000 0.4500
v 3.3500 2.8000 0.3500
v 3.3500 2.8000 0.2500
v 3.3500 2.8000 0.1500
v 3.3500 2.8000 0.0500
v 3.3500 2.8000 -0.0500
v 3.3500 2.8000 -0.1500
v 3.3500 2.8000 -0.2500
v 3.3500 2.8000 -0.3500
v 3.3500 2.8000 -0.4500
v 3.3500 2.8000 -0.5500
v 3.3500 2.8000 -0.6500
v 3.3500 2.8000 -0.7500
v 3.3500 2.8000 -0.8500
v 3.3500 2.8000 -0.9500
v 3.3500 2.8000 -1.0500
v 3.3500 2.8000 -1.1500
v 3.3500 2.8000 -1.2500
v 3.3500 2.8000 -1.3500
v 3.3500 2.8000 -1.4500
v 3.3500 2.8000 -1.5500
v 3.3500 2.8000 -1.6500
v 3.3500 2.8000 -1.7500
v 3.3500 2.9000 -1.7500
v 3.3500 2.9000 -1.6500
v 3.3500 2.8000 -1.8500
v 3.3500 2.9000 -1.8500
v 3.4500 2.8000 1.6500
v 3.4500 2.8000 1.5500
v 3.4500 2.9000 1.5500
v 3.4500 2.9000 1.6500
v 3.4500 2.8000 1.4500
v 3.4500 2.9000 1.4500
v 3.4500 2.8000 1.3500
v 3.4500 2.8000 1.2500
v 3.4500 2.8000 1.1500
v 3.4500 2.8000 1.0500
v 3.4500 2.8000 0.9500
v 3.4500 2.8000 0.8500
v 3.4500 2.8000 0.7500
v 3.4500 2.8000 0.6500
v 3.4500 2.8000 0.5500
v 3.4500 2.8000 0.4500
v 3.4500 2.8000 0.3500
v 3.4500 2.8000 0.2500
v 3.4500 2.8000 0.1500
v 3.4500 2.8000 0.0500
v 3.4500 2.8000 -0.0500
v 3.4500 2.8000 -0.1500
v 3.4500 2.8000 -0.2500
v 3.4500 2.8000 -0.3500
v 3.4500 2.8000 -0.4500
v 3.4500 2.8000 -0.5500
v 3.4500 2.8000 -0.6500
v 3.4500 2.8000 -0.7500
v 3.4500 2.8000 -0.8500
v 3.4500 2.8000 -0.9500
v 3.4500 2.8000 -1.0500
v 3.4500 2.8000 -1.1500
v 3.4500 2.8000 -1.2500
v 3.4500 2.8000 -1.3500
v 3.4500 2.8000 -1.4500
v 3.4500 2.8000 -1.5500
v 3.4500 2.9000 -1.5500
v 3.4500 2.9000 -1.4500
v 3.4500 2.8000 -1.6500
v 3.4500 2.9000 -1.6500
v 3.5500 2.8000 1.4500
v 3.5500 2.8000 1.3500
v 3.5500 2.9000 1.3500
v 3.5500 2.9000 1.4500
v 3.5500 2.8000 1.2500
v 3.5500 2.9000 1.2500
v 3.5500 2.8000 1.1500
v 3.5500 2.8000 1.0500
v 3.5500 2.8000 0.9500
v 3.5500 2.8000 0.8500
v 3.5500 2.8000 0.7500
v 3.5500 2.8000 0.6500
v 3.5500 2.8000 0.5500
v 3.5500 2.8000 0.4500
v 3.5500 2.8000 0.3500
v 3.5500 2.8000 0.2500
v 3.5500 2.8000 0.1500
v 3.5500 2.8000 0.0500
v 3.5500 2.8000 -0.0500
v 3.5500 2.8000 -0.1500
v 3.5500 2.8000 -0.2500
v 3.5500 2.8000 -0.3500
v 3.5500 2.8000 -0.4500
v 3.5500 2.8000 -0.5500
v 3.5500 2.8000 -0.6500
v 3.5500 2.8000 -0.7500
v 3.5500 2.8000 -0.8500
v 3.5500 2.8000 -0.9500
v 3.5500 2.8000 -1.0500
v 3.5500 2.8000 -1.1500
v 3.5500 2.8000 -1.2500
v 3.5500 2.8000 -1.3500
v 3.5500 2.9000 -1.3500
v 3.5500 2.9000 -1.2500
v 3.5500 2.8000 -1.4500
v 3.5500 2.9000 -1.4500
v 3.6500 2.8000 1.2500
v 3.6500 2.8000 1.1500
v 3.6500 2.9000 1.1500
v 3.6500 2.9000 1.2500
v 3.6500 2.8000 1.0500
v 3.6500 2.9000 1.0500
v 3.6500 2.8000 0.9500
v 3.6500 2.9000 0.9500
v 3.6500 2.8000 0.8500
v 3.6500 2.9000 0.8500
v 3.6500 2.8000 0.7500
v 3.6500 2.8000 0.6500
v 3.6500 2.8000 0.5500
v 3.6500 2.8000 0.4500
v 3.6500 2.8000 0.3500
v 3.6500 2.8000 0.2500
v 3.6500 2.8000 0.1500
v 3.6500 2.8000 0.0500
v 3.6500 2.8000 -0.0500
v 3.6500 2.8000 -0.1500
v 3.6500 2.8000 -0.2500
v 3.6500 2.8000 -0.3500
v 3.6500 2.8000 -0.4500
v 3.6500 2.8000 -0.5500
v 3.6500 2.8000 -0.6500
v 3.6500 2.8000 -0.7500
v 3.6500 2.8000 -0.8500
v 3.6500 2.8000 -0.9500
v 3.6500 2.9000 -0.9500
v 3.6500 2.9000 -0.8500
v 3.6500 2.8000 -1.0500
v 3.6500 2.9000 -1.0500
v 3.6500 2.8000 -1.1500
v 3.6500 2.9000 -1.1500
v 3.6500 2.8000 -1.2500
v 3.6500 2.9000 -1.2500
v 3.7500 2.8000 0.8500
v 3.7500 2.8000 0.7500
v 3.7500 2.9000 0.7500
v 3.7500 2.9000 0.8500
v 3.7500 2.8000 0.6500
v 3.7500 2.9000 0.6500
v 3.7500 2.8000 0.5500
v 3.7500 2.9000 0.5500
v 3.7500 2.8000 0.4500
v 3.7500 2.9000 0.4500
v 3.7500 2.8000 0.3500
v 3.7500 2.9000 0.3500
v 3.7500 2.8000 0.2500
v 3.7500 2.9000 0.2500
v 3.7500 2.8000 0.1500
v 3.7500 2.9000 0.1500
v 3.7500 2.8000 0.0500
v 3.7500 2.9000 0.0500
v 3.7500 2.8000 -0.0500
v 3.7500 2.8000 -0.1500
v 3.7500 2.9000 -0.1500
v 3.7500 2.9000 -0.0500
v 3.7500 2.8000 -0.2500
v 3.7500 2.9000 -0.2500
v 3.7500 2.8000 -0.3500
v 3.7500 2.9000 -0.3500
v 3.7500 2.8000 -0.4500
v 3.7500 2.9000 -0.4500
v 3.7500 2.8000 -0.5500
v 3.7500 2.9000 -0.5500
v 3.7500 2.8000 -0.6500
v 3.7500 2.9000 -0.6500
v 3.7500 2.8000 -0.7500
v 3.7500 2.9000 -0.7500
v 3.7500 2.8000 -0.8500
v 3.7500 2.9000 -0.8500
v 3.8500 2.8000 0.0500
v 3.8500 2.8000 -0.0500
v 3.8500 2.9000 -0.0500
v 3.8500 2.9000 0.0500
v -3.8500 3.0000 0.0500
v -3.8500 3.0000 -0.0500
v -3.7500 3.0000 -0.0500
v -3.7500 3.0000 0.0500
v -3.7500 3.0000 0.8500
v -3.7500 3.0000 0.7500
v -3.6500 3.0000 0.8500
v -3.7500 3.0000 0.6500
v -3.7500 3.0000 0.5500
v -3.7500 3.0000 0.4500
v -3.7500 3.0000 0.3500
v -3.7500 3.0000 0.2500
v -3.7500 3.0000 0.1500
v -3.7500 3.0000 -0.1500
v -3.7500 3.0000 -0.2500
v -3.7500 3.0000 -0.3500
v -3.7500 3.0000 -0.4500
v -3.7500 3.0000 -0.5500
v -3.7500 3.0000 -0.6500
v -3.7500 3.0000 -0.7500
v -3.7500 3.0000 -0.8500
v -3.6500 3.0000 -0.8500
v -3.6500 3.0000 1.2500
v -3.6500 3.0000 1.1500
v -3.5500 3.0000 1.2500
v -3.6500 3.0000 1.0500
v -3.6500 3.0000 0.9500
v -3.6500 3.0000 -0.9500
v -3.6500 3.0000 -1.0500
v -3.6500 3.0000 -1.1500
v -3.6500 3.0000 -1.2500
v -3.5500 3.0000 -1.2500
v -3.5500 3.0000 1.4500
v -3.5500 3.0000 1.3500
v -3.4500 3.0000 1.4500
v -3.5500 3.0000 -1.3500
v -3.5500 3.0000 -1.4500
v -3.4500 3.0000 -1.4500
v -3.4500 3.0000 1.6500
v -3.4500 3.0000 1.5500
v -3.3500 3.0000 1.6500
v -3.4500 3.0000 -1.5500
v -3.4500 3.0000 -1.6500
v -3.3500 3.0000 -1.6500
v -3.3500 3.0000 1.8500
v -3.3500 3.0000 1.7500
v -3.2500 3.0000 1.8500
v -3.3500 3.0000 -1.7500
v -3.3500 3.0000 -1.8500
v -3.2500 3.0000 -1.8500
v -3.2500 3.0000 2.0500
v -3.2500 3.0000 1.9500
v -3.1500 3.0000 2.0500
v -3.2500 3.0000 -1.9500
v -3.2500 3.0000 -2.0500
v -3.1500 3.0000 -2.0500
v -3.1500 3.0000 2.1500
v -3.0500 3.0000 2.1500
v -3.1500 3.0000 -2.1500
v -3.0500 3.0000 -2.1500
v -3.0500 3.0000 2.3500
v -3.0500 3.0000 2.2500
v -2.9500 3.0000 2.3500
v -3.0500 3.0000 -2.2500
v -3.0500 3.0000 -2.3500
v -2.9500 3.0000 -2.3500
v -2.9500 3.0000 2.4500
v -2.8500 3.0000 2.4500
v -2.9500 3.0000 -2.4500
v -2.8500 3.0000 -2.4500
v -2.8500 3.0000 2.5500
v -2.7500 3.0000 2.5500
v -2.8500 3.0000 -2.5500
v -2.7500 3.0000 -2.5500
v -2.7500 3.0000 2.6500
v -2.6500 3.0000 2.6500
v -2.7500 3.0000 -2.6500
v -2.6500 3.0000 -2.6500
v -2.6500 3.0000 2.7500
v -2.5500 3.0000 2.7500
v -2.6500 3.0000 -2.7500
v -2.5500 3.0000 -2.7500
v -2.5500 3.0000 2.8500
v -2.4500 3.0000 2.8500
v -2.5500 3.0000 -2.8500
v -2.4500 3.0000 -2.8500
v -2.4500 3.0000 2.9500
v -2.3500 3.0000 2.9500
v -2.4500 3.0000 -2.9500
v -2.3500 3.0000 -2.9500
v -2.3500 3.0000 3.0500
v -2.2500 3.0000 3.0500
v -2.3500 3.0000 -3.0500
v -2.2500 3.0000 -3.0500
v -2.1500 3.0000 3.0500
v -2.1500 3.0000 -3.0500
v -2.1500 3.0000 3.1500
v -2.0500 3.0000 3.1500
v -2.1500 3.0000 -3.1500
v -2.0500 3.0000 -3.1500
v -2.0500 3.0000 3.2500
v -1.9500 3.0000 3.2500
v -2.0500 3.0000 -3.2500
v -1.9500 3.0000 -3.2500
v -1.8500 3.0000 3.2500
v -1.8500 3.0000 -3.2500
v -1.8500 3.0000 3.3500
v -1.7500 3.0000 3.3500
v -1.8500 3.0000 -3.3500
v -1.7500 3.0000 -3.3500
v -1.6500 3.0000 3.3500
v -1.6500 3.0000 -3.3500
v -1.6500 3.0000 3.4500
v -1.5500 3.0000 3.4500
v -1.6500 3.0000 -3.4500
v -1.5500 3.0000 -3.4500
v -1.4500 3.0000 3.4500
v -1.4500 3.0000 -3.4500
v -1.4500 3.0000 3.5500
v -1.3500 3.0000 3.5500
v -1.4500 3.0000 -3.5500
v -1.3500 3.0000 -3.5500
v -1.2500 3.0000 3.5500
v -1.2500 3.0000 -3.5500
v -1.2500 3.0000 3.6500
v -1.1500 3.0000 3.6500
v -1.2500 3.0000 -3.6500
v -1.1500 3.0000 -3.6500
v -1.0500 3.0000 3.6500
v -1.0500 3.0000 -3.6500
v -0.9500 3.0000 3.6500
v -0.9500 3.0000 -3.6500
v -0.8500 3.0000 3.6500
v -0.8500 3.0000 -3.6500
v -0.8500 3.0000 3.7500
v -0.7500 3.0000 3.7500
v -0.8500 3.0000 -3.7500
v -0.7500 3.0000 -3.7500
v -0.6500 3.0000 3.7500
v -0.6500 3.0000 -3.7500
v -0.5500 3.0000 3.7500
v -0.5500 3.0000 -3.7500
v -0.4500 3.0000 3.7500
v -0.4500 3.0000 -3.7500
v -0.3500 3.0000 3.7500
v -0.3500 3.0000 -3.7500
v -0.2500 3.0000 3.7500
v -0.2500 3.0000 -3.7500
v -0.1500 3.0000 3.7500
v -0.1500 3.0000 -3.7500
v -0.0500 3.0000 3.7500
v -0.0500 3.0000 -3.7500
v 0.0500 3.0000 3.7500
v 0.0500 3.0000 3.8500
v -0.0500 3.0000 3.8500
v 0.0500 3.0000 -3.8500
v 0.0500 3.0000 -3.7500
v -0.0500 3.0000 -3.8500
v 0.1500 3.0000 3.7500
v 0.1500 3.0000 -3.7500
v 0.2500 3.0000 3.7500
v 0.2500 3.0000 -3.7500
v 0.3500 3.0000 3.7500
v 0.3500 3.0000 -3.7500
v 0.4500 3.0000 3.7500
v 0.4500 3.0000 -3.7500
v 0.5500 3.0000 3.7500
v 0.5500 3.0000 -3.7500
v 0.6500 3.0000 3.7500
v 0.6500 3.0000 -3.7500
v 0.7500 3.0000 3.7500
v 0.7500 3.0000 -3.7500
v 0.8500 3.0000 3.6500
v 0.8500 3.0000 3.7500
v 0.8500 3.0000 -3.7500
v 0.8500 3.0000 -3.6500
v 0.9500 3.0000 3.6500
v 0.9500 3.0000 -3.6500
v 1.0500 3.0000 3.6500
v 1.0500 3.0000 -3.6500
v 1.1500 3.0000 3.6500
v 1.1500 3.0000 -3.6500
v 1.2500 3.0000 3.5500
v 1.2500 3.0000 3.6500
v 1.2500 3.0000 -3.6500
v 1.2500 3.0000 -3.5500
v 1.3500 3.0000 3.5500
v 1.3500 3.0000 -3.5500
v 1.4500 3.0000 3.4500
v 1.4500 3.0000 3.5500
v 1.4500 3.0000 -3.5500
v 1.4500 3.0000 -3.4500
v 1.5500 3.0000 3.4500
v 1.5500 3.0000 -3.4500
v 1.6500 3.0000 3.3500
v 1.6500 3.0000 3.4500
v 1.6500 3.0000 -3.4500
v 1.6500 3.0000 -3.3500
v 1.7500 3.0000 3.3500
v 1.7500 3.0000 -3.3500
v 1.8500 3.0000 3.2500
v 1.8500 3.0000 3.3500
v 1.8500 3.0000 -3.3500
v 1.8500 3.0000 -3.2500
v 1.9500 3.0000 3.2500
v 1.9500 3.0000 -3.2500
v 2.0500 3.0000 3.1500
v 2.0500 3.0000 3.2500
v 2.0500 3.0000 -3.2500
v 2.0500 3.0000 -3.1500
v 2.1500 3.0000 3.0500
v 2.1500 3.0000 3.1500
v 2.1500 3.0000 -3.1500
v 2.1500 3.0000 -3.0500
v 2.2500 3.0000 3.0500
v 2.2500 3.0000 -3.0500
v 2.3500 3.0000 2.9500
v 2.3500 3.0000 3.0500
v 2.3500 3.0000 -3.0500
v 2.3500 3.0000 -2.9500
v 2.4500 3.0000 2.8500
v 2.4500 3.0000 2.9500
v 2.4500 3.0000 -2.9500
v 2.4500 3.0000 -2.8500
v 2.5500 3.0000 2.7500
v 2.5500 3.0000 2.8500
v 2.5500 3.0000 -2.8500
v 2.5500 3.0000 -2.7500
v 2.6500 3.0000 2.6500
v 2.6500 3.0000 2.7500
v 2.6500 3.0000 -2.7500
v 2.6500 3.0000 -2.6500
v 2.7500 3.0000 2.5500
v 2.7500 3.0000 2.6500
v 2.7500 3.0000 -2.6500
v 2.7500 3.0000 -2.5500
v 2.8500 3.0000 2.4500
v 2.8500 3.0000 2.5500
v 2.8500 3.0000 -2.5500
v 2.8500 3.0000 -2.4500
v 2.9500 3.0000 2.3500
v 2.9500 3.0000 2.4500
v 2.9500 3.0000 -2.4500
v 2.9500 3.0000 -2.3500
v 3.0500 3.0000 2.2500
v 3.0500 3.0000 2.3500
v 3.0500 3.0000 2.1500
v 3.0500 3.0000 -2.2500
v 3.0500 3.0000 -2.1500
v 3.0500 3.0000 -2.3500
v 3.1500 3.0000 2.0500
v 3.1500 3.0000 2.1500
v 3.1500 3.0000 -2.1500
v 3.1500 3.0000 -2.0500
v 3.2500 3.0000 1.9500
v 3.2500 3.0000 2.0500
v 3.2500 3.0000 1.8500
v 3.2500 3.0000 -1.9500
v 3.2500 3.0000 -1.8500
v 3.2500 3.0000 -2.0500
v 3.3500 3.0000 1.7500
v 3.3500 3.0000 1.8500
v 3.3500 3.0000 1.6500
v 3.3500 3.0000 -1.7500
v 3.3500 3.0000 -1.6500
v 3.3500 3.0000 -1.8500
v 3.4500 3.0000 1.5500
v 3.4500 3.0000 1.6500
v 3.4500 3.0000 1.4500
v 3.4500 3.0000 -1.5500
v 3.4500 3.0000 -1.4500
v 3.4500 3.0000 -1.6500
v 3.5500 3.0000 1.3500
v 3.5500 3.0000 1.4500
v 3.5500 3.0000 1.2500
v 3.5500 3.0000 -1.3500
v 3.5500 3.0000 -1.2500
v 3.5500 3.0000 -1.4500
v 3.6500 3.0000 1.1500
v 3.6500 3.0000 1.2500
v 3.6500 3.0000 1.0500
v 3.6500 3.0000 0.9500
v 3.6500 3.0000 0.8500
v 3.6500 3.0000 -0.9500
v 3.6500 3.0000 -0.8500
v 3.6500 3.0000 -1.0500
v 3.6500 3.0000 -1.1500
v 3.6500 3.0000 -1.2500
v 3.7500 3.0000 0.7500
v 3.7500 3.0000 0.8500
v 3.7500 3.0000 0.6500
v 3.7500 3.0000 0.5500
v 3.7500 3.0000 0.4500
v 3.7500 3.0000 0.3500
v 3.7500 3.0000 0.2500
v 3.7500 3.0000 0.1500
v 3.7500 3.0000 0.0500
v 3.7500 3.0000 -0.1500
v 3.7500 3.0000 -0.0500
v 3.7500 3.0000 -0.2500
v 3.7500 3.0000 -0.3500
v 3.7500 3.0000 -0.4500
v 3.7500 3.0000 -0.5500
v 3.7500 3.0000 -0.6500
v 3.7500 3.0000 -0.7500
v 3.7500 3.0000 -0.8500
v 3.8500 3.0000 -0.0500
v 3.8500 3.0000 0.0500
v -3.8500 3.1000 0.0500
v -3.8500 3.1000 -0.0500
v -3.7500 3.1000 -0.0500
v -3.7500 3.1000 0.0500
v -3.7500 3.1000 0.8500
v -3.7500 3.1000 0.7500
v -3.6500 3.1000 0.8500
v -3.7500 3.1000 0.6500
v -3.7500 3.1000 0.5500
v -3.7500 3.1000 0.4500
v -3.7500 3.1000 0.3500
v -3.7500 3.1000 0.2500
v -3.7500 3.1000 0.1500
v -3.7500 3.1000 -0.1500
v -3.7500 3.1000 -0.2500
v -3.7500 3.1000 -0.3500
v -3.7500 3.1000 -0.4500
v -3.7500 3.1000 -0.5500
v -3.7500 3.1000 -0.6500
v -3.7500 3.1000 -0.7500
v -3.7500 3.1000 -0.8500
v -3.6500 3.1000 -0.8500
v -3.6500 3.1000 1.2500
v -3.6500 3.1000 1.1500
v -3.5500 3.1000 1.2500
v -3.6500 3.1000 1.0500
v -3.6500 3.1000 0.9500
v -3.6500 3.1000 -0.9500
v -3.6500 3.1000 -1.0500
v -3.6500 3.1000 -1.1500
v -3.6500 3.1000 -1.2500
v -3.5500 3.1000 -1.2500
v -3.5500 3.1000 1.4500
v -3.5500 3.1000 1.3500
v -3.4500 3.1000 1.4500
v -3.5500 3.1000 -1.3500
v -3.5500 3.1000 -1.4500
v -3.4500 3.1000 -1.4500
v -3.4500 3.1000 1.6500
v -3.4500 3.1000 1.5500
v -3.3500 3.1000 1.6500
v -3.4500 3.1000 -1.5500
v -3.4500 3.1000 -1.6500
v -3.3500 3.1000 -1.6500
v -3.3500 3.1000 1.8500
v -3.3500 3.1000 1.7500
v -3.2500 3.1000 1.8500
v -3.3500 3.1000 -1.7500
v -3.3500 3.1000 -1.8500
v -3.2500 3.1000 -1.8500
v -3.2500 3.1000 2.0500
v -3.2500 3.1000 1.9500
v -3.1500 3.1000 2.0500
v -3.2500 3.1000 -1.9500
v -3.2500 3.1000 -2.0500
v -3.1500 3.1000 -2.0500
v -3.1500 3.1000 2.1500
v -3.0500 3.1000 2.1500
v -3.1500 3.1000 -2.1500
v -3.0500 3.1000 -2.1500
v -3.0500 3.1000 2.3500
v -3.0500 3.1000 2.2500
v -2.9500 3.1000 2.3500
v -3.0500 3.1000 -2.2500
v -3.0500 3.1000 -2.3500
v -2.9500 3.1000 -2.3500
v -2.9500 3.1000 2.4500
v -2.8500 3.1000 2.4500
v -2.9500 3.1000 -2.4500
v -2.8500 3.1000 -2.4500
v -2.8500 3.1000 2.5500
v -2.7500 3.1000 2.5500
v -2.8500 3.1000 -2.5500
v -2.7500 3.1000 -2.5500
v -2.7500 3.1000 2.6500
v -2.6500 3.1000 2.6500
v -2.7500 3.1000 -2.6500
v -2.6500 3.1000 -2.6500
v -2.6500 3.1000 2.7500
v -2.5500 3.1000 2.7500
v -2.6500 3.1000 -2.7500
v -2.5500 3.1000 -2.7500
v -2.5500 3.1000 2.8500
v -2.4500 3.1000 2.8500
v -2.5500 3.1000 -2.8500
v -2.4500 3.1000 -2.8500
v -2.4500 3.1000 2.9500
v -2.3500 3.1000 2.9500
v -2.4500 3.1000 -2.9500
v -2.3500 3.1000 -2.9500
v -2.3500 3.1000 3.0500
v -2.2500 3.1000 3.0500
v -2.3500 3.1000 -3.0500
v -2.2500 3.1000 -3.0500
v -2.1500 3.1000 3.0500
v -2.1500 3.1000 -3.0500
v -2.1500 3.1000 3.1500
v -2.0500 3.1000 3.1500
v -2.1500 3.1000 -3.1500
v -2.0500 3.1000 -3.1500
v -2.0500 3.1000 3.2500
v -1.9500 3.1000 3.2500
v -2.0500 3.1000 -3.2500
v -1.9500 3.1000 -3.2500
v -1.8500 3.1000 3.2500
v -1.8500 3.1000 -3.2500
v -1.8500 3.1000 3.3500
v -1.7500 3.1000 3.3500
v -1.8500 3.1000 -3.3500
v -1.7500 3.1000 -3.3500
v -1.6500 3.1000 3.3500
v -1.6500 3.1000 -3.3500
v -1.6500 3.1000 3.4500
v -1.5500 3.1000 3.4500
v -1.6500 3.1000 -3.4500
v -1.5500 3.1000 -3.4500
v -1.4500 3.1000 3.4500
v -1.4500 3.1000 -3.4500
v -1.4500 3.1000 3.5500
v -1.3500 3.1000 3.5500
v -1.4500 3.1000 -3.5500
v -1.3500 3.1000 -3.5500
v -1.2500 3.1000 3.5500
v -1.2500 3.1000 -3.5500
v -1.2500 3.1000 3.6500
v -1.1500 3.1000 3.6500
v -1.2500 3.1000 -3.6500
v -1.1500 3.1000 -3.6500
v -1.0500 3.1000 3.6500
v -1.0500 3.1000 -3.6500
v -0.9500 3.1000 3.6500
v -0.9500 3.1000 -3.6500
v -0.8500 3.1000 3.6500
v -0.8500 3.1000 -3.6500
v -0.8500 3.1000 3.7500
v -0.7500 3.1000 3.7500
v -0.8500 3.1000 -3.7500
v -0.7500 3.1000 -3.7500
v -0.6500 3.1000 3.7500
v -0.6500 3.1000 -3.7500
v -0.5500 3.1000 3.7500
v -0.5500 3.1000 -3.7500
v -0.4500 3.1000 3.7500
v -0.4500 3.1000 -3.7500
v -0.3500 3.1000 3.7500
v -0.3500 3.1000 -3.7500
v -0.2500 3.1000 3.7500
v -0.2500 3.1000 -3.7500
v -0.1500 3.1000 3.7500
v -0.1500 3.1000 -3.7500
v -0.0500 3.1000 3.7500
v -0.0500 3.1000 -3.7500
v 0.0500 3.1000 3.7500
v 0.0500 3.1000 3.8500
v -0.0500 3.1000 3.8500
v 0.0500 3.1000 -3.8500
v 0.0500 3.1000 -3.7500
v -0.0500 3.1000 -3.8500
v 0.1500 3.1000 3.7500
v 0.1500 3.1000 -3.7500
v 0.2500 3.1000 3.7500
v 0.2500 3.1000 -3.7500
v 0.3500 3.1000 3.7500
v 0.3500 3.1000 -3.7500
v 0.4500 3.1000 3.7500
v 0.4500 3.1000 -3.7500
v 0.5500 3.1000 3.7500
v 0.5500 3.1000 -3.7500
v 0.6500 3.1000 3.7500
v 0.6500 3.1000 -3.7500
v 0.7500 3.1000 3.7500
v 0.7500 3.1000 -3.7500
v 0.8500 3.1000 3.6500
v 0.8500 3.1000 3.7500
v 0.8500 3.1000 -3.7500
v 0.8500 3.1000 -3.6500
v 0.9500 3.1000 3.6500
v 0.9500 3.1000 -3.6500
v 1.0500 3.1000 3.6500
v 1.0500 3.1000 -3.6500
v 1.1500 3.1000 3.6500
v 1.1500 3.1000 -3.6500
v 1.2500 3.1000 3.5500
v 1.2500 3.1000 3.6500
v 1.2500 3.1000 -3.6500
v 1.2500 3.1000 -3.5500
v 1.3500 3.1000 3.5500
v 1.3500 3.1000 -3.5500
v 1.4500 3.1000 3.4500
v 1.4500 3.1000 3.5500
v 1.4500 3.1000 -3.5500
v 1.4500 3.1000 -3.4500
v 1.5500 3.1000 3.4500
v 1.5500 3.1000 -3.4500
v 1.6500 3.1000 3.3500
v 1.6500 3.1000 3.4500
v 1.6500 3.1000 -3.4500
v 1.6500 3.1000 -3.3500
v 1.7500 3.1000 3.3500
v 1.7500 3.1000 -3.3500
v 1.8500 3.1000 3.2500
v 1.8500 3.1000 3.3500
v 1.8500 3.1000 -3.3500
v 1.8500 3.1000 -3.2500
v 1.9500 3.1000 3.2500
v 1.9500 3.1000 -3.2500
v 2.0500 3.1000 3.1500
v 2.0500 3.1000 3.2500
v 2.0500 3.1000 -3.2500
v 2.0500 3.1000 -3.1500
v 2.1500 3.1000 3.0500
v 2.1500 3.1000 3.1500
v 2.1500 3.1000 -3.1500
v 2.1500 3.1000 -3.0500
v 2.2500 3.1000 3.0500
v 2.2500 3.1000 -3.0500
v 2.3500 3.1000 2.9500
v 2.3500 3.1000 3.0500
v 2.3500 3.1000 -3.0500
v 2.3500 3.1000 -2.9500
v 2.4500 3.1000 2.8500
v 2.4500 3.1000 2.9500
v 2.4500 3.1000 -2.9500
v 2.4500 3.1000 -2.8500
v 2.5500 3.1000 2.7500
v 2.5500 3.1000 2.8500
v 2.5500 3.1000 -2.8500
v 2.5500 3.1000 -2.7500
v 2.6500 3.1000 2.6500
v 2.6500 3.1000 2.7500
v 2.6500 3.1000 -2.7500
v 2.6500 3.1000 -2.6500
v 2.7500 3.1000 2.5500
v 2.7500 3.1000 2.6500
v 2.7500 3.1000 -2.6500
v 2.7500 3.1000 -2.5500
v 2.8500 3.1000 2.4500
v 2.8500 3.1000 2.5500
v 2.8500 3.1000 -2.5500
v 2.8500 3.1000 -2.4500
v 2.9500 3.1000 2.3500
v 2.9500 3.1000 2.4500
v 2.9500 3.1000 -2.4500
v 2.9500 3.1000 -2.3500
v 3.0500 3.1000 2.2500
v 3.0500 3.1000 2.3500
v 3.0500 3.1000 2.1500
v 3.0500 3.1000 -2.2500
v 3.0500 3.1000 -2.1500
v 3.0500 3.1000 -2.3500
v 3.1500 3.1000 2.0500
v 3.1500 3.1000 2.1500
v 3.1500 3.1000 -2.1500
v 3.1500 3.1000 -2.0500
v 3.2500 3.1000 1.9500
v 3.2500 3.1000 2.0500
v 3.2500 3.1000 1.8500
v 3.2500 3.1000 -1.9500
v 3.2500 3.1000 -1.8500
v 3.2500 3.1000 -2.0500
v 3.3500 3.1000 1.7500
v 3.3500 3.1000 1.8500
v 3.3500 3.1000 1.6500
v 3.3500 3.1000 -1.7500
v 3.3500 3.1000 -1.6500
v 3.3500 3.1000 -1.8500
v 3.4500 3.1000 1.5500
v 3.4500 3.1000 1.6500
v 3.4500 3.1000 1.4500
v 3.4500 3.1000 -1.5500
v 3.4500 3.1000 -1.4500
v 3.4500 3.1000 -1.6500
v 3.5500 3.1000 1.3500
v 3.5500 3.1000 1.4500
v 3.5500 3.1000 1.2500
v 3.5500 3.1000 -1.3500
v 3.5500 3.1000 -1.2500
v 3.5500 3.1000 -1.4500
v 3.6500 3.1000 1.1500
v 3.6500 3.1000 1.2500
v 3.6500 3.1000 1.0500
v 3.6500 3.1000 0.9500
v 3.6500 3.1000 0.8500
v 3.6500 3.1000 -0.9500
v 3.6500 3.1000 -0.8500
v 3.6500 3.1000 -1.0500
v 3.6500 3.1000 -1.1500
v 3.6500 3.1000 -1.2500
v 3.7500 3.1000 0.7500
v 3.7500 3.1000 0.8500
v 3.7500 3.1000 0.6500
v 3.7500 3.1000 0.5500
v 3.7500 3.1000 0.4500
v 3.7500 3.1000 0.3500
v 3.7500 3.1000 0.2500
v 3.7500 3.1000 0.1500
v 3.7500 3.1000 0.0500
v 3.7500 3.1000 -0.1500
v 3.7500 3.1000 -0.0500
v 3.7500 3.1000 -0.2500
v 3.7500 3.1000 -0.3500
v 3.7500 3.1000 -0.4500
v 3.7500 3.1000 -0.5500
v 3.7500 3.1000 -0.6500
v 3.7500 3.1000 -0.7500
v 3.7500 3.1000 -0.8500
v 3.8500 3.1000 -0.0500
v 3.8500 3.1000 0.0500
v -3.8500 3.2000 0.0500
v -3.8500 3.2000 -0.0500
v -3.7500 3.2000 -0.0500
v -3.7500 3.2000 0.0500
v -3.7500 3.2000 0.8500
v -3.7500 3.2000 0.7500
v -3.6500 3.2000 0.8500
v -3.7500 3.2000 0.6500
v -3.7500 3.2000 0.5500
v -3.7500 3.2000 0.4500
v -3.7500 3.2000 0.3500
v -3.7500 3.2000 0.2500
v -3.7500 3.2000 0.1500
v -3.7500 3.2000 -0.1500
v -3.7500 3.2000 -0.2500
v -3.7500 3.2000 -0.3500
v -3.7500 3.2000 -0.4500
v -3.7500 3.2000 -0.5500
v -3.7500 3.2000 -0.6500
v -3.7500 3.2000 -0.7500
v -3.7500 3.2000 -0.8500
v -3.6500 3.2000 -0.8500
v -3.6500 3.2000 1.2500
v -3.6500 3.2000 1.1500
v -3.5500 3.2000 1.2500
v -3.6500 3.2000 1.0500
v -3.6500 3.2000 0.9500
v -3.6500 3.2000 -0.9500
v -3.6500 3.2000 -1.0500
v -3.6500 3.2000 -1.1500
v -3.6500 3.2000 -1.2500
v -3.5500 3.2000 -1.2500
v -3.5500 3.2000 1.4500
v -3.5500 3.2000 1.3500
v -3.4500 3.2000 1.4500
v -3.5500 3.2000 -1.3500
v -3.5500 3.2000 -1.4500
v -3.4500 3.2000 -1.4500
v -3.4500 3.2000 1.6500
v -3.4500 3.2000 1.5500
v -3.3500 3.2000 1.6500
v -3.4500 3.2000 -1.5500
v -3.4500 3.2000 -1.6500
v -3.3500 3.2000 -1.6500
v -3.3500 3.2000 1.8500
v -3.3500 3.2000 1.7500
v -3.2500 3.2000 1.8500
v -3.3500 3.2000 -1.7500
v -3.3500 3.2000 -1.8500
v -3.2500 3.2000 -1.8500
v -3.2500 3.2000 2.0500
v -3.2500 3.2000 1.9500
v -3.1500 3.2000 2.0500
v -3.2500 3.2000 -1.9500
v -3.2500 3.2000 -2.0500
v -3.1500 3.2000 -2.0500
v -3.1500 3.2000 2.1500
v -3.0500 3.2000 2.1500
v -3.1500 3.2000 -2.1500
v -3.0500 3.2000 -2.1500
v -3.0500 3.2000 2.3500
v -3.0500 3.2000 2.2500
v -2.9500 3.2000 2.3500
v -3.0500 3.2000 -2.2500
v -3.0500 3.2000 -2.3500
v -2.9500 3.2000 -2.3500
v -2.9500 3.2000 2.4500
v -2.8500 3.2000 2.4500
v -2.9500 3.2000 -2.4500
v -2.8500 3.2000 -2.4500
v -2.8500 3.2000 2.5500
v -2.7500 3.2000 2.5500
v -2.8500 3.2000 -2.5500
v -2.7500 3.2000 -2.5500
v -2.7500 3.2000 2.6500
v -2.6500 3.2000 2.6500
v -2.7500 3.2000 -2.6500
v -2.6500 3.2000 -2.6500
v -2.6500 3.2000 2.7500
v -2.5500 3.2000 2.7500
v -2.6500 3.2000 -2.7500
v -2.5500 3.2000 -2.7500
v -2.5500 3.2000 2.8500
v -2.4500 3.2000 2.8500
v -2.5500 3.2000 -2.8500
v -2.4500 3.2000 -2.8500
v -2.4500 3.2000 2.9500
v -2.3500 3.2000 2.9500
v -2.4500 3.2000 -2.9500
v -2.3500 3.2000 -2.9500
v -2.3500 3.2000 3.0500
v -2.2500 3.2000 3.0500
v -2.3500 3.2000 -3.0500
v -2.2500 3.2000 -3.0500
v -2.1500 3.2000 3.0500
v -2.1500 3.2000 -3.0500
v -2.1500 3.2000 3.1500
v -2.0500 3.2000 3.1500
v -2.1500 3.2000 -3.1500
v -2.0500 3.2000 -3.1500
v -2.0500 3.2000 3.2500
v -1.9500 3.2000 3.2500
v -2.0500 3.2000 -3.2500
v -1.9500 3.2000 -3.2500
v -1.8500 3.2000 3.2500
v -1.8500 3.2000 -3.2500
v -1.8500 3.2000 3.3500
v -1.7500 3.2000 3.3500
v -1.8500 3.2000 -3.3500
v -1.7500 3.2000 -3.3500
v -1.6500 3.2000 3.3500
v -1.6500 3.2000 -3.3500
v -1.6500 3.2000 3.4500
v -1.5500 3.2000 3.4500
v -1.6500 3.2000 -3.4500
v -1.5500 3.2000 -3.4500
v -1.4500 3.2000 3.4500
v -1.4500 3.2000 -3.4500
v -1.4500 3.2000 3.5500
v -1.3500 3.2000 3.5500
v -1.4500 3.2000 -3.5500
v -1.3500 3.2000 -3.5500
v -1.2500 3.2000 3.5500
v -1.2500 3.2000 -3.5500
v -1.2500 3.2000 3.6500
v -1.1500 3.2000 3.6500
v -1.2500 3.2000 -3.6500
v -1.1500 3.2000 -3.6500
v -1.0500 3.2000 3.6500
v -1.0500 3.2000 -3.6500
v -0.9500 3.2000 3.6500
v -0.9500 3.2000 -3.6500
v -0.8500 3.2000 3.6500
v -0.8500 3.2000 -3.6500
v -0.8500 3.2000 3.7500
v -0.7500 3.2000 3.7500
v -0.8500 3.2000 -3.7500
v -0.7500 3.2000 -3.7500
v -0.6500 3.2000 3.7500
v -0.6500 3.2000 -3.7500
v -0.5500 3.2000 3.7500
v -0.5500 3.2000 -3.7500
v -0.4500 3.2000 3.7500
v -0.4500 3.2000 -3.7500
v -0.3500 3.2000 3.7500
v -0.3500 3.2000 -3.7500
v -0.2500 3.2000 3.7500
v -0.2500 3.2000 -3.7500
v -0.1500 3.2000 3.7500
v -0.1500 3.2000 -3.7500
v -0.0500 3.2000 3.7500
v -0.0500 3.2000 -3.7500
v 0.0500 3.2000 3.7500
v 0.0500 3.2000 3.8500
v -0.0500 3.2000 3.8500
v 0.0500 3.2000 -3.8500
v 0.0500 3.2000 -3.7500
v -0.0500 3.2000 -3.8500
v 0.1500 3.2000 3.7500
v 0.1500 3.2000 -3.7500
v 0.2500 3.2000 3.7500
v 0.2500 3.2000 -3.7500
v 0.3500 3.2000 3.7500
v 0.3500 3.2000 -3.7500
v 0.4500 3.2000 3.7500
v 0.4500 3.2000 -3.7500
v 0.5500 3.2000 3.7500
v 0.5500 3.2000 -3.7500
v 0.6500 3.2000 3.7500
v 0.6500 3.2000 -3.7500
v 0.7500 3.2000 3.7500
v 0.7500 3.2000 -3.7500
v 0.8500 3.2000 3.6500
v 0.8500 3.2000 3.7500
v 0.8500 3.2000 -3.7500
v 0.8500 3.2000 -3.6500
v 0.9500 3.2000 3.6500
v 0.9500 3.2000 -3.6500
v 1.0500 3.2000 3.6500
v 1.0500 3.2000 -3.6500
v 1.1500 3.2000 3.6500
v 1.1500 3.2000 -3.6500
v 1.2500 3.2000 3.5500
v 1.2500 3.2000 3.6500
v 1.2500 3.2000 -3.6500
v 1.2500 3.2000 -3.5500
v 1.3500 3.2000 3.5500
v 1.3500 3.2000 -3.5500
v 1.4500 3.2000 3.4500
v 1.4500 3.2000 3.5500
v 1.4500 3.2000 -3.5500
v 1.4500 3.2000 -3.4500
v 1.5500 3.2000 3.4500
v 1.5500 3.2000 -3.4500
v 1.6500 3.2000 3.3500
v 1.6500 3.2000 3.4500
v 1.6500 3.2000 -3.4500
v 1.6500 3.2000 -3.3500
v 1.7500 3.2000 3.3500
v 1.7500 3.2000 -3.3500
v 1.8500 3.2000 3.2500
v 1.8500 3.2000 3.3500
v 1.8500 3.2000 -3.3500
v 1.8500 3.2000 -3.2500
v 1.9500 3.2000 3.2500
v 1.9500 3.2000 -3.2500
v 2.0500 3.2000 3.1500
v 2.0500 3.2000 3.2500
v 2.0500 3.2000 -3.2500
v 2.0500 3.2000 -3.1500
v 2.1500 3.2000 3.0500
v 2.1500 3.2000 3.1500
v 2.1500 3.2000 -3.1500
v 2.1500 3.2000 -3.0500
v 2.2500 3.2000 3.0500
v 2.2500 3.2000 -3.0500
v 2.3500 3.2000 2.9500
v 2.3500 3.2000 3.0500
v 2.3500 3.2000 -3.0500
v 2.3500 3.2000 -2.9500
v 2.4500 3.2000 2.8500
v 2.4500 3.2000 2.9500
v 2.4500 3.2000 -2.9500
v 2.4500 3.2000 -2.8500
v 2.5500 3.2000 2.7500
v 2.5500 3.2000 2.8500
v 2.5500 3.2000 -2.8500
v 2.5500 3.2000 -2.7500
v 2.6500 3.2000 2.6500
v 2.6500 3.2000 2.7500
v 2.6500 3.2000 -2.7500
v 2.6500 3.2000 -2.6500
v 2.7500 3.2000 2.5500
v 2.7500 3.2000 2.6500
v 2.7500 3.2000 -2.6500
v 2.7500 3.2000 -2.5500
v 2.8500 3.2000 2.4500
v 2.8500 3.2000 2.5500
v 2.8500 3.2000 -2.5500
v 2.8500 3.2000 -2.4500
v 2.9500 3.2000 2.3500
v 2.9500 3.2000 2.4500
v 2.9500 3.2000 -2.4500
v 2.9500 3.2000 -2.3500
v 3.0500 3.2000 2.2500
v 3.0500 3.2000 2.3500
v 3.0500 3.2000 2.1500
v 3.0500 3.2000 -2.2500
v 3.0500 3.2000 -2.1500
v 3.0500 3.2000 -2.3500
v 3.1500 3.2000 2.0500
v 3.1500 3.2000 2.1500
v 3.1500 3.2000 -2.1500
v 3.1500 3.2000 -2.0500
v 3.2500 3.2000 1.9500
v 3.2500 3.2000 2.0500
v 3.2500 3.2000 1.8500
v 3.2500 3.2000 -1.9500
v 3.2500 3.2000 -1.8500
v 3.2500 3.2000 -2.0500
v 3.3500 3.2000 1.7500
v 3.3500 3.2000 1.8500
v 3.3500 3.2000 1.6500
v 3.3500 3.2000 -1.7500
v 3.3500 3.2000 -1.6500
v 3.3500 3.2000 -1.8500
v 3.4500 3.2000 1.5500
v 3.4500 3.2000 1.6500
v 3.4500 3.2000 1.4500
v 3.4500 3.2000 -1.5500
v 3.4500 3.2000 -1.4500
v 3.4500 3.2000 -1.6500
v 3.5500 3.2000 1.3500
v 3.5500 3.2000 1.4500
v 3.5500 3.2000 1.2500
v 3.5500 3.2000 -1.3500
v 3.5500 3.2000 -1.2500
v 3.5500 3.2000 -1.4500
v 3.6500 3.2000 1.1500
v 3.6500 3.2000 1.2500
v 3.6500 3.2000 1.0500
v 3.6500 3.2000 0.9500
v 3.6500 3.2000 0.8500
v 3.6500 3.2000 -0.9500
v 3.6500 3.2000 -0.8500
v 3.6500 3.2000 -1.0500
v 3.6500 3.2000 -1.1500
v 3.6500 3.2000 -1.2500
v 3.7500 3.2000 0.7500
v 3.7500 3.2000 0.8500
v 3.7500 3.2000 0.6500
v 3.7500 3.2000 0.5500
v 3.7500 3.2000 0.4500
v 3.7500 3.2000 0.3500
v 3.7500 3.2000 0.2500
v 3.7500 3.2000 0.1500
v 3.7500 3.2000 0.0500
v 3.7500 3.2000 -0.1500
v 3.7500 3.2000 -0.0500
v 3.7500 3.2000 -0.2500
v 3.7500 3.2000 -0.3500
v 3.7500 3.2000 -0.4500
v 3.7500 3.2000 -0.5500
v 3.7500 3.2000 -0.6500
v 3.7500 3.2000 -0.7500
v 3.7500 3.2000 -0.8500
v 3.8500 3.2000 -0.0500
v 3.8500 3.2000 0.0500
v -3.8500 3.3000 0.0500
v -3.8500 3.3000 -0.0500
v -3.7500 3.3000 -0.0500
v -3.7500 3.3000 0.0500
v -3.7500 3.3000 0.8500
v -3.7500 3.3000 0.7500
v -3.6500 3.3000 0.8500
v -3.7500 3.3000 0.6500
v -3.7500 3.3000 0.5500
v -3.7500 3.3000 0.4500
v -3.7500 3.3000 0.3500
v -3.7500 3.3000 0.2500
v -3.7500 3.3000 0.1500
v -3.7500 3.3000 -0.1500
v -3.7500 3.3000 -0.2500
v -3.7500 3.3000 -0.3500
v -3.7500 3.3000 -0.4500
v -3.7500 3.3000 -0.5500
v -3.7500 3.3000 -0.6500
v -3.7500 3.3000 -0.7500
v -3.7500 3.3000 -0.8500
v -3.6500 3.3000 -0.8500
v -3.6500 3.3000 1.2500
v -3.6500 3.3000 1.1500
v -3.5500 3.3000 1.2500
v -3.6500 3.3000 1.0500
v -3.6500 3.3000 0.9500
v -3.6500 3.3000 -0.9500
v -3.6500 3.3000 -1.0500
v -3.6500 3.3000 -1.1500
v -3.6500 3.3000 -1.2500
v -3.5500 3.3000 -1.2500
v -3.5500 3.3000 1.4500
v -3.5500 3.3000 1.3500
v -3.4500 3.3000 1.4500
v -3.5500 3.3000 -1.3500
v -3.5500 3.3000 -1.4500
v -3.4500 3.3000 -1.4500
v -3.4500 3.3000 1.6500
v -3.4500 3.3000 1.5500
v -3.3500 3.3000 1.6500
v -3.4500 3.3000 -1.5500
v -3.4500 3.3000 -1.6500
v -3.3500 3.3000 -1.6500
v -3.3500 3.3000 1.8500
v -3.3500 3.3000 1.7500
v -3.2500 3.3000 1.8500
v -3.3500 3.3000 -1.7500
v -3.3500 3.3000 -1.8500
v -3.2500 3.3000 -1.8500
v -3.2500 3.3000 2.0500
v -3.2500 3.3000 1.9500
v -3.1500 3.3000 2.0500
v -3.2500 3.3000 -1.9500
v -3.2500 3.3000 -2.0500
v -3.1500 3.3000 -2.0500
v -3.1500 3.3000 2.1500
v -3.0500 3.3000 2.1500
v -3.1500 3.3000 -2.1500
v -3.0500 3.3000 -2.1500
v -3.0500 3.3000 2.3500
v -3.0500 3.3000 2.2500
v -2.9500 3.3000 2.3500
v -3.0500 3.3000 -2.2500
v -3.0500 3.3000 -2.3500
v -2.9500 3.3000 -2.3500
v -2.9500 3.3000 2.4500
v -2.8500 3.3000 2.4500
v -2.9500 3.3000 -2.4500
v -2.8500 3.3000 -2.4500
v -2.8500 3.3000 2.5500
v -2.7500 3.3000 2.5500
v -2.8500 3.3000 -2.5500
v -2.7500 3.3000 -2.5500
v -2.7500 3.3000 2.6500
v -2.6500 3.3000 2.6500
v -2.7500 3.3000 -2.6500
v -2.6500 3.3000 -2.6500
v -2.6500 3.3000 2.7500
v -2.5500 3.3000 2.7500
v -2.6500 3.3000 -2.7500
v -2.5500 3.3000 -2.7500
v -2.5500 3.3000 2.8500
v -2.4500 3.3000 2.8500
v -2.5500 3.3000 -2.8500
v -2.4500 3.3000 -2.8500
v -2.4500 3.3000 2.9500
v -2.3500 3.3000 2.9500
v -2.4500 3.3000 -2.9500
v -2.3500 3.3000 -2.9500
v -2.3500 3.3000 3.0500
v -2.2500 3.3000 3.0500
v -2.3500 3.3000 -3.0500
v -2.2500 3.3000 -3.0500
v -2.1500 3.3000 3.0500
v -2.1500 3.3000 -3.0500
v -2.1500 3.3000 3.1500
v -2.0500 3.3000 3.1500
v -2.1500 3.3000 -3.1500
v -2.0500 3.3000 -3.1500
v -2.0500 3.3000 3.2500
v -1.9500 3.3000 3.2500
v -2.0500 3.3000 -3.2500
v -1.9500 3.3000 -3.2500
v -1.8500 3.3000 3.2500
v -1.8500 3.3000 -3.2500
v -1.8500 3.3000 3.3500
v -1.7500 3.3000 3.3500
v -1.8500 3.3000 -3.3500
v -1.7500 3.3000 -3.3500
v -1.6500 3.3000 3.3500
v -1.6500 3.3000 -3.3500
v -1.6500 3.3000 3.4500
v -1.5500 3.3000 3.4500
v -1.6500 3.3000 -3.4500
v -1.5500 3.3000 -3.4500
v -1.4500 3.3000 3.4500
v -1.4500 3.3000 -3.4500
v -1.4500 3.3000 3.5500
v -1.3500 3.3000 3.5500
v -1.4500 3.3000 -3.5500
v -1.3500 3.3000 -3.5500
v -1.2500 3.3000 3.5500
v -1.2500 3.3000 -3.5500
v -1.2500 3.3000 3.6500
v -1.1500 3.3000 3.6500
v -1.2500 3.3000 -3.6500
v -1.1500 3.3000 -3.6500
v -1.0500 3.3000 3.6500
v -1.0500 3.3000 -3.6500
v -0.9500 3.3000 3.6500
v -0.9500 3.3000 -3.6500
v -0.8500 3.3000 3.6500
v -0.8500 3.3000 -3.6500
v -0.8500 3.3000 3.7500
v -0.7500 3.3000 3.7500
v -0.8500 3.3000 -3.7500
v -0.7500 3.3000 -3.7500
v -0.6500 3.3000 3.7500
v -0.6500 3.3000 -3.7500
v -0.5500 3.3000 3.7500
v -0.5500 3.3000 -3.7500
v -0.4500 3.3000 3.7500
v -0.4500 3.3000 -3.7500
v -0.3500 3.3000 3.7500
v -0.3500 3.3000 -3.7500
v -0.2500 3.3000 3.7500
v -0.2500 3.3000 -3.7500
v -0.1500 3.3000 3.7500
v -0.1500 3.3000 -3.7500
v -0.0500 3.3000 3.7500
v -0.0500 3.3000 -3.7500
v 0.0500 3.3000 3.7500
v 0.0500 3.3000 3.8500
v -0.0500 3.3000 3.8500
v 0.0500 3.3000 -3.8500
v 0.0500 3.3000 -3.7500
v -0.0500 3.3000 -3.8500
v 0.1500 3.3000 3.7500
v 0.1500 3.3000 -3.7500
v 0.2500 3.3000 3.7500
v 0.2500 3.3000 -3.7500
v 0.3500 3.3000 3.7500
v 0.3500 3.3000 -3.7500
v 0.4500 3.3000 3.7500
v 0.4500 3.3000 -3.7500
v 0.5500 3.3000 3.7500
v 0.5500 3.3000 -3.7500
v 0.6500 3.3000 3.7500
v 0.6500 3.3000 -3.7500
v 0.7500 3.3000 3.7500
v 0.7500 3.3000 -3.7500
v 0.8500 3.3000 3.6500
v 0.8500 3.3000 3.7500
v 0.8500 3.3000 -3.7500
v 0.8500 3.3000 -3.6500
v 0.9500 3.3000 3.6500
v 0.9500 3.3000 -3.6500
v 1.0500 3.3000 3.6500
v 1.0500 3.3000 -3.6500
v 1.1500 3.3000 3.6500
v 1.1500 3.3000 -3.6500
v 1.2500 3.3000 3.5500
v 1.2500 3.3000 3.6500
v 1.2500 3.3000 -3.6500
v 1.2500 3.3000 -3.5500
v 1.3500 3.3000 3.5500
v 1.3500 3.3000 -3.5500
v 1.4500 3.3000 3.4500
v 1.4500 3.3000 3.5500
v 1.4500 3.3000 -3.5500
v 1.4500 3.3000 -3.4500
v 1.5500 3.3000 3.4500
v 1.5500 3.3000 -3.4500
v 1.6500 3.3000 3.3500
v 1.6500 3.3000 3.4500
v 1.6500 3.3000 -3.4500
v 1.6500 3.3000 -3.3500
v 1.7500 3.3000 3.3500
v 1.7500 3.3000 -3.3500
v 1.8500 3.3000 3.2500
v 1.8500 3.3000 3.3500
v 1.8500 3.3000 -3.3500
v 1.8500 3.3000 -3.2500
v 1.9500 3.3000 3.2500
v 1.9500 3.3000 -3.2500
v 2.0500 3.3000 3.1500
v 2.0500 3.3000 3.2500
v 2.0500 3.3000 -3.2500
v 2.0500 3.3000 -3.1500
v 2.1500 3.3000 3.0500
v 2.1500 3.3000 3.1500
v 2.1500 3.3000 -3.1500
v 2.1500 3.3000 -3.0500
v 2.2500 3.3000 3.0500
v 2.2500 3.3000 -3.0500
v 2.3500 3.3000 2.9500
v 2.3500 3.3000 3.0500
v 2.3500 3.3000 -3.0500
v 2.3500 3.3000 -2.9500
v 2.4500 3.3000 2.8500
v 2.4500 3.3000 2.9500
v 2.4500 3.3000 -2.9500
v 2.4500 3.3000 -2.8500
v 2.5500 3.3000 2.7500
v 2.5500 3.3000 2.8500
v 2.5500 3.3000 -2.8500
v 2.5500 3.3000 -2.7500
v 2.6500 3.3000 2.6500
v 2.6500 3.3000 2.7500
v 2.6500 3.3000 -2.7500
v 2.6500 3.3000 -2.6500
v 2.7500 3.3000 2.5500
v 2.7500 3.3000 2.6500
v 2.7500 3.3000 -2.6500
v 2.7500 3.3000 -2.5500
v 2.8500 3.3000 2.4500
v 2.8500 3.3000 2.5500
v 2.8500 3.3000 -2.5500
v 2.8500 3.3000 -2.4500
v 2.9500 3.3000 2.3500
v 2.9500 3.3000 2.4500
v 2.9500 3.3000 -2.4500
v 2.9500 3.3000 -2.3500
v 3.0500 3.3000 2.2500
v 3.0500 3.3000 2.3500
v 3.0500 3.3000 2.1500
v 3.0500 3.3000 -2.2500
v 3.0500 3.3000 -2.1500
v 3.0500 3.3000 -2.3500
v 3.1500 3.3000 2.0500
v 3.1500 3.3000 2.1500
v 3.1500 3.3000 -2.1500
v 3.1500 3.3000 -2.0500
v 3.2500 3.3000 1.9500
v 3.2500 3.3000 2.0500
v 3.2500 3.3000 1.8500
v 3.2500 3.3000 -1.9500
v 3.2500 3.3000 -1.8500
v 3.2500 3.3000 -2.0500
v 3.3500 3.3000 1.7500
v 3.3500 3.3000 1.8500
v 3.3500 3.3000 1.6500
v 3.3500 3.3000 -1.7500
v 3.3500 3.3000 -1.6500
v 3.3500 3.3000 -1.8500
v 3.4500 3.3000 1.5500
v 3.4500 3.3000 1.6500
v 3.4500 3.3000 1.4500
v 3.4500 3.3000 -1.5500
v 3.4500 3.3000 -1.4500
v 3.4500 3.3000 -1.6500
v 3.5500 3.3000 1.3500
v 3.5500 3.3000 1.4500
v 3.5500 3.3000 1.2500
v 3.5500 3.3000 -1.3500
v 3.5500 3.3000 -1.2500
v 3.5500 3.3000 -1.4500
v 3.6500 3.3000 1.1500
v 3.6500 3.3000 1.2500
v 3.6500 3.3000 1.0500
v 3.6500 3.3000 0.9500
v 3.6500 3.3000 0.8500
v 3.6500 3.3000 -0.9500
v 3.6500 3.3000 -0.8500
v 3.6500 3.3000 -1.0500
v 3.6500 3.3000 -1.1500
v 3.6500 3.3000 -1.2500
v 3.7500 3.3000 0.7500
v 3.7500 3.3000 0.8500
v 3.7500 3.3000 0.6500
v 3.7500 3.3000 0.5500
v 3.7500 3.3000 0.4500
v 3.7500 3.3000 0.3500
v 3.7500 3.3000 0.2500
v 3.7500 3.3000 0.1500
v 3.7500 3.3000 0.0500
v 3.7500 3.3000 -0.1500
v 3.7500 3.3000 -0.0500
v 3.7500 3.3000 -0.2500
v 3.7500 3.3000 -0.3500
v 3.7500 3.3000 -0.4500
v 3.7500 3.3000 -0.5500
v 3.7500 3.3000 -0.6500
v 3.7500 3.3000 -0.7500
v 3.7500 3.3000 -0.8500
v 3.8500 3.3000 -0.0500
v 3.8500 3.3000 0.0500
v -3.8500 3.4000 0.0500
v -3.8500 3.4000 -0.0500
v -3.7500 3.4000 -0.0500
v -3.7500 3.4000 0.0500
v -3.7500 3.4000 0.8500
v -3.7500 3.4000 0.7500
v -3.6500 3.4000 0.8500
v -3.6500 3.4000 0.7500
v -3.7500 3.4000 0.6500
v -3.6500 3.4000 0.6500
v -3.7500 3.4000 0.5500
v -3.6500 3.4000 0.5500
v -3.7500 3.4000 0.4500
v -3.6500 3.4000 0.4500
v -3.7500 3.4000 0.3500
v -3.6500 3.4000 0.3500
v -3.7500 3.4000 0.2500
v -3.6500 3.4000 0.2500
v -3.7500 3.4000 0.1500
v -3.6500 3.4000 0.1500
v -3.6500 3.4000 0.0500
v -3.6500 3.4000 -0.0500
v -3.7500 3.4000 -0.1500
v -3.6500 3.4000 -0.1500
v -3.7500 3.4000 -0.2500
v -3.6500 3.4000 -0.2500
v -3.7500 3.4000 -0.3500
v -3.6500 3.4000 -0.3500
v -3.7500 3.4000 -0.4500
v -3.6500 3.4000 -0.4500
v -3.7500 3.4000 -0.5500
v -3.6500 3.4000 -0.5500
v -3.7500 3.4000 -0.6500
v -3.6500 3.4000 -0.6500
v -3.7500 3.4000 -0.7500
v -3.6500 3.4000 -0.7500
v -3.7500 3.4000 -0.8500
v -3.6500 3.4000 -0.8500
v -3.6500 3.4000 1.2500
v -3.6500 3.4000 1.1500
v -3.5500 3.4000 1.2500
v -3.5500 3.4000 1.1500
v -3.6500 3.4000 1.0500
v -3.5500 3.4000 1.0500
v -3.6500 3.4000 0.9500
v -3.5500 3.4000 0.9500
v -3.5500 3.4000 0.8500
v -3.5500 3.4000 0.7500
v -3.5500 3.4000 0.6500
v -3.5500 3.4000 0.5500
v -3.5500 3.4000 0.4500
v -3.5500 3.4000 0.3500
v -3.5500 3.4000 0.2500
v -3.5500 3.4000 0.1500
v -3.5500 3.4000 0.0500
v -3.5500 3.4000 -0.0500
v -3.5500 3.4000 -0.1500
v -3.5500 3.4000 -0.2500
v -3.5500 3.4000 -0.3500
v -3.5500 3.4000 -0.4500
v -3.5500 3.4000 -0.5500
v -3.5500 3.4000 -0.6500
v -3.5500 3.4000 -0.7500
v -3.5500 3.4000 -0.8500
v -3.6500 3.4000 -0.9500
v -3.5500 3.4000 -0.9500
v -3.6500 3.4000 -1.0500
v -3.5500 3.4000 -1.0500
v -3.6500 3.4000 -1.1500
v -3.5500 3.4000 -1.1500
v -3.6500 3.4000 -1.2500
v -3.5500 3.4000 -1.2500
v -3.5500 3.4000 1.4500
v -3.5500 3.4000 1.3500
v -3.4500 3.4000 1.4500
v -3.4500 3.4000 1.3500
v -3.4500 3.4000 1.2500
v -3.4500 3.4000 1.1500
v -3.4500 3.4000 1.0500
v -3.4500 3.4000 0.9500
v -3.4500 3.4000 0.8500
v -3.4500 3.4000 -0.8500
v -3.4500 3.4000 -0.9500
v -3.4500 3.4000 -1.0500
v -3.4500 3.4000 -1.1500
v -3.4500 3.4000 -1.2500
v -3.5500 3.4000 -1.3500
v -3.4500 3.4000 -1.3500
v -3.5500 3.4000 -1.4500
v -3.4500 3.4000 -1.4500
v -3.4500 3.4000 1.6500
v -3.4500 3.4000 1.5500
v -3.3500 3.4000 1.6500
v -3.3500 3.4000 1.5500
v -3.3500 3.4000 1.4500
v -3.3500 3.4000 1.3500
v -3.3500 3.4000 1.2500
v -3.3500 3.4000 1.1500
v -3.3500 3.4000 -1.1500
v -3.3500 3.4000 -1.2500
v -3.3500 3.4000 -1.3500
v -3.3500 3.4000 -1.4500
v -3.4500 3.4000 -1.5500
v -3.3500 3.4000 -1.5500
v -3.4500 3.4000 -1.6500
v -3.3500 3.4000 -1.6500
v -3.3500 3.4000 1.8500
v -3.3500 3.4000 1.7500
v -3.2500 3.4000 1.8500
v -3.2500 3.4000 1.7500
v -3.2500 3.4000 1.6500
v -3.2500 3.4000 1.5500
v -3.2500 3.4000 1.4500
v -3.2500 3.4000 -1.4500
v -3.2500 3.4000 -1.5500
v -3.2500 3.4000 -1.6500
v -3.3500 3.4000 -1.7500
v -3.2500 3.4000 -1.7500
v -3.3500 3.4000 -1.8500
v -3.2500 3.4000 -1.8500
v -3.2500 3.4000 2.0500
v -3.2500 3.4000 1.9500
v -3.1500 3.4000 2.0500
v -3.1500 3.4000 1.9500
v -3.1500 3.4000 1.8500
v -3.1500 3.4000 1.7500
v -3.1500 3.4000 1.6500
v -3.1500 3.4000 -1.6500
v -3.1500 3.4000 -1.7500
v -3.1500 3.4000 -1.8500
v -3.2500 3.4000 -1.9500
v -3.1500 3.4000 -1.9500
v -3.2500 3.4000 -2.0500
v -3.1500 3.4000 -2.0500
v -3.1500 3.4000 2.1500
v -3.0500 3.4000 2.1500
v -3.0500 3.4000 2.0500
v -3.0500 3.4000 1.9500
v -3.0500 3.4000 1.8500
v -3.0500 3.4000 -1.8500
v -3.0500 3.4000 -1.9500
v -3.0500 3.4000 -2.0500
v -3.1500 3.4000 -2.1500
v -3.0500 3.4000 -2.1500
v -3.0500 3.4000 2.3500
v -3.0500 3.4000 2.2500
v -2.9500 3.4000 2.3500
v -2.9500 3.4000 2.2500
v -2.9500 3.4000 2.1500
v -2.9500 3.4000 2.0500
v -2.9500 3.4000 1.9500
v -2.9500 3.4000 -1.9500
v -2.9500 3.4000 -2.0500
v -2.9500 3.4000 -2.1500
v -3.0500 3.4000 -2.2500
v -2.9500 3.4000 -2.2500
v -3.0500 3.4000 -2.3500
v -2.9500 3.4000 -2.3500
v -2.9500 3.4000 2.4500
v -2.8500 3.4000 2.4500
v -2.8500 3.4000 2.3500
v -2.8500 3.4000 2.2500
v -2.8500 3.4000 2.1500
v -2.8500 3.4000 -2.1500
v -2.8500 3.4000 -2.2500
v -2.8500 3.4000 -2.3500
v -2.9500 3.4000 -2.4500
v -2.8500 3.4000 -2.4500
v -2.8500 3.4000 2.5500
v -2.7500 3.4000 2.5500
v -2.7500 3.4000 2.4500
v -2.7500 3.4000 2.3500
v -2.7500 3.4000 2.2500
v -2.7500 3.4000 -2.2500
v -2.7500 3.4000 -2.3500
v -2.7500 3.4000 -2.4500
v -2.8500 3.4000 -2.5500
v -2.7500 3.4000 -2.5500
v -2.7500 3.4000 2.6500
v -2.6500 3.4000 2.6500
v -2.6500 3.4000 2.5500
v -2.6500 3.4000 2.4500
v -2.6500 3.4000 2.3500
v -2.6500 3.4000 -2.3500
v -2.6500 3.4000 -2.4500
v -2.6500 3.4000 -2.5500
v -2.7500 3.4000 -2.6500
v -2.6500 3.4000 -2.6500
v -2.6500 3.4000 2.7500
v -2.5500 3.4000 2.7500
v -2.5500 3.4000 2.6500
v -2.5500 3.4000 2.5500
v -2.5500 3.4000 2.4500
v -2.5500 3.4000 -2.4500
v -2.5500 3.4000 -2.5500
v -2.5500 3.4000 -2.6500
v -2.6500 3.4000 -2.7500
v -2.5500 3.4000 -2.7500
v -2.5500 3.4000 2.8500
v -2.4500 3.4000 2.8500
v -2.4500 3.4000 2.7500
v -2.4500 3.4000 2.6500
v -2.4500 3.4000 2.5500
v -2.4500 3.4000 -2.5500
v -2.4500 3.4000 -2.6500
v -2.4500 3.4000 -2.7500
v -2.5500 3.4000 -2.8500
v -2.4500 3.4000 -2.8500
v -2.4500 3.4000 2.9500
v -2.3500 3.4000 2.9500
v -2.3500 3.4000 2.8500
v -2.3500 3.4000 2.7500
v -2.3500 3.4000 2.6500
v -2.3500 3.4000 -2.6500
v -2.3500 3.4000 -2.7500
v -2.3500 3.4000 -2.8500
v -2.4500 3.4000 -2.9500
v -2.3500 3.4000 -2.9500
v -2.3500 3.4000 3.0500
v -2.2500 3.4000 3.0500
v -2.2500 3.4000 2.9500
v -2.2500 3.4000 2.8500
v -2.2500 3.4000 2.7500
v -2.2500 3.4000 -2.7500
v -2.2500 3.4000 -2.8500
v -2.2500 3.4000 -2.9500
v -2.3500 3.4000 -3.0500
v -2.2500 3.4000 -3.0500
v -2.1500 3.4000 3.0500
v -2.1500 3.4000 2.9500
v -2.1500 3.4000 2.8500
v -2.1500 3.4000 -2.8500
v -2.1500 3.4000 -2.9500
v -2.1500 3.4000 -3.0500
v -2.1500 3.4000 3.1500
v -2.0500 3.4000 3.1500
v -2.0500 3.4000 3.0500
v -2.0500 3.4000 2.9500
v -2.0500 3.4000 -2.9500
v -2.0500 3.4000 -3.0500
v -2.1500 3.4000 -3.1500
v -2.0500 3.4000 -3.1500
v -2.0500 3.4000 3.2500
v -1.9500 3.4000 3.2500
v -1.9500 3.4000 3.1500
v -1.9500 3.4000 3.0500
v -1.9500 3.4000 2.9500
v -1.9500 3.4000 -2.9500
v -1.9500 3.4000 -3.0500
v -1.9500 3.4000 -3.1500
v -2.0500 3.4000 -3.2500
v -1.9500 3.4000 -3.2500
v -1.8500 3.4000 3.2500
v -1.8500 3.4000 3.1500
v -1.8500 3.4000 3.0500
v -1.8500 3.4000 -3.0500
v -1.8500 3.4000 -3.1500
v -1.8500 3.4000 -3.2500
v -1.8500 3.4000 3.3500
v -1.7500 3.4000 3.3500
v -1.7500 3.4000 3.2500
v -1.7500 3.4000 3.1500
v -1.7500 3.4000 -3.1500
v -1.7500 3.4000 -3.2500
v -1.8500 3.4000 -3.3500
v -1.7500 3.4000 -3.3500
v -1.6500 3.4000 3.3500
v -1.6500 3.4000 3.2500
v -1.6500 3.4000 3.1500
v -1.6500 3.4000 -3.1500
v -1.6500 3.4000 -3.2500
v -1.6500 3.4000 -3.3500
v -1.6500 3.4000 3.4500
v -1.5500 3.4000 3.4500
v -1.5500 3.4000 3.3500
v -1.5500 3.4000 3.2500
v -1.5500 3.4000 -3.2500
v -1.5500 3.4000 -3.3500
v -1.6500 3.4000 -3.4500
v -1.5500 3.4000 -3.4500
v -1.4500 3.4000 3.4500
v -1.4500 3.4000 3.3500
v -1.4500 3.4000 3.2500
v -1.4500 3.4000 -3.2500
v -1.4500 3.4000 -3.3500
v -1.4500 3.4000 -3.4500
v -1.4500 3.4000 3.5500
v -1.3500 3.4000 3.5500
v -1.3500 3.4000 3.4500
v -1.3500 3.4000 3.3500
v -1.3500 3.4000 -3.3500
v -1.3500 3.4000 -3.4500
v -1.4500 3.4000 -3.5500
v -1.3500 3.4000 -3.5500
v -1.2500 3.4000 3.5500
v -1.2500 3.4000 3.4500
v -1.2500 3.4000 3.3500
v -1.2500 3.4000 -3.3500
v -1.2500 3.4000 -3.4500
v -1.2500 3.4000 -3.5500
v -1.2500 3.4000 3.6500
v -1.1500 3.4000 3.6500
v -1.1500 3.4000 3.5500
v -1.1500 3.4000 3.4500
v -1.1500 3.4000 3.3500
v -1.1500 3.4000 -3.3500
v -1.1500 3.4000 -3.4500
v -1.1500 3.4000 -3.5500
v -1.2500 3.4000 -3.6500
v -1.1500 3.4000 -3.6500
v -1.0500 3.4000 3.6500
v -1.0500 3.4000 3.5500
v -1.0500 3.4000 3.4500
v -1.0500 3.4000 -3.4500
v -1.0500 3.4000 -3.5500
v -1.0500 3.4000 -3.6500
v -0.9500 3.4000 3.6500
v -0.9500 3.4000 3.5500
v -0.9500 3.4000 3.4500
v -0.9500 3.4000 -3.4500
v -0.9500 3.4000 -3.5500
v -0.9500 3.4000 -3.6500
v -0.8500 3.4000 3.6500
v -0.8500 3.4000 3.5500
v -0.8500 3.4000 3.4500
v -0.8500 3.4000 -3.4500
v -0.8500 3.4000 -3.5500
v -0.8500 3.4000 -3.6500
v -0.8500 3.4000 3.7500
v -0.7500 3.4000 3.7500
v -0.7500 3.4000 3.6500
v -0.7500 3.4000 3.5500
v -0.7500 3.4000 -3.5500
v -0.7500 3.4000 -3.6500
v -0.8500 3.4000 -3.7500
v -0.7500 3.4000 -3.7500
v -0.6500 3.4000 3.7500
v -0.6500 3.4000 3.6500
v -0.6500 3.4000 3.5500
v -0.6500 3.4000 -3.5500
v -0.6500 3.4000 -3.6500
v -0.6500 3.4000 -3.7500
v -0.5500 3.4000 3.7500
v -0.5500 3.4000 3.6500
v -0.5500 3.4000 3.5500
v -0.5500 3.4000 -3.5500
v -0.5500 3.4000 -3.6500
v -0.5500 3.4000 -3.7500
v -0.4500 3.4000 3.7500
v -0.4500 3.4000 3.6500
v -0.4500 3.4000 3.5500
v -0.4500 3.4000 -3.5500
v -0.4500 3.4000 -3.6500
v -0.4500 3.4000 -3.7500
v -0.3500 3.4000 3.7500
v -0.3500 3.4000 3.6500
v -0.3500 3.4000 3.5500
v -0.3500 3.4000 -3.5500
v -0.3500 3.4000 -3.6500
v -0.3500 3.4000 -3.7500
v -0.2500 3.4000 3.7500
v -0.2500 3.4000 3.6500
v -0.2500 3.4000 3.5500
v -0.2500 3.4000 -3.5500
v -0.2500 3.4000 -3.6500
v -0.2500 3.4000 -3.7500
v -0.1500 3.4000 3.7500
v -0.1500 3.4000 3.6500
v -0.1500 3.4000 3.5500
v -0.1500 3.4000 -3.5500
v -0.1500 3.4000 -3.6500
v -0.1500 3.4000 -3.7500
v -0.0500 3.4000 3.7500
v -0.0500 3.4000 3.6500
v -0.0500 3.4000 3.5500
v -0.0500 3.4000 -3.5500
v -0.0500 3.4000 -3.6500
v -0.0500 3.4000 -3.7500
v 0.0500 3.4000 3.7500
v 0.0500 3.4000 3.8500
v -0.0500 3.4000 3.8500
v 0.0500 3.4000 3.6500
v 0.0500 3.4000 -3.6500
v 0.0500 3.4000 -3.7500
v 0.0500 3.4000 -3.8500
v -0.0500 3.4000 -3.8500
v 0.1500 3.4000 3.7500
v 0.1500 3.4000 3.6500
v 0.1500 3.4000 3.5500
v 0.0500 3.4000 3.5500
v 0.0500 3.4000 -3.5500
v 0.1500 3.4000 -3.5500
v 0.1500 3.4000 -3.6500
v 0.1500 3.4000 -3.7500
v 0.2500 3.4000 3.7500
v 0.2500 3.4000 3.6500
v 0.2500 3.4000 3.5500
v 0.2500 3.4000 -3.5500
v 0.2500 3.4000 -3.6500
v 0.2500 3.4000 -3.7500
v 0.3500 3.4000 3.7500
v 0.3500 3.4000 3.6500
v 0.3500 3.4000 3.5500
v 0.3500 3.4000 -3.5500
v 0.3500 3.4000 -3.6500
v 0.3500 3.4000 -3.7500
v 0.4500 3.4000 3.7500
v 0.4500 3.4000 3.6500
v 0.4500 3.4000 3.5500
v 0.4500 3.4000 -3.5500
v 0.4500 3.4000 -3.6500
v 0.4500 3.4000 -3.7500
v 0.5500 3.4000 3.7500
v 0.5500 3.4000 3.6500
v 0.5500 3.4000 3.5500
v 0.5500 3.4000 -3.5500
v 0.5500 3.4000 -3.6500
v 0.5500 3.4000 -3.7500
v 0.6500 3.4000 3.7500
v 0.6500 3.4000 3.6500
v 0.6500 3.4000 3.5500
v 0.6500 3.4000 -3.5500
v 0.6500 3.4000 -3.6500
v 0.6500 3.4000 -3.7500
v 0.7500 3.4000 3.7500
v 0.7500 3.4000 3.6500
v 0.7500 3.4000 3.5500
v 0.7500 3.4000 -3.5500
v 0.7500 3.4000 -3.6500
v 0.7500 3.4000 -3.7500
v 0.8500 3.4000 3.6500
v 0.8500 3.4000 3.7500
v 0.8500 3.4000 3.5500
v 0.8500 3.4000 -3.5500
v 0.8500 3.4000 -3.6500
v 0.8500 3.4000 -3.7500
v 0.9500 3.4000 3.6500
v 0.9500 3.4000 3.5500
v 0.9500 3.4000 3.4500
v 0.8500 3.4000 3.4500
v 0.8500 3.4000 -3.4500
v 0.9500 3.4000 -3.4500
v 0.9500 3.4000 -3.5500
v 0.9500 3.4000 -3.6500
v 1.0500 3.4000 3.6500
v 1.0500 3.4000 3.5500
v 1.0500 3.4000 3.4500
v 1.0500 3.4000 -3.4500
v 1.0500 3.4000 -3.5500
v 1.0500 3.4000 -3.6500
v 1.1500 3.4000 3.6500
v 1.1500 3.4000 3.5500
v 1.1500 3.4000 3.4500
v 1.1500 3.4000 -3.4500
v 1.1500 3.4000 -3.5500
v 1.1500 3.4000 -3.6500
v 1.2500 3.4000 3.5500
v 1.2500 3.4000 3.6500
v 1.2500 3.4000 3.4500
v 1.2500 3.4000 3.3500
v 1.1500 3.4000 3.3500
v 1.1500 3.4000 -3.3500
v 1.2500 3.4000 -3.3500
v 1.2500 3.4000 -3.4500
v 1.2500 3.4000 -3.5500
v 1.2500 3.4000 -3.6500
v 1.3500 3.4000 3.5500
v 1.3500 3.4000 3.4500
v 1.3500 3.4000 3.3500
v 1.3500 3.4000 -3.3500
v 1.3500 3.4000 -3.4500
v 1.3500 3.4000 -3.5500
v 1.4500 3.4000 3.4500
v 1.4500 3.4000 3.5500
v 1.4500 3.4000 3.3500
v 1.4500 3.4000 -3.3500
v 1.4500 3.4000 -3.4500
v 1.4500 3.4000 -3.5500
v 1.5500 3.4000 3.4500
v 1.5500 3.4000 3.3500
v 1.5500 3.4000 3.2500
v 1.4500 3.4000 3.2500
v 1.4500 3.4000 -3.2500
v 1.5500 3.4000 -3.2500
v 1.5500 3.4000 -3.3500
v 1.5500 3.4000 -3.4500
v 1.6500 3.4000 3.3500
v 1.6500 3.4000 3.4500
v 1.6500 3.4000 3.2500
v 1.6500 3.4000 -3.2500
v 1.6500 3.4000 -3.3500
v 1.6500 3.4000 -3.4500
v 1.7500 3.4000 3.3500
v 1.7500 3.4000 3.2500
v 1.7500 3.4000 3.1500
v 1.6500 3.4000 3.1500
v 1.6500 3.4000 -3.1500
v 1.7500 3.4000 -3.1500
v 1.7500 3.4000 -3.2500
v 1.7500 3.4000 -3.3500
v 1.8500 3.4000 3.2500
v 1.8500 3.4000 3.3500
v 1.8500 3.4000 3.1500
v 1.8500 3.4000 -3.1500
v 1.8500 3.4000 -3.2500
v 1.8500 3.4000 -3.3500
v 1.9500 3.4000 3.2500
v 1.9500 3.4000 3.1500
v 1.9500 3.4000 3.0500
v 1.8500 3.4000 3.0500
v 1.8500 3.4000 -3.0500
v 1.9500 3.4000 -3.0500
v 1.9500 3.4000 -3.1500
v 1.9500 3.4000 -3.2500
v 2.0500 3.4000 3.1500
v 2.0500 3.4000 3.2500
v 2.0500 3.4000 3.0500
v 2.0500 3.4000 2.9500
v 1.9500 3.4000 2.9500
v 1.9500 3.4000 -2.9500
v 2.0500 3.4000 -2.9500
v 2.0500 3.4000 -3.0500
v 2.0500 3.4000 -3.1500
v 2.0500 3.4000 -3.2500
v 2.1500 3.4000 3.0500
v 2.1500 3.4000 3.1500
v 2.1500 3.4000 2.9500
v 2.1500 3.4000 -2.9500
v 2.1500 3.4000 -3.0500
v 2.1500 3.4000 -3.1500
v 2.2500 3.4000 3.0500
v 2.2500 3.4000 2.9500
v 2.2500 3.4000 2.8500
v 2.1500 3.4000 2.8500
v 2.1500 3.4000 -2.8500
v 2.2500 3.4000 -2.8500
v 2.2500 3.4000 -2.9500
v 2.2500 3.4000 -3.0500
v 2.3500 3.4000 2.9500
v 2.3500 3.4000 3.0500
v 2.3500 3.4000 2.8500
v 2.3500 3.4000 2.7500
v 2.2500 3.4000 2.7500
v 2.2500 3.4000 -2.7500
v 2.3500 3.4000 -2.7500
v 2.3500 3.4000 -2.8500
v 2.3500 3.4000 -2.9500
v 2.3500 3.4000 -3.0500
v 2.4500 3.4000 2.8500
v 2.4500 3.4000 2.9500
v 2.4500 3.4000 2.7500
v 2.4500 3.4000 2.6500
v 2.3500 3.4000 2.6500
v 2.3500 3.4000 -2.6500
v 2.4500 3.4000 -2.6500
v 2.4500 3.4000 -2.7500
v 2.4500 3.4000 -2.8500
v 2.4500 3.4000 -2.9500
v 2.5500 3.4000 2.7500
v 2.5500 3.4000 2.8500
v 2.5500 3.4000 2.6500
v 2.5500 3.4000 2.5500
v 2.4500 3.4000 2.5500
v 2.4500 3.4000 -2.5500
v 2.5500 3.4000 -2.5500
v 2.5500 3.4000 -2.6500
v 2.5500 3.4000 -2.7500
v 2.5500 3.4000 -2.8500
v 2.6500 3.4000 2.6500
v 2.6500 3.4000 2.7500
v 2.6500 3.4000 2.5500
v 2.6500 3.4000 2.4500
v 2.5500 3.4000 2.4500
v 2.5500 3.4000 -2.4500
v 2.6500 3.4000 -2.4500
v 2.6500 3.4000 -2.5500
v 2.6500 3.4000 -2.6500
v 2.6500 3.4000 -2.7500
v 2.7500 3.4000 2.5500
v 2.7500 3.4000 2.6500
v 2.7500 3.4000 2.4500
v 2.7500 3.4000 2.3500
v 2.6500 3.4000 2.3500
v 2.6500 3.4000 -2.3500
v 2.7500 3.4000 -2.3500
v 2.7500 3.4000 -2.4500
v 2.7500 3.4000 -2.5500
v 2.7500 3.4000 -2.6500
v 2.8500 3.4000 2.4500
v 2.8500 3.4000 2.5500
v 2.8500 3.4000 2.3500
v 2.8500 3.4000 2.2500
v 2.7500 3.4000 2.2500
v 2.7500 3.4000 -2.2500
v 2.8500 3.4000 -2.2500
v 2.8500 3.4000 -2.3500
v 2.8500 3.4000 -2.4500
v 2.8500 3.4000 -2.5500
v 2.9500 3.4000 2.3500
v 2.9500 3.4000 2.4500
v 2.9500 3.4000 2.2500
v 2.9500 3.4000 2.1500
v 2.8500 3.4000 2.1500
v 2.8500 3.4000 -2.1500
v 2.9500 3.4000 -2.1500
v 2.9500 3.4000 -2.2500
v 2.9500 3.4000 -2.3500
v 2.9500 3.4000 -2.4500
v 3.0500 3.4000 2.2500
v 3.0500 3.4000 2.3500
v 3.0500 3.4000 2.1500
v 3.0500 3.4000 2.0500
v 2.9500 3.4000 2.0500
v 3.0500 3.4000 1.9500
v 2.9500 3.4000 1.9500
v 2.9500 3.4000 -1.9500
v 3.0500 3.4000 -1.9500
v 3.0500 3.4000 -2.0500
v 2.9500 3.4000 -2.0500
v 3.0500 3.4000 -2.1500
v 3.0500 3.4000 -2.2500
v 3.0500 3.4000 -2.3500
v 3.1500 3.4000 2.0500
v 3.1500 3.4000 2.1500
v 3.1500 3.4000 1.9500
v 3.1500 3.4000 1.8500
v 3.0500 3.4000 1.8500
v 3.0500 3.4000 -1.8500
v 3.1500 3.4000 -1.8500
v 3.1500 3.4000 -1.9500
v 3.1500 3.4000 -2.0500
v 3.1500 3.4000 -2.1500
v 3.2500 3.4000 1.9500
v 3.2500 3.4000 2.0500
v 3.2500 3.4000 1.8500
v 3.2500 3.4000 1.7500
v 3.1500 3.4000 1.7500
v 3.2500 3.4000 1.6500
v 3.1500 3.4000 1.6500
v 3.1500 3.4000 -1.6500
v 3.2500 3.4000 -1.6500
v 3.2500 3.4000 -1.7500
v 3.1500 3.4000 -1.7500
v 3.2500 3.4000 -1.8500
v 3.2500 3.4000 -1.9500
v 3.2500 3.4000 -2.0500
v 3.3500 3.4000 1.7500
v 3.3500 3.4000 1.8500
v 3.3500 3.4000 1.6500
v 3.3500 3.4000 1.5500
v 3.2500 3.4000 1.5500
v 3.3500 3.4000 1.4500
v 3.2500 3.4000 1.4500
v 3.2500 3.4000 -1.4500
v 3.3500 3.4000 -1.4500
v 3.3500 3.4000 -1.5500
v 3.2500 3.4000 -1.5500
v 3.3500 3.4000 -1.6500
v 3.3500 3.4000 -1.7500
v 3.3500 3.4000 -1.8500
v 3.4500 3.4000 1.5500
v 3.4500 3.4000 1.6500
v 3.4500 3.4000 1.4500
v 3.4500 3.4000 1.3500
v 3.3500 3.4000 1.3500
v 3.4500 3.4000 1.2500
v 3.3500 3.4000 1.2500
v 3.4500 3.4000 1.1500
v 3.3500 3.4000 1.1500
v 3.3500 3.4000 -1.1500
v 3.4500 3.4000 -1.1500
v 3.4500 3.4000 -1.2500
v 3.3500 3.4000 -1.2500
v 3.4500 3.4000 -1.3500
v 3.3500 3.4000 -1.3500
v 3.4500 3.4000 -1.4500
v 3.4500 3.4000 -1.5500
v 3.4500 3.4000 -1.6500
v 3.5500 3.4000 1.3500
v 3.5500 3.4000 1.4500
v 3.5500 3.4000 1.2500
v 3.5500 3.4000 1.1500
v 3.5500 3.4000 1.0500
v 3.4500 3.4000 1.0500
v 3.5500 3.4000 0.9500
v 3.4500 3.4000 0.9500
v 3.5500 3.4000 0.8500
v 3.4500 3.4000 0.8500
v 3.4500 3.4000 -0.8500
v 3.5500 3.4000 -0.8500
v 3.5500 3.4000 -0.9500
v 3.4500 3.4000 -0.9500
v 3.5500 3.4000 -1.0500
v 3.4500 3.4000 -1.0500
v 3.5500 3.4000 -1.1500
v 3.5500 3.4000 -1.2500
v 3.5500 3.4000 -1.3500
v 3.5500 3.4000 -1.4500
v 3.6500 3.4000 1.1500
v 3.6500 3.4000 1.2500
v 3.6500 3.4000 1.0500
v 3.6500 3.4000 0.9500
v 3.6500 3.4000 0.8500
v 3.6500 3.4000 0.7500
v 3.5500 3.4000 0.7500
v 3.6500 3.4000 0.6500
v 3.5500 3.4000 0.6500
v 3.6500 3.4000 0.5500
v 3.5500 3.4000 0.5500
v 3.6500 3.4000 0.4500
v 3.5500 3.4000 0.4500
v 3.6500 3.4000 0.3500
v 3.5500 3.4000 0.3500
v 3.6500 3.4000 0.2500
v 3.5500 3.4000 0.2500
v 3.6500 3.4000 0.1500
v 3.5500 3.4000 0.1500
v 3.6500 3.4000 0.0500
v 3.5500 3.4000 0.0500
v 3.5500 3.4000 -0.0500
v 3.6500 3.4000 -0.0500
v 3.6500 3.4000 -0.1500
v 3.5500 3.4000 -0.1500
v 3.6500 3.4000 -0.2500
v 3.5500 3.4000 -0.2500
v 3.6500 3.4000 -0.3500
v 3.5500 3.4000 -0.3500
v 3.6500 3.4000 -0.4500
v 3.5500 3.4000 -0.4500
v 3.6500 3.4000 -0.5500
v 3.5500 3.4000 -0.5500
v 3.6500 3.4000 -0.6500
v 3.5500 3.4000 -0.6500
v 3.6500 3.4000 -0.7500
v 3.5500 3.4000 -0.7500
v 3.6500 3.4000 -0.8500
v 3.6500 3.4000 -0.9500
v 3.6500 3.4000 -1.0500
v 3.6500 3.4000 -1.1500
v 3.6500 3.4000 -1.2500
v 3.7500 3.4000 0.7500
v 3.7500 3.4000 0.8500
v 3.7500 3.4000 0.6500
v 3.7500 3.4000 0.5500
v 3.7500 3.4000 0.4500
v 3.7500 3.4000 0.3500
v 3.7500 3.4000 0.2500
v 3.7500 3.4000 0.1500
v 3.7500 3.4000 0.0500
v 3.7500 3.4000 -0.0500
v 3.7500 3.4000 -0.1500
v 3.7500 3.4000 -0.2500
v 3.7500 3.4000 -0.3500
v 3.7500 3.4000 -0.4500
v 3.7500 3.4000 -0.5500
v 3.7500 3.4000 -0.6500
v 3.7500 3.4000 -0.7500
v 3.7500 3.4000 -0.8500
v 3.8500 3.4000 -0.0500
v 3.8500 3.4000 0.0500
v -3.6500 3.5000 0.0500
v -3.6500 3.5000 -0.0500
v -3.5500 3.5000 -0.0500
v -3.5500 3.5000 0.0500
v -3.5500 3.5000 0.8500
v -3.5500 3.5000 0.7500
v -3.4500 3.5000 0.8500
v -3.5500 3.5000 0.6500
v -3.5500 3.5000 0.5500
v -3.5500 3.5000 0.4500
v -3.5500 3.5000 0.3500
v -3.5500 3.5000 0.2500
v -3.5500 3.5000 0.1500
v -3.5500 3.5000 -0.1500
v -3.5500 3.5000 -0.2500
v -3.5500 3.5000 -0.3500
v -3.5500 3.5000 -0.4500
v -3.5500 3.5000 -0.5500
v -3.5500 3.5000 -0.6500
v -3.5500 3.5000 -0.7500
v -3.5500 3.5000 -0.8500
v -3.4500 3.5000 -0.8500
v -3.4500 3.5000 1.1500
v -3.4500 3.5000 1.0500
v -3.3500 3.5000 1.1500
v -3.4500 3.5000 0.9500
v -3.4500 3.5000 -0.9500
v -3.4500 3.5000 -1.0500
v -3.4500 3.5000 -1.1500
v -3.3500 3.5000 -1.1500
v -3.3500 3.5000 1.4500
v -3.3500 3.5000 1.3500
v -3.2500 3.5000 1.4500
v -3.3500 3.5000 1.2500
v -3.3500 3.5000 -1.2500
v -3.3500 3.5000 -1.3500
v -3.3500 3.5000 -1.4500
v -3.2500 3.5000 -1.4500
v -3.2500 3.5000 1.6500
v -3.2500 3.5000 1.5500
v -3.1500 3.5000 1.6500
v -3.2500 3.5000 -1.5500
v -3.2500 3.5000 -1.6500
v -3.1500 3.5000 -1.6500
v -3.1500 3.5000 1.8500
v -3.1500 3.5000 1.7500
v -3.0500 3.5000 1.8500
v -3.1500 3.5000 -1.7500
v -3.1500 3.5000 -1.8500
v -3.0500 3.5000 -1.8500
v -3.0500 3.5000 1.9500
v -2.9500 3.5000 1.9500
v -3.0500 3.5000 -1.9500
v -2.9500 3.5000 -1.9500
v -2.9500 3.5000 2.1500
v -2.9500 3.5000 2.0500
v -2.8500 3.5000 2.1500
v -2.9500 3.5000 -2.0500
v -2.9500 3.5000 -2.1500
v -2.8500 3.5000 -2.1500
v -2.8500 3.5000 2.2500
v -2.7500 3.5000 2.2500
v -2.8500 3.5000 -2.2500
v -2.7500 3.5000 -2.2500
v -2.7500 3.5000 2.3500
v -2.6500 3.5000 2.3500
v -2.7500 3.5000 -2.3500
v -2.6500 3.5000 -2.3500
v -2.6500 3.5000 2.4500
v -2.5500 3.5000 2.4500
v -2.6500 3.5000 -2.4500
v -2.5500 3.5000 -2.4500
v -2.5500 3.5000 2.5500
v -2.4500 3.5000 2.5500
v -2.5500 3.5000 -2.5500
v -2.4500 3.5000 -2.5500
v -2.4500 3.5000 2.6500
v -2.3500 3.5000 2.6500
v -2.4500 3.5000 -2.6500
v -2.3500 3.5000 -2.6500
v -2.3500 3.5000 2.7500
v -2.2500 3.5000 2.7500
v -2.3500 3.5000 -2.7500
v -2.2500 3.5000 -2.7500
v -2.2500 3.5000 2.8500
v -2.1500 3.5000 2.8500
v -2.2500 3.5000 -2.8500
v -2.1500 3.5000 -2.8500
v -2.1500 3.5000 2.9500
v -2.0500 3.5000 2.9500
v -2.1500 3.5000 -2.9500
v -2.0500 3.5000 -2.9500
v -1.9500 3.5000 2.9500
v -1.9500 3.5000 -2.9500
v -1.9500 3.5000 3.0500
v -1.8500 3.5000 3.0500
v -1.9500 3.5000 -3.0500
v -1.8500 3.5000 -3.0500
v -1.8500 3.5000 3.1500
v -1.7500 3.5000 3.1500
v -1.8500 3.5000 -3.1500
v -1.7500 3.5000 -3.1500
v -1.6500 3.5000 3.1500
v -1.6500 3.5000 -3.1500
v -1.6500 3.5000 3.2500
v -1.5500 3.5000 3.2500
v -1.6500 3.5000 -3.2500
v -1.5500 3.5000 -3.2500
v -1.4500 3.5000 3.2500
v -1.4500 3.5000 -3.2500
v -1.4500 3.5000 3.3500
v -1.3500 3.5000 3.3500
v -1.4500 3.5000 -3.3500
v -1.3500 3.5000 -3.3500
v -1.2500 3.5000 3.3500
v -1.2500 3.5000 -3.3500
v -1.1500 3.5000 3.3500
v -1.1500 3.5000 -3.3500
v -1.1500 3.5000 3.4500
v -1.0500 3.5000 3.4500
v -1.1500 3.5000 -3.4500
v -1.0500 3.5000 -3.4500
v -0.9500 3.5000 3.4500
v -0.9500 3.5000 -3.4500
v -0.8500 3.5000 3.4500
v -0.8500 3.5000 -3.4500
v -0.8500 3.5000 3.5500
v -0.7500 3.5000 3.5500
v -0.8500 3.5000 -3.5500
v -0.7500 3.5000 -3.5500
v -0.6500 3.5000 3.5500
v -0.6500 3.5000 -3.5500
v -0.5500 3.5000 3.5500
v -0.5500 3.5000 -3.5500
v -0.4500 3.5000 3.5500
v -0.4500 3.5000 -3.5500
v -0.3500 3.5000 3.5500
v -0.3500 3.5000 -3.5500
v -0.2500 3.5000 3.5500
v -0.2500 3.5000 -3.5500
v -0.1500 3.5000 3.5500
v -0.1500 3.5000 -3.5500
v -0.0500 3.5000 3.5500
v -0.0500 3.5000 -3.5500
v 0.0500 3.5000 3.5500
v 0.0500 3.5000 3.6500
v -0.0500 3.5000 3.6500
v 0.0500 3.5000 -3.6500
v 0.0500 3.5000 -3.5500
v -0.0500 3.5000 -3.6500
v 0.1500 3.5000 3.5500
v 0.1500 3.5000 -3.5500
v 0.2500 3.5000 3.5500
v 0.2500 3.5000 -3.5500
v 0.3500 3.5000 3.5500
v 0.3500 3.5000 -3.5500
v 0.4500 3.5000 3.5500
v 0.4500 3.5000 -3.5500
v 0.5500 3.5000 3.5500
v 0.5500 3.5000 -3.5500
v 0.6500 3.5000 3.5500
v 0.6500 3.5000 -3.5500
v 0.7500 3.5000 3.5500
v 0.7500 3.5000 -3.5500
v 0.8500 3.5000 3.4500
v 0.8500 3.5000 3.5500
v 0.8500 3.5000 -3.5500
v 0.8500 3.5000 -3.4500
v 0.9500 3.5000 3.4500
v 0.9500 3.5000 -3.4500
v 1.0500 3.5000 3.4500
v 1.0500 3.5000 -3.4500
v 1.1500 3.5000 3.3500
v 1.1500 3.5000 3.4500
v 1.1500 3.5000 -3.4500
v 1.1500 3.5000 -3.3500
v 1.2500 3.5000 3.3500
v 1.2500 3.5000 -3.3500
v 1.3500 3.5000 3.3500
v 1.3500 3.5000 -3.3500
v 1.4500 3.5000 3.2500
v 1.4500 3.5000 3.3500
v 1.4500 3.5000 -3.3500
v 1.4500 3.5000 -3.2500
v 1.5500 3.5000 3.2500
v 1.5500 3.5000 -3.2500
v 1.6500 3.5000 3.1500
v 1.6500 3.5000 3.2500
v 1.6500 3.5000 -3.2500
v 1.6500 3.5000 -3.1500
v 1.7500 3.5000 3.1500
v 1.7500 3.5000 -3.1500
v 1.8500 3.5000 3.0500
v 1.8500 3.5000 3.1500
v 1.8500 3.5000 -3.1500
v 1.8500 3.5000 -3.0500
v 1.9500 3.5000 2.9500
v 1.9500 3.5000 3.0500
v 1.9500 3.5000 -3.0500
v 1.9500 3.5000 -2.9500
v 2.0500 3.5000 2.9500
v 2.0500 3.5000 -2.9500
v 2.1500 3.5000 2.8500
v 2.1500 3.5000 2.9500
v 2.1500 3.5000 -2.9500
v 2.1500 3.5000 -2.8500
v 2.2500 3.5000 2.7500
v 2.2500 3.5000 2.8500
v 2.2500 3.5000 -2.8500
v 2.2500 3.5000 -2.7500
v 2.3500 3.5000 2.6500
v 2.3500 3.5000 2.7500
v 2.3500 3.5000 -2.7500
v 2.3500 3.5000 -2.6500
v 2.4500 3.5000 2.5500
v 2.4500 3.5000 2.6500
v 2.4500 3.5000 -2.6500
v 2.4500 3.5000 -2.5500
v 2.5500 3.5000 2.4500
v 2.5500 3.5000 2.5500
v 2.5500 3.5000 -2.5500
v 2.5500 3.5000 -2.4500
v 2.6500 3.5000 2.3500
v 2.6500 3.5000 2.4500
v 2.6500 3.5000 -2.4500
v 2.6500 3.5000 -2.3500
v 2.7500 3.5000 2.2500
v 2.7500 3.5000 2.3500
v 2.7500 3.5000 -2.3500
v 2.7500 3.5000 -2.2500
v 2.8500 3.5000 2.1500
v 2.8500 3.5000 2.2500
v 2.8500 3.5000 -2.2500
v 2.8500 3.5000 -2.1500
v 2.9500 3.5000 2.0500
v 2.9500 3.5000 2.1500
v 2.9500 3.5000 1.9500
v 2.9500 3.5000 -2.0500
v 2.9500 3.5000 -1.9500
v 2.9500 3.5000 -2.1500
v 3.0500 3.5000 1.8500
v 3.0500 3.5000 1.9500
v 3.0500 3.5000 -1.9500
v 3.0500 3.5000 -1.8500
v 3.1500 3.5000 1.7500
v 3.1500 3.5000 1.8500
v 3.1500 3.5000 1.6500
v 3.1500 3.5000 -1.7500
v 3.1500 3.5000 -1.6500
v 3.1500 3.5000 -1.8500
v 3.2500 3.5000 1.5500
v 3.2500 3.5000 1.6500
v 3.2500 3.5000 1.4500
v 3.2500 3.5000 -1.5500
v 3.2500 3.5000 -1.4500
v 3.2500 3.5000 -1.6500
v 3.3500 3.5000 1.3500
v 3.3500 3.5000 1.4500
v 3.3500 3.5000 1.2500
v 3.3500 3.5000 1.1500
v 3.3500 3.5000 -1.2500
v 3.3500 3.5000 -1.1500
v 3.3500 3.5000 -1.3500
v 3.3500 3.5000 -1.4500
v 3.4500 3.5000 1.0500
v 3.4500 3.5000 1.1500
v 3.4500 3.5000 0.9500
v 3.4500 3.5000 0.8500
v 3.4500 3.5000 -0.9500
v 3.4500 3.5000 -0.8500
v 3.4500 3.5000 -1.0500
v 3.4500 3.5000 -1.1500
v 3.5500 3.5000 0.7500
v 3.5500 3.5000 0.8500
v 3.5500 3.5000 0.6500
v 3.5500 3.5000 0.5500
v 3.5500 3.5000 0.4500
v 3.5500 3.5000 0.3500
v 3.5500 3.5000 0.2500
v 3.5500 3.5000 0.1500
v 3.5500 3.5000 0.0500
v 3.5500 3.5000 -0.1500
v 3.5500 3.5000 -0.0500
v 3.5500 3.5000 -0.2500
v 3.5500 3.5000 -0.3500
v 3.5500 3.5000 -0.4500
v 3.5500 3.5000 -0.5500
v 3.5500 3.5000 -0.6500
v 3.5500 3.5000 -0.7500
v 3.5500 3.5000 -0.8500
v 3.6500 3.5000 -0.0500
v 3.6500 3.5000 0.0500
v -3.6500 3.6000 0.0500
v -3.6500 3.6000 -0.0500
v -3.5500 3.6000 -0.0500
v -3.5500 3.6000 0.0500
v -3.5500 3.6000 0.8500
v -3.5500 3.6000 0.7500
v -3.4500 3.6000 0.8500
v -3.5500 3.6000 0.6500
v -3.5500 3.6000 0.5500
v -3.5500 3.6000 0.4500
v -3.5500 3.6000 0.3500
v -3.5500 3.6000 0.2500
v -3.5500 3.6000 0.1500
v -3.5500 3.6000 -0.1500
v -3.5500 3.6000 -0.2500
v -3.5500 3.6000 -0.3500
v -3.5500 3.6000 -0.4500
v -3.5500 3.6000 -0.5500
v -3.5500 3.6000 -0.6500
v -3.5500 3.6000 -0.7500
v -3.5500 3.6000 -0.8500
v -3.4500 3.6000 -0.8500
v -3.4500 3.6000 1.1500
v -3.4500 3.6000 1.0500
v -3.3500 3.6000 1.1500
v -3.4500 3.6000 0.9500
v -3.4500 3.6000 -0.9500
v -3.4500 3.6000 -1.0500
v -3.4500 3.6000 -1.1500
v -3.3500 3.6000 -1.1500
v -3.3500 3.6000 1.4500
v -3.3500 3.6000 1.3500
v -3.2500 3.6000 1.4500
v -3.3500 3.6000 1.2500
v -3.3500 3.6000 -1.2500
v -3.3500 3.6000 -1.3500
v -3.3500 3.6000 -1.4500
v -3.2500 3.6000 -1.4500
v -3.2500 3.6000 1.6500
v -3.2500 3.6000 1.5500
v -3.1500 3.6000 1.6500
v -3.2500 3.6000 -1.5500
v -3.2500 3.6000 -1.6500
v -3.1500 3.6000 -1.6500
v -3.1500 3.6000 1.8500
v -3.1500 3.6000 1.7500
v -3.0500 3.6000 1.8500
v -3.1500 3.6000 -1.7500
v -3.1500 3.6000 -1.8500
v -3.0500 3.6000 -1.8500
v -3.0500 3.6000 1.9500
v -2.9500 3.6000 1.9500
v -3.0500 3.6000 -1.9500
v -2.9500 3.6000 -1.9500
v -2.9500 3.6000 2.1500
v -2.9500 3.6000 2.0500
v -2.8500 3.6000 2.1500
v -2.9500 3.6000 -2.0500
v -2.9500 3.6000 -2.1500
v -2.8500 3.6000 -2.1500
v -2.8500 3.6000 2.2500
v -2.7500 3.6000 2.2500
v -2.8500 3.6000 -2.2500
v -2.7500 3.6000 -2.2500
v -2.7500 3.6000 2.3500
v -2.6500 3.6000 2.3500
v -2.7500 3.6000 -2.3500
v -2.6500 3.6000 -2.3500
v -2.6500 3.6000 2.4500
v -2.5500 3.6000 2.4500
v -2.6500 3.6000 -2.4500
v -2.5500 3.6000 -2.4500
v -2.5500 3.6000 2.5500
v -2.4500 3.6000 2.5500
v -2.5500 3.6000 -2.5500
v -2.4500 3.6000 -2.5500
v -2.4500 3.6000 2.6500
v -2.3500 3.6000 2.6500
v -2.4500 3.6000 -2.6500
v -2.3500 3.6000 -2.6500
v -2.3500 3.6000 2.7500
v -2.2500 3.6000 2.7500
v -2.3500 3.6000 -2.7500
v -2.2500 3.6000 -2.7500
v -2.2500 3.6000 2.8500
v -2.1500 3.6000 2.8500
v -2.2500 3.6000 -2.8500
v -2.1500 3.6000 -2.8500
v -2.1500 3.6000 2.9500
v -2.0500 3.6000 2.9500
v -2.1500 3.6000 -2.9500
v -2.0500 3.6000 -2.9500
v -1.9500 3.6000 2.9500
v -1.9500 3.6000 -2.9500
v -1.9500 3.6000 3.0500
v -1.8500 3.6000 3.0500
v -1.9500 3.6000 -3.0500
v -1.8500 3.6000 -3.0500
v -1.8500 3.6000 3.1500
v -1.7500 3.6000 3.1500
v -1.8500 3.6000 -3.1500
v -1.7500 3.6000 -3.1500
v -1.6500 3.6000 3.1500
v -1.6500 3.6000 -3.1500
v -1.6500 3.6000 3.2500
v -1.5500 3.6000 3.2500
v -1.6500 3.6000 -3.2500
v -1.5500 3.6000 -3.2500
v -1.4500 3.6000 3.2500
v -1.4500 3.6000 -3.2500
v -1.4500 3.6000 3.3500
v -1.3500 3.6000 3.3500
v -1.4500 3.6000 -3.3500
v -1.3500 3.6000 -3.3500
v -1.2500 3.6000 3.3500
v -1.2500 3.6000 -3.3500
v -1.1500 3.6000 3.3500
v -1.1500 3.6000 -3.3500
v -1.1500 3.6000 3.4500
v -1.0500 3.6000 3.4500
v -1.1500 3.6000 -3.4500
v -1.0500 3.6000 -3.4500
v -0.9500 3.6000 3.4500
v -0.9500 3.6000 -3.4500
v -0.8500 3.6000 3.4500
v -0.8500 3.6000 -3.4500
v -0.8500 3.6000 3.5500
v -0.7500 3.6000 3.5500
v -0.8500 3.6000 -3.5500
v -0.7500 3.6000 -3.5500
v -0.6500 3.6000 3.5500
v -0.6500 3.6000 -3.5500
v -0.5500 3.6000 3.5500
v -0.5500 3.6000 -3.5500
v -0.4500 3.6000 3.5500
v -0.4500 3.6000 -3.5500
v -0.3500 3.6000 3.5500
v -0.3500 3.6000 -3.5500
v -0.2500 3.6000 3.5500
v -0.2500 3.6000 -3.5500
v -0.1500 3.6000 3.5500
v -0.1500 3.6000 -3.5500
v -0.0500 3.6000 3.5500
v -0.0500 3.6000 -3.5500
v 0.0500 3.6000 3.5500
v 0.0500 3.6000 3.6500
v -0.0500 3.6000 3.6500
v 0.0500 3.6000 -3.6500
v 0.0500 3.6000 -3.5500
v -0.0500 3.6000 -3.6500
v 0.1500 3.6000 3.5500
v 0.1500 3.6000 -3.5500
v 0.2500 3.6000 3.5500
v 0.2500 3.6000 -3.5500
v 0.3500 3.6000 3.5500
v 0.3500 3.6000 -3.5500
v 0.4500 3.6000 3.5500
v 0.4500 3.6000 -3.5500
v 0.5500 3.6000 3.5500
v 0.5500 3.6000 -3.5500
v 0.6500 3.6000 3.5500
v 0.6500 3.6000 -3.5500
v 0.7500 3.6000 3.5500
v 0.7500 3.6000 -3.5500
v 0.8500 3.6000 3.4500
v 0.8500 3.6000 3.5500
v 0.8500 3.6000 -3.5500
v 0.8500 3.6000 -3.4500
v 0.9500 3.6000 3.4500
v 0.9500 3.6000 -3.4500
v 1.0500 3.6000 3.4500
v 1.0500 3.6000 -3.4500
v 1.1500 3.6000 3.3500
v 1.1500 3.6000 3.4500
v 1.1500 3.6000 -3.4500
v 1.1500 3.6000 -3.3500
v 1.2500 3.6000 3.3500
v 1.2500 3.6000 -3.3500
v 1.3500 3.6000 3.3500
v 1.3500 3.6000 -3.3500
v 1.4500 3.6000 3.2500
v 1.4500 3.6000 3.3500
v 1.4500 3.6000 -3.3500
v 1.4500 3.6000 -3.2500
v 1.5500 3.6000 3.2500
v 1.5500 3.6000 -3.2500
v 1.6500 3.6000 3.1500
v 1.6500 3.6000 3.2500
v 1.6500 3.6000 -3.2500
v 1.6500 3.6000 -3.1500
v 1.7500 3.6000 3.1500
v 1.7500 3.6000 -3.1500
v 1.8500 3.6000 3.0500
v 1.8500 3.6000 3.1500
v 1.8500 3.6000 -3.1500
v 1.8500 3.6000 -3.0500
v 1.9500 3.6000 2.9500
v 1.9500 3.6000 3.0500
v 1.9500 3.6000 -3.0500
v 1.9500 3.6000 -2.9500
v 2.0500 3.6000 2.9500
v 2.0500 3.6000 -2.9500
v 2.1500 3.6000 2.8500
v 2.1500 3.6000 2.9500
v 2.1500 3.6000 -2.9500
v 2.1500 3.6000 -2.8500
v 2.2500 3.6000 2.7500
v 2.2500 3.6000 2.8500
v 2.2500 3.6000 -2.8500
v 2.2500 3.6000 -2.7500
v 2.3500 3.6000 2.6500
v 2.3500 3.6000 2.7500
v 2.3500 3.6000 -2.7500
v 2.3500 3.6000 -2.6500
v 2.4500 3.6000 2.5500
v 2.4500 3.6000 2.6500
v 2.4500 3.6000 -2.6500
v 2.4500 3.6000 -2.5500
v 2.5500 3.6000 2.4500
v 2.5500 3.6000 2.5500
v 2.5500 3.6000 -2.5500
v 2.5500 3.6000 -2.4500
v 2.6500 3.6000 2.3500
v 2.6500 3.6000 2.4500
v 2.6500 3.6000 -2.4500
v 2.6500 3.6000 -2.3500
v 2.7500 3.6000 2.2500
v 2.7500 3.6000 2.3500
v 2.7500 3.6000 -2.3500
v 2.7500 3.6000 -2.2500
v 2.8500 3.6000 2.1500
v 2.8500 3.6000 2.2500
v 2.8500 3.6000 -2.2500
v 2.8500 3.6000 -2.1500
v 2.9500 3.6000 2.0500
v 2.9500 3.6000 2.1500
v 2.9500 3.6000 1.9500
v 2.9500 3.6000 -2.0500
v 2.9500 3.6000 -1.9500
v 2.9500 3.6000 -2.1500
v 3.0500 3.6000 1.8500
v 3.0500 3.6000 1.9500
v 3.0500 3.6000 -1.9500
v 3.0500 3.6000 -1.8500
v 3.1500 3.6000 1.7500
v 3.1500 3.6000 1.8500
v 3.1500 3.6000 1.6500
v 3.1500 3.6000 -1.7500
v 3.1500 3.6000 -1.6500
v 3.1500 3.6000 -1.8500
v 3.2500 3.6000 1.5500
v 3.2500 3.6000 1.6500
v 3.2500 3.6000 1.4500
v 3.2500 3.6000 -1.5500
v 3.2500 3.6000 -1.4500
v 3.2500 3.6000 -1.6500
v 3.3500 3.6000 1.3500
v 3.3500 3.6000 1.4500
v 3.3500 3.6000 1.2500
v 3.3500 3.6000 1.1500
v 3.3500 3.6000 -1.2500
v 3.3500 3.6000 -1.1500
v 3.3500 3.6000 -1.3500
v 3.3500 3.6000 -1.4500
v 3.4500 3.6000 1.0500
v 3.4500 3.6000 1.1500
v 3.4500 3.6000 0.9500
v 3.4500 3.6000 0.8500
v 3.4500 3.6000 -0.9500
v 3.4500 3.6000 -0.8500
v 3.4500 3.6000 -1.0500
v 3.4500 3.6000 -1.1500
v 3.5500 3.6000 0.7500
v 3.5500 3.6000 0.8500
v 3.5500 3.6000 0.6500
v 3.5500 3.6000 0.5500
v 3.5500 3.6000 0.4500
v 3.5500 3.6000 0.3500
v 3.5500 3.6000 0.2500
v 3.5500 3.6000 0.1500
v 3.5500 3.6000 0.0500
v 3.5500 3.6000 -0.1500
v 3.5500 3.6000 -0.0500
v 3.5500 3.6000 -0.2500
v 3.5500 3.6000 -0.3500
v 3.5500 3.6000 -0.4500
v 3.5500 3.6000 -0.5500
v 3.5500 3.6000 -0.6500
v 3.5500 3.6000 -0.7500
v 3.5500 3.6000 -0.8500
v 3.6500 3.6000 -0.0500
v 3.6500 3.6000 0.0500
v -3.6500 3.7000 0.0500
v -3.6500 3.7000 -0.0500
v -3.5500 3.7000 -0.0500
v -3.5500 3.7000 0.0500
v -3.5500 3.7000 0.8500
v -3.5500 3.7000 0.7500
v -3.4500 3.7000 0.8500
v -3.5500 3.7000 0.6500
v -3.5500 3.7000 0.5500
v -3.5500 3.7000 0.4500
v -3.5500 3.7000 0.3500
v -3.5500 3.7000 0.2500
v -3.5500 3.7000 0.1500
v -3.5500 3.7000 -0.1500
v -3.5500 3.7000 -0.2500
v -3.5500 3.7000 -0.3500
v -3.5500 3.7000 -0.4500
v -3.5500 3.7000 -0.5500
v -3.5500 3.7000 -0.6500
v -3.5500 3.7000 -0.7500
v -3.5500 3.7000 -0.8500
v -3.4500 3.7000 -0.8500
v -3.4500 3.7000 1.1500
v -3.4500 3.7000 1.0500
v -3.3500 3.7000 1.1500
v -3.4500 3.7000 0.9500
v -3.4500 3.7000 -0.9500
v -3.4500 3.7000 -1.0500
v -3.4500 3.7000 -1.1500
v -3.3500 3.7000 -1.1500
v -3.3500 3.7000 1.4500
v -3.3500 3.7000 1.3500
v -3.2500 3.7000 1.4500
v -3.3500 3.7000 1.2500
v -3.3500 3.7000 -1.2500
v -3.3500 3.7000 -1.3500
v -3.3500 3.7000 -1.4500
v -3.2500 3.7000 -1.4500
v -3.2500 3.7000 1.6500
v -3.2500 3.7000 1.5500
v -3.1500 3.7000 1.6500
v -3.2500 3.7000 -1.5500
v -3.2500 3.7000 -1.6500
v -3.1500 3.7000 -1.6500
v -3.1500 3.7000 1.8500
v -3.1500 3.7000 1.7500
v -3.0500 3.7000 1.8500
v -3.1500 3.7000 -1.7500
v -3.1500 3.7000 -1.8500
v -3.0500 3.7000 -1.8500
v -3.0500 3.7000 1.9500
v -2.9500 3.7000 1.9500
v -3.0500 3.7000 -1.9500
v -2.9500 3.7000 -1.9500
v -2.9500 3.7000 2.1500
v -2.9500 3.7000 2.0500
v -2.8500 3.7000 2.1500
v -2.9500 3.7000 -2.0500
v -2.9500 3.7000 -2.1500
v -2.8500 3.7000 -2.1500
v -2.8500 3.7000 2.2500
v -2.7500 3.7000 2.2500
v -2.8500 3.7000 -2.2500
v -2.7500 3.7000 -2.2500
v -2.7500 3.7000 2.3500
v -2.6500 3.7000 2.3500
v -2.7500 3.7000 -2.3500
v -2.6500 3.7000 -2.3500
v -2.6500 3.7000 2.4500
v -2.5500 3.7000 2.4500
v -2.6500 3.7000 -2.4500
v -2.5500 3.7000 -2.4500
v -2.5500 3.7000 2.5500
v -2.4500 3.7000 2.5500
v -2.5500 3.7000 -2.5500
v -2.4500 3.7000 -2.5500
v -2.4500 3.7000 2.6500
v -2.3500 3.7000 2.6500
v -2.4500 3.7000 -2.6500
v -2.3500 3.7000 -2.6500
v -2.3500 3.7000 2.7500
v -2.2500 3.7000 2.7500
v -2.3500 3.7000 -2.7500
v -2.2500 3.7000 -2.7500
v -2.2500 3.7000 2.8500
v -2.1500 3.7000 2.8500
v -2.2500 3.7000 -2.8500
v -2.1500 3.7000 -2.8500
v -2.1500 3.7000 2.9500
v -2.0500 3.7000 2.9500
v -2.1500 3.7000 -2.9500
v -2.0500 3.7000 -2.9500
v -1.9500 3.7000 2.9500
v -1.9500 3.7000 -2.9500
v -1.9500 3.7000 3.0500
v -1.8500 3.7000 3.0500
v -1.9500 3.7000 -3.0500
v -1.8500 3.7000 -3.0500
v -1.8500 3.7000 3.1500
v -1.7500 3.7000 3.1500
v -1.8500 3.7000 -3.1500
v -1.7500 3.7000 -3.1500
v -1.6500 3.7000 3.1500
v -1.6500 3.7000 -3.1500
v -1.6500 3.7000 3.2500
v -1.5500 3.7000 3.2500
v -1.6500 3.7000 -3.2500
v -1.5500 3.7000 -3.2500
v -1.4500 3.7000 3.2500
v -1.4500 3.7000 -3.2500
v -1.4500 3.7000 3.3500
v -1.3500 3.7000 3.3500
v -1.4500 3.7000 -3.3500
v -1.3500 3.7000 -3.3500
v -1.2500 3.7000 3.3500
v -1.2500 3.7000 -3.3500
v -1.1500 3.7000 3.3500
v -1.1500 3.7000 -3.3500
v -1.1500 3.7000 3.4500
v -1.0500 3.7000 3.4500
v -1.1500 3.7000 -3.4500
v -1.0500 3.7000 -3.4500
v -0.9500 3.7000 3.4500
v -0.9500 3.7000 -3.4500
v -0.8500 3.7000 3.4500
v -0.8500 3.7000 -3.4500
v -0.8500 3.7000 3.5500
v -0.7500 3.7000 3.5500
v -0.8500 3.7000 -3.5500
v -0.7500 3.7000 -3.5500
v -0.6500 3.7000 3.5500
v -0.6500 3.7000 -3.5500
v -0.5500 3.7000 3.5500
v -0.5500 3.7000 -3.5500
v -0.4500 3.7000 3.5500
v -0.4500 3.7000 -3.5500
v -0.3500 3.7000 3.5500
v -0.3500 3.7000 -3.5500
v -0.2500 3.7000 3.5500
v -0.2500 3.7000 -3.5500
v -0.1500 3.7000 3.5500
v -0.1500 3.7000 -3.5500
v -0.0500 3.7000 3.5500
v -0.0500 3.7000 -3.5500
v 0.0500 3.7000 3.5500
v 0.0500 3.7000 3.6500
v -0.0500 3.7000 3.6500
v 0.0500 3.7000 -3.6500
v 0.0500 3.7000 -3.5500
v -0.0500 3.7000 -3.6500
v 0.1500 3.7000 3.5500
v 0.1500 3.7000 -3.5500
v 0.2500 3.7000 3.5500
v 0.2500 3.7000 -3.5500
v 0.3500 3.7000 3.5500
v 0.3500 3.7000 -3.5500
v 0.4500 3.7000 3.5500
v 0.4500 3.7000 -3.5500
v 0.5500 3.7000 3.5500
v 0.5500 3.7000 -3.5500
v 0.6500 3.7000 3.5500
v 0.6500 3.7000 -3.5500
v 0.7500 3.7000 3.5500
v 0.7500 3.7000 -3.5500
v 0.8500 3.7000 3.4500
v 0.8500 3.7000 3.5500
v 0.8500 3.7000 -3.5500
v 0.8500 3.7000 -3.4500
v 0.9500 3.7000 3.4500
v 0.9500 3.7000 -3.4500
v 1.0500 3.7000 3.4500
v 1.0500 3.7000 -3.4500
v 1.1500 3.7000 3.3500
v 1.1500 3.7000 3.4500
v 1.1500 3.7000 -3.4500
v 1.1500 3.7000 -3.3500
v 1.2500 3.7000 3.3500
v 1.2500 3.7000 -3.3500
v 1.3500 3.7000 3.3500
v 1.3500 3.7000 -3.3500
v 1.4500 3.7000 3.2500
v 1.4500 3.7000 3.3500
v 1.4500 3.7000 -3.3500
v 1.4500 3.7000 -3.2500
v 1.5500 3.7000 3.2500
v 1.5500 3.7000 -3.2500
v 1.6500 3.7000 3.1500
v 1.6500 3.7000 3.2500
v 1.6500 3.7000 -3.2500
v 1.6500 3.7000 -3.1500
v 1.7500 3.7000 3.1500
v 1.7500 3.7000 -3.1500
v 1.8500 3.7000 3.0500
v 1.8500 3.7000 3.1500
v 1.8500 3.7000 -3.1500
v 1.8500 3.7000 -3.0500
v 1.9500 3.7000 2.9500
v 1.9500 3.7000 3.0500
v 1.9500 3.7000 -3.0500
v 1.9500 3.7000 -2.9500
v 2.0500 3.7000 2.9500
v 2.0500 3.7000 -2.9500
v 2.1500 3.7000 2.8500
v 2.1500 3.7000 2.9500
v 2.1500 3.7000 -2.9500
v 2.1500 3.7000 -2.8500
v 2.2500 3.7000 2.7500
v 2.2500 3.7000 2.8500
v 2.2500 3.7000 -2.8500
v 2.2500 3.7000 -2.7500
v 2.3500 3.7000 2.6500
v 2.3500 3.7000 2.7500
v 2.3500 3.7000 -2.7500
v 2.3500 3.7000 -2.6500
v 2.4500 3.7000 2.5500
v 2.4500 3.7000 2.6500
v 2.4500 3.7000 -2.6500
v 2.4500 3.7000 -2.5500
v 2.5500 3.7000 2.4500
v 2.5500 3.7000 2.5500
v 2.5500 3.7000 -2.5500
v 2.5500 3.7000 -2.4500
v 2.6500 3.7000 2.3500
v 2.6500 3.7000 2.4500
v 2.6500 3.7000 -2.4500
v 2.6500 3.7000 -2.3500
v 2.7500 3.7000 2.2500
v 2.7500 3.7000 2.3500
v 2.7500 3.7000 -2.3500
v 2.7500 3.7000 -2.2500
v 2.8500 3.7000 2.1500
v 2.8500 3.7000 2.2500
v 2.8500 3.7000 -2.2500
v 2.8500 3.7000 -2.1500
v 2.9500 3.7000 2.0500
v 2.9500 3.7000 2.1500
v 2.9500 3.7000 1.9500
v 2.9500 3.7000 -2.0500
v 2.9500 3.7000 -1.9500
v 2.9500 3.7000 -2.1500
v 3.0500 3.7000 1.8500
v 3.0500 3.7000 1.9500
v 3.0500 3.7000 -1.9500
v 3.0500 3.7000 -1.8500
v 3.1500 3.7000 1.7500
v 3.1500 3.7000 1.8500
v 3.1500 3.7000 1.6500
v 3.1500 3.7000 -1.7500
v 3.1500 3.7000 -1.6500
v 3.1500 3.7000 -1.8500
v 3.2500 3.7000 1.5500
v 3.2500 3.7000 1.6500
v 3.2500 3.7000 1.4500
v 3.2500 3.7000 -1.5500
v 3.2500 3.7000 -1.4500
v 3.2500 3.7000 -1.6500
v 3.3500 3.7000 1.3500
v 3.3500 3.7000 1.4500
v 3.3500 3.7000 1.2500
v 3.3500 3.7000 1.1500
v 3.3500 3.7000 -1.2500
v 3.3500 3.7000 -1.1500
v 3.3500 3.7000 -1.3500
v 3.3500 3.7000 -1.4500
v 3.4500 3.7000 1.0500
v 3.4500 3.7000 1.1500
v 3.4500 3.7000 0.9500
v 3.4500 3.7000 0.8500
v 3.4500 3.7000 -0.9500
v 3.4500 3.7000 -0.8500
v 3.4500 3.7000 -1.0500
v 3.4500 3.7000 -1.1500
v 3.5500 3.7000 0.7500
v 3.5500 3.7000 0.8500
v 3.5500 3.7000 0.6500
v 3.5500 3.7000 0.5500
v 3.5500 3.7000 0.4500
v 3.5500 3.7000 0.3500
v 3.5500 3.7000 0.2500
v 3.5500 3.7000 0.1500
v 3.5500 3.7000 0.0500
v 3.5500 3.7000 -0.1500
v 3.5500 3.7000 -0.0500
v 3.5500 3.7000 -0.2500
v 3.5500 3.7000 -0.3500
v 3.5500 3.7000 -0.4500
v 3.5500 3.7000 -0.5500
v 3.5500 3.7000 -0.6500
v 3.5500 3.7000 -0.7500
v 3.5500 3.7000 -0.8500
v 3.6500 3.7000 -0.0500
v 3.6500 3.7000 0.0500
v -3.6500 3.8000 0.0500
v -3.6500 3.8000 -0.0500
v -3.5500 3.8000 -0.0500
v -3.5500 3.8000 0.0500
v -3.5500 3.8000 0.8500
v -3.5500 3.8000 0.7500
v -3.4500 3.8000 0.8500
v -3.5500 3.8000 0.6500
v -3.5500 3.8000 0.5500
v -3.5500 3.8000 0.4500
v -3.5500 3.8000 0.3500
v -3.5500 3.8000 0.2500
v -3.5500 3.8000 0.1500
v -3.5500 3.8000 -0.1500
v -3.5500 3.8000 -0.2500
v -3.5500 3.8000 -0.3500
v -3.5500 3.8000 -0.4500
v -3.5500 3.8000 -0.5500
v -3.5500 3.8000 -0.6500
v -3.5500 3.8000 -0.7500
v -3.5500 3.8000 -0.8500
v -3.4500 3.8000 -0.8500
v -3.4500 3.8000 1.1500
v -3.4500 3.8000 1.0500
v -3.3500 3.8000 1.1500
v -3.4500 3.8000 0.9500
v -3.4500 3.8000 -0.9500
v -3.4500 3.8000 -1.0500
v -3.4500 3.8000 -1.1500
v -3.3500 3.8000 -1.1500
v -3.3500 3.8000 1.4500
v -3.3500 3.8000 1.3500
v -3.2500 3.8000 1.4500
v -3.3500 3.8000 1.2500
v -3.3500 3.8000 -1.2500
v -3.3500 3.8000 -1.3500
v -3.3500 3.8000 -1.4500
v -3.2500 3.8000 -1.4500
v -3.2500 3.8000 1.6500
v -3.2500 3.8000 1.5500
v -3.1500 3.8000 1.6500
v -3.2500 3.8000 -1.5500
v -3.2500 3.8000 -1.6500
v -3.1500 3.8000 -1.6500
v -3.1500 3.8000 1.8500
v -3.1500 3.8000 1.7500
v -3.0500 3.8000 1.8500
v -3.1500 3.8000 -1.7500
v -3.1500 3.8000 -1.8500
v -3.0500 3.8000 -1.8500
v -3.0500 3.8000 1.9500
v -2.9500 3.8000 1.9500
v -3.0500 3.8000 -1.9500
v -2.9500 3.8000 -1.9500
v -2.9500 3.8000 2.1500
v -2.9500 3.8000 2.0500
v -2.8500 3.8000 2.1500
v -2.9500 3.8000 -2.0500
v -2.9500 3.8000 -2.1500
v -2.8500 3.8000 -2.1500
v -2.8500 3.8000 2.2500
v -2.7500 3.8000 2.2500
v -2.8500 3.8000 -2.2500
v -2.7500 3.8000 -2.2500
v -2.7500 3.8000 2.3500
v -2.6500 3.8000 2.3500
v -2.7500 3.8000 -2.3500
v -2.6500 3.8000 -2.3500
v -2.6500 3.8000 2.4500
v -2.5500 3.8000 2.4500
v -2.6500 3.8000 -2.4500
v -2.5500 3.8000 -2.4500
v -2.5500 3.8000 2.5500
v -2.4500 3.8000 2.5500
v -2.5500 3.8000 -2.5500
v -2.4500 3.8000 -2.5500
v -2.4500 3.8000 2.6500
v -2.3500 3.8000 2.6500
v -2.4500 3.8000 -2.6500
v -2.3500 3.8000 -2.6500
v -2.3500 3.8000 2.7500
v -2.2500 3.8000 2.7500
v -2.3500 3.8000 -2.7500
v -2.2500 3.8000 -2.7500
v -2.2500 3.8000 2.8500
v -2.1500 3.8000 2.8500
v -2.2500 3.8000 -2.8500
v -2.1500 3.8000 -2.8500
v -2.1500 3.8000 2.9500
v -2.0500 3.8000 2.9500
v -2.1500 3.8000 -2.9500
v -2.0500 3.8000 -2.9500
v -1.9500 3.8000 2.9500
v -1.9500 3.8000 -2.9500
v -1.9500 3.8000 3.0500
v -1.8500 3.8000 3.0500
v -1.9500 3.8000 -3.0500
v -1.8500 3.8000 -3.0500
v -1.8500 3.8000 3.1500
v -1.7500 3.8000 3.1500
v -1.8500 3.8000 -3.1500
v -1.7500 3.8000 -3.1500
v -1.6500 3.8000 3.1500
v -1.6500 3.8000 -3.1500
v -1.6500 3.8000 3.2500
v -1.5500 3.8000 3.2500
v -1.6500 3.8000 -3.2500
v -1.5500 3.8000 -3.2500
v -1.4500 3.8000 3.2500
v -1.4500 3.8000 -3.2500
v -1.4500 3.8000 3.3500
v -1.3500 3.8000 3.3500
v -1.4500 3.8000 -3.3500
v -1.3500 3.8000 -3.3500
v -1.2500 3.8000 3.3500
v -1.2500 3.8000 -3.3500
v -1.1500 3.8000 3.3500
v -1.1500 3.8000 -3.3500
v -1.1500 3.8000 3.4500
v -1.0500 3.8000 3.4500
v -1.1500 3.8000 -3.4500
v -1.0500 3.8000 -3.4500
v -0.9500 3.8000 3.4500
v -0.9500 3.8000 -3.4500
v -0.8500 3.8000 3.4500
v -0.8500 3.8000 -3.4500
v -0.8500 3.8000 3.5500
v -0.7500 3.8000 3.5500
v -0.8500 3.8000 -3.5500
v -0.7500 3.8000 -3.5500
v -0.6500 3.8000 3.5500
v -0.6500 3.8000 -3.5500
v -0.5500 3.8000 3.5500
v -0.5500 3.8000 -3.5500
v -0.4500 3.8000 3.5500
v -0.4500 3.8000 -3.5500
v -0.3500 3.8000 3.5500
v -0.3500 3.8000 -3.5500
v -0.2500 3.8000 3.5500
v -0.2500 3.8000 -3.5500
v -0.1500 3.8000 3.5500
v -0.1500 3.8000 -3.5500
v -0.0500 3.8000 3.5500
v -0.0500 3.8000 -3.5500
v 0.0500 3.8000 3.5500
v 0.0500 3.8000 3.6500
v -0.0500 3.8000 3.6500
v 0.0500 3.8000 -3.6500
v 0.0500 3.8000 -3.5500
v -0.0500 3.8000 -3.6500
v 0.1500 3.8000 3.5500
v 0.1500 3.8000 -3.5500
v 0.2500 3.8000 3.5500
v 0.2500 3.8000 -3.5500
v 0.3500 3.8000 3.5500
v 0.3500 3.8000 -3.5500
v 0.4500 3.8000 3.5500
v 0.4500 3.8000 -3.5500
v 0.5500 3.8000 3.5500
v 0.5500 3.8000 -3.5500
v 0.6500 3.8000 3.5500
v 0.6500 3.8000 -3.5500
v 0.7500 3.8000 3.5500
v 0.7500 3.8000 -3.5500
v 0.8500 3.8000 3.4500
v 0.8500 3.8000 3.5500
v 0.8500 3.8000 -3.5500
v 0.8500 3.8000 -3.4500
v 0.9500 3.8000 3.4500
v 0.9500 3.8000 -3.4500
v 1.0500 3.8000 3.4500
v 1.0500 3.8000 -3.4500
v 1.1500 3.8000 3.3500
v 1.1500 3.8000 3.4500
v 1.1500 3.8000 -3.4500
v 1.1500 3.8000 -3.3500
v 1.2500 3.8000 3.3500
v 1.2500 3.8000 -3.3500
v 1.3500 3.8000 3.3500
v 1.3500 3.8000 -3.3500
v 1.4500 3.8000 3.2500
v 1.4500 3.8000 3.3500
v 1.4500 3.8000 -3.3500
v 1.4500 3.8000 -3.2500
v 1.5500 3.8000 3.2500
v 1.5500 3.8000 -3.2500
v 1.6500 3.8000 3.1500
v 1.6500 3.8000 3.2500
v 1.6500 3.8000 -3.2500
v 1.6500 3.8000 -3.1500
v 1.7500 3.8000 3.1500
v 1.7500 3.8000 -3.1500
v 1.8500 3.8000 3.0500
v 1.8500 3.8000 3.1500
v 1.8500 3.8000 -3.1500
v 1.8500 3.8000 -3.0500
v 1.9500 3.8000 2.9500
v 1.9500 3.8000 3.0500
v 1.9500 3.8000 -3.0500
v 1.9500 3.8000 -2.9500
v 2.0500 3.8000 2.9500
v 2.0500 3.8000 -2.9500
v 2.1500 3.8000 2.8500
v 2.1500 3.8000 2.9500
v 2.1500 3.8000 -2.9500
v 2.1500 3.8000 -2.8500
v 2.2500 3.8000 2.7500
v 2.2500 3.8000 2.8500
v 2.2500 3.8000 -2.8500
v 2.2500 3.8000 -2.7500
v 2.3500 3.8000 2.6500
v 2.3500 3.8000 2.7500
v 2.3500 3.8000 -2.7500
v 2.3500 3.8000 -2.6500
v 2.4500 3.8000 2.5500
v 2.4500 3.8000 2.6500
v 2.4500 3.8000 -2.6500
v 2.4500 3.8000 -2.5500
v 2.5500 3.8000 2.4500
v 2.5500 3.8000 2.5500
v 2.5500 3.8000 -2.5500
v 2.5500 3.8000 -2.4500
v 2.6500 3.8000 2.3500
v 2.6500 3.8000 2.4500
v 2.6500 3.8000 -2.4500
v 2.6500 3.8000 -2.3500
v 2.7500 3.8000 2.2500
v 2.7500 3.8000 2.3500
v 2.7500 3.8000 -2.3500
v 2.7500 3.8000 -2.2500
v 2.8500 3.8000 2.1500
v 2.8500 3.8000 2.2500
v 2.8500 3.8000 -2.2500
v 2.8500 3.8000 -2.1500
v 2.9500 3.8000 2.0500
v 2.9500 3.8000 2.1500
v 2.9500 3.8000 1.9500
v 2.9500 3.8000 -2.0500
v 2.9500 3.8000 -1.9500
v 2.9500 3.8000 -2.1500
v 3.0500 3.8000 1.8500
v 3.0500 3.8000 1.9500
v 3.0500 3.8000 -1.9500
v 3.0500 3.8000 -1.8500
v 3.1500 3.8000 1.7500
v 3.1500 3.8000 1.8500
v 3.1500 3.8000 1.6500
v 3.1500 3.8000 -1.7500
v 3.1500 3.8000 -1.6500
v 3.1500 3.8000 -1.8500
v 3.2500 3.8000 1.5500
v 3.2500 3.8000 1.6500
v 3.2500 3.8000 1.4500
v 3.2500 3.8000 -1.5500
v 3.2500 3.8000 -1.4500
v 3.2500 3.8000 -1.6500
v 3.3500 3.8000 1.3500
v 3.3500 3.8000 1.4500
v 3.3500 3.8000 1.2500
v 3.3500 3.8000 1.1500
v 3.3500 3.8000 -1.2500
v 3.3500 3.8000 -1.1500
v 3.3500 3.8000 -1.3500
v 3.3500 3.8000 -1.4500
v 3.4500 3.8000 1.0500
v 3.4500 3.8000 1.1500
v 3.4500 3.8000 0.9500
v 3.4500 3.8000 0.8500
v 3.4500 3.8000 -0.9500
v 3.4500 3.8000 -0.8500
v 3.4500 3.8000 -1.0500
v 3.4500 3.8000 -1.1500
v 3.5500 3.8000 0.7500
v 3.5500 3.8000 0.8500
v 3.5500 3.8000 0.6500
v 3.5500 3.8000 0.5500
v 3.5500 3.8000 0.4500
v 3.5500 3.8000 0.3500
v 3.5500 3.8000 0.2500
v 3.5500 3.8000 0.1500
v 3.5500 3.8000 0.0500
v 3.5500 3.8000 -0.1500
v 3.5500 3.8000 -0.0500
v 3.5500 3.8000 -0.2500
v 3.5500 3.8000 -0.3500
v 3.5500 3.8000 -0.4500
v 3.5500 3.8000 -0.5500
v 3.5500 3.8000 -0.6500
v 3.5500 3.8000 -0.7500
v 3.5500 3.8000 -0.8500
v 3.6500 3.8000 -0.0500
v 3.6500 3.8000 0.0500
v -3.6500 3.9000 0.0500
v -3.6500 3.9000 -0.0500
v -3.5500 3.9000 -0.0500
v -3.5500 3.9000 0.0500
v -3.5500 3.9000 0.8500
v -3.5500 3.9000 0.7500
v -3.4500 3.9000 0.8500
v -3.4500 3.9000 0.7500
v -3.5500 3.9000 0.6500
v -3.4500 3.9000 0.6500
v -3.5500 3.9000 0.5500
v -3.4500 3.9000 0.5500
v -3.5500 3.9000 0.4500
v -3.4500 3.9000 0.4500
v -3.5500 3.9000 0.3500
v -3.4500 3.9000 0.3500
v -3.5500 3.9000 0.2500
v -3.4500 3.9000 0.2500
v -3.5500 3.9000 0.1500
v -3.4500 3.9000 0.1500
v -3.4500 3.9000 0.0500
v -3.4500 3.9000 -0.0500
v -3.5500 3.9000 -0.1500
v -3.4500 3.9000 -0.1500
v -3.5500 3.9000 -0.2500
v -3.4500 3.9000 -0.2500
v -3.5500 3.9000 -0.3500
v -3.4500 3.9000 -0.3500
v -3.5500 3.9000 -0.4500
v -3.4500 3.9000 -0.4500
v -3.5500 3.9000 -0.5500
v -3.4500 3.9000 -0.5500
v -3.5500 3.9000 -0.6500
v -3.4500 3.9000 -0.6500
v -3.5500 3.9000 -0.7500
v -3.4500 3.9000 -0.7500
v -3.5500 3.9000 -0.8500
v -3.4500 3.9000 -0.8500
v -3.4500 3.9000 1.1500
v -3.4500 3.9000 1.0500
v -3.3500 3.9000 1.1500
v -3.3500 3.9000 1.0500
v -3.4500 3.9000 0.9500
v -3.3500 3.9000 0.9500
v -3.3500 3.9000 0.8500
v -3.3500 3.9000 0.7500
v -3.3500 3.9000 0.6500
v -3.3500 3.9000 0.5500
v -3.3500 3.9000 0.4500
v -3.3500 3.9000 0.3500
v -3.3500 3.9000 0.2500
v -3.3500 3.9000 0.1500
v -3.3500 3.9000 0.0500
v -3.3500 3.9000 -0.0500
v -3.3500 3.9000 -0.1500
v -3.3500 3.9000 -0.2500
v -3.3500 3.9000 -0.3500
v -3.3500 3.9000 -0.4500
v -3.3500 3.9000 -0.5500
v -3.3500 3.9000 -0.6500
v -3.3500 3.9000 -0.7500
v -3.3500 3.9000 -0.8500
v -3.4500 3.9000 -0.9500
v -3.3500 3.9000 -0.9500
v -3.4500 3.9000 -1.0500
v -3.3500 3.9000 -1.0500
v -3.4500 3.9000 -1.1500
v -3.3500 3.9000 -1.1500
v -3.3500 3.9000 1.4500
v -3.3500 3.9000 1.3500
v -3.2500 3.9000 1.4500
v -3.2500 3.9000 1.3500
v -3.3500 3.9000 1.2500
v -3.2500 3.9000 1.2500
v -3.2500 3.9000 1.1500
v -3.2500 3.9000 1.0500
v -3.2500 3.9000 0.9500
v -3.2500 3.9000 0.8500
v -3.2500 3.9000 0.7500
v -3.2500 3.9000 0.6500
v -3.2500 3.9000 0.5500
v -3.2500 3.9000 0.4500
v -3.2500 3.9000 0.3500
v -3.2500 3.9000 0.2500
v -3.2500 3.9000 0.1500
v -3.2500 3.9000 0.0500
v -3.2500 3.9000 -0.0500
v -3.2500 3.9000 -0.1500
v -3.2500 3.9000 -0.2500
v -3.2500 3.9000 -0.3500
v -3.2500 3.9000 -0.4500
v -3.2500 3.9000 -0.5500
v -3.2500 3.9000 -0.6500
v -3.2500 3.9000 -0.7500
v -3.2500 3.9000 -0.8500
v -3.2500 3.9000 -0.9500
v -3.2500 3.9000 -1.0500
v -3.2500 3.9000 -1.1500
v -3.3500 3.9000 -1.2500
v -3.2500 3.9000 -1.2500
v -3.3500 3.9000 -1.3500
v -3.2500 3.9000 -1.3500
v -3.3500 3.9000 -1.4500
v -3.2500 3.9000 -1.4500
v -3.2500 3.9000 1.6500
v -3.2500 3.9000 1.5500
v -3.1500 3.9000 1.6500
v -3.1500 3.9000 1.5500
v -3.1500 3.9000 1.4500
v -3.1500 3.9000 1.3500
v -3.1500 3.9000 1.2500
v -3.1500 3.9000 1.1500
v -3.1500 3.9000 1.0500
v -3.1500 3.9000 0.9500
v -3.1500 3.9000 0.8500
v -3.1500 3.9000 0.7500
v -3.1500 3.9000 0.6500
v -3.1500 3.9000 0.5500
v -3.1500 3.9000 0.4500
v -3.1500 3.9000 0.3500
v -3.1500 3.9000 0.2500
v -3.1500 3.9000 0.1500
v -3.1500 3.9000 0.0500
v -3.1500 3.9000 -0.0500
v -3.1500 3.9000 -0.1500
v -3.1500 3.9000 -0.2500
v -3.1500 3.9000 -0.3500
v -3.1500 3.9000 -0.4500
v -3.1500 3.9000 -0.5500
v -3.1500 3.9000 -0.6500
v -3.1500 3.9000 -0.7500
v -3.1500 3.9000 -0.8500
v -3.1500 3.9000 -0.9500
v -3.1500 3.9000 -1.0500
v -3.1500 3.9000 -1.1500
v -3.1500 3.9000 -1.2500
v -3.1500 3.9000 -1.3500
v -3.1500 3.9000 -1.4500
v -3.2500 3.9000 -1.5500
v -3.1500 3.9000 -1.5500
v -3.2500 3.9000 -1.6500
v -3.1500 3.9000 -1.6500
v -3.1500 3.9000 1.8500
v -3.1500 3.9000 1.7500
v -3.0500 3.9000 1.8500
v -3.0500 3.9000 1.7500
v -3.0500 3.9000 1.6500
v -3.0500 3.9000 1.5500
v -3.0500 3.9000 1.4500
v -3.0500 3.9000 1.3500
v -3.0500 3.9000 1.2500
v -3.0500 3.9000 1.1500
v -3.0500 3.9000 1.0500
v -3.0500 3.9000 0.9500
v -3.0500 3.9000 0.8500
v -3.0500 3.9000 0.7500
v -3.0500 3.9000 0.6500
v -3.0500 3.9000 0.5500
v -3.0500 3.9000 0.4500
v -3.0500 3.9000 0.3500
v -3.0500 3.9000 0.2500
v -3.0500 3.9000 0.1500
v -3.0500 3.9000 0.0500
v -3.0500 3.9000 -0.0500
v -3.0500 3.9000 -0.1500
v -3.0500 3.9000 -0.2500
v -3.0500 3.9000 -0.3500
v -3.0500 3.9000 -0.4500
v -3.0500 3.9000 -0.5500
v -3.0500 3.9000 -0.6500
v -3.0500 3.9000 -0.7500
v -3.0500 3.9000 -0.8500
v -3.0500 3.9000 -0.9500
v -3.0500 3.9000 -1.0500
v -3.0500 3.9000 -1.1500
v -3.0500 3.9000 -1.2500
v -3.0500 3.9000 -1.3500
v -3.0500 3.9000 -1.4500
v -3.0500 3.9000 -1.5500
v -3.0500 3.9000 -1.6500
v -3.1500 3.9000 -1.7500
v -3.0500 3.9000 -1.7500
v -3.1500 3.9000 -1.8500
v -3.0500 3.9000 -1.8500
v -3.0500 3.9000 1.9500
v -2.9500 3.9000 1.9500
v -2.9500 3.9000 1.8500
v -2.9500 3.9000 1.7500
v -2.9500 3.9000 1.6500
v -2.9500 3.9000 1.5500
v -2.9500 3.9000 1.4500
v -2.9500 3.9000 1.3500
v -2.9500 3.9000 1.2500
v -2.9500 3.9000 1.1500
v -2.9500 3.9000 1.0500
v -2.9500 3.9000 0.9500
v -2.9500 3.9000 0.8500
v -2.9500 3.9000 0.7500
v -2.9500 3.9000 -0.7500
v -2.9500 3.9000 -0.8500
v -2.9500 3.9000 -0.9500
v -2.9500 3.9000 -1.0500
v -2.9500 3.9000 -1.1500
v -2.9500 3.9000 -1.2500
v -2.9500 3.9000 -1.3500
v -2.9500 3.9000 -1.4500
v -2.9500 3.9000 -1.5500
v -2.9500 3.9000 -1.6500
v -2.9500 3.9000 -1.7500
v -2.9500 3.9000 -1.8500
v -3.0500 3.9000 -1.9500
v -2.9500 3.9000 -1.9500
v -2.9500 3.9000 2.1500
v -2.9500 3.9000 2.0500
v -2.8500 3.9000 2.1500
v -2.8500 3.9000 2.0500
v -2.8500 3.9000 1.9500
v -2.8500 3.9000 1.8500
v -2.8500 3.9000 1.7500
v -2.8500 3.9000 1.6500
v -2.8500 3.9000 1.5500
v -2.8500 3.9000 1.4500
v -2.8500 3.9000 1.3500
v -2.8500 3.9000 1.2500
v -2.8500 3.9000 1.1500
v -2.8500 3.9000 1.0500
v -2.8500 3.9000 -1.0500
v -2.8500 3.9000 -1.1500
v -2.8500 3.9000 -1.2500
v -2.8500 3.9000 -1.3500
v -2.8500 3.9000 -1.4500
v -2.8500 3.9000 -1.5500
v -2.8500 3.9000 -1.6500
v -2.8500 3.9000 -1.7500
v -2.8500 3.9000 -1.8500
v -2.8500 3.9000 -1.9500
v -2.9500 3.9000 -2.0500
v -2.8500 3.9000 -2.0500
v -2.9500 3.9000 -2.1500
v -2.8500 3.9000 -2.1500
v -2.8500 3.9000 2.2500
v -2.7500 3.9000 2.2500
v -2.7500 3.9000 2.1500
v -2.7500 3.9000 2.0500
v -2.7500 3.9000 1.9500
v -2.7500 3.9000 1.8500
v -2.7500 3.9000 1.7500
v -2.7500 3.9000 1.6500
v -2.7500 3.9000 1.5500
v -2.7500 3.9000 1.4500
v -2.7500 3.9000 1.3500
v -2.7500 3.9000 -1.3500
v -2.7500 3.9000 -1.4500
v -2.7500 3.9000 -1.5500
v -2.7500 3.9000 -1.6500
v -2.7500 3.9000 -1.7500
v -2.7500 3.9000 -1.8500
v -2.7500 3.9000 -1.9500
v -2.7500 3.9000 -2.0500
v -2.7500 3.9000 -2.1500
v -2.8500 3.9000 -2.2500
v -2.7500 3.9000 -2.2500
v -2.7500 3.9000 2.3500
v -2.6500 3.9000 2.3500
v -2.6500 3.9000 2.2500
v -2.6500 3.9000 2.1500
v -2.6500 3.9000 2.0500
v -2.6500 3.9000 1.9500
v -2.6500 3.9000 1.8500
v -2.6500 3.9000 1.7500
v -2.6500 3.9000 1.6500
v -2.6500 3.9000 1.5500
v -2.6500 3.9000 -1.5500
v -2.6500 3.9000 -1.6500
v -2.6500 3.9000 -1.7500
v -2.6500 3.9000 -1.8500
v -2.6500 3.9000 -1.9500
v -2.6500 3.9000 -2.0500
v -2.6500 3.9000 -2.1500
v -2.6500 3.9000 -2.2500
v -2.7500 3.9000 -2.3500
v -2.6500 3.9000 -2.3500
v -2.6500 3.9000 2.4500
v -2.5500 3.9000 2.4500
v -2.5500 3.9000 2.3500
v -2.5500 3.9000 2.2500
v -2.5500 3.9000 2.1500
v -2.5500 3.9000 2.0500
v -2.5500 3.9000 1.9500
v -2.5500 3.9000 1.8500
v -2.5500 3.9000 1.7500
v -2.5500 3.9000 1.6500
v -2.5500 3.9000 -1.6500
v -2.5500 3.9000 -1.7500
v -2.5500 3.9000 -1.8500
v -2.5500 3.9000 -1.9500
v -2.5500 3.9000 -2.0500
v -2.5500 3.9000 -2.1500
v -2.5500 3.9000 -2.2500
v -2.5500 3.9000 -2.3500
v -2.6500 3.9000 -2.4500
v -2.5500 3.9000 -2.4500
v -2.5500 3.9000 2.5500
v -2.4500 3.9000 2.5500
v -2.4500 3.9000 2.4500
v -2.4500 3.9000 2.3500
v -2.4500 3.9000 2.2500
v -2.4500 3.9000 2.1500
v -2.4500 3.9000 2.0500
v -2.4500 3.9000 1.9500
v -2.4500 3.9000 1.8500
v -2.4500 3.9000 -1.8500
v -2.4500 3.9000 -1.9500
v -2.4500 3.9000 -2.0500
v -2.4500 3.9000 -2.1500
v -2.4500 3.9000 -2.2500
v -2.4500 3.9000 -2.3500
v -2.4500 3.9000 -2.4500
v -2.5500 3.9000 -2.5500
v -2.4500 3.9000 -2.5500
v -2.4500 3.9000 2.6500
v -2.3500 3.9000 2.6500
v -2.3500 3.9000 2.5500
v -2.3500 3.9000 2.4500
v -2.3500 3.9000 2.3500
v -2.3500 3.9000 2.2500
v -2.3500 3.9000 2.1500
v -2.3500 3.9000 2.0500
v -2.3500 3.9000 1.9500
v -2.3500 3.9000 -1.9500
v -2.3500 3.9000 -2.0500
v -2.3500 3.9000 -2.1500
v -2.3500 3.9000 -2.2500
v -2.3500 3.9000 -2.3500
v -2.3500 3.9000 -2.4500
v -2.3500 3.9000 -2.5500
v -2.4500 3.9000 -2.6500
v -2.3500 3.9000 -2.6500
v -2.3500 3.9000 2.7500
v -2.2500 3.9000 2.7500
v -2.2500 3.9000 2.6500
v -2.2500 3.9000 2.5500
v -2.2500 3.9000 2.4500
v -2.2500 3.9000 2.3500
v -2.2500 3.9000 2.2500
v -2.2500 3.9000 2.1500
v -2.2500 3.9000 2.0500
v -2.2500 3.9000 -2.0500
v -2.2500 3.9000 -2.1500
v -2.2500 3.9000 -2.2500
v -2.2500 3.9000 -2.3500
v -2.2500 3.9000 -2.4500
v -2.2500 3.9000 -2.5500
v -2.2500 3.9000 -2.6500
v -2.3500 3.9000 -2.7500
v -2.2500 3.9000 -2.7500
v -2.2500 3.9000 2.8500
v -2.1500 3.9000 2.8500
v -2.1500 3.9000 2.7500
v -2.1500 3.9000 2.6500
v -2.1500 3.9000 2.5500
v -2.1500 3.9000 2.4500
v -2.1500 3.9000 2.3500
v -2.1500 3.9000 2.2500
v -2.1500 3.9000 2.1500
v -2.1500 3.9000 -2.1500
v -2.1500 3.9000 -2.2500
v -2.1500 3.9000 -2.3500
v -2.1500 3.9000 -2.4500
v -2.1500 3.9000 -2.5500
v -2.1500 3.9000 -2.6500
v -2.1500 3.9000 -2.7500
v -2.2500 3.9000 -2.8500
v -2.1500 3.9000 -2.8500
v -2.1500 3.9000 2.9500
v -2.0500 3.9000 2.9500
v -2.0500 3.9000 2.8500
v -2.0500 3.9000 2.7500
v -2.0500 3.9000 2.6500
v -2.0500 3.9000 2.5500
v -2.0500 3.9000 2.4500
v -2.0500 3.9000 2.3500
v -2.0500 3.9000 2.2500
v -2.0500 3.9000 -2.2500
v -2.0500 3.9000 -2.3500
v -2.0500 3.9000 -2.4500
v -2.0500 3.9000 -2.5500
v -2.0500 3.9000 -2.6500
v -2.0500 3.9000 -2.7500
v -2.0500 3.9000 -2.8500
v -2.1500 3.9000 -2.9500
v -2.0500 3.9000 -2.9500
v -1.9500 3.9000 2.9500
v -1.9500 3.9000 2.8500
v -1.9500 3.9000 2.7500
v -1.9500 3.9000 2.6500
v -1.9500 3.9000 2.5500
v -1.9500 3.9000 2.4500
v -1.9500 3.9000 2.3500
v -1.9500 3.9000 -2.3500
v -1.9500 3.9000 -2.4500
v -1.9500 3.9000 -2.5500
v -1.9500 3.9000 -2.6500
v -1.9500 3.9000 -2.7500
v -1.9500 3.9000 -2.8500
v -1.9500 3.9000 -2.9500
v -1.9500 3.9000 3.0500
v -1.8500 3.9000 3.0500
v -1.8500 3.9000 2.9500
v -1.8500 3.9000 2.8500
v -1.8500 3.9000 2.7500
v -1.8500 3.9000 2.6500
v -1.8500 3.9000 2.5500
v -1.8500 3.9000 2.4500
v -1.8500 3.9000 -2.4500
v -1.8500 3.9000 -2.5500
v -1.8500 3.9000 -2.6500
v -1.8500 3.9000 -2.7500
v -1.8500 3.9000 -2.8500
v -1.8500 3.9000 -2.9500
v -1.9500 3.9000 -3.0500
v -1.8500 3.9000 -3.0500
v -1.8500 3.9000 3.1500
v -1.7500 3.9000 3.1500
v -1.7500 3.9000 3.0500
v -1.7500 3.9000 2.9500
v -1.7500 3.9000 2.8500
v -1.7500 3.9000 2.7500
v -1.7500 3.9000 2.6500
v -1.7500 3.9000 2.5500
v -1.7500 3.9000 -2.5500
v -1.7500 3.9000 -2.6500
v -1.7500 3.9000 -2.7500
v -1.7500 3.9000 -2.8500
v -1.7500 3.9000 -2.9500
v -1.7500 3.9000 -3.0500
v -1.8500 3.9000 -3.1500
v -1.7500 3.9000 -3.1500
v -1.6500 3.9000 3.1500
v -1.6500 3.9000 3.0500
v -1.6500 3.9000 2.9500
v -1.6500 3.9000 2.8500
v -1.6500 3.9000 2.7500
v -1.6500 3.9000 2.6500
v -1.6500 3.9000 2.5500
v -1.6500 3.9000 -2.5500
v -1.6500 3.9000 -2.6500
v -1.6500 3.9000 -2.7500
v -1.6500 3.9000 -2.8500
v -1.6500 3.9000 -2.9500
v -1.6500 3.9000 -3.0500
v -1.6500 3.9000 -3.1500
v -1.6500 3.9000 3.2500
v -1.5500 3.9000 3.2500
v -1.5500 3.9000 3.1500
v -1.5500 3.9000 3.0500
v -1.5500 3.9000 2.9500
v -1.5500 3.9000 2.8500
v -1.5500 3.9000 2.7500
v -1.5500 3.9000 2.6500
v -1.5500 3.9000 -2.6500
v -1.5500 3.9000 -2.7500
v -1.5500 3.9000 -2.8500
v -1.5500 3.9000 -2.9500
v -1.5500 3.9000 -3.0500
v -1.5500 3.9000 -3.1500
v -1.6500 3.9000 -3.2500
v -1.5500 3.9000 -3.2500
v -1.4500 3.9000 3.2500
v -1.4500 3.9000 3.1500
v -1.4500 3.9000 3.0500
v -1.4500 3.9000 2.9500
v -1.4500 3.9000 2.8500
v -1.4500 3.9000 2.7500
v -1.4500 3.9000 -2.7500
v -1.4500 3.9000 -2.8500
v -1.4500 3.9000 -2.9500
v -1.4500 3.9000 -3.0500
v -1.4500 3.9000 -3.1500
v -1.4500 3.9000 -3.2500
v -1.4500 3.9000 3.3500
v -1.3500 3.9000 3.3500
v -1.3500 3.9000 3.2500
v -1.3500 3.9000 3.1500
v -1.3500 3.9000 3.0500
v -1.3500 3.9000 2.9500
v -1.3500 3.9000 2.8500
v -1.3500 3.9000 2.7500
v -1.3500 3.9000 -2.7500
v -1.3500 3.9000 -2.8500
v -1.3500 3.9000 -2.9500
v -1.3500 3.9000 -3.0500
v -1.3500 3.9000 -3.1500
v -1.3500 3.9000 -3.2500
v -1.4500 3.9000 -3.3500
v -1.3500 3.9000 -3.3500
v -1.2500 3.9000 3.3500
v -1.2500 3.9000 3.2500
v -1.2500 3.9000 3.1500
v -1.2500 3.9000 3.0500
v -1.2500 3.9000 2.9500
v -1.2500 3.9000 2.8500
v -1.2500 3.9000 -2.8500
v -1.2500 3.9000 -2.9500
v -1.2500 3.9000 -3.0500
v -1.2500 3.9000 -3.1500
v -1.2500 3.9000 -3.2500
v -1.2500 3.9000 -3.3500
v -1.1500 3.9000 3.3500
v -1.1500 3.9000 3.2500
v -1.1500 3.9000 3.1500
v -1.1500 3.9000 3.0500
v -1.1500 3.9000 2.9500
v -1.1500 3.9000 2.8500
v -1.1500 3.9000 -2.8500
v -1.1500 3.9000 -2.9500
v -1.1500 3.9000 -3.0500
v -1.1500 3.9000 -3.1500
v -1.1500 3.9000 -3.2500
v -1.1500 3.9000 -3.3500
v -1.1500 3.9000 3.4500
v -1.0500 3.9000 3.4500
v -1.0500 3.9000 3.3500
v -1.0500 3.9000 3.2500
v -1.0500 3.9000 3.1500
v -1.0500 3.9000 3.0500
v -1.0500 3.9000 2.9500
v -1.0500 3.9000 2.8500
v -1.0500 3.9000 -2.8500
v -1.0500 3.9000 -2.9500
v -1.0500 3.9000 -3.0500
v -1.0500 3.9000 -3.1500
v -1.0500 3.9000 -3.2500
v -1.0500 3.9000 -3.3500
v -1.1500 3.9000 -3.4500
v -1.0500 3.9000 -3.4500
v -0.9500 3.9000 3.4500
v -0.9500 3.9000 3.3500
v -0.9500 3.9000 3.2500
v -0.9500 3.9000 3.1500
v -0.9500 3.9000 3.0500
v -0.9500 3.9000 2.9500
v -0.9500 3.9000 -2.9500
v -0.9500 3.9000 -3.0500
v -0.9500 3.9000 -3.1500
v -0.9500 3.9000 -3.2500
v -0.9500 3.9000 -3.3500
v -0.9500 3.9000 -3.4500
v -0.8500 3.9000 3.4500
v -0.8500 3.9000 3.3500
v -0.8500 3.9000 3.2500
v -0.8500 3.9000 3.1500
v -0.8500 3.9000 3.0500
v -0.8500 3.9000 2.9500
v -0.8500 3.9000 -2.9500
v -0.8500 3.9000 -3.0500
v -0.8500 3.9000 -3.1500
v -0.8500 3.9000 -3.2500
v -0.8500 3.9000 -3.3500
v -0.8500 3.9000 -3.4500
v -0.8500 3.9000 3.5500
v -0.7500 3.9000 3.5500
v -0.7500 3.9000 3.4500
v -0.7500 3.9000 3.3500
v -0.7500 3.9000 3.2500
v -0.7500 3.9000 3.1500
v -0.7500 3.9000 3.0500
v -0.7500 3.9000 2.9500
v -0.7500 3.9000 -2.9500
v -0.7500 3.9000 -3.0500
v -0.7500 3.9000 -3.1500
v -0.7500 3.9000 -3.2500
v -0.7500 3.9000 -3.3500
v -0.7500 3.9000 -3.4500
v -0.8500 3.9000 -3.5500
v -0.7500 3.9000 -3.5500
v -0.6500 3.9000 3.5500
v -0.6500 3.9000 3.4500
v -0.6500 3.9000 3.3500
v -0.6500 3.9000 3.2500
v -0.6500 3.9000 3.1500
v -0.6500 3.9000 3.0500
v -0.6500 3.9000 -3.0500
v -0.6500 3.9000 -3.1500
v -0.6500 3.9000 -3.2500
v -0.6500 3.9000 -3.3500
v -0.6500 3.9000 -3.4500
v -0.6500 3.9000 -3.5500
v -0.5500 3.9000 3.5500
v -0.5500 3.9000 3.4500
v -0.5500 3.9000 3.3500
v -0.5500 3.9000 3.2500
v -0.5500 3.9000 3.1500
v -0.5500 3.9000 3.0500
v -0.5500 3.9000 -3.0500
v -0.5500 3.9000 -3.1500
v -0.5500 3.9000 -3.2500
v -0.5500 3.9000 -3.3500
v -0.5500 3.9000 -3.4500
v -0.5500 3.9000 -3.5500
v -0.4500 3.9000 3.5500
v -0.4500 3.9000 3.4500
v -0.4500 3.9000 3.3500
v -0.4500 3.9000 3.2500
v -0.4500 3.9000 3.1500
v -0.4500 3.9000 3.0500
v -0.4500 3.9000 -3.0500
v -0.4500 3.9000 -3.1500
v -0.4500 3.9000 -3.2500
v -0.4500 3.9000 -3.3500
v -0.4500 3.9000 -3.4500
v -0.4500 3.9000 -3.5500
v -0.3500 3.9000 3.5500
v -0.3500 3.9000 3.4500
v -0.3500 3.9000 3.3500
v -0.3500 3.9000 3.2500
v -0.3500 3.9000 3.1500
v -0.3500 3.9000 3.0500
v -0.3500 3.9000 -3.0500
v -0.3500 3.9000 -3.1500
v -0.3500 3.9000 -3.2500
v -0.3500 3.9000 -3.3500
v -0.3500 3.9000 -3.4500
v -0.3500 3.9000 -3.5500
v -0.2500 3.9000 3.5500
v -0.2500 3.9000 3.4500
v -0.2500 3.9000 3.3500
v -0.2500 3.9000 3.2500
v -0.2500 3.9000 3.1500
v -0.2500 3.9000 3.0500
v -0.2500 3.9000 -3.0500
v -0.2500 3.9000 -3.1500
v -0.2500 3.9000 -3.2500
v -0.2500 3.9000 -3.3500
v -0.2500 3.9000 -3.4500
v -0.2500 3.9000 -3.5500
v -0.1500 3.9000 3.5500
v -0.1500 3.9000 3.4500
v -0.1500 3.9000 3.3500
v -0.1500 3.9000 3.2500
v -0.1500 3.9000 3.1500
v -0.1500 3.9000 3.0500
v -0.1500 3.9000 -3.0500
v -0.1500 3.9000 -3.1500
v -0.1500 3.9000 -3.2500
v -0.1500 3.9000 -3.3500
v -0.1500 3.9000 -3.4500
v -0.1500 3.9000 -3.5500
v -0.0500 3.9000 3.5500
v -0.0500 3.9000 3.4500
v -0.0500 3.9000 3.3500
v -0.0500 3.9000 3.2500
v -0.0500 3.9000 3.1500
v -0.0500 3.9000 3.0500
v -0.0500 3.9000 -3.0500
v -0.0500 3.9000 -3.1500
v -0.0500 3.9000 -3.2500
v -0.0500 3.9000 -3.3500
v -0.0500 3.9000 -3.4500
v -0.0500 3.9000 -3.5500
v 0.0500 3.9000 3.5500
v 0.0500 3.9000 3.6500
v -0.0500 3.9000 3.6500
v 0.0500 3.9000 3.4500
v 0.0500 3.9000 3.3500
v 0.0500 3.9000 3.2500
v 0.0500 3.9000 3.1500
v 0.0500 3.9000 -3.1500
v 0.0500 3.9000 -3.2500
v 0.0500 3.9000 -3.3500
v 0.0500 3.9000 -3.4500
v 0.0500 3.9000 -3.5500
v 0.0500 3.9000 -3.6500
v -0.0500 3.9000 -3.6500
v 0.1500 3.9000 3.5500
v 0.1500 3.9000 3.4500
v 0.1500 3.9000 3.3500
v 0.1500 3.9000 3.2500
v 0.1500 3.9000 3.1500
v 0.1500 3.9000 3.0500
v 0.0500 3.9000 3.0500
v 0.0500 3.9000 -3.0500
v 0.1500 3.9000 -3.0500
v 0.1500 3.9000 -3.1500
v 0.1500 3.9000 -3.2500
v 0.1500 3.9000 -3.3500
v 0.1500 3.9000 -3.4500
v 0.1500 3.9000 -3.5500
v 0.2500 3.9000 3.5500
v 0.2500 3.9000 3.4500
v 0.2500 3.9000 3.3500
v 0.2500 3.9000 3.2500
v 0.2500 3.9000 3.1500
v 0.2500 3.9000 3.0500
v 0.2500 3.9000 -3.0500
v 0.2500 3.9000 -3.1500
v 0.2500 3.9000 -3.2500
v 0.2500 3.9000 -3.3500
v 0.2500 3.9000 -3.4500
v 0.2500 3.9000 -3.5500
v 0.3500 3.9000 3.5500
v 0.3500 3.9000 3.4500
v 0.3500 3.9000 3.3500
v 0.3500 3.9000 3.2500
v 0.3500 3.9000 3.1500
v 0.3500 3.9000 3.0500
v 0.3500 3.9000 -3.0500
v 0.3500 3.9000 -3.1500
v 0.3500 3.9000 -3.2500
v 0.3500 3.9000 -3.3500
v 0.3500 3.9000 -3.4500
v 0.3500 3.9000 -3.5500
v 0.4500 3.9000 3.5500
v 0.4500 3.9000 3.4500
v 0.4500 3.9000 3.3500
v 0.4500 3.9000 3.2500
v 0.4500 3.9000 3.1500
v 0.4500 3.9000 3.0500
v 0.4500 3.9000 -3.0500
v 0.4500 3.9000 -3.1500
v 0.4500 3.9000 -3.2500
v 0.4500 3.9000 -3.3500
v 0.4500 3.9000 -3.4500
v 0.4500 3.9000 -3.5500
v 0.5500 3.9000 3.5500
v 0.5500 3.9000 3.4500
v 0.5500 3.9000 3.3500
v 0.5500 3.9000 3.2500
v 0.5500 3.9000 3.1500
v 0.5500 3.9000 3.0500
v 0.5500 3.9000 -3.0500
v 0.5500 3.9000 -3.1500
v 0.5500 3.9000 -3.2500
v 0.5500 3.9000 -3.3500
v 0.5500 3.9000 -3.4500
v 0.5500 3.9000 -3.5500
v 0.6500 3.9000 3.5500
v 0.6500 3.9000 3.4500
v 0.6500 3.9000 3.3500
v 0.6500 3.9000 3.2500
v 0.6500 3.9000 3.1500
v 0.6500 3.9000 3.0500
v 0.6500 3.9000 -3.0500
v 0.6500 3.9000 -3.1500
v 0.6500 3.9000 -3.2500
v 0.6500 3.9000 -3.3500
v 0.6500 3.9000 -3.4500
v 0.6500 3.9000 -3.5500
v 0.7500 3.9000 3.5500
v 0.7500 3.9000 3.4500
v 0.7500 3.9000 3.3500
v 0.7500 3.9000 3.2500
v 0.7500 3.9000 3.1500
v 0.7500 3.9000 3.0500
v 0.7500 3.9000 -3.0500
v 0.7500 3.9000 -3.1500
v 0.7500 3.9000 -3.2500
v 0.7500 3.9000 -3.3500
v 0.7500 3.9000 -3.4500
v 0.7500 3.9000 -3.5500
v 0.8500 3.9000 3.4500
v 0.8500 3.9000 3.5500
v 0.8500 3.9000 3.3500
v 0.8500 3.9000 3.2500
v 0.8500 3.9000 3.1500
v 0.8500 3.9000 3.0500
v 0.8500 3.9000 2.9500
v 0.7500 3.9000 2.9500
v 0.7500 3.9000 -2.9500
v 0.8500 3.9000 -2.9500
v 0.8500 3.9000 -3.0500
v 0.8500 3.9000 -3.1500
v 0.8500 3.9000 -3.2500
v 0.8500 3.9000 -3.3500
v 0.8500 3.9000 -3.4500
v 0.8500 3.9000 -3.5500
v 0.9500 3.9000 3.4500
v 0.9500 3.9000 3.3500
v 0.9500 3.9000 3.2500
v 0.9500 3.9000 3.1500
v 0.9500 3.9000 3.0500
v 0.9500 3.9000 2.9500
v 0.9500 3.9000 -2.9500
v 0.9500 3.9000 -3.0500
v 0.9500 3.9000 -3.1500
v 0.9500 3.9000 -3.2500
v 0.9500 3.9000 -3.3500
v 0.9500 3.9000 -3.4500
v 1.0500 3.9000 3.4500
v 1.0500 3.9000 3.3500
v 1.0500 3.9000 3.2500
v 1.0500 3.9000 3.1500
v 1.0500 3.9000 3.0500
v 1.0500 3.9000 2.9500
v 1.0500 3.9000 -2.9500
v 1.0500 3.9000 -3.0500
v 1.0500 3.9000 -3.1500
v 1.0500 3.9000 -3.2500
v 1.0500 3.9000 -3.3500
v 1.0500 3.9000 -3.4500
v 1.1500 3.9000 3.3500
v 1.1500 3.9000 3.4500
v 1.1500 3.9000 3.2500
v 1.1500 3.9000 3.1500
v 1.1500 3.9000 3.0500
v 1.1500 3.9000 2.9500
v 1.1500 3.9000 2.8500
v 1.0500 3.9000 2.8500
v 1.0500 3.9000 -2.8500
v 1.1500 3.9000 -2.8500
v 1.1500 3.9000 -2.9500
v 1.1500 3.9000 -3.0500
v 1.1500 3.9000 -3.1500
v 1.1500 3.9000 -3.2500
v 1.1500 3.9000 -3.3500
v 1.1500 3.9000 -3.4500
v 1.2500 3.9000 3.3500
v 1.2500 3.9000 3.2500
v 1.2500 3.9000 3.1500
v 1.2500 3.9000 3.0500
v 1.2500 3.9000 2.9500
v 1.2500 3.9000 2.8500
v 1.2500 3.9000 -2.8500
v 1.2500 3.9000 -2.9500
v 1.2500 3.9000 -3.0500
v 1.2500 3.9000 -3.1500
v 1.2500 3.9000 -3.2500
v 1.2500 3.9000 -3.3500
v 1.3500 3.9000 3.3500
v 1.3500 3.9000 3.2500
v 1.3500 3.9000 3.1500
v 1.3500 3.9000 3.0500
v 1.3500 3.9000 2.9500
v 1.3500 3.9000 2.8500
v 1.3500 3.9000 -2.8500
v 1.3500 3.9000 -2.9500
v 1.3500 3.9000 -3.0500
v 1.3500 3.9000 -3.1500
v 1.3500 3.9000 -3.2500
v 1.3500 3.9000 -3.3500
v 1.4500 3.9000 3.2500
v 1.4500 3.9000 3.3500
v 1.4500 3.9000 3.1500
v 1.4500 3.9000 3.0500
v 1.4500 3.9000 2.9500
v 1.4500 3.9000 2.8500
v 1.4500 3.9000 2.7500
v 1.3500 3.9000 2.7500
v 1.3500 3.9000 -2.7500
v 1.4500 3.9000 -2.7500
v 1.4500 3.9000 -2.8500
v 1.4500 3.9000 -2.9500
v 1.4500 3.9000 -3.0500
v 1.4500 3.9000 -3.1500
v 1.4500 3.9000 -3.2500
v 1.4500 3.9000 -3.3500
v 1.5500 3.9000 3.2500
v 1.5500 3.9000 3.1500
v 1.5500 3.9000 3.0500
v 1.5500 3.9000 2.9500
v 1.5500 3.9000 2.8500
v 1.5500 3.9000 2.7500
v 1.5500 3.9000 -2.7500
v 1.5500 3.9000 -2.8500
v 1.5500 3.9000 -2.9500
v 1.5500 3.9000 -3.0500
v 1.5500 3.9000 -3.1500
v 1.5500 3.9000 -3.2500
v 1.6500 3.9000 3.1500
v 1.6500 3.9000 3.2500
v 1.6500 3.9000 3.0500
v 1.6500 3.9000 2.9500
v 1.6500 3.9000 2.8500
v 1.6500 3.9000 2.7500
v 1.6500 3.9000 2.6500
v 1.5500 3.9000 2.6500
v 1.5500 3.9000 -2.6500
v 1.6500 3.9000 -2.6500
v 1.6500 3.9000 -2.7500
v 1.6500 3.9000 -2.8500
v 1.6500 3.9000 -2.9500
v 1.6500 3.9000 -3.0500
v 1.6500 3.9000 -3.1500
v 1.6500 3.9000 -3.2500
v 1.7500 3.9000 3.1500
v 1.7500 3.9000 3.0500
v 1.7500 3.9000 2.9500
v 1.7500 3.9000 2.8500
v 1.7500 3.9000 2.7500
v 1.7500 3.9000 2.6500
v 1.7500 3.9000 2.5500
v 1.6500 3.9000 2.5500
v 1.6500 3.9000 -2.5500
v 1.7500 3.9000 -2.5500
v 1.7500 3.9000 -2.6500
v 1.7500 3.9000 -2.7500
v 1.7500 3.9000 -2.8500
v 1.7500 3.9000 -2.9500
v 1.7500 3.9000 -3.0500
v 1.7500 3.9000 -3.1500
v 1.8500 3.9000 3.0500
v 1.8500 3.9000 3.1500
v 1.8500 3.9000 2.9500
v 1.8500 3.9000 2.8500
v 1.8500 3.9000 2.7500
v 1.8500 3.9000 2.6500
v 1.8500 3.9000 2.5500
v 1.8500 3.9000 -2.5500
v 1.8500 3.9000 -2.6500
v 1.8500 3.9000 -2.7500
v 1.8500 3.9000 -2.8500
v 1.8500 3.9000 -2.9500
v 1.8500 3.9000 -3.0500
v 1.8500 3.9000 -3.1500
v 1.9500 3.9000 2.9500
v 1.9500 3.9000 3.0500
v 1.9500 3.9000 2.8500
v 1.9500 3.9000 2.7500
v 1.9500 3.9000 2.6500
v 1.9500 3.9000 2.5500
v 1.9500 3.9000 2.4500
v 1.8500 3.9000 2.4500
v 1.8500 3.9000 -2.4500
v 1.9500 3.9000 -2.4500
v 1.9500 3.9000 -2.5500
v 1.9500 3.9000 -2.6500
v 1.9500 3.9000 -2.7500
v 1.9500 3.9000 -2.8500
v 1.9500 3.9000 -2.9500
v 1.9500 3.9000 -3.0500
v 2.0500 3.9000 2.9500
v 2.0500 3.9000 2.8500
v 2.0500 3.9000 2.7500
v 2.0500 3.9000 2.6500
v 2.0500 3.9000 2.5500
v 2.0500 3.9000 2.4500
v 2.0500 3.9000 2.3500
v 1.9500 3.9000 2.3500
v 1.9500 3.9000 -2.3500
v 2.0500 3.9000 -2.3500
v 2.0500 3.9000 -2.4500
v 2.0500 3.9000 -2.5500
v 2.0500 3.9000 -2.6500
v 2.0500 3.9000 -2.7500
v 2.0500 3.9000 -2.8500
v 2.0500 3.9000 -2.9500
v 2.1500 3.9000 2.8500
v 2.1500 3.9000 2.9500
v 2.1500 3.9000 2.7500
v 2.1500 3.9000 2.6500
v 2.1500 3.9000 2.5500
v 2.1500 3.9000 2.4500
v 2.1500 3.9000 2.3500
v 2.1500 3.9000 2.2500
v 2.0500 3.9000 2.2500
v 2.0500 3.9000 -2.2500
v 2.1500 3.9000 -2.2500
v 2.1500 3.9000 -2.3500
v 2.1500 3.9000 -2.4500
v 2.1500 3.9000 -2.5500
v 2.1500 3.9000 -2.6500
v 2.1500 3.9000 -2.7500
v 2.1500 3.9000 -2.8500
v 2.1500 3.9000 -2.9500
v 2.2500 3.9000 2.7500
v 2.2500 3.9000 2.8500
v 2.2500 3.9000 2.6500
v 2.2500 3.9000 2.5500
v 2.2500 3.9000 2.4500
v 2.2500 3.9000 2.3500
v 2.2500 3.9000 2.2500
v 2.2500 3.9000 2.1500
v 2.1500 3.9000 2.1500
v 2.1500 3.9000 -2.1500
v 2.2500 3.9000 -2.1500
v 2.2500 3.9000 -2.2500
v 2.2500 3.9000 -2.3500
v 2.2500 3.9000 -2.4500
v 2.2500 3.9000 -2.5500
v 2.2500 3.9000 -2.6500
v 2.2500 3.9000 -2.7500
v 2.2500 3.9000 -2.8500
v 2.3500 3.9000 2.6500
v 2.3500 3.9000 2.7500
v 2.3500 3.9000 2.5500
v 2.3500 3.9000 2.4500
v 2.3500 3.9000 2.3500
v 2.3500 3.9000 2.2500
v 2.3500 3.9000 2.1500
v 2.3500 3.9000 2.0500
v 2.2500 3.9000 2.0500
v 2.2500 3.9000 -2.0500
v 2.3500 3.9000 -2.0500
v 2.3500 3.9000 -2.1500
v 2.3500 3.9000 -2.2500
v 2.3500 3.9000 -2.3500
v 2.3500 3.9000 -2.4500
v 2.3500 3.9000 -2.5500
v 2.3500 3.9000 -2.6500
v 2.3500 3.9000 -2.7500
v 2.4500 3.9000 2.5500
v 2.4500 3.9000 2.6500
v 2.4500 3.9000 2.4500
v 2.4500 3.9000 2.3500
v 2.4500 3.9000 2.2500
v 2.4500 3.9000 2.1500
v 2.4500 3.9000 2.0500
v 2.4500 3.9000 1.9500
v 2.3500 3.9000 1.9500
v 2.3500 3.9000 -1.9500
v 2.4500 3.9000 -1.9500
v 2.4500 3.9000 -2.0500
v 2.4500 3.9000 -2.1500
v 2.4500 3.9000 -2.2500
v 2.4500 3.9000 -2.3500
v 2.4500 3.9000 -2.4500
v 2.4500 3.9000 -2.5500
v 2.4500 3.9000 -2.6500
v 2.5500 3.9000 2.4500
v 2.5500 3.9000 2.5500
v 2.5500 3.9000 2.3500
v 2.5500 3.9000 2.2500
v 2.5500 3.9000 2.1500
v 2.5500 3.9000 2.0500
v 2.5500 3.9000 1.9500
v 2.5500 3.9000 1.8500
v 2.4500 3.9000 1.8500
v 2.4500 3.9000 -1.8500
v 2.5500 3.9000 -1.8500
v 2.5500 3.9000 -1.9500
v 2.5500 3.9000 -2.0500
v 2.5500 3.9000 -2.1500
v 2.5500 3.9000 -2.2500
v 2.5500 3.9000 -2.3500
v 2.5500 3.9000 -2.4500
v 2.5500 3.9000 -2.5500
v 2.6500 3.9000 2.3500
v 2.6500 3.9000 2.4500
v 2.6500 3.9000 2.2500
v 2.6500 3.9000 2.1500
v 2.6500 3.9000 2.0500
v 2.6500 3.9000 1.9500
v 2.6500 3.9000 1.8500
v 2.6500 3.9000 1.7500
v 2.5500 3.9000 1.7500
v 2.6500 3.9000 1.6500
v 2.5500 3.9000 1.6500
v 2.5500 3.9000 -1.6500
v 2.6500 3.9000 -1.6500
v 2.6500 3.9000 -1.7500
v 2.5500 3.9000 -1.7500
v 2.6500 3.9000 -1.8500
v 2.6500 3.9000 -1.9500
v 2.6500 3.9000 -2.0500
v 2.6500 3.9000 -2.1500
v 2.6500 3.9000 -2.2500
v 2.6500 3.9000 -2.3500
v 2.6500 3.9000 -2.4500
v 2.7500 3.9000 2.2500
v 2.7500 3.9000 2.3500
v 2.7500 3.9000 2.1500
v 2.7500 3.9000 2.0500
v 2.7500 3.9000 1.9500
v 2.7500 3.9000 1.8500
v 2.7500 3.9000 1.7500
v 2.7500 3.9000 1.6500
v 2.7500 3.9000 1.5500
v 2.6500 3.9000 1.5500
v 2.6500 3.9000 -1.5500
v 2.7500 3.9000 -1.5500
v 2.7500 3.9000 -1.6500
v 2.7500 3.9000 -1.7500
v 2.7500 3.9000 -1.8500
v 2.7500 3.9000 -1.9500
v 2.7500 3.9000 -2.0500
v 2.7500 3.9000 -2.1500
v 2.7500 3.9000 -2.2500
v 2.7500 3.9000 -2.3500
v 2.8500 3.9000 2.1500
v 2.8500 3.9000 2.2500
v 2.8500 3.9000 2.0500
v 2.8500 3.9000 1.9500
v 2.8500 3.9000 1.8500
v 2.8500 3.9000 1.7500
v 2.8500 3.9000 1.6500
v 2.8500 3.9000 1.5500
v 2.8500 3.9000 1.4500
v 2.7500 3.9000 1.4500
v 2.8500 3.9000 1.3500
v 2.7500 3.9000 1.3500
v 2.7500 3.9000 -1.3500
v 2.8500 3.9000 -1.3500
v 2.8500 3.9000 -1.4500
v 2.7500 3.9000 -1.4500
v 2.8500 3.9000 -1.5500
v 2.8500 3.9000 -1.6500
v 2.8500 3.9000 -1.7500
v 2.8500 3.9000 -1.8500
v 2.8500 3.9000 -1.9500
v 2.8500 3.9000 -2.0500
v 2.8500 3.9000 -2.1500
v 2.8500 3.9000 -2.2500
v 2.9500 3.9000 2.0500
v 2.9500 3.9000 2.1500
v 2.9500 3.9000 1.9500
v 2.9500 3.9000 1.8500
v 2.9500 3.9000 1.7500
v 2.9500 3.9000 1.6500
v 2.9500 3.9000 1.5500
v 2.9500 3.9000 1.4500
v 2.9500 3.9000 1.3500
v 2.9500 3.9000 1.2500
v 2.8500 3.9000 1.2500
v 2.9500 3.9000 1.1500
v 2.8500 3.9000 1.1500
v 2.9500 3.9000 1.0500
v 2.8500 3.9000 1.0500
v 2.8500 3.9000 -1.0500
v 2.9500 3.9000 -1.0500
v 2.9500 3.9000 -1.1500
v 2.8500 3.9000 -1.1500
v 2.9500 3.9000 -1.2500
v 2.8500 3.9000 -1.2500
v 2.9500 3.9000 -1.3500
v 2.9500 3.9000 -1.4500
v 2.9500 3.9000 -1.5500
v 2.9500 3.9000 -1.6500
v 2.9500 3.9000 -1.7500
v 2.9500 3.9000 -1.8500
v 2.9500 3.9000 -1.9500
v 2.9500 3.9000 -2.0500
v 2.9500 3.9000 -2.1500
v 3.0500 3.9000 1.8500
v 3.0500 3.9000 1.9500
v 3.0500 3.9000 1.7500
v 3.0500 3.9000 1.6500
v 3.0500 3.9000 1.5500
v 3.0500 3.9000 1.4500
v 3.0500 3.9000 1.3500
v 3.0500 3.9000 1.2500
v 3.0500 3.9000 1.1500
v 3.0500 3.9000 1.0500
v 3.0500 3.9000 0.9500
v 2.9500 3.9000 0.9500
v 3.0500 3.9000 0.8500
v 2.9500 3.9000 0.8500
v 3.0500 3.9000 0.7500
v 2.9500 3.9000 0.7500
v 2.9500 3.9000 -0.7500
v 3.0500 3.9000 -0.7500
v 3.0500 3.9000 -0.8500
v 2.9500 3.9000 -0.8500
v 3.0500 3.9000 -0.9500
v 2.9500 3.9000 -0.9500
v 3.0500 3.9000 -1.0500
v 3.0500 3.9000 -1.1500
v 3.0500 3.9000 -1.2500
v 3.0500 3.9000 -1.3500
v 3.0500 3.9000 -1.4500
v 3.0500 3.9000 -1.5500
v 3.0500 3.9000 -1.6500
v 3.0500 3.9000 -1.7500
v 3.0500 3.9000 -1.8500
v 3.0500 3.9000 -1.9500
v 3.1500 3.9000 1.7500
v 3.1500 3.9000 1.8500
v 3.1500 3.9000 1.6500
v 3.1500 3.9000 1.5500
v 3.1500 3.9000 1.4500
v 3.1500 3.9000 1.3500
v 3.1500 3.9000 1.2500
v 3.1500 3.9000 1.1500
v 3.1500 3.9000 1.0500
v 3.1500 3.9000 0.9500
v 3.1500 3.9000 0.8500
v 3.1500 3.9000 0.7500
v 3.1500 3.9000 0.6500
v 3.0500 3.9000 0.6500
v 3.1500 3.9000 0.5500
v 3.0500 3.9000 0.5500
v 3.1500 3.9000 0.4500
v 3.0500 3.9000 0.4500
v 3.1500 3.9000 0.3500
v 3.0500 3.9000 0.3500
v 3.1500 3.9000 0.2500
v 3.0500 3.9000 0.2500
v 3.1500 3.9000 0.1500
v 3.0500 3.9000 0.1500
v 3.1500 3.9000 0.0500
v 3.0500 3.9000 0.0500
v 3.0500 3.9000 -0.0500
v 3.1500 3.9000 -0.0500
v 3.1500 3.9000 -0.1500
v 3.0500 3.9000 -0.1500
v 3.1500 3.9000 -0.2500
v 3.0500 3.9000 -0.2500
v 3.1500 3.9000 -0.3500
v 3.0500 3.9000 -0.3500
v 3.1500 3.9000 -0.4500
v 3.0500 3.9000 -0.4500
v 3.1500 3.9000 -0.5500
v 3.0500 3.9000 -0.5500
v 3.1500 3.9000 -0.6500
v 3.0500 3.9000 -0.6500
v 3.1500 3.9000 -0.7500
v 3.1500 3.9000 -0.8500
v 3.1500 3.9000 -0.9500
v 3.1500 3.9000 -1.0500
v 3.1500 3.9000 -1.1500
v 3.1500 3.9000 -1.2500
v 3.1500 3.9000 -1.3500
v 3.1500 3.9000 -1.4500
v 3.1500 3.9000 -1.5500
v 3.1500 3.9000 -1.6500
v 3.1500 3.9000 -1.7500
v 3.1500 3.9000 -1.8500
v 3.2500 3.9000 1.5500
v 3.2500 3.9000 1.6500
v 3.2500 3.9000 1.4500
v 3.2500 3.9000 1.3500
v 3.2500 3.9000 1.2500
v 3.2500 3.9000 1.1500
v 3.2500 3.9000 1.0500
v 3.2500 3.9000 0.9500
v 3.2500 3.9000 0.8500
v 3.2500 3.9000 0.7500
v 3.2500 3.9000 0.6500
v 3.2500 3.9000 0.5500
v 3.2500 3.9000 0.4500
v 3.2500 3.9000 0.3500
v 3.2500 3.9000 0.2500
v 3.2500 3.9000 0.1500
v 3.2500 3.9000 0.0500
v 3.2500 3.9000 -0.0500
v 3.2500 3.9000 -0.1500
v 3.2500 3.9000 -0.2500
v 3.2500 3.9000 -0.3500
v 3.2500 3.9000 -0.4500
v 3.2500 3.9000 -0.5500
v 3.2500 3.9000 -0.6500
v 3.2500 3.9000 -0.7500
v 3.2500 3.9000 -0.8500
v 3.2500 3.9000 -0.9500
v 3.2500 3.9000 -1.0500
v 3.2500 3.9000 -1.1500
v 3.2500 3.9000 -1.2500
v 3.2500 3.9000 -1.3500
v 3.2500 3.9000 -1.4500
v 3.2500 3.9000 -1.5500
v 3.2500 3.9000 -1.6500
v 3.3500 3.9000 1.3500
v 3.3500 3.9000 1.4500
v 3.3500 3.9000 1.2500
v 3.3500 3.9000 1.1500
v 3.3500 3.9000 1.0500
v 3.3500 3.9000 0.9500
v 3.3500 3.9000 0.8500
v 3.3500 3.9000 0.7500
v 3.3500 3.9000 0.6500
v 3.3500 3.9000 0.5500
v 3.3500 3.9000 0.4500
v 3.3500 3.9000 0.3500
v 3.3500 3.9000 0.2500
v 3.3500 3.9000 0.1500
v 3.3500 3.9000 0.0500
v 3.3500 3.9000 -0.0500
v 3.3500 3.9000 -0.1500
v 3.3500 3.9000 -0.2500
v 3.3500 3.9000 -0.3500
v 3.3500 3.9000 -0.4500
v 3.3500 3.9000 -0.5500
v 3.3500 3.9000 -0.6500
v 3.3500 3.9000 -0.7500
v 3.3500 3.9000 -0.8500
v 3.3500 3.9000 -0.9500
v 3.3500 3.9000 -1.0500
v 3.3500 3.9000 -1.1500
v 3.3500 3.9000 -1.2500
v 3.3500 3.9000 -1.3500
v 3.3500 3.9000 -1.4500
v 3.4500 3.9000 1.0500
v 3.4500 3.9000 1.1500
v 3.4500 3.9000 0.9500
v 3.4500 3.9000 0.8500
v 3.4500 3.9000 0.7500
v 3.4500 3.9000 0.6500
v 3.4500 3.9000 0.5500
v 3.4500 3.9000 0.4500
v 3.4500 3.9000 0.3500
v 3.4500 3.9000 0.2500
v 3.4500 3.9000 0.1500
v 3.4500 3.9000 0.0500
v 3.4500 3.9000 -0.0500
v 3.4500 3.9000 -0.1500
v 3.4500 3.9000 -0.2500
v 3.4500 3.9000 -0.3500
v 3.4500 3.9000 -0.4500
v 3.4500 3.9000 -0.5500
v 3.4500 3.9000 -0.6500
v 3.4500 3.9000 -0.7500
v 3.4500 3.9000 -0.8500
v 3.4500 3.9000 -0.9500
v 3.4500 3.9000 -1.0500
v 3.4500 3.9000 -1.1500
v 3.5500 3.9000 0.7500
v 3.5500 3.9000 0.8500
v 3.5500 3.9000 0.6500
v 3.5500 3.9000 0.5500
v 3.5500 3.9000 0.4500
v 3.5500 3.9000 0.3500
v 3.5500 3.9000 0.2500
v 3.5500 3.9000 0.1500
v 3.5500 3.9000 0.0500
v 3.5500 3.9000 -0.0500
v 3.5500 3.9000 -0.1500
v 3.5500 3.9000 -0.2500
v 3.5500 3.9000 -0.3500
v 3.5500 3.9000 -0.4500
v 3.5500 3.9000 -0.5500
v 3.5500 3.9000 -0.6500
v 3.5500 3.9000 -0.7500
v 3.5500 3.9000 -0.8500
v 3.6500 3.9000 -0.0500
v 3.6500 3.9000 0.0500
v -3.1500 4.0000 0.0500
v -3.1500 4.0000 -0.0500
v -3.0500 4.0000 -0.0500
v -3.0500 4.0000 0.0500
v -3.0500 4.0000 0.7500
v -3.0500 4.0000 0.6500
v -2.9500 4.0000 0.7500
v -3.0500 4.0000 0.5500
v -3.0500 4.0000 0.4500
v -3.0500 4.0000 0.3500
v -3.0500 4.0000 0.2500
v -3.0500 4.0000 0.1500
v -3.0500 4.0000 -0.1500
v -3.0500 4.0000 -0.2500
v -3.0500 4.0000 -0.3500
v -3.0500 4.0000 -0.4500
v -3.0500 4.0000 -0.5500
v -3.0500 4.0000 -0.6500
v -3.0500 4.0000 -0.7500
v -2.9500 4.0000 -0.7500
v -2.9500 4.0000 1.0500
v -2.9500 4.0000 0.9500
v -2.8500 4.0000 1.0500
v -2.9500 4.0000 0.8500
v -2.9500 4.0000 -0.8500
v -2.9500 4.0000 -0.9500
v -2.9500 4.0000 -1.0500
v -2.8500 4.0000 -1.0500
v -2.8500 4.0000 1.3500
v -2.8500 4.0000 1.2500
v -2.7500 4.0000 1.3500
v -2.8500 4.0000 1.1500
v -2.8500 4.0000 -1.1500
v -2.8500 4.0000 -1.2500
v -2.8500 4.0000 -1.3500
v -2.7500 4.0000 -1.3500
v -2.7500 4.0000 1.5500
v -2.7500 4.0000 1.4500
v -2.6500 4.0000 1.5500
v -2.7500 4.0000 -1.4500
v -2.7500 4.0000 -1.5500
v -2.6500 4.0000 -1.5500
v -2.6500 4.0000 1.6500
v -2.5500 4.0000 1.6500
v -2.6500 4.0000 -1.6500
v -2.5500 4.0000 -1.6500
v -2.5500 4.0000 1.8500
v -2.5500 4.0000 1.7500
v -2.4500 4.0000 1.8500
v -2.5500 4.0000 -1.7500
v -2.5500 4.0000 -1.8500
v -2.4500 4.0000 -1.8500
v -2.4500 4.0000 1.9500
v -2.3500 4.0000 1.9500
v -2.4500 4.0000 -1.9500
v -2.3500 4.0000 -1.9500
v -2.3500 4.0000 2.0500
v -2.2500 4.0000 2.0500
v -2.3500 4.0000 -2.0500
v -2.2500 4.0000 -2.0500
v -2.2500 4.0000 2.1500
v -2.1500 4.0000 2.1500
v -2.2500 4.0000 -2.1500
v -2.1500 4.0000 -2.1500
v -2.1500 4.0000 2.2500
v -2.0500 4.0000 2.2500
v -2.1500 4.0000 -2.2500
v -2.0500 4.0000 -2.2500
v -2.0500 4.0000 2.3500
v -1.9500 4.0000 2.3500
v -2.0500 4.0000 -2.3500
v -1.9500 4.0000 -2.3500
v -1.9500 4.0000 2.4500
v -1.8500 4.0000 2.4500
v -1.9500 4.0000 -2.4500
v -1.8500 4.0000 -2.4500
v -1.8500 4.0000 2.5500
v -1.7500 4.0000 2.5500
v -1.8500 4.0000 -2.5500
v -1.7500 4.0000 -2.5500
v -1.6500 4.0000 2.5500
v -1.6500 4.0000 -2.5500
v -1.6500 4.0000 2.6500
v -1.5500 4.0000 2.6500
v -1.6500 4.0000 -2.6500
v -1.5500 4.0000 -2.6500
v -1.5500 4.0000 2.7500
v -1.4500 4.0000 2.7500
v -1.5500 4.0000 -2.7500
v -1.4500 4.0000 -2.7500
v -1.3500 4.0000 2.7500
v -1.3500 4.0000 -2.7500
v -1.3500 4.0000 2.8500
v -1.2500 4.0000 2.8500
v -1.3500 4.0000 -2.8500
v -1.2500 4.0000 -2.8500
v -1.1500 4.0000 2.8500
v -1.1500 4.0000 -2.8500
v -1.0500 4.0000 2.8500
v -1.0500 4.0000 -2.8500
v -1.0500 4.0000 2.9500
v -0.9500 4.0000 2.9500
v -1.0500 4.0000 -2.9500
v -0.9500 4.0000 -2.9500
v -0.8500 4.0000 2.9500
v -0.8500 4.0000 -2.9500
v -0.7500 4.0000 2.9500
v -0.7500 4.0000 -2.9500
v -0.7500 4.0000 3.0500
v -0.6500 4.0000 3.0500
v -0.7500 4.0000 -3.0500
v -0.6500 4.0000 -3.0500
v -0.5500 4.0000 3.0500
v -0.5500 4.0000 -3.0500
v -0.4500 4.0000 3.0500
v -0.4500 4.0000 -3.0500
v -0.3500 4.0000 3.0500
v -0.3500 4.0000 -3.0500
v -0.2500 4.0000 3.0500
v -0.2500 4.0000 -3.0500
v -0.1500 4.0000 3.0500
v -0.1500 4.0000 -3.0500
v -0.0500 4.0000 3.0500
v -0.0500 4.0000 -3.0500
v 0.0500 4.0000 3.0500
v 0.0500 4.0000 3.1500
v -0.0500 4.0000 3.1500
v 0.0500 4.0000 -3.1500
v 0.0500 4.0000 -3.0500
v -0.0500 4.0000 -3.1500
v 0.1500 4.0000 3.0500
v 0.1500 4.0000 -3.0500
v 0.2500 4.0000 3.0500
v 0.2500 4.0000 -3.0500
v 0.3500 4.0000 3.0500
v 0.3500 4.0000 -3.0500
v 0.4500 4.0000 3.0500
v 0.4500 4.0000 -3.0500
v 0.5500 4.0000 3.0500
v 0.5500 4.0000 -3.0500
v 0.6500 4.0000 3.0500
v 0.6500 4.0000 -3.0500
v 0.7500 4.0000 2.9500
v 0.7500 4.0000 3.0500
v 0.7500 4.0000 -3.0500
v 0.7500 4.0000 -2.9500
v 0.8500 4.0000 2.9500
v 0.8500 4.0000 -2.9500
v 0.9500 4.0000 2.9500
v 0.9500 4.0000 -2.9500
v 1.0500 4.0000 2.8500
v 1.0500 4.0000 2.9500
v 1.0500 4.0000 -2.9500
v 1.0500 4.0000 -2.8500
v 1.1500 4.0000 2.8500
v 1.1500 4.0000 -2.8500
v 1.2500 4.0000 2.8500
v 1.2500 4.0000 -2.8500
v 1.3500 4.0000 2.7500
v 1.3500 4.0000 2.8500
v 1.3500 4.0000 -2.8500
v 1.3500 4.0000 -2.7500
v 1.4500 4.0000 2.7500
v 1.4500 4.0000 -2.7500
v 1.5500 4.0000 2.6500
v 1.5500 4.0000 2.7500
v 1.5500 4.0000 -2.7500
v 1.5500 4.0000 -2.6500
v 1.6500 4.0000 2.5500
v 1.6500 4.0000 2.6500
v 1.6500 4.0000 -2.6500
v 1.6500 4.0000 -2.5500
v 1.7500 4.0000 2.5500
v 1.7500 4.0000 -2.5500
v 1.8500 4.0000 2.4500
v 1.8500 4.0000 2.5500
v 1.8500 4.0000 -2.5500
v 1.8500 4.0000 -2.4500
v 1.9500 4.0000 2.3500
v 1.9500 4.0000 2.4500
v 1.9500 4.0000 -2.4500
v 1.9500 4.0000 -2.3500
v 2.0500 4.0000 2.2500
v 2.0500 4.0000 2.3500
v 2.0500 4.0000 -2.3500
v 2.0500 4.0000 -2.2500
v 2.1500 4.0000 2.1500
v 2.1500 4.0000 2.2500
v 2.1500 4.0000 -2.2500
v 2.1500 4.0000 -2.1500
v 2.2500 4.0000 2.0500
v 2.2500 4.0000 2.1500
v 2.2500 4.0000 -2.1500
v 2.2500 4.0000 -2.0500
v 2.3500 4.0000 1.9500
v 2.3500 4.0000 2.0500
v 2.3500 4.0000 -2.0500
v 2.3500 4.0000 -1.9500
v 2.4500 4.0000 1.8500
v 2.4500 4.0000 1.9500
v 2.4500 4.0000 -1.9500
v 2.4500 4.0000 -1.8500
v 2.5500 4.0000 1.7500
v 2.5500 4.0000 1.8500
v 2.5500 4.0000 1.6500
v 2.5500 4.0000 -1.7500
v 2.5500 4.0000 -1.6500
v 2.5500 4.0000 -1.8500
v 2.6500 4.0000 1.5500
v 2.6500 4.0000 1.6500
v 2.6500 4.0000 -1.6500
v 2.6500 4.0000 -1.5500
v 2.7500 4.0000 1.4500
v 2.7500 4.0000 1.5500
v 2.7500 4.0000 1.3500
v 2.7500 4.0000 -1.4500
v 2.7500 4.0000 -1.3500
v 2.7500 4.0000 -1.5500
v 2.8500 4.0000 1.2500
v 2.8500 4.0000 1.3500
v 2.8500 4.0000 1.1500
v 2.8500 4.0000 1.0500
v 2.8500 4.0000 -1.1500
v 2.8500 4.0000 -1.0500
v 2.8500 4.0000 -1.2500
v 2.8500 4.0000 -1.3500
v 2.9500 4.0000 0.9500
v 2.9500 4.0000 1.0500
v 2.9500 4.0000 0.8500
v 2.9500 4.0000 0.7500
v 2.9500 4.0000 -0.8500
v 2.9500 4.0000 -0.7500
v 2.9500 4.0000 -0.9500
v 2.9500 4.0000 -1.0500
v 3.0500 4.0000 0.6500
v 3.0500 4.0000 0.7500
v 3.0500 4.0000 0.5500
v 3.0500 4.0000 0.4500
v 3.0500 4.0000 0.3500
v 3.0500 4.0000 0.2500
v 3.0500 4.0000 0.1500
v 3.0500 4.0000 0.0500
v 3.0500 4.0000 -0.1500
v 3.0500 4.0000 -0.0500
v 3.0500 4.0000 -0.2500
v 3.0500 4.0000 -0.3500
v 3.0500 4.0000 -0.4500
v 3.0500 4.0000 -0.5500
v 3.0500 4.0000 -0.6500
v 3.0500 4.0000 -0.7500
v 3.1500 4.0000 -0.0500
v 3.1500 4.0000 0.0500
v -3.1500 4.1000 0.0500
v -3.1500 4.1000 -0.0500
v -3.0500 4.1000 -0.0500
v -3.0500 4.1000 0.0500
v -3.0500 4.1000 0.7500
v -3.0500 4.1000 0.6500
v -2.9500 4.1000 0.7500
v -3.0500 4.1000 0.5500
v -3.0500 4.1000 0.4500
v -3.0500 4.1000 0.3500
v -3.0500 4.1000 0.2500
v -3.0500 4.1000 0.1500
v -3.0500 4.1000 -0.1500
v -3.0500 4.1000 -0.2500
v -3.0500 4.1000 -0.3500
v -3.0500 4.1000 -0.4500
v -3.0500 4.1000 -0.5500
v -3.0500 4.1000 -0.6500
v -3.0500 4.1000 -0.7500
v -2.9500 4.1000 -0.7500
v -2.9500 4.1000 1.0500
v -2.9500 4.1000 0.9500
v -2.8500 4.1000 1.0500
v -2.9500 4.1000 0.8500
v -2.9500 4.1000 -0.8500
v -2.9500 4.1000 -0.9500
v -2.9500 4.1000 -1.0500
v -2.8500 4.1000 -1.0500
v -2.8500 4.1000 1.3500
v -2.8500 4.1000 1.2500
v -2.7500 4.1000 1.3500
v -2.8500 4.1000 1.1500
v -2.8500 4.1000 -1.1500
v -2.8500 4.1000 -1.2500
v -2.8500 4.1000 -1.3500
v -2.7500 4.1000 -1.3500
v -2.7500 4.1000 1.5500
v -2.7500 4.1000 1.4500
v -2.6500 4.1000 1.5500
v -2.7500 4.1000 -1.4500
v -2.7500 4.1000 -1.5500
v -2.6500 4.1000 -1.5500
v -2.6500 4.1000 1.6500
v -2.5500 4.1000 1.6500
v -2.6500 4.1000 -1.6500
v -2.5500 4.1000 -1.6500
v -2.5500 4.1000 1.8500
v -2.5500 4.1000 1.7500
v -2.4500 4.1000 1.8500
v -2.5500 4.1000 -1.7500
v -2.5500 4.1000 -1.8500
v -2.4500 4.1000 -1.8500
v -2.4500 4.1000 1.9500
v -2.3500 4.1000 1.9500
v -2.4500 4.1000 -1.9500
v -2.3500 4.1000 -1.9500
v -2.3500 4.1000 2.0500
v -2.2500 4.1000 2.0500
v -2.3500 4.1000 -2.0500
v -2.2500 4.1000 -2.0500
v -2.2500 4.1000 2.1500
v -2.1500 4.1000 2.1500
v -2.2500 4.1000 -2.1500
v -2.1500 4.1000 -2.1500
v -2.1500 4.1000 2.2500
v -2.0500 4.1000 2.2500
v -2.1500 4.1000 -2.2500
v -2.0500 4.1000 -2.2500
v -2.0500 4.1000 2.3500
v -1.9500 4.1000 2.3500
v -2.0500 4.1000 -2.3500
v -1.9500 4.1000 -2.3500
v -1.9500 4.1000 2.4500
v -1.8500 4.1000 2.4500
v -1.9500 4.1000 -2.4500
v -1.8500 4.1000 -2.4500
v -1.8500 4.1000 2.5500
v -1.7500 4.1000 2.5500
v -1.8500 4.1000 -2.5500
v -1.7500 4.1000 -2.5500
v -1.6500 4.1000 2.5500
v -1.6500 4.1000 -2.5500
v -1.6500 4.1000 2.6500
v -1.5500 4.1000 2.6500
v -1.6500 4.1000 -2.6500
v -1.5500 4.1000 -2.6500
v -1.5500 4.1000 2.7500
v -1.4500 4.1000 2.7500
v -1.5500 4.1000 -2.7500
v -1.4500 4.1000 -2.7500
v -1.3500 4.1000 2.7500
v -1.3500 4.1000 -2.7500
v -1.3500 4.1000 2.8500
v -1.2500 4.1000 2.8500
v -1.3500 4.1000 -2.8500
v -1.2500 4.1000 -2.8500
v -1.1500 4.1000 2.8500
v -1.1500 4.1000 -2.8500
v -1.0500 4.1000 2.8500
v -1.0500 4.1000 -2.8500
v -1.0500 4.1000 2.9500
v -0.9500 4.1000 2.9500
v -1.0500 4.1000 -2.9500
v -0.9500 4.1000 -2.9500
v -0.8500 4.1000 2.9500
v -0.8500 4.1000 -2.9500
v -0.7500 4.1000 2.9500
v -0.7500 4.1000 -2.9500
v -0.7500 4.1000 3.0500
v -0.6500 4.1000 3.0500
v -0.7500 4.1000 -3.0500
v -0.6500 4.1000 -3.0500
v -0.5500 4.1000 3.0500
v -0.5500 4.1000 -3.0500
v -0.4500 4.1000 3.0500
v -0.4500 4.1000 -3.0500
v -0.3500 4.1000 3.0500
v -0.3500 4.1000 -3.0500
v -0.2500 4.1000 3.0500
v -0.2500 4.1000 -3.0500
v -0.1500 4.1000 3.0500
v -0.1500 4.1000 -3.0500
v -0.0500 4.1000 3.0500
v -0.0500 4.1000 -3.0500
v 0.0500 4.1000 3.0500
v 0.0500 4.1000 3.1500
v -0.0500 4.1000 3.1500
v 0.0500 4.1000 -3.1500
v 0.0500 4.1000 -3.0500
v -0.0500 4.1000 -3.1500
v 0.1500 4.1000 3.0500
v 0.1500 4.1000 -3.0500
v 0.2500 4.1000 3.0500
v 0.2500 4.1000 -3.0500
v 0.3500 4.1000 3.0500
v 0.3500 4.1000 -3.0500
v 0.4500 4.1000 3.0500
v 0.4500 4.1000 -3.0500
v 0.5500 4.1000 3.0500
v 0.5500 4.1000 -3.0500
v 0.6500 4.1000 3.0500
v 0.6500 4.1000 -3.0500
v 0.7500 4.1000 2.9500
v 0.7500 4.1000 3.0500
v 0.7500 4.1000 -3.0500
v 0.7500 4.1000 -2.9500
v 0.8500 4.1000 2.9500
v 0.8500 4.1000 -2.9500
v 0.9500 4.1000 2.9500
v 0.9500 4.1000 -2.9500
v 1.0500 4.1000 2.8500
v 1.0500 4.1000 2.9500
v 1.0500 4.1000 -2.9500
v 1.0500 4.1000 -2.8500
v 1.1500 4.1000 2.8500
v 1.1500 4.1000 -2.8500
v 1.2500 4.1000 2.8500
v 1.2500 4.1000 -2.8500
v 1.3500 4.1000 2.7500
v 1.3500 4.1000 2.8500
v 1.3500 4.1000 -2.8500
v 1.3500 4.1000 -2.7500
v 1.4500 4.1000 2.7500
v 1.4500 4.1000 -2.7500
v 1.5500 4.1000 2.6500
v 1.5500 4.1000 2.7500
v 1.5500 4.1000 -2.7500
v 1.5500 4.1000 -2.6500
v 1.6500 4.1000 2.5500
v 1.6500 4.1000 2.6500
v 1.6500 4.1000 -2.6500
v 1.6500 4.1000 -2.5500
v 1.7500 4.1000 2.5500
v 1.7500 4.1000 -2.5500
v 1.8500 4.1000 2.4500
v 1.8500 4.1000 2.5500
v 1.8500 4.1000 -2.5500
v 1.8500 4.1000 -2.4500
v 1.9500 4.1000 2.3500
v 1.9500 4.1000 2.4500
v 1.9500 4.1000 -2.4500
v 1.9500 4.1000 -2.3500
v 2.0500 4.1000 2.2500
v 2.0500 4.1000 2.3500
v 2.0500 4.1000 -2.3500
v 2.0500 4.1000 -2.2500
v 2.1500 4.1000 2.1500
v 2.1500 4.1000 2.2500
v 2.1500 4.1000 -2.2500
v 2.1500 4.1000 -2.1500
v 2.2500 4.1000 2.0500
v 2.2500 4.1000 2.1500
v 2.2500 4.1000 -2.1500
v 2.2500 4.1000 -2.0500
v 2.3500 4.1000 1.9500
v 2.3500 4.1000 2.0500
v 2.3500 4.1000 -2.0500
v 2.3500 4.1000 -1.9500
v 2.4500 4.1000 1.8500
v 2.4500 4.1000 1.9500
v 2.4500 4.1000 -1.9500
v 2.4500 4.1000 -1.8500
v 2.5500 4.1000 1.7500
v 2.5500 4.1000 1.8500
v 2.5500 4.1000 1.6500
v 2.5500 4.1000 -1.7500
v 2.5500 4.1000 -1.6500
v 2.5500 4.1000 -1.8500
v 2.6500 4.1000 1.5500
v 2.6500 4.1000 1.6500
v 2.6500 4.1000 -1.6500
v 2.6500 4.1000 -1.5500
v 2.7500 4.1000 1.4500
v 2.7500 4.1000 1.5500
v 2.7500 4.1000 1.3500
v 2.7500 4.1000 -1.4500
v 2.7500 4.1000 -1.3500
v 2.7500 4.1000 -1.5500
v 2.8500 4.1000 1.2500
v 2.8500 4.1000 1.3500
v 2.8500 4.1000 1.1500
v 2.8500 4.1000 1.0500
v 2.8500 4.1000 -1.1500
v 2.8500 4.1000 -1.0500
v 2.8500 4.1000 -1.2500
v 2.8500 4.1000 -1.3500
v 2.9500 4.1000 0.9500
v 2.9500 4.1000 1.0500
v 2.9500 4.1000 0.8500
v 2.9500 4.1000 0.7500
v 2.9500 4.1000 -0.8500
v 2.9500 4.1000 -0.7500
v 2.9500 4.1000 -0.9500
v 2.9500 4.1000 -1.0500
v 3.0500 4.1000 0.6500
v 3.0500 4.1000 0.7500
v 3.0500 4.1000 0.5500
v 3.0500 4.1000 0.4500
v 3.0500 4.1000 0.3500
v 3.0500 4.1000 0.2500
v 3.0500 4.1000 0.1500
v 3.0500 4.1000 0.0500
v 3.0500 4.1000 -0.1500
v 3.0500 4.1000 -0.0500
v 3.0500 4.1000 -0.2500
v 3.0500 4.1000 -0.3500
v 3.0500 4.1000 -0.4500
v 3.0500 4.1000 -0.5500
v 3.0500 4.1000 -0.6500
v 3.0500 4.1000 -0.7500
v 3.1500 4.1000 -0.0500
v 3.1500 4.1000 0.0500
v -3.1500 4.2000 0.0500
v -3.1500 4.2000 -0.0500
v -3.0500 4.2000 -0.0500
v -3.0500 4.2000 0.0500
v -3.0500 4.2000 0.7500
v -3.0500 4.2000 0.6500
v -2.9500 4.2000 0.7500
v -3.0500 4.2000 0.5500
v -3.0500 4.2000 0.4500
v -3.0500 4.2000 0.3500
v -3.0500 4.2000 0.2500
v -3.0500 4.2000 0.1500
v -3.0500 4.2000 -0.1500
v -3.0500 4.2000 -0.2500
v -3.0500 4.2000 -0.3500
v -3.0500 4.2000 -0.4500
v -3.0500 4.2000 -0.5500
v -3.0500 4.2000 -0.6500
v -3.0500 4.2000 -0.7500
v -2.9500 4.2000 -0.7500
v -2.9500 4.2000 1.0500
v -2.9500 4.2000 0.9500
v -2.8500 4.2000 1.0500
v -2.9500 4.2000 0.8500
v -2.9500 4.2000 -0.8500
v -2.9500 4.2000 -0.9500
v -2.9500 4.2000 -1.0500
v -2.8500 4.2000 -1.0500
v -2.8500 4.2000 1.3500
v -2.8500 4.2000 1.2500
v -2.7500 4.2000 1.3500
v -2.8500 4.2000 1.1500
v -2.8500 4.2000 -1.1500
v -2.8500 4.2000 -1.2500
v -2.8500 4.2000 -1.3500
v -2.7500 4.2000 -1.3500
v -2.7500 4.2000 1.5500
v -2.7500 4.2000 1.4500
v -2.6500 4.2000 1.5500
v -2.7500 4.2000 -1.4500
v -2.7500 4.2000 -1.5500
v -2.6500 4.2000 -1.5500
v -2.6500 4.2000 1.6500
v -2.5500 4.2000 1.6500
v -2.6500 4.2000 -1.6500
v -2.5500 4.2000 -1.6500
v -2.5500 4.2000 1.8500
v -2.5500 4.2000 1.7500
v -2.4500 4.2000 1.8500
v -2.5500 4.2000 -1.7500
v -2.5500 4.2000 -1.8500
v -2.4500 4.2000 -1.8500
v -2.4500 4.2000 1.9500
v -2.3500 4.2000 1.9500
v -2.4500 4.2000 -1.9500
v -2.3500 4.2000 -1.9500
v -2.3500 4.2000 2.0500
v -2.2500 4.2000 2.0500
v -2.3500 4.2000 -2.0500
v -2.2500 4.2000 -2.0500
v -2.2500 4.2000 2.1500
v -2.1500 4.2000 2.1500
v -2.2500 4.2000 -2.1500
v -2.1500 4.2000 -2.1500
v -2.1500 4.2000 2.2500
v -2.0500 4.2000 2.2500
v -2.1500 4.2000 -2.2500
v -2.0500 4.2000 -2.2500
v -2.0500 4.2000 2.3500
v -1.9500 4.2000 2.3500
v -2.0500 4.2000 -2.3500
v -1.9500 4.2000 -2.3500
v -1.9500 4.2000 2.4500
v -1.8500 4.2000 2.4500
v -1.9500 4.2000 -2.4500
v -1.8500 4.2000 -2.4500
v -1.8500 4.2000 2.5500
v -1.7500 4.2000 2.5500
v -1.8500 4.2000 -2.5500
v -1.7500 4.2000 -2.5500
v -1.6500 4.2000 2.5500
v -1.6500 4.2000 -2.5500
v -1.6500 4.2000 2.6500
v -1.5500 4.2000 2.6500
v -1.6500 4.2000 -2.6500
v -1.5500 4.2000 -2.6500
v -1.5500 4.2000 2.7500
v -1.4500 4.2000 2.7500
v -1.5500 4.2000 -2.7500
v -1.4500 4.2000 -2.7500
v -1.3500 4.2000 2.7500
v -1.3500 4.2000 -2.7500
v -1.3500 4.2000 2.8500
v -1.2500 4.2000 2.8500
v -1.3500 4.2000 -2.8500
v -1.2500 4.2000 -2.8500
v -1.1500 4.2000 2.8500
v -1.1500 4.2000 -2.8500
v -1.0500 4.2000 2.8500
v -1.0500 4.2000 -2.8500
v -1.0500 4.2000 2.9500
v -0.9500 4.2000 2.9500
v -1.0500 4.2000 -2.9500
v -0.9500 4.2000 -2.9500
v -0.8500 4.2000 2.9500
v -0.8500 4.2000 -2.9500
v -0.7500 4.2000 2.9500
v -0.7500 4.2000 -2.9500
v -0.7500 4.2000 3.0500
v -0.6500 4.2000 3.0500
v -0.7500 4.2000 -3.0500
v -0.6500 4.2000 -3.0500
v -0.5500 4.2000 3.0500
v -0.5500 4.2000 -3.0500
v -0.4500 4.2000 3.0500
v -0.4500 4.2000 -3.0500
v -0.3500 4.2000 3.0500
v -0.3500 4.2000 -3.0500
v -0.2500 4.2000 3.0500
v -0.2500 4.2000 -3.0500
v -0.1500 4.2000 3.0500
v -0.1500 4.2000 -3.0500
v -0.0500 4.2000 3.0500
v -0.0500 4.2000 -3.0500
v 0.0500 4.2000 3.0500
v 0.0500 4.2000 3.1500
v -0.0500 4.2000 3.1500
v 0.0500 4.2000 -3.1500
v 0.0500 4.2000 -3.0500
v -0.0500 4.2000 -3.1500
v 0.1500 4.2000 3.0500
v 0.1500 4.2000 -3.0500
v 0.2500 4.2000 3.0500
v 0.2500 4.2000 -3.0500
v 0.3500 4.2000 3.0500
v 0.3500 4.2000 -3.0500
v 0.4500 4.2000 3.0500
v 0.4500 4.2000 -3.0500
v 0.5500 4.2000 3.0500
v 0.5500 4.2000 -3.0500
v 0.6500 4.2000 3.0500
v 0.6500 4.2000 -3.0500
v 0.7500 4.2000 2.9500
v 0.7500 4.2000 3.0500
v 0.7500 4.2000 -3.0500
v 0.7500 4.2000 -2.9500
v 0.8500 4.2000 2.9500
v 0.8500 4.2000 -2.9500
v 0.9500 4.2000 2.9500
v 0.9500 4.2000 -2.9500
v 1.0500 4.2000 2.8500
v 1.0500 4.2000 2.9500
v 1.0500 4.2000 -2.9500
v 1.0500 4.2000 -2.8500
v 1.1500 4.2000 2.8500
v 1.1500 4.2000 -2.8500
v 1.2500 4.2000 2.8500
v 1.2500 4.2000 -2.8500
v 1.3500 4.2000 2.7500
v 1.3500 4.2000 2.8500
v 1.3500 4.2000 -2.8500
v 1.3500 4.2000 -2.7500
v 1.4500 4.2000 2.7500
v 1.4500 4.2000 -2.7500
v 1.5500 4.2000 2.6500
v 1.5500 4.2000 2.7500
v 1.5500 4.2000 -2.7500
v 1.5500 4.2000 -2.6500
v 1.6500 4.2000 2.5500
v 1.6500 4.2000 2.6500
v 1.6500 4.2000 -2.6500
v 1.6500 4.2000 -2.5500
v 1.7500 4.2000 2.5500
v 1.7500 4.2000 -2.5500
v 1.8500 4.2000 2.4500
v 1.8500 4.2000 2.5500
v 1.8500 4.2000 -2.5500
v 1.8500 4.2000 -2.4500
v 1.9500 4.2000 2.3500
v 1.9500 4.2000 2.4500
v 1.9500 4.2000 -2.4500
v 1.9500 4.2000 -2.3500
v 2.0500 4.2000 2.2500
v 2.0500 4.2000 2.3500
v 2.0500 4.2000 -2.3500
v 2.0500 4.2000 -2.2500
v 2.1500 4.2000 2.1500
v 2.1500 4.2000 2.2500
v 2.1500 4.2000 -2.2500
v 2.1500 4.2000 -2.1500
v 2.2500 4.2000 2.0500
v 2.2500 4.2000 2.1500
v 2.2500 4.2000 -2.1500
v 2.2500 4.2000 -2.0500
v 2.3500 4.2000 1.9500
v 2.3500 4.2000 2.0500
v 2.3500 4.2000 -2.0500
v 2.3500 4.2000 -1.9500
v 2.4500 4.2000 1.8500
v 2.4500 4.2000 1.9500
v 2.4500 4.2000 -1.9500
v 2.4500 4.2000 -1.8500
v 2.5500 4.2000 1.7500
v 2.5500 4.2000 1.8500
v 2.5500 4.2000 1.6500
v 2.5500 4.2000 -1.7500
v 2.5500 4.2000 -1.6500
v 2.5500 4.2000 -1.8500
v 2.6500 4.2000 1.5500
v 2.6500 4.2000 1.6500
v 2.6500 4.2000 -1.6500
v 2.6500 4.2000 -1.5500
v 2.7500 4.2000 1.4500
v 2.7500 4.2000 1.5500
v 2.7500 4.2000 1.3500
v 2.7500 4.2000 -1.4500
v 2.7500 4.2000 -1.3500
v 2.7500 4.2000 -1.5500
v 2.8500 4.2000 1.2500
v 2.8500 4.2000 1.3500
v 2.8500 4.2000 1.1500
v 2.8500 4.2000 1.0500
v 2.8500 4.2000 -1.1500
v 2.8500 4.2000 -1.0500
v 2.8500 4.2000 -1.2500
v 2.8500 4.2000 -1.3500
v 2.9500 4.2000 0.9500
v 2.9500 4.2000 1.0500
v 2.9500 4.2000 0.8500
v 2.9500 4.2000 0.7500
v 2.9500 4.2000 -0.8500
v 2.9500 4.2000 -0.7500
v 2.9500 4.2000 -0.9500
v 2.9500 4.2000 -1.0500
v 3.0500 4.2000 0.6500
v 3.0500 4.2000 0.7500
v 3.0500 4.2000 0.5500
v 3.0500 4.2000 0.4500
v 3.0500 4.2000 0.3500
v 3.0500 4.2000 0.2500
v 3.0500 4.2000 0.1500
v 3.0500 4.2000 0.0500
v 3.0500 4.2000 -0.1500
v 3.0500 4.2000 -0.0500
v 3.0500 4.2000 -0.2500
v 3.0500 4.2000 -0.3500
v 3.0500 4.2000 -0.4500
v 3.0500 4.2000 -0.5500
v 3.0500 4.2000 -0.6500
v 3.0500 4.2000 -0.7500
v 3.1500 4.2000 -0.0500
v 3.1500 4.2000 0.0500
v -3.1500 4.3000 0.0500
v -3.1500 4.3000 -0.0500
v -3.0500 4.3000 -0.0500
v -3.0500 4.3000 0.0500
v -3.0500 4.3000 0.7500
v -3.0500 4.3000 0.6500
v -2.9500 4.3000 0.7500
v -3.0500 4.3000 0.5500
v -3.0500 4.3000 0.4500
v -3.0500 4.3000 0.3500
v -3.0500 4.3000 0.2500
v -3.0500 4.3000 0.1500
v -3.0500 4.3000 -0.1500
v -3.0500 4.3000 -0.2500
v -3.0500 4.3000 -0.3500
v -3.0500 4.3000 -0.4500
v -3.0500 4.3000 -0.5500
v -3.0500 4.3000 -0.6500
v -3.0500 4.3000 -0.7500
v -2.9500 4.3000 -0.7500
v -2.9500 4.3000 1.0500
v -2.9500 4.3000 0.9500
v -2.8500 4.3000 1.0500
v -2.9500 4.3000 0.8500
v -2.9500 4.3000 -0.8500
v -2.9500 4.3000 -0.9500
v -2.9500 4.3000 -1.0500
v -2.8500 4.3000 -1.0500
v -2.8500 4.3000 1.3500
v -2.8500 4.3000 1.2500
v -2.7500 4.3000 1.3500
v -2.8500 4.3000 1.1500
v -2.8500 4.3000 -1.1500
v -2.8500 4.3000 -1.2500
v -2.8500 4.3000 -1.3500
v -2.7500 4.3000 -1.3500
v -2.7500 4.3000 1.5500
v -2.7500 4.3000 1.4500
v -2.6500 4.3000 1.5500
v -2.7500 4.3000 -1.4500
v -2.7500 4.3000 -1.5500
v -2.6500 4.3000 -1.5500
v -2.6500 4.3000 1.6500
v -2.5500 4.3000 1.6500
v -2.6500 4.3000 -1.6500
v -2.5500 4.3000 -1.6500
v -2.5500 4.3000 1.8500
v -2.5500 4.3000 1.7500
v -2.4500 4.3000 1.8500
v -2.5500 4.3000 -1.7500
v -2.5500 4.3000 -1.8500
v -2.4500 4.3000 -1.8500
v -2.4500 4.3000 1.9500
v -2.3500 4.3000 1.9500
v -2.4500 4.3000 -1.9500
v -2.3500 4.3000 -1.9500
v -2.3500 4.3000 2.0500
v -2.2500 4.3000 2.0500
v -2.3500 4.3000 -2.0500
v -2.2500 4.3000 -2.0500
v -2.2500 4.3000 2.1500
v -2.1500 4.3000 2.1500
v -2.2500 4.3000 -2.1500
v -2.1500 4.3000 -2.1500
v -2.1500 4.3000 2.2500
v -2.0500 4.3000 2.2500
v -2.1500 4.3000 -2.2500
v -2.0500 4.3000 -2.2500
v -2.0500 4.3000 2.3500
v -1.9500 4.3000 2.3500
v -2.0500 4.3000 -2.3500
v -1.9500 4.3000 -2.3500
v -1.9500 4.3000 2.4500
v -1.8500 4.3000 2.4500
v -1.9500 4.3000 -2.4500
v -1.8500 4.3000 -2.4500
v -1.8500 4.3000 2.5500
v -1.7500 4.3000 2.5500
v -1.8500 4.3000 -2.5500
v -1.7500 4.3000 -2.5500
v -1.6500 4.3000 2.5500
v -1.6500 4.3000 -2.5500
v -1.6500 4.3000 2.6500
v -1.5500 4.3000 2.6500
v -1.6500 4.3000 -2.6500
v -1.5500 4.3000 -2.6500
v -1.5500 4.3000 2.7500
v -1.4500 4.3000 2.7500
v -1.5500 4.3000 -2.7500
v -1.4500 4.3000 -2.7500
v -1.3500 4.3000 2.7500
v -1.3500 4.3000 -2.7500
v -1.3500 4.3000 2.8500
v -1.2500 4.3000 2.8500
v -1.3500 4.3000 -2.8500
v -1.2500 4.3000 -2.8500
v -1.1500 4.3000 2.8500
v -1.1500 4.3000 -2.8500
v -1.0500 4.3000 2.8500
v -1.0500 4.3000 -2.8500
v -1.0500 4.3000 2.9500
v -0.9500 4.3000 2.9500
v -1.0500 4.3000 -2.9500
v -0.9500 4.3000 -2.9500
v -0.8500 4.3000 2.9500
v -0.8500 4.3000 -2.9500
v -0.7500 4.3000 2.9500
v -0.7500 4.3000 -2.9500
v -0.7500 4.3000 3.0500
v -0.6500 4.3000 3.0500
v -0.7500 4.3000 -3.0500
v -0.6500 4.3000 -3.0500
v -0.5500 4.3000 3.0500
v -0.5500 4.3000 -3.0500
v -0.4500 4.3000 3.0500
v -0.4500 4.3000 -3.0500
v -0.3500 4.3000 3.0500
v -0.3500 4.3000 -3.0500
v -0.2500 4.3000 3.0500
v -0.2500 4.3000 -3.0500
v -0.1500 4.3000 3.0500
v -0.1500 4.3000 -3.0500
v -0.0500 4.3000 3.0500
v -0.0500 4.3000 -3.0500
v 0.0500 4.3000 3.0500
v 0.0500 4.3000 3.1500
v -0.0500 4.3000 3.1500
v 0.0500 4.3000 -3.1500
v 0.0500 4.3000 -3.0500
v -0.0500 4.3000 -3.1500
v 0.1500 4.3000 3.0500
v 0.1500 4.3000 -3.0500
v 0.2500 4.3000 3.0500
v 0.2500 4.3000 -3.0500
v 0.3500 4.3000 3.0500
v 0.3500 4.3000 -3.0500
v 0.4500 4.3000 3.0500
v 0.4500 4.3000 -3.0500
v 0.5500 4.3000 3.0500
v 0.5500 4.3000 -3.0500
v 0.6500 4.3000 3.0500
v 0.6500 4.3000 -3.0500
v 0.7500 4.3000 2.9500
v 0.7500 4.3000 3.0500
v 0.7500 4.3000 -3.0500
v 0.7500 4.3000 -2.9500
v 0.8500 4.3000 2.9500
v 0.8500 4.3000 -2.9500
v 0.9500 4.3000 2.9500
v 0.9500 4.3000 -2.9500
v 1.0500 4.3000 2.8500
v 1.0500 4.3000 2.9500
v 1.0500 4.3000 -2.9500
v 1.0500 4.3000 -2.8500
v 1.1500 4.3000 2.8500
v 1.1500 4.3000 -2.8500
v 1.2500 4.3000 2.8500
v 1.2500 4.3000 -2.8500
v 1.3500 4.3000 2.7500
v 1.3500 4.3000 2.8500
v 1.3500 4.3000 -2.8500
v 1.3500 4.3000 -2.7500
v 1.4500 4.3000 2.7500
v 1.4500 4.3000 -2.7500
v 1.5500 4.3000 2.6500
v 1.5500 4.3000 2.7500
v 1.5500 4.3000 -2.7500
v 1.5500 4.3000 -2.6500
v 1.6500 4.3000 2.5500
v 1.6500 4.3000 2.6500
v 1.6500 4.3000 -2.6500
v 1.6500 4.3000 -2.5500
v 1.7500 4.3000 2.5500
v 1.7500 4.3000 -2.5500
v 1.8500 4.3000 2.4500
v 1.8500 4.3000 2.5500
v 1.8500 4.3000 -2.5500
v 1.8500 4.3000 -2.4500
v 1.9500 4.3000 2.3500
v 1.9500 4.3000 2.4500
v 1.9500 4.3000 -2.4500
v 1.9500 4.3000 -2.3500
v 2.0500 4.3000 2.2500
v 2.0500 4.3000 2.3500
v 2.0500 4.3000 -2.3500
v 2.0500 4.3000 -2.2500
v 2.1500 4.3000 2.1500
v 2.1500 4.3000 2.2500
v 2.1500 4.3000 -2.2500
v 2.1500 4.3000 -2.1500
v 2.2500 4.3000 2.0500
v 2.2500 4.3000 2.1500
v 2.2500 4.3000 -2.1500
v 2.2500 4.3000 -2.0500
v 2.3500 4.3000 1.9500
v 2.3500 4.3000 2.0500
v 2.3500 4.3000 -2.0500
v 2.3500 4.3000 -1.9500
v 2.4500 4.3000 1.8500
v 2.4500 4.3000 1.9500
v 2.4500 4.3000 -1.9500
v 2.4500 4.3000 -1.8500
v 2.5500 4.3000 1.7500
v 2.5500 4.3000 1.8500
v 2.5500 4.3000 1.6500
v 2.5500 4.3000 -1.7500
v 2.5500 4.3000 -1.6500
v 2.5500 4.3000 -1.8500
v 2.6500 4.3000 1.5500
v 2.6500 4.3000 1.6500
v 2.6500 4.3000 -1.6500
v 2.6500 4.3000 -1.5500
v 2.7500 4.3000 1.4500
v 2.7500 4.3000 1.5500
v 2.7500 4.3000 1.3500
v 2.7500 4.3000 -1.4500
v 2.7500 4.3000 -1.3500
v 2.7500 4.3000 -1.5500
v 2.8500 4.3000 1.2500
v 2.8500 4.3000 1.3500
v 2.8500 4.3000 1.1500
v 2.8500 4.3000 1.0500
v 2.8500 4.3000 -1.1500
v 2.8500 4.3000 -1.0500
v 2.8500 4.3000 -1.2500
v 2.8500 4.3000 -1.3500
v 2.9500 4.3000 0.9500
v 2.9500 4.3000 1.0500
v 2.9500 4.3000 0.8500
v 2.9500 4.3000 0.7500
v 2.9500 4.3000 -0.8500
v 2.9500 4.3000 -0.7500
v 2.9500 4.3000 -0.9500
v 2.9500 4.3000 -1.0500
v 3.0500 4.3000 0.6500
v 3.0500 4.3000 0.7500
v 3.0500 4.3000 0.5500
v 3.0500 4.3000 0.4500
v 3.0500 4.3000 0.3500
v 3.0500 4.3000 0.2500
v 3.0500 4.3000 0.1500
v 3.0500 4.3000 0.0500
v 3.0500 4.3000 -0.1500
v 3.0500 4.3000 -0.0500
v 3.0500 4.3000 -0.2500
v 3.0500 4.3000 -0.3500
v 3.0500 4.3000 -0.4500
v 3.0500 4.3000 -0.5500
v 3.0500 4.3000 -0.6500
v 3.0500 4.3000 -0.7500
v 3.1500 4.3000 -0.0500
v 3.1500 4.3000 0.0500
v -3.1500 4.4000 0.0500
v -3.1500 4.4000 -0.0500
v -3.0500 4.4000 -0.0500
v -3.0500 4.4000 0.0500
v -3.0500 4.4000 0.7500
v -3.0500 4.4000 0.6500
v -2.9500 4.4000 0.7500
v -2.9500 4.4000 0.6500
v -3.0500 4.4000 0.5500
v -2.9500 4.4000 0.5500
v -3.0500 4.4000 0.4500
v -2.9500 4.4000 0.4500
v -3.0500 4.4000 0.3500
v -2.9500 4.4000 0.3500
v -3.0500 4.4000 0.2500
v -2.9500 4.4000 0.2500
v -3.0500 4.4000 0.1500
v -2.9500 4.4000 0.1500
v -2.9500 4.4000 0.0500
v -2.9500 4.4000 -0.0500
v -3.0500 4.4000 -0.1500
v -2.9500 4.4000 -0.1500
v -3.0500 4.4000 -0.2500
v -2.9500 4.4000 -0.2500
v -3.0500 4.4000 -0.3500
v -2.9500 4.4000 -0.3500
v -3.0500 4.4000 -0.4500
v -2.9500 4.4000 -0.4500
v -3.0500 4.4000 -0.5500
v -2.9500 4.4000 -0.5500
v -3.0500 4.4000 -0.6500
v -2.9500 4.4000 -0.6500
v -3.0500 4.4000 -0.7500
v -2.9500 4.4000 -0.7500
v -2.9500 4.4000 1.0500
v -2.9500 4.4000 0.9500
v -2.8500 4.4000 1.0500
v -2.8500 4.4000 0.9500
v -2.9500 4.4000 0.8500
v -2.8500 4.4000 0.8500
v -2.8500 4.4000 0.7500
v -2.8500 4.4000 0.6500
v -2.8500 4.4000 0.5500
v -2.8500 4.4000 0.4500
v -2.8500 4.4000 0.3500
v -2.8500 4.4000 0.2500
v -2.8500 4.4000 0.1500
v -2.8500 4.4000 0.0500
v -2.8500 4.4000 -0.0500
v -2.8500 4.4000 -0.1500
v -2.8500 4.4000 -0.2500
v -2.8500 4.4000 -0.3500
v -2.8500 4.4000 -0.4500
v -2.8500 4.4000 -0.5500
v -2.8500 4.4000 -0.6500
v -2.8500 4.4000 -0.7500
v -2.9500 4.4000 -0.8500
v -2.8500 4.4000 -0.8500
v -2.9500 4.4000 -0.9500
v -2.8500 4.4000 -0.9500
v -2.9500 4.4000 -1.0500
v -2.8500 4.4000 -1.0500
v -2.8500 4.4000 1.3500
v -2.8500 4.4000 1.2500
v -2.7500 4.4000 1.3500
v -2.7500 4.4000 1.2500
v -2.8500 4.4000 1.1500
v -2.7500 4.4000 1.1500
v -2.7500 4.4000 1.0500
v -2.7500 4.4000 0.9500
v -2.7500 4.4000 0.8500
v -2.7500 4.4000 0.7500
v -2.7500 4.4000 0.6500
v -2.7500 4.4000 0.5500
v -2.7500 4.4000 0.4500
v -2.7500 4.4000 0.3500
v -2.7500 4.4000 0.2500
v -2.7500 4.4000 0.1500
v -2.7500 4.4000 0.0500
v -2.7500 4.4000 -0.0500
v -2.7500 4.4000 -0.1500
v -2.7500 4.4000 -0.2500
v -2.7500 4.4000 -0.3500
v -2.7500 4.4000 -0.4500
v -2.7500 4.4000 -0.5500
v -2.7500 4.4000 -0.6500
v -2.7500 4.4000 -0.7500
v -2.7500 4.4000 -0.8500
v -2.7500 4.4000 -0.9500
v -2.7500 4.4000 -1.0500
v -2.8500 4.4000 -1.1500
v -2.7500 4.4000 -1.1500
v -2.8500 4.4000 -1.2500
v -2.7500 4.4000 -1.2500
v -2.8500 4.4000 -1.3500
v -2.7500 4.4000 -1.3500
v -2.7500 4.4000 1.5500
v -2.7500 4.4000 1.4500
v -2.6500 4.4000 1.5500
v -2.6500 4.4000 1.4500
v -2.6500 4.4000 1.3500
v -2.6500 4.4000 1.2500
v -2.6500 4.4000 1.1500
v -2.6500 4.4000 1.0500
v -2.6500 4.4000 0.9500
v -2.6500 4.4000 0.8500
v -2.6500 4.4000 0.7500
v -2.6500 4.4000 0.6500
v -2.6500 4.4000 0.5500
v -2.6500 4.4000 0.4500
v -2.6500 4.4000 0.3500
v -2.6500 4.4000 0.2500
v -2.6500 4.4000 0.1500
v -2.6500 4.4000 0.0500
v -2.6500 4.4000 -0.0500
v -2.6500 4.4000 -0.1500
v -2.6500 4.4000 -0.2500
v -2.6500 4.4000 -0.3500
v -2.6500 4.4000 -0.4500
v -2.6500 4.4000 -0.5500
v -2.6500 4.4000 -0.6500
v -2.6500 4.4000 -0.7500
v -2.6500 4.4000 -0.8500
v -2.6500 4.4000 -0.9500
v -2.6500 4.4000 -1.0500
v -2.6500 4.4000 -1.1500
v -2.6500 4.4000 -1.2500
v -2.6500 4.4000 -1.3500
v -2.7500 4.4000 -1.4500
v -2.6500 4.4000 -1.4500
v -2.7500 4.4000 -1.5500
v -2.6500 4.4000 -1.5500
v -2.6500 4.4000 1.6500
v -2.5500 4.4000 1.6500
v -2.5500 4.4000 1.5500
v -2.5500 4.4000 1.4500
v -2.5500 4.4000 1.3500
v -2.5500 4.4000 1.2500
v -2.5500 4.4000 1.1500
v -2.5500 4.4000 1.0500
v -2.5500 4.4000 0.9500
v -2.5500 4.4000 0.8500
v -2.5500 4.4000 0.7500
v -2.5500 4.4000 0.6500
v -2.5500 4.4000 0.5500
v -2.5500 4.4000 0.4500
v -2.5500 4.4000 0.3500
v -2.5500 4.4000 0.2500
v -2.5500 4.4000 0.1500
v -2.5500 4.4000 0.0500
v -2.5500 4.4000 -0.0500
v -2.5500 4.4000 -0.1500
v -2.5500 4.4000 -0.2500
v -2.5500 4.4000 -0.3500
v -2.5500 4.4000 -0.4500
v -2.5500 4.4000 -0.5500
v -2.5500 4.4000 -0.6500
v -2.5500 4.4000 -0.7500
v -2.5500 4.4000 -0.8500
v -2.5500 4.4000 -0.9500
v -2.5500 4.4000 -1.0500
v -2.5500 4.4000 -1.1500
v -2.5500 4.4000 -1.2500
v -2.5500 4.4000 -1.3500
v -2.5500 4.4000 -1.4500
v -2.5500 4.4000 -1.5500
v -2.6500 4.4000 -1.6500
v -2.5500 4.4000 -1.6500
v -2.5500 4.4000 1.8500
v -2.5500 4.4000 1.7500
v -2.4500 4.4000 1.8500
v -2.4500 4.4000 1.7500
v -2.4500 4.4000 1.6500
v -2.4500 4.4000 1.5500
v -2.4500 4.4000 1.4500
v -2.4500 4.4000 1.3500
v -2.4500 4.4000 1.2500
v -2.4500 4.4000 1.1500
v -2.4500 4.4000 1.0500
v -2.4500 4.4000 0.9500
v -2.4500 4.4000 0.8500
v -2.4500 4.4000 0.7500
v -2.4500 4.4000 0.6500
v -2.4500 4.4000 0.5500
v -2.4500 4.4000 0.4500
v -2.4500 4.4000 0.3500
v -2.4500 4.4000 0.2500
v -2.4500 4.4000 0.1500
v -2.4500 4.4000 0.0500
v -2.4500 4.4000 -0.0500
v -2.4500 4.4000 -0.1500
v -2.4500 4.4000 -0.2500
v -2.4500 4.4000 -0.3500
v -2.4500 4.4000 -0.4500
v -2.4500 4.4000 -0.5500
v -2.4500 4.4000 -0.6500
v -2.4500 4.4000 -0.7500
v -2.4500 4.4000 -0.8500
v -2.4500 4.4000 -0.9500
v -2.4500 4.4000 -1.0500
v -2.4500 4.4000 -1.1500
v -2.4500 4.4000 -1.2500
v -2.4500 4.4000 -1.3500
v -2.4500 4.4000 -1.4500
v -2.4500 4.4000 -1.5500
v -2.4500 4.4000 -1.6500
v -2.5500 4.4000 -1.7500
v -2.4500 4.4000 -1.7500
v -2.5500 4.4000 -1.8500
v -2.4500 4.4000 -1.8500
v -2.4500 4.4000 1.9500
v -2.3500 4.4000 1.9500
v -2.3500 4.4000 1.8500
v -2.3500 4.4000 1.7500
v -2.3500 4.4000 1.6500
v -2.3500 4.4000 1.5500
v -2.3500 4.4000 1.4500
v -2.3500 4.4000 1.3500
v -2.3500 4.4000 1.2500
v -2.3500 4.4000 1.1500
v -2.3500 4.4000 1.0500
v -2.3500 4.4000 0.9500
v -2.3500 4.4000 0.8500
v -2.3500 4.4000 0.7500
v -2.3500 4.4000 0.6500
v -2.3500 4.4000 0.5500
v -2.3500 4.4000 0.4500
v -2.3500 4.4000 0.3500
v -2.3500 4.4000 0.2500
v -2.3500 4.4000 0.1500
v -2.3500 4.4000 0.0500
v -2.3500 4.4000 -0.0500
v -2.3500 4.4000 -0.1500
v -2.3500 4.4000 -0.2500
v -2.3500 4.4000 -0.3500
v -2.3500 4.4000 -0.4500
v -2.3500 4.4000 -0.5500
v -2.3500 4.4000 -0.6500
v -2.3500 4.4000 -0.7500
v -2.3500 4.4000 -0.8500
v -2.3500 4.4000 -0.9500
v -2.3500 4.4000 -1.0500
v -2.3500 4.4000 -1.1500
v -2.3500 4.4000 -1.2500
v -2.3500 4.4000 -1.3500
v -2.3500 4.4000 -1.4500
v -2.3500 4.4000 -1.5500
v -2.3500 4.4000 -1.6500
v -2.3500 4.4000 -1.7500
v -2.3500 4.4000 -1.8500
v -2.4500 4.4000 -1.9500
v -2.3500 4.4000 -1.9500
v -2.3500 4.4000 2.0500
v -2.2500 4.4000 2.0500
v -2.2500 4.4000 1.9500
v -2.2500 4.4000 1.8500
v -2.2500 4.4000 1.7500
v -2.2500 4.4000 1.6500
v -2.2500 4.4000 1.5500
v -2.2500 4.4000 1.4500
v -2.2500 4.4000 1.3500
v -2.2500 4.4000 1.2500
v -2.2500 4.4000 1.1500
v -2.2500 4.4000 1.0500
v -2.2500 4.4000 0.9500
v -2.2500 4.4000 0.8500
v -2.2500 4.4000 0.7500
v -2.2500 4.4000 0.6500
v -2.2500 4.4000 -0.6500
v -2.2500 4.4000 -0.7500
v -2.2500 4.4000 -0.8500
v -2.2500 4.4000 -0.9500
v -2.2500 4.4000 -1.0500
v -2.2500 4.4000 -1.1500
v -2.2500 4.4000 -1.2500
v -2.2500 4.4000 -1.3500
v -2.2500 4.4000 -1.4500
v -2.2500 4.4000 -1.5500
v -2.2500 4.4000 -1.6500
v -2.2500 4.4000 -1.7500
v -2.2500 4.4000 -1.8500
v -2.2500 4.4000 -1.9500
v -2.3500 4.4000 -2.0500
v -2.2500 4.4000 -2.0500
v -2.2500 4.4000 2.1500
v -2.1500 4.4000 2.1500
v -2.1500 4.4000 2.0500
v -2.1500 4.4000 1.9500
v -2.1500 4.4000 1.8500
v -2.1500 4.4000 1.7500
v -2.1500 4.4000 1.6500
v -2.1500 4.4000 1.5500
v -2.1500 4.4000 1.4500
v -2.1500 4.4000 1.3500
v -2.1500 4.4000 1.2500
v -2.1500 4.4000 1.1500
v -2.1500 4.4000 1.0500
v -2.1500 4.4000 0.9500
v -2.1500 4.4000 -0.9500
v -2.1500 4.4000 -1.0500
v -2.1500 4.4000 -1.1500
v -2.1500 4.4000 -1.2500
v -2.1500 4.4000 -1.3500
v -2.1500 4.4000 -1.4500
v -2.1500 4.4000 -1.5500
v -2.1500 4.4000 -1.6500
v -2.1500 4.4000 -1.7500
v -2.1500 4.4000 -1.8500
v -2.1500 4.4000 -1.9500
v -2.1500 4.4000 -2.0500
v -2.2500 4.4000 -2.1500
v -2.1500 4.4000 -2.1500
v -2.1500 4.4000 2.2500
v -2.0500 4.4000 2.2500
v -2.0500 4.4000 2.1500
v -2.0500 4.4000 2.0500
v -2.0500 4.4000 1.9500
v -2.0500 4.4000 1.8500
v -2.0500 4.4000 1.7500
v -2.0500 4.4000 1.6500
v -2.0500 4.4000 1.5500
v -2.0500 4.4000 1.4500
v -2.0500 4.4000 1.3500
v -2.0500 4.4000 1.2500
v -2.0500 4.4000 1.1500
v -2.0500 4.4000 -1.1500
v -2.0500 4.4000 -1.2500
v -2.0500 4.4000 -1.3500
v -2.0500 4.4000 -1.4500
v -2.0500 4.4000 -1.5500
v -2.0500 4.4000 -1.6500
v -2.0500 4.4000 -1.7500
v -2.0500 4.4000 -1.8500
v -2.0500 4.4000 -1.9500
v -2.0500 4.4000 -2.0500
v -2.0500 4.4000 -2.1500
v -2.1500 4.4000 -2.2500
v -2.0500 4.4000 -2.2500
v -2.0500 4.4000 2.3500
v -1.9500 4.4000 2.3500
v -1.9500 4.4000 2.2500
v -1.9500 4.4000 2.1500
v -1.9500 4.4000 2.0500
v -1.9500 4.4000 1.9500
v -1.9500 4.4000 1.8500
v -1.9500 4.4000 1.7500
v -1.9500 4.4000 1.6500
v -1.9500 4.4000 1.5500
v -1.9500 4.4000 1.4500
v -1.9500 4.4000 1.3500
v -1.9500 4.4000 -1.3500
v -1.9500 4.4000 -1.4500
v -1.9500 4.4000 -1.5500
v -1.9500 4.4000 -1.6500
v -1.9500 4.4000 -1.7500
v -1.9500 4.4000 -1.8500
v -1.9500 4.4000 -1.9500
v -1.9500 4.4000 -2.0500
v -1.9500 4.4000 -2.1500
v -1.9500 4.4000 -2.2500
v -2.0500 4.4000 -2.3500
v -1.9500 4.4000 -2.3500
v -1.9500 4.4000 2.4500
v -1.8500 4.4000 2.4500
v -1.8500 4.4000 2.3500
v -1.8500 4.4000 2.2500
v -1.8500 4.4000 2.1500
v -1.8500 4.4000 2.0500
v -1.8500 4.4000 1.9500
v -1.8500 4.4000 1.8500
v -1.8500 4.4000 1.7500
v -1.8500 4.4000 1.6500
v -1.8500 4.4000 1.5500
v -1.8500 4.4000 1.4500
v -1.8500 4.4000 -1.4500
v -1.8500 4.4000 -1.5500
v -1.8500 4.4000 -1.6500
v -1.8500 4.4000 -1.7500
v -1.8500 4.4000 -1.8500
v -1.8500 4.4000 -1.9500
v -1.8500 4.4000 -2.0500
v -1.8500 4.4000 -2.1500
v -1.8500 4.4000 -2.2500
v -1.8500 4.4000 -2.3500
v -1.9500 4.4000 -2.4500
v -1.8500 4.4000 -2.4500
v -1.8500 4.4000 2.5500
v -1.7500 4.4000 2.5500
v -1.7500 4.4000 2.4500
v -1.7500 4.4000 2.3500
v -1.7500 4.4000 2.2500
v -1.7500 4.4000 2.1500
v -1.7500 4.4000 2.0500
v -1.7500 4.4000 1.9500
v -1.7500 4.4000 1.8500
v -1.7500 4.4000 1.7500
v -1.7500 4.4000 1.6500
v -1.7500 4.4000 1.5500
v -1.7500 4.4000 -1.5500
v -1.7500 4.4000 -1.6500
v -1.7500 4.4000 -1.7500
v -1.7500 4.4000 -1.8500
v -1.7500 4.4000 -1.9500
v -1.7500 4.4000 -2.0500
v -1.7500 4.4000 -2.1500
v -1.7500 4.4000 -2.2500
v -1.7500 4.4000 -2.3500
v -1.7500 4.4000 -2.4500
v -1.8500 4.4000 -2.5500
v -1.7500 4.4000 -2.5500
v -1.6500 4.4000 2.5500
v -1.6500 4.4000 2.4500
v -1.6500 4.4000 2.3500
v -1.6500 4.4000 2.2500
v -1.6500 4.4000 2.1500
v -1.6500 4.4000 2.0500
v -1.6500 4.4000 1.9500
v -1.6500 4.4000 1.8500
v -1.6500 4.4000 1.7500
v -1.6500 4.4000 1.6500
v -1.6500 4.4000 -1.6500
v -1.6500 4.4000 -1.7500
v -1.6500 4.4000 -1.8500
v -1.6500 4.4000 -1.9500
v -1.6500 4.4000 -2.0500
v -1.6500 4.4000 -2.1500
v -1.6500 4.4000 -2.2500
v -1.6500 4.4000 -2.3500
v -1.6500 4.4000 -2.4500
v -1.6500 4.4000 -2.5500
v -1.6500 4.4000 2.6500
v -1.5500 4.4000 2.6500
v -1.5500 4.4000 2.5500
v -1.5500 4.4000 2.4500
v -1.5500 4.4000 2.3500
v -1.5500 4.4000 2.2500
v -1.5500 4.4000 2.1500
v -1.5500 4.4000 2.0500
v -1.5500 4.4000 1.9500
v -1.5500 4.4000 1.8500
v -1.5500 4.4000 1.7500
v -1.5500 4.4000 -1.7500
v -1.5500 4.4000 -1.8500
v -1.5500 4.4000 -1.9500
v -1.5500 4.4000 -2.0500
v -1.5500 4.4000 -2.1500
v -1.5500 4.4000 -2.2500
v -1.5500 4.4000 -2.3500
v -1.5500 4.4000 -2.4500
v -1.5500 4.4000 -2.5500
v -1.6500 4.4000 -2.6500
v -1.5500 4.4000 -2.6500
v -1.5500 4.4000 2.7500
v -1.4500 4.4000 2.7500
v -1.4500 4.4000 2.6500
v -1.4500 4.4000 2.5500
v -1.4500 4.4000 2.4500
v -1.4500 4.4000 2.3500
v -1.4500 4.4000 2.2500
v -1.4500 4.4000 2.1500
v -1.4500 4.4000 2.0500
v -1.4500 4.4000 1.9500
v -1.4500 4.4000 1.8500
v -1.4500 4.4000 -1.8500
v -1.4500 4.4000 -1.9500
v -1.4500 4.4000 -2.0500
v -1.4500 4.4000 -2.1500
v -1.4500 4.4000 -2.2500
v -1.4500 4.4000 -2.3500
v -1.4500 4.4000 -2.4500
v -1.4500 4.4000 -2.5500
v -1.4500 4.4000 -2.6500
v -1.5500 4.4000 -2.7500
v -1.4500 4.4000 -2.7500
v -1.3500 4.4000 2.7500
v -1.3500 4.4000 2.6500
v -1.3500 4.4000 2.5500
v -1.3500 4.4000 2.4500
v -1.3500 4.4000 2.3500
v -1.3500 4.4000 2.2500
v -1.3500 4.4000 2.1500
v -1.3500 4.4000 2.0500
v -1.3500 4.4000 1.9500
v -1.3500 4.4000 -1.9500
v -1.3500 4.4000 -2.0500
v -1.3500 4.4000 -2.1500
v -1.3500 4.4000 -2.2500
v -1.3500 4.4000 -2.3500
v -1.3500 4.4000 -2.4500
v -1.3500 4.4000 -2.5500
v -1.3500 4.4000 -2.6500
v -1.3500 4.4000 -2.7500
v -1.3500 4.4000 2.8500
v -1.2500 4.4000 2.8500
v -1.2500 4.4000 2.7500
v -1.2500 4.4000 2.6500
v -1.2500 4.4000 2.5500
v -1.2500 4.4000 2.4500
v -1.2500 4.4000 2.3500
v -1.2500 4.4000 2.2500
v -1.2500 4.4000 2.1500
v -1.2500 4.4000 2.0500
v -1.2500 4.4000 -2.0500
v -1.2500 4.4000 -2.1500
v -1.2500 4.4000 -2.2500
v -1.2500 4.4000 -2.3500
v -1.2500 4.4000 -2.4500
v -1.2500 4.4000 -2.5500
v -1.2500 4.4000 -2.6500
v -1.2500 4.4000 -2.7500
v -1.3500 4.4000 -2.8500
v -1.2500 4.4000 -2.8500
v -1.1500 4.4000 2.8500
v -1.1500 4.4000 2.7500
v -1.1500 4.4000 2.6500
v -1.1500 4.4000 2.5500
v -1.1500 4.4000 2.4500
v -1.1500 4.4000 2.3500
v -1.1500 4.4000 2.2500
v -1.1500 4.4000 2.1500
v -1.1500 4.4000 2.0500
v -1.1500 4.4000 -2.0500
v -1.1500 4.4000 -2.1500
v -1.1500 4.4000 -2.2500
v -1.1500 4.4000 -2.3500
v -1.1500 4.4000 -2.4500
v -1.1500 4.4000 -2.5500
v -1.1500 4.4000 -2.6500
v -1.1500 4.4000 -2.7500
v -1.1500 4.4000 -2.8500
v -1.0500 4.4000 2.8500
v -1.0500 4.4000 2.7500
v -1.0500 4.4000 2.6500
v -1.0500 4.4000 2.5500
v -1.0500 4.4000 2.4500
v -1.0500 4.4000 2.3500
v -1.0500 4.4000 2.2500
v -1.0500 4.4000 2.1500
v -1.0500 4.4000 -2.1500
v -1.0500 4.4000 -2.2500
v -1.0500 4.4000 -2.3500
v -1.0500 4.4000 -2.4500
v -1.0500 4.4000 -2.5500
v -1.0500 4.4000 -2.6500
v -1.0500 4.4000 -2.7500
v -1.0500 4.4000 -2.8500
v -1.0500 4.4000 2.9500
v -0.9500 4.4000 2.9500
v -0.9500 4.4000 2.8500
v -0.9500 4.4000 2.7500
v -0.9500 4.4000 2.6500
v -0.9500 4.4000 2.5500
v -0.9500 4.4000 2.4500
v -0.9500 4.4000 2.3500
v -0.9500 4.4000 2.2500
v -0.9500 4.4000 2.1500
v -0.9500 4.4000 -2.1500
v -0.9500 4.4000 -2.2500
v -0.9500 4.4000 -2.3500
v -0.9500 4.4000 -2.4500
v -0.9500 4.4000 -2.5500
v -0.9500 4.4000 -2.6500
v -0.9500 4.4000 -2.7500
v -0.9500 4.4000 -2.8500
v -1.0500 4.4000 -2.9500
v -0.9500 4.4000 -2.9500
v -0.8500 4.4000 2.9500
v -0.8500 4.4000 2.8500
v -0.8500 4.4000 2.7500
v -0.8500 4.4000 2.6500
v -0.8500 4.4000 2.5500
v -0.8500 4.4000 2.4500
v -0.8500 4.4000 2.3500
v -0.8500 4.4000 2.2500
v -0.8500 4.4000 -2.2500
v -0.8500 4.4000 -2.3500
v -0.8500 4.4000 -2.4500
v -0.8500 4.4000 -2.5500
v -0.8500 4.4000 -2.6500
v -0.8500 4.4000 -2.7500
v -0.8500 4.4000 -2.8500
v -0.8500 4.4000 -2.9500
v -0.7500 4.4000 2.9500
v -0.7500 4.4000 2.8500
v -0.7500 4.4000 2.7500
v -0.7500 4.4000 2.6500
v -0.7500 4.4000 2.5500
v -0.7500 4.4000 2.4500
v -0.7500 4.4000 2.3500
v -0.7500 4.4000 2.2500
v -0.7500 4.4000 -2.2500
v -0.7500 4.4000 -2.3500
v -0.7500 4.4000 -2.4500
v -0.7500 4.4000 -2.5500
v -0.7500 4.4000 -2.6500
v -0.7500 4.4000 -2.7500
v -0.7500 4.4000 -2.8500
v -0.7500 4.4000 -2.9500
v -0.7500 4.4000 3.0500
v -0.6500 4.4000 3.0500
v -0.6500 4.4000 2.9500
v -0.6500 4.4000 2.8500
v -0.6500 4.4000 2.7500
v -0.6500 4.4000 2.6500
v -0.6500 4.4000 2.5500
v -0.6500 4.4000 2.4500
v -0.6500 4.4000 2.3500
v -0.6500 4.4000 2.2500
v -0.6500 4.4000 -2.2500
v -0.6500 4.4000 -2.3500
v -0.6500 4.4000 -2.4500
v -0.6500 4.4000 -2.5500
v -0.6500 4.4000 -2.6500
v -0.6500 4.4000 -2.7500
v -0.6500 4.4000 -2.8500
v -0.6500 4.4000 -2.9500
v -0.7500 4.4000 -3.0500
v -0.6500 4.4000 -3.0500
v -0.5500 4.4000 3.0500
v -0.5500 4.4000 2.9500
v -0.5500 4.4000 2.8500
v -0.5500 4.4000 2.7500
v -0.5500 4.4000 2.6500
v -0.5500 4.4000 2.5500
v -0.5500 4.4000 2.4500
v -0.5500 4.4000 2.3500
v -0.5500 4.4000 -2.3500
v -0.5500 4.4000 -2.4500
v -0.5500 4.4000 -2.5500
v -0.5500 4.4000 -2.6500
v -0.5500 4.4000 -2.7500
v -0.5500 4.4000 -2.8500
v -0.5500 4.4000 -2.9500
v -0.5500 4.4000 -3.0500
v -0.4500 4.4000 3.0500
v -0.4500 4.4000 2.9500
v -0.4500 4.4000 2.8500
v -0.4500 4.4000 2.7500
v -0.4500 4.4000 2.6500
v -0.4500 4.4000 2.5500
v -0.4500 4.4000 2.4500
v -0.4500 4.4000 2.3500
v -0.4500 4.4000 -2.3500
v -0.4500 4.4000 -2.4500
v -0.4500 4.4000 -2.5500
v -0.4500 4.4000 -2.6500
v -0.4500 4.4000 -2.7500
v -0.4500 4.4000 -2.8500
v -0.4500 4.4000 -2.9500
v -0.4500 4.4000 -3.0500
v -0.3500 4.4000 3.0500
v -0.3500 4.4000 2.9500
v -0.3500 4.4000 2.8500
v -0.3500 4.4000 2.7500
v -0.3500 4.4000 2.6500
v -0.3500 4.4000 2.5500
v -0.3500 4.4000 2.4500
v -0.3500 4.4000 2.3500
v -0.3500 4.4000 -2.3500
v -0.3500 4.4000 -2.4500
v -0.3500 4.4000 -2.5500
v -0.3500 4.4000 -2.6500
v -0.3500 4.4000 -2.7500
v -0.3500 4.4000 -2.8500
v -0.3500 4.4000 -2.9500
v -0.3500 4.4000 -3.0500
v -0.2500 4.4000 3.0500
v -0.2500 4.4000 2.9500
v -0.2500 4.4000 2.8500
v -0.2500 4.4000 2.7500
v -0.2500 4.4000 2.6500
v -0.2500 4.4000 2.5500
v -0.2500 4.4000 2.4500
v -0.2500 4.4000 2.3500
v -0.2500 4.4000 -2.3500
v -0.2500 4.4000 -2.4500
v -0.2500 4.4000 -2.5500
v -0.2500 4.4000 -2.6500
v -0.2500 4.4000 -2.7500
v -0.2500 4.4000 -2.8500
v -0.2500 4.4000 -2.9500
v -0.2500 4.4000 -3.0500
v -0.1500 4.4000 3.0500
v -0.1500 4.4000 2.9500
v -0.1500 4.4000 2.8500
v -0.1500 4.4000 2.7500
v -0.1500 4.4000 2.6500
v -0.1500 4.4000 2.5500
v -0.1500 4.4000 2.4500
v -0.1500 4.4000 2.3500
v -0.1500 4.4000 -2.3500
v -0.1500 4.4000 -2.4500
v -0.1500 4.4000 -2.5500
v -0.1500 4.4000 -2.6500
v -0.1500 4.4000 -2.7500
v -0.1500 4.4000 -2.8500
v -0.1500 4.4000 -2.9500
v -0.1500 4.4000 -3.0500
v -0.0500 4.4000 3.0500
v -0.0500 4.4000 2.9500
v -0.0500 4.4000 2.8500
v -0.0500 4.4000 2.7500
v -0.0500 4.4000 2.6500
v -0.0500 4.4000 2.5500
v -0.0500 4.4000 2.4500
v -0.0500 4.4000 2.3500
v -0.0500 4.4000 -2.3500
v -0.0500 4.4000 -2.4500
v -0.0500 4.4000 -2.5500
v -0.0500 4.4000 -2.6500
v -0.0500 4.4000 -2.7500
v -0.0500 4.4000 -2.8500
v -0.0500 4.4000 -2.9500
v -0.0500 4.4000 -3.0500
v 0.0500 4.4000 3.0500
v 0.0500 4.4000 3.1500
v -0.0500 4.4000 3.1500
v 0.0500 4.4000 2.9500
v 0.0500 4.4000 2.8500
v 0.0500 4.4000 2.7500
v 0.0500 4.4000 2.6500
v 0.0500 4.4000 2.5500
v 0.0500 4.4000 2.4500
v 0.0500 4.4000 -2.4500
v 0.0500 4.4000 -2.5500
v 0.0500 4.4000 -2.6500
v 0.0500 4.4000 -2.7500
v 0.0500 4.4000 -2.8500
v 0.0500 4.4000 -2.9500
v 0.0500 4.4000 -3.0500
v 0.0500 4.4000 -3.1500
v -0.0500 4.4000 -3.1500
v 0.1500 4.4000 3.0500
v 0.1500 4.4000 2.9500
v 0.1500 4.4000 2.8500
v 0.1500 4.4000 2.7500
v 0.1500 4.4000 2.6500
v 0.1500 4.4000 2.5500
v 0.1500 4.4000 2.4500
v 0.1500 4.4000 2.3500
v 0.0500 4.4000 2.3500
v 0.0500 4.4000 -2.3500
v 0.1500 4.4000 -2.3500
v 0.1500 4.4000 -2.4500
v 0.1500 4.4000 -2.5500
v 0.1500 4.4000 -2.6500
v 0.1500 4.4000 -2.7500
v 0.1500 4.4000 -2.8500
v 0.1500 4.4000 -2.9500
v 0.1500 4.4000 -3.0500
v 0.2500 4.4000 3.0500
v 0.2500 4.4000 2.9500
v 0.2500 4.4000 2.8500
v 0.2500 4.4000 2.7500
v 0.2500 4.4000 2.6500
v 0.2500 4.4000 2.5500
v 0.2500 4.4000 2.4500
v 0.2500 4.4000 2.3500
v 0.2500 4.4000 -2.3500
v 0.2500 4.4000 -2.4500
v 0.2500 4.4000 -2.5500
v 0.2500 4.4000 -2.6500
v 0.2500 4.4000 -2.7500
v 0.2500 4.4000 -2.8500
v 0.2500 4.4000 -2.9500
v 0.2500 4.4000 -3.0500
v 0.3500 4.4000 3.0500
v 0.3500 4.4000 2.9500
v 0.3500 4.4000 2.8500
v 0.3500 4.4000 2.7500
v 0.3500 4.4000 2.6500
v 0.3500 4.4000 2.5500
v 0.3500 4.4000 2.4500
v 0.3500 4.4000 2.3500
v 0.3500 4.4000 -2.3500
v 0.3500 4.4000 -2.4500
v 0.3500 4.4000 -2.5500
v 0.3500 4.4000 -2.6500
v 0.3500 4.4000 -2.7500
v 0.3500 4.4000 -2.8500
v 0.3500 4.4000 -2.9500
v 0.3500 4.4000 -3.0500
v 0.4500 4.4000 3.0500
v 0.4500 4.4000 2.9500
v 0.4500 4.4000 2.8500
v 0.4500 4.4000 2.7500
v 0.4500 4.4000 2.6500
v 0.4500 4.4000 2.5500
v 0.4500 4.4000 2.4500
v 0.4500 4.4000 2.3500
v 0.4500 4.4000 -2.3500
v 0.4500 4.4000 -2.4500
v 0.4500 4.4000 -2.5500
v 0.4500 4.4000 -2.6500
v 0.4500 4.4000 -2.7500
v 0.4500 4.4000 -2.8500
v 0.4500 4.4000 -2.9500
v 0.4500 4.4000 -3.0500
v 0.5500 4.4000 3.0500
v 0.5500 4.4000 2.9500
v 0.5500 4.4000 2.8500
v 0.5500 4.4000 2.7500
v 0.5500 4.4000 2.6500
v 0.5500 4.4000 2.5500
v 0.5500 4.4000 2.4500
v 0.5500 4.4000 2.3500
v 0.5500 4.4000 -2.3500
v 0.5500 4.4000 -2.4500
v 0.5500 4.4000 -2.5500
v 0.5500 4.4000 -2.6500
v 0.5500 4.4000 -2.7500
v 0.5500 4.4000 -2.8500
v 0.5500 4.4000 -2.9500
v 0.5500 4.4000 -3.0500
v 0.6500 4.4000 3.0500
v 0.6500 4.4000 2.9500
v 0.6500 4.4000 2.8500
v 0.6500 4.4000 2.7500
v 0.6500 4.4000 2.6500
v 0.6500 4.4000 2.5500
v 0.6500 4.4000 2.4500
v 0.6500 4.4000 2.3500
v 0.6500 4.4000 -2.3500
v 0.6500 4.4000 -2.4500
v 0.6500 4.4000 -2.5500
v 0.6500 4.4000 -2.6500
v 0.6500 4.4000 -2.7500
v 0.6500 4.4000 -2.8500
v 0.6500 4.4000 -2.9500
v 0.6500 4.4000 -3.0500
v 0.7500 4.4000 2.9500
v 0.7500 4.4000 3.0500
v 0.7500 4.4000 2.8500
v 0.7500 4.4000 2.7500
v 0.7500 4.4000 2.6500
v 0.7500 4.4000 2.5500
v 0.7500 4.4000 2.4500
v 0.7500 4.4000 2.3500
v 0.7500 4.4000 2.2500
v 0.6500 4.4000 2.2500
v 0.6500 4.4000 -2.2500
v 0.7500 4.4000 -2.2500
v 0.7500 4.4000 -2.3500
v 0.7500 4.4000 -2.4500
v 0.7500 4.4000 -2.5500
v 0.7500 4.4000 -2.6500
v 0.7500 4.4000 -2.7500
v 0.7500 4.4000 -2.8500
v 0.7500 4.4000 -2.9500
v 0.7500 4.4000 -3.0500
v 0.8500 4.4000 2.9500
v 0.8500 4.4000 2.8500
v 0.8500 4.4000 2.7500
v 0.8500 4.4000 2.6500
v 0.8500 4.4000 2.5500
v 0.8500 4.4000 2.4500
v 0.8500 4.4000 2.3500
v 0.8500 4.4000 2.2500
v 0.8500 4.4000 -2.2500
v 0.8500 4.4000 -2.3500
v 0.8500 4.4000 -2.4500
v 0.8500 4.4000 -2.5500
v 0.8500 4.4000 -2.6500
v 0.8500 4.4000 -2.7500
v 0.8500 4.4000 -2.8500
v 0.8500 4.4000 -2.9500
v 0.9500 4.4000 2.9500
v 0.9500 4.4000 2.8500
v 0.9500 4.4000 2.7500
v 0.9500 4.4000 2.6500
v 0.9500 4.4000 2.5500
v 0.9500 4.4000 2.4500
v 0.9500 4.4000 2.3500
v 0.9500 4.4000 2.2500
v 0.9500 4.4000 -2.2500
v 0.9500 4.4000 -2.3500
v 0.9500 4.4000 -2.4500
v 0.9500 4.4000 -2.5500
v 0.9500 4.4000 -2.6500
v 0.9500 4.4000 -2.7500
v 0.9500 4.4000 -2.8500
v 0.9500 4.4000 -2.9500
v 1.0500 4.4000 2.8500
v 1.0500 4.4000 2.9500
v 1.0500 4.4000 2.7500
v 1.0500 4.4000 2.6500
v 1.0500 4.4000 2.5500
v 1.0500 4.4000 2.4500
v 1.0500 4.4000 2.3500
v 1.0500 4.4000 2.2500
v 1.0500 4.4000 2.1500
v 0.9500 4.4000 2.1500
v 0.9500 4.4000 -2.1500
v 1.0500 4.4000 -2.1500
v 1.0500 4.4000 -2.2500
v 1.0500 4.4000 -2.3500
v 1.0500 4.4000 -2.4500
v 1.0500 4.4000 -2.5500
v 1.0500 4.4000 -2.6500
v 1.0500 4.4000 -2.7500
v 1.0500 4.4000 -2.8500
v 1.0500 4.4000 -2.9500
v 1.1500 4.4000 2.8500
v 1.1500 4.4000 2.7500
v 1.1500 4.4000 2.6500
v 1.1500 4.4000 2.5500
v 1.1500 4.4000 2.4500
v 1.1500 4.4000 2.3500
v 1.1500 4.4000 2.2500
v 1.1500 4.4000 2.1500
v 1.1500 4.4000 -2.1500
v 1.1500 4.4000 -2.2500
v 1.1500 4.4000 -2.3500
v 1.1500 4.4000 -2.4500
v 1.1500 4.4000 -2.5500
v 1.1500 4.4000 -2.6500
v 1.1500 4.4000 -2.7500
v 1.1500 4.4000 -2.8500
v 1.2500 4.4000 2.8500
v 1.2500 4.4000 2.7500
v 1.2500 4.4000 2.6500
v 1.2500 4.4000 2.5500
v 1.2500 4.4000 2.4500
v 1.2500 4.4000 2.3500
v 1.2500 4.4000 2.2500
v 1.2500 4.4000 2.1500
v 1.2500 4.4000 2.0500
v 1.1500 4.4000 2.0500
v 1.1500 4.4000 -2.0500
v 1.2500 4.4000 -2.0500
v 1.2500 4.4000 -2.1500
v 1.2500 4.4000 -2.2500
v 1.2500 4.4000 -2.3500
v 1.2500 4.4000 -2.4500
v 1.2500 4.4000 -2.5500
v 1.2500 4.4000 -2.6500
v 1.2500 4.4000 -2.7500
v 1.2500 4.4000 -2.8500
v 1.3500 4.4000 2.7500
v 1.3500 4.4000 2.8500
v 1.3500 4.4000 2.6500
v 1.3500 4.4000 2.5500
v 1.3500 4.4000 2.4500
v 1.3500 4.4000 2.3500
v 1.3500 4.4000 2.2500
v 1.3500 4.4000 2.1500
v 1.3500 4.4000 2.0500
v 1.3500 4.4000 -2.0500
v 1.3500 4.4000 -2.1500
v 1.3500 4.4000 -2.2500
v 1.3500 4.4000 -2.3500
v 1.3500 4.4000 -2.4500
v 1.3500 4.4000 -2.5500
v 1.3500 4.4000 -2.6500
v 1.3500 4.4000 -2.7500
v 1.3500 4.4000 -2.8500
v 1.4500 4.4000 2.7500
v 1.4500 4.4000 2.6500
v 1.4500 4.4000 2.5500
v 1.4500 4.4000 2.4500
v 1.4500 4.4000 2.3500
v 1.4500 4.4000 2.2500
v 1.4500 4.4000 2.1500
v 1.4500 4.4000 2.0500
v 1.4500 4.4000 1.9500
v 1.3500 4.4000 1.9500
v 1.3500 4.4000 -1.9500
v 1.4500 4.4000 -1.9500
v 1.4500 4.4000 -2.0500
v 1.4500 4.4000 -2.1500
v 1.4500 4.4000 -2.2500
v 1.4500 4.4000 -2.3500
v 1.4500 4.4000 -2.4500
v 1.4500 4.4000 -2.5500
v 1.4500 4.4000 -2.6500
v 1.4500 4.4000 -2.7500
v 1.5500 4.4000 2.6500
v 1.5500 4.4000 2.7500
v 1.5500 4.4000 2.5500
v 1.5500 4.4000 2.4500
v 1.5500 4.4000 2.3500
v 1.5500 4.4000 2.2500
v 1.5500 4.4000 2.1500
v 1.5500 4.4000 2.0500
v 1.5500 4.4000 1.9500
v 1.5500 4.4000 1.8500
v 1.4500 4.4000 1.8500
v 1.4500 4.4000 -1.8500
v 1.5500 4.4000 -1.8500
v 1.5500 4.4000 -1.9500
v 1.5500 4.4000 -2.0500
v 1.5500 4.4000 -2.1500
v 1.5500 4.4000 -2.2500
v 1.5500 4.4000 -2.3500
v 1.5500 4.4000 -2.4500
v 1.5500 4.4000 -2.5500
v 1.5500 4.4000 -2.6500
v 1.5500 4.4000 -2.7500
v 1.6500 4.4000 2.5500
v 1.6500 4.4000 2.6500
v 1.6500 4.4000 2.4500
v 1.6500 4.4000 2.3500
v 1.6500 4.4000 2.2500
v 1.6500 4.4000 2.1500
v 1.6500 4.4000 2.0500
v 1.6500 4.4000 1.9500
v 1.6500 4.4000 1.8500
v 1.6500 4.4000 1.7500
v 1.5500 4.4000 1.7500
v 1.5500 4.4000 -1.7500
v 1.6500 4.4000 -1.7500
v 1.6500 4.4000 -1.8500
v 1.6500 4.4000 -1.9500
v 1.6500 4.4000 -2.0500
v 1.6500 4.4000 -2.1500
v 1.6500 4.4000 -2.2500
v 1.6500 4.4000 -2.3500
v 1.6500 4.4000 -2.4500
v 1.6500 4.4000 -2.5500
v 1.6500 4.4000 -2.6500
v 1.7500 4.4000 2.5500
v 1.7500 4.4000 2.4500
v 1.7500 4.4000 2.3500
v 1.7500 4.4000 2.2500
v 1.7500 4.4000 2.1500
v 1.7500 4.4000 2.0500
v 1.7500 4.4000 1.9500
v 1.7500 4.4000 1.8500
v 1.7500 4.4000 1.7500
v 1.7500 4.4000 1.6500
v 1.6500 4.4000 1.6500
v 1.6500 4.4000 -1.6500
v 1.7500 4.4000 -1.6500
v 1.7500 4.4000 -1.7500
v 1.7500 4.4000 -1.8500
v 1.7500 4.4000 -1.9500
v 1.7500 4.4000 -2.0500
v 1.7500 4.4000 -2.1500
v 1.7500 4.4000 -2.2500
v 1.7500 4.4000 -2.3500
v 1.7500 4.4000 -2.4500
v 1.7500 4.4000 -2.5500
v 1.8500 4.4000 2.4500
v 1.8500 4.4000 2.5500
v 1.8500 4.4000 2.3500
v 1.8500 4.4000 2.2500
v 1.8500 4.4000 2.1500
v 1.8500 4.4000 2.0500
v 1.8500 4.4000 1.9500
v 1.8500 4.4000 1.8500
v 1.8500 4.4000 1.7500
v 1.8500 4.4000 1.6500
v 1.8500 4.4000 1.5500
v 1.7500 4.4000 1.5500
v 1.7500 4.4000 -1.5500
v 1.8500 4.4000 -1.5500
v 1.8500 4.4000 -1.6500
v 1.8500 4.4000 -1.7500
v 1.8500 4.4000 -1.8500
v 1.8500 4.4000 -1.9500
v 1.8500 4.4000 -2.0500
v 1.8500 4.4000 -2.1500
v 1.8500 4.4000 -2.2500
v 1.8500 4.4000 -2.3500
v 1.8500 4.4000 -2.4500
v 1.8500 4.4000 -2.5500
v 1.9500 4.4000 2.3500
v 1.9500 4.4000 2.4500
v 1.9500 4.4000 2.2500
v 1.9500 4.4000 2.1500
v 1.9500 4.4000 2.0500
v 1.9500 4.4000 1.9500
v 1.9500 4.4000 1.8500
v 1.9500 4.4000 1.7500
v 1.9500 4.4000 1.6500
v 1.9500 4.4000 1.5500
v 1.9500 4.4000 1.4500
v 1.8500 4.4000 1.4500
v 1.8500 4.4000 -1.4500
v 1.9500 4.4000 -1.4500
v 1.9500 4.4000 -1.5500
v 1.9500 4.4000 -1.6500
v 1.9500 4.4000 -1.7500
v 1.9500 4.4000 -1.8500
v 1.9500 4.4000 -1.9500
v 1.9500 4.4000 -2.0500
v 1.9500 4.4000 -2.1500
v 1.9500 4.4000 -2.2500
v 1.9500 4.4000 -2.3500
v 1.9500 4.4000 -2.4500
v 2.0500 4.4000 2.2500
v 2.0500 4.4000 2.3500
v 2.0500 4.4000 2.1500
v 2.0500 4.4000 2.0500
v 2.0500 4.4000 1.9500
v 2.0500 4.4000 1.8500
v 2.0500 4.4000 1.7500
v 2.0500 4.4000 1.6500
v 2.0500 4.4000 1.5500
v 2.0500 4.4000 1.4500
v 2.0500 4.4000 1.3500
v 1.9500 4.4000 1.3500
v 1.9500 4.4000 -1.3500
v 2.0500 4.4000 -1.3500
v 2.0500 4.4000 -1.4500
v 2.0500 4.4000 -1.5500
v 2.0500 4.4000 -1.6500
v 2.0500 4.4000 -1.7500
v 2.0500 4.4000 -1.8500
v 2.0500 4.4000 -1.9500
v 2.0500 4.4000 -2.0500
v 2.0500 4.4000 -2.1500
v 2.0500 4.4000 -2.2500
v 2.0500 4.4000 -2.3500
v 2.1500 4.4000 2.1500
v 2.1500 4.4000 2.2500
v 2.1500 4.4000 2.0500
v 2.1500 4.4000 1.9500
v 2.1500 4.4000 1.8500
v 2.1500 4.4000 1.7500
v 2.1500 4.4000 1.6500
v 2.1500 4.4000 1.5500
v 2.1500 4.4000 1.4500
v 2.1500 4.4000 1.3500
v 2.1500 4.4000 1.2500
v 2.0500 4.4000 1.2500
v 2.1500 4.4000 1.1500
v 2.0500 4.4000 1.1500
v 2.0500 4.4000 -1.1500
v 2.1500 4.4000 -1.1500
v 2.1500 4.4000 -1.2500
v 2.0500 4.4000 -1.2500
v 2.1500 4.4000 -1.3500
v 2.1500 4.4000 -1.4500
v 2.1500 4.4000 -1.5500
v 2.1500 4.4000 -1.6500
v 2.1500 4.4000 -1.7500
v 2.1500 4.4000 -1.8500
v 2.1500 4.4000 -1.9500
v 2.1500 4.4000 -2.0500
v 2.1500 4.4000 -2.1500
v 2.1500 4.4000 -2.2500
v 2.2500 4.4000 2.0500
v 2.2500 4.4000 2.1500
v 2.2500 4.4000 1.9500
v 2.2500 4.4000 1.8500
v 2.2500 4.4000 1.7500
v 2.2500 4.4000 1.6500
v 2.2500 4.4000 1.5500
v 2.2500 4.4000 1.4500
v 2.2500 4.4000 1.3500
v 2.2500 4.4000 1.2500
v 2.2500 4.4000 1.1500
v 2.2500 4.4000 1.0500
v 2.1500 4.4000 1.0500
v 2.2500 4.4000 0.9500
v 2.1500 4.4000 0.9500
v 2.1500 4.4000 -0.9500
v 2.2500 4.4000 -0.9500
v 2.2500 4.4000 -1.0500
v 2.1500 4.4000 -1.0500
v 2.2500 4.4000 -1.1500
v 2.2500 4.4000 -1.2500
v 2.2500 4.4000 -1.3500
v 2.2500 4.4000 -1.4500
v 2.2500 4.4000 -1.5500
v 2.2500 4.4000 -1.6500
v 2.2500 4.4000 -1.7500
v 2.2500 4.4000 -1.8500
v 2.2500 4.4000 -1.9500
v 2.2500 4.4000 -2.0500
v 2.2500 4.4000 -2.1500
v 2.3500 4.4000 1.9500
v 2.3500 4.4000 2.0500
v 2.3500 4.4000 1.8500
v 2.3500 4.4000 1.7500
v 2.3500 4.4000 1.6500
v 2.3500 4.4000 1.5500
v 2.3500 4.4000 1.4500
v 2.3500 4.4000 1.3500
v 2.3500 4.4000 1.2500
v 2.3500 4.4000 1.1500
v 2.3500 4.4000 1.0500
v 2.3500 4.4000 0.9500
v 2.3500 4.4000 0.8500
v 2.2500 4.4000 0.8500
v 2.3500 4.4000 0.7500
v 2.2500 4.4000 0.7500
v 2.3500 4.4000 0.6500
v 2.2500 4.4000 0.6500
v 2.2500 4.4000 -0.6500
v 2.3500 4.4000 -0.6500
v 2.3500 4.4000 -0.7500
v 2.2500 4.4000 -0.7500
v 2.3500 4.4000 -0.8500
v 2.2500 4.4000 -0.8500
v 2.3500 4.4000 -0.9500
v 2.3500 4.4000 -1.0500
v 2.3500 4.4000 -1.1500
v 2.3500 4.4000 -1.2500
v 2.3500 4.4000 -1.3500
v 2.3500 4.4000 -1.4500
v 2.3500 4.4000 -1.5500
v 2.3500 4.4000 -1.6500
v 2.3500 4.4000 -1.7500
v 2.3500 4.4000 -1.8500
v 2.3500 4.4000 -1.9500
v 2.3500 4.4000 -2.0500
v 2.4500 4.4000 1.8500
v 2.4500 4.4000 1.9500
v 2.4500 4.4000 1.7500
v 2.4500 4.4000 1.6500
v 2.4500 4.4000 1.5500
v 2.4500 4.4000 1.4500
v 2.4500 4.4000 1.3500
v 2.4500 4.4000 1.2500
v 2.4500 4.4000 1.1500
v 2.4500 4.4000 1.0500
v 2.4500 4.4000 0.9500
v 2.4500 4.4000 0.8500
v 2.4500 4.4000 0.7500
v 2.4500 4.4000 0.6500
v 2.4500 4.4000 0.5500
v 2.3500 4.4000 0.5500
v 2.4500 4.4000 0.4500
v 2.3500 4.4000 0.4500
v 2.4500 4.4000 0.3500
v 2.3500 4.4000 0.3500
v 2.4500 4.4000 0.2500
v 2.3500 4.4000 0.2500
v 2.4500 4.4000 0.1500
v 2.3500 4.4000 0.1500
v 2.4500 4.4000 0.0500
v 2.3500 4.4000 0.0500
v 2.3500 4.4000 -0.0500
v 2.4500 4.4000 -0.0500
v 2.4500 4.4000 -0.1500
v 2.3500 4.4000 -0.1500
v 2.4500 4.4000 -0.2500
v 2.3500 4.4000 -0.2500
v 2.4500 4.4000 -0.3500
v 2.3500 4.4000 -0.3500
v 2.4500 4.4000 -0.4500
v 2.3500 4.4000 -0.4500
v 2.4500 4.4000 -0.5500
v 2.3500 4.4000 -0.5500
v 2.4500 4.4000 -0.6500
v 2.4500 4.4000 -0.7500
v 2.4500 4.4000 -0.8500
v 2.4500 4.4000 -0.9500
v 2.4500 4.4000 -1.0500
v 2.4500 4.4000 -1.1500
v 2.4500 4.4000 -1.2500
v 2.4500 4.4000 -1.3500
v 2.4500 4.4000 -1.4500
v 2.4500 4.4000 -1.5500
v 2.4500 4.4000 -1.6500
v 2.4500 4.4000 -1.7500
v 2.4500 4.4000 -1.8500
v 2.4500 4.4000 -1.9500
v 2.5500 4.4000 1.7500
v 2.5500 4.4000 1.8500
v 2.5500 4.4000 1.6500
v 2.5500 4.4000 1.5500
v 2.5500 4.4000 1.4500
v 2.5500 4.4000 1.3500
v 2.5500 4.4000 1.2500
v 2.5500 4.4000 1.1500
v 2.5500 4.4000 1.0500
v 2.5500 4.4000 0.9500
v 2.5500 4.4000 0.8500
v 2.5500 4.4000 0.7500
v 2.5500 4.4000 0.6500
v 2.5500 4.4000 0.5500
v 2.5500 4.4000 0.4500
v 2.5500 4.4000 0.3500
v 2.5500 4.4000 0.2500
v 2.5500 4.4000 0.1500
v 2.5500 4.4000 0.0500
v 2.5500 4.4000 -0.0500
v 2.5500 4.4000 -0.1500
v 2.5500 4.4000 -0.2500
v 2.5500 4.4000 -0.3500
v 2.5500 4.4000 -0.4500
v 2.5500 4.4000 -0.5500
v 2.5500 4.4000 -0.6500
v 2.5500 4.4000 -0.7500
v 2.5500 4.4000 -0.8500
v 2.5500 4.4000 -0.9500
v 2.5500 4.4000 -1.0500
v 2.5500 4.4000 -1.1500
v 2.5500 4.4000 -1.2500
v 2.5500 4.4000 -1.3500
v 2.5500 4.4000 -1.4500
v 2.5500 4.4000 -1.5500
v 2.5500 4.4000 -1.6500
v 2.5500 4.4000 -1.7500
v 2.5500 4.4000 -1.8500
v 2.6500 4.4000 1.5500
v 2.6500 4.4000 1.6500
v 2.6500 4.4000 1.4500
v 2.6500 4.4000 1.3500
v 2.6500 4.4000 1.2500
v 2.6500 4.4000 1.1500
v 2.6500 4.4000 1.0500
v 2.6500 4.4000 0.9500
v 2.6500 4.4000 0.8500
v 2.6500 4.4000 0.7500
v 2.6500 4.4000 0.6500
v 2.6500 4.4000 0.5500
v 2.6500 4.4000 0.4500
v 2.6500 4.4000 0.3500
v 2.6500 4.4000 0.2500
v 2.6500 4.4000 0.1500
v 2.6500 4.4000 0.0500
v 2.6500 4.4000 -0.0500
v 2.6500 4.4000 -0.1500
v 2.6500 4.4000 -0.2500
v 2.6500 4.4000 -0.3500
v 2.6500 4.4000 -0.4500
v 2.6500 4.4000 -0.5500
v 2.6500 4.4000 -0.6500
v 2.6500 4.4000 -0.7500
v 2.6500 4.4000 -0.8500
v 2.6500 4.4000 -0.9500
v 2.6500 4.4000 -1.0500
v 2.6500 4.4000 -1.1500
v 2.6500 4.4000 -1.2500
v 2.6500 4.4000 -1.3500
v 2.6500 4.4000 -1.4500
v 2.6500 4.4000 -1.5500
v 2.6500 4.4000 -1.6500
v 2.7500 4.4000 1.4500
v 2.7500 4.4000 1.5500
v 2.7500 4.4000 1.3500
v 2.7500 4.4000 1.2500
v 2.7500 4.4000 1.1500
v 2.7500 4.4000 1.0500
v 2.7500 4.4000 0.9500
v 2.7500 4.4000 0.8500
v 2.7500 4.4000 0.7500
v 2.7500 4.4000 0.6500
v 2.7500 4.4000 0.5500
v 2.7500 4.4000 0.4500
v 2.7500 4.4000 0.3500
v 2.7500 4.4000 0.2500
v 2.7500 4.4000 0.1500
v 2.7500 4.4000 0.0500
v 2.7500 4.4000 -0.0500
v 2.7500 4.4000 -0.1500
v 2.7500 4.4000 -0.2500
v 2.7500 4.4000 -0.3500
v 2.7500 4.4000 -0.4500
v 2.7500 4.4000 -0.5500
v 2.7500 4.4000 -0.6500
v 2.7500 4.4000 -0.7500
v 2.7500 4.4000 -0.8500
v 2.7500 4.4000 -0.9500
v 2.7500 4.4000 -1.0500
v 2.7500 4.4000 -1.1500
v 2.7500 4.4000 -1.2500
v 2.7500 4.4000 -1.3500
v 2.7500 4.4000 -1.4500
v 2.7500 4.4000 -1.5500
v 2.8500 4.4000 1.2500
v 2.8500 4.4000 1.3500
v 2.8500 4.4000 1.1500
v 2.8500 4.4000 1.0500
v 2.8500 4.4000 0.9500
v 2.8500 4.4000 0.8500
v 2.8500 4.4000 0.7500
v 2.8500 4.4000 0.6500
v 2.8500 4.4000 0.5500
v 2.8500 4.4000 0.4500
v 2.8500 4.4000 0.3500
v 2.8500 4.4000 0.2500
v 2.8500 4.4000 0.1500
v 2.8500 4.4000 0.0500
v 2.8500 4.4000 -0.0500
v 2.8500 4.4000 -0.1500
v 2.8500 4.4000 -0.2500
v 2.8500 4.4000 -0.3500
v 2.8500 4.4000 -0.4500
v 2.8500 4.4000 -0.5500
v 2.8500 4.4000 -0.6500
v 2.8500 4.4000 -0.7500
v 2.8500 4.4000 -0.8500
v 2.8500 4.4000 -0.9500
v 2.8500 4.4000 -1.0500
v 2.8500 4.4000 -1.1500
v 2.8500 4.4000 -1.2500
v 2.8500 4.4000 -1.3500
v 2.9500 4.4000 0.9500
v 2.9500 4.4000 1.0500
v 2.9500 4.4000 0.8500
v 2.9500 4.4000 0.7500
v 2.9500 4.4000 0.6500
v 2.9500 4.4000 0.5500
v 2.9500 4.4000 0.4500
v 2.9500 4.4000 0.3500
v 2.9500 4.4000 0.2500
v 2.9500 4.4000 0.1500
v 2.9500 4.4000 0.0500
v 2.9500 4.4000 -0.0500
v 2.9500 4.4000 -0.1500
v 2.9500 4.4000 -0.2500
v 2.9500 4.4000 -0.3500
v 2.9500 4.4000 -0.4500
v 2.9500 4.4000 -0.5500
v 2.9500 4.4000 -0.6500
v 2.9500 4.4000 -0.7500
v 2.9500 4.4000 -0.8500
v 2.9500 4.4000 -0.9500
v 2.9500 4.4000 -1.0500
v 3.0500 4.4000 0.6500
v 3.0500 4.4000 0.7500
v 3.0500 4.4000 0.5500
v 3.0500 4.4000 0.4500
v 3.0500 4.4000 0.3500
v 3.0500 4.4000 0.2500
v 3.0500 4.4000 0.1500
v 3.0500 4.4000 0.0500
v 3.0500 4.4000 -0.0500
v 3.0500 4.4000 -0.1500
v 3.0500 4.4000 -0.2500
v 3.0500 4.4000 -0.3500
v 3.0500 4.4000 -0.4500
v 3.0500 4.4000 -0.5500
v 3.0500 4.4000 -0.6500
v 3.0500 4.4000 -0.7500
v 3.1500 4.4000 -0.0500
v 3.1500 4.4000 0.0500
v -2.4500 4.5000 0.0500
v -2.4500 4.5000 -0.0500
v -2.3500 4.5000 -0.0500
v -2.3500 4.5000 0.0500
v -2.3500 4.5000 0.6500
v -2.3500 4.5000 0.5500
v -2.2500 4.5000 0.6500
v -2.3500 4.5000 0.4500
v -2.3500 4.5000 0.3500
v -2.3500 4.5000 0.2500
v -2.3500 4.5000 0.1500
v -2.3500 4.5000 -0.1500
v -2.3500 4.5000 -0.2500
v -2.3500 4.5000 -0.3500
v -2.3500 4.5000 -0.4500
v -2.3500 4.5000 -0.5500
v -2.3500 4.5000 -0.6500
v -2.2500 4.5000 -0.6500
v -2.2500 4.5000 0.9500
v -2.2500 4.5000 0.8500
v -2.1500 4.5000 0.9500
v -2.2500 4.5000 0.7500
v -2.2500 4.5000 -0.7500
v -2.2500 4.5000 -0.8500
v -2.2500 4.5000 -0.9500
v -2.1500 4.5000 -0.9500
v -2.1500 4.5000 1.1500
v -2.1500 4.5000 1.0500
v -2.0500 4.5000 1.1500
v -2.1500 4.5000 -1.0500
v -2.1500 4.5000 -1.1500
v -2.0500 4.5000 -1.1500
v -2.0500 4.5000 1.3500
v -2.0500 4.5000 1.2500
v -1.9500 4.5000 1.3500
v -2.0500 4.5000 -1.2500
v -2.0500 4.5000 -1.3500
v -1.9500 4.5000 -1.3500
v -1.9500 4.5000 1.4500
v -1.8500 4.5000 1.4500
v -1.9500 4.5000 -1.4500
v -1.8500 4.5000 -1.4500
v -1.8500 4.5000 1.5500
v -1.7500 4.5000 1.5500
v -1.8500 4.5000 -1.5500
v -1.7500 4.5000 -1.5500
v -1.7500 4.5000 1.6500
v -1.6500 4.5000 1.6500
v -1.7500 4.5000 -1.6500
v -1.6500 4.5000 -1.6500
v -1.6500 4.5000 1.7500
v -1.5500 4.5000 1.7500
v -1.6500 4.5000 -1.7500
v -1.5500 4.5000 -1.7500
v -1.5500 4.5000 1.8500
v -1.4500 4.5000 1.8500
v -1.5500 4.5000 -1.8500
v -1.4500 4.5000 -1.8500
v -1.4500 4.5000 1.9500
v -1.3500 4.5000 1.9500
v -1.4500 4.5000 -1.9500
v -1.3500 4.5000 -1.9500
v -1.3500 4.5000 2.0500
v -1.2500 4.5000 2.0500
v -1.3500 4.5000 -2.0500
v -1.2500 4.5000 -2.0500
v -1.1500 4.5000 2.0500
v -1.1500 4.5000 -2.0500
v -1.1500 4.5000 2.1500
v -1.0500 4.5000 2.1500
v -1.1500 4.5000 -2.1500
v -1.0500 4.5000 -2.1500
v -0.9500 4.5000 2.1500
v -0.9500 4.5000 -2.1500
v -0.9500 4.5000 2.2500
v -0.8500 4.5000 2.2500
v -0.9500 4.5000 -2.2500
v -0.8500 4.5000 -2.2500
v -0.7500 4.5000 2.2500
v -0.7500 4.5000 -2.2500
v -0.6500 4.5000 2.2500
v -0.6500 4.5000 -2.2500
v -0.6500 4.5000 2.3500
v -0.5500 4.5000 2.3500
v -0.6500 4.5000 -2.3500
v -0.5500 4.5000 -2.3500
v -0.4500 4.5000 2.3500
v -0.4500 4.5000 -2.3500
v -0.3500 4.5000 2.3500
v -0.3500 4.5000 -2.3500
v -0.2500 4.5000 2.3500
v -0.2500 4.5000 -2.3500
v -0.1500 4.5000 2.3500
v -0.1500 4.5000 -2.3500
v -0.0500 4.5000 2.3500
v -0.0500 4.5000 -2.3500
v 0.0500 4.5000 2.3500
v 0.0500 4.5000 2.4500
v -0.0500 4.5000 2.4500
v 0.0500 4.5000 -2.4500
v 0.0500 4.5000 -2.3500
v -0.0500 4.5000 -2.4500
v 0.1500 4.5000 2.3500
v 0.1500 4.5000 -2.3500
v 0.2500 4.5000 2.3500
v 0.2500 4.5000 -2.3500
v 0.3500 4.5000 2.3500
v 0.3500 4.5000 -2.3500
v 0.4500 4.5000 2.3500
v 0.4500 4.5000 -2.3500
v 0.5500 4.5000 2.3500
v 0.5500 4.5000 -2.3500
v 0.6500 4.5000 2.2500
v 0.6500 4.5000 2.3500
v 0.6500 4.5000 -2.3500
v 0.6500 4.5000 -2.2500
v 0.7500 4.5000 2.2500
v 0.7500 4.5000 -2.2500
v 0.8500 4.5000 2.2500
v 0.8500 4.5000 -2.2500
v 0.9500 4.5000 2.1500
v 0.9500 4.5000 2.2500
v 0.9500 4.5000 -2.2500
v 0.9500 4.5000 -2.1500
v 1.0500 4.5000 2.1500
v 1.0500 4.5000 -2.1500
v 1.1500 4.5000 2.0500
v 1.1500 4.5000 2.1500
v 1.1500 4.5000 -2.1500
v 1.1500 4.5000 -2.0500
v 1.2500 4.5000 2.0500
v 1.2500 4.5000 -2.0500
v 1.3500 4.5000 1.9500
v 1.3500 4.5000 2.0500
v 1.3500 4.5000 -2.0500
v 1.3500 4.5000 -1.9500
v 1.4500 4.5000 1.8500
v 1.4500 4.5000 1.9500
v 1.4500 4.5000 -1.9500
v 1.4500 4.5000 -1.8500
v 1.5500 4.5000 1.7500
v 1.5500 4.5000 1.8500
v 1.5500 4.5000 -1.8500
v 1.5500 4.5000 -1.7500
v 1.6500 4.5000 1.6500
v 1.6500 4.5000 1.7500
v 1.6500 4.5000 -1.7500
v 1.6500 4.5000 -1.6500
v 1.7500 4.5000 1.5500
v 1.7500 4.5000 1.6500
v 1.7500 4.5000 -1.6500
v 1.7500 4.5000 -1.5500
v 1.8500 4.5000 1.4500
v 1.8500 4.5000 1.5500
v 1.8500 4.5000 -1.5500
v 1.8500 4.5000 -1.4500
v 1.9500 4.5000 1.3500
v 1.9500 4.5000 1.4500
v 1.9500 4.5000 -1.4500
v 1.9500 4.5000 -1.3500
v 2.0500 4.5000 1.2500
v 2.0500 4.5000 1.3500
v 2.0500 4.5000 1.1500
v 2.0500 4.5000 -1.2500
v 2.0500 4.5000 -1.1500
v 2.0500 4.5000 -1.3500
v 2.1500 4.5000 1.0500
v 2.1500 4.5000 1.1500
v 2.1500 4.5000 0.9500
v 2.1500 4.5000 -1.0500
v 2.1500 4.5000 -0.9500
v 2.1500 4.5000 -1.1500
v 2.2500 4.5000 0.8500
v 2.2500 4.5000 0.9500
v 2.2500 4.5000 0.7500
v 2.2500 4.5000 0.6500
v 2.2500 4.5000 -0.7500
v 2.2500 4.5000 -0.6500
v 2.2500 4.5000 -0.8500
v 2.2500 4.5000 -0.9500
v 2.3500 4.5000 0.5500
v 2.3500 4.5000 0.6500
v 2.3500 4.5000 0.4500
v 2.3500 4.5000 0.3500
v 2.3500 4.5000 0.2500
v 2.3500 4.5000 0.1500
v 2.3500 4.5000 0.0500
v 2.3500 4.5000 -0.1500
v 2.3500 4.5000 -0.0500
v 2.3500 4.5000 -0.2500
v 2.3500 4.5000 -0.3500
v 2.3500 4.5000 -0.4500
v 2.3500 4.5000 -0.5500
v 2.3500 4.5000 -0.6500
v 2.4500 4.5000 -0.0500
v 2.4500 4.5000 0.0500
v -2.4500 4.6000 0.0500
v -2.4500 4.6000 -0.0500
v -2.3500 4.6000 -0.0500
v -2.3500 4.6000 0.0500
v -2.3500 4.6000 0.6500
v -2.3500 4.6000 0.5500
v -2.2500 4.6000 0.6500
v -2.3500 4.6000 0.4500
v -2.3500 4.6000 0.3500
v -2.3500 4.6000 0.2500
v -2.3500 4.6000 0.1500
v -2.3500 4.6000 -0.1500
v -2.3500 4.6000 -0.2500
v -2.3500 4.6000 -0.3500
v -2.3500 4.6000 -0.4500
v -2.3500 4.6000 -0.5500
v -2.3500 4.6000 -0.6500
v -2.2500 4.6000 -0.6500
v -2.2500 4.6000 0.9500
v -2.2500 4.6000 0.8500
v -2.1500 4.6000 0.9500
v -2.2500 4.6000 0.7500
v -2.2500 4.6000 -0.7500
v -2.2500 4.6000 -0.8500
v -2.2500 4.6000 -0.9500
v -2.1500 4.6000 -0.9500
v -2.1500 4.6000 1.1500
v -2.1500 4.6000 1.0500
v -2.0500 4.6000 1.1500
v -2.1500 4.6000 -1.0500
v -2.1500 4.6000 -1.1500
v -2.0500 4.6000 -1.1500
v -2.0500 4.6000 1.3500
v -2.0500 4.6000 1.2500
v -1.9500 4.6000 1.3500
v -2.0500 4.6000 -1.2500
v -2.0500 4.6000 -1.3500
v -1.9500 4.6000 -1.3500
v -1.9500 4.6000 1.4500
v -1.8500 4.6000 1.4500
v -1.9500 4.6000 -1.4500
v -1.8500 4.6000 -1.4500
v -1.8500 4.6000 1.5500
v -1.7500 4.6000 1.5500
v -1.8500 4.6000 -1.5500
v -1.7500 4.6000 -1.5500
v -1.7500 4.6000 1.6500
v -1.6500 4.6000 1.6500
v -1.7500 4.6000 -1.6500
v -1.6500 4.6000 -1.6500
v -1.6500 4.6000 1.7500
v -1.5500 4.6000 1.7500
v -1.6500 4.6000 -1.7500
v -1.5500 4.6000 -1.7500
v -1.5500 4.6000 1.8500
v -1.4500 4.6000 1.8500
v -1.5500 4.6000 -1.8500
v -1.4500 4.6000 -1.8500
v -1.4500 4.6000 1.9500
v -1.3500 4.6000 1.9500
v -1.4500 4.6000 -1.9500
v -1.3500 4.6000 -1.9500
v -1.3500 4.6000 2.0500
v -1.2500 4.6000 2.0500
v -1.3500 4.6000 -2.0500
v -1.2500 4.6000 -2.0500
v -1.1500 4.6000 2.0500
v -1.1500 4.6000 -2.0500
v -1.1500 4.6000 2.1500
v -1.0500 4.6000 2.1500
v -1.1500 4.6000 -2.1500
v -1.0500 4.6000 -2.1500
v -0.9500 4.6000 2.1500
v -0.9500 4.6000 -2.1500
v -0.9500 4.6000 2.2500
v -0.8500 4.6000 2.2500
v -0.9500 4.6000 -2.2500
v -0.8500 4.6000 -2.2500
v -0.7500 4.6000 2.2500
v -0.7500 4.6000 -2.2500
v -0.6500 4.6000 2.2500
v -0.6500 4.6000 -2.2500
v -0.6500 4.6000 2.3500
v -0.5500 4.6000 2.3500
v -0.6500 4.6000 -2.3500
v -0.5500 4.6000 -2.3500
v -0.4500 4.6000 2.3500
v -0.4500 4.6000 -2.3500
v -0.3500 4.6000 2.3500
v -0.3500 4.6000 -2.3500
v -0.2500 4.6000 2.3500
v -0.2500 4.6000 -2.3500
v -0.1500 4.6000 2.3500
v -0.1500 4.6000 -2.3500
v -0.0500 4.6000 2.3500
v -0.0500 4.6000 -2.3500
v 0.0500 4.6000 2.3500
v 0.0500 4.6000 2.4500
v -0.0500 4.6000 2.4500
v 0.0500 4.6000 -2.4500
v 0.0500 4.6000 -2.3500
v -0.0500 4.6000 -2.4500
v 0.1500 4.6000 2.3500
v 0.1500 4.6000 -2.3500
v 0.2500 4.6000 2.3500
v 0.2500 4.6000 -2.3500
v 0.3500 4.6000 2.3500
v 0.3500 4.6000 -2.3500
v 0.4500 4.6000 2.3500
v 0.4500 4.6000 -2.3500
v 0.5500 4.6000 2.3500
v 0.5500 4.6000 -2.3500
v 0.6500 4.6000 2.2500
v 0.6500 4.6000 2.3500
v 0.6500 4.6000 -2.3500
v 0.6500 4.6000 -2.2500
v 0.7500 4.6000 2.2500
v 0.7500 4.6000 -2.2500
v 0.8500 4.6000 2.2500
v 0.8500 4.6000 -2.2500
v 0.9500 4.6000 2.1500
v 0.9500 4.6000 2.2500
v 0.9500 4.6000 -2.2500
v 0.9500 4.6000 -2.1500
v 1.0500 4.6000 2.1500
v 1.0500 4.6000 -2.1500
v 1.1500 4.6000 2.0500
v 1.1500 4.6000 2.1500
v 1.1500 4.6000 -2.1500
v 1.1500 4.6000 -2.0500
v 1.2500 4.6000 2.0500
v 1.2500 4.6000 -2.0500
v 1.3500 4.6000 1.9500
v 1.3500 4.6000 2.0500
v 1.3500 4.6000 -2.0500
v 1.3500 4.6000 -1.9500
v 1.4500 4.6000 1.8500
v 1.4500 4.6000 1.9500
v 1.4500 4.6000 -1.9500
v 1.4500 4.6000 -1.8500
v 1.5500 4.6000 1.7500
v 1.5500 4.6000 1.8500
v 1.5500 4.6000 -1.8500
v 1.5500 4.6000 -1.7500
v 1.6500 4.6000 1.6500
v 1.6500 4.6000 1.7500
v 1.6500 4.6000 -1.7500
v 1.6500 4.6000 -1.6500
v 1.7500 4.6000 1.5500
v 1.7500 4.6000 1.6500
v 1.7500 4.6000 -1.6500
v 1.7500 4.6000 -1.5500
v 1.8500 4.6000 1.4500
v 1.8500 4.6000 1.5500
v 1.8500 4.6000 -1.5500
v 1.8500 4.6000 -1.4500
v 1.9500 4.6000 1.3500
v 1.9500 4.6000 1.4500
v 1.9500 4.6000 -1.4500
v 1.9500 4.6000 -1.3500
v 2.0500 4.6000 1.2500
v 2.0500 4.6000 1.3500
v 2.0500 4.6000 1.1500
v 2.0500 4.6000 -1.2500
v 2.0500 4.6000 -1.1500
v 2.0500 4.6000 -1.3500
v 2.1500 4.6000 1.0500
v 2.1500 4.6000 1.1500
v 2.1500 4.6000 0.9500
v 2.1500 4.6000 -1.0500
v 2.1500 4.6000 -0.9500
v 2.1500 4.6000 -1.1500
v 2.2500 4.6000 0.8500
v 2.2500 4.6000 0.9500
v 2.2500 4.6000 0.7500
v 2.2500 4.6000 0.6500
v 2.2500 4.6000 -0.7500
v 2.2500 4.6000 -0.6500
v 2.2500 4.6000 -0.8500
v 2.2500 4.6000 -0.9500
v 2.3500 4.6000 0.5500
v 2.3500 4.6000 0.6500
v 2.3500 4.6000 0.4500
v 2.3500 4.6000 0.3500
v 2.3500 4.6000 0.2500
v 2.3500 4.6000 0.1500
v 2.3500 4.6000 0.0500
v 2.3500 4.6000 -0.1500
v 2.3500 4.6000 -0.0500
v 2.3500 4.6000 -0.2500
v 2.3500 4.6000 -0.3500
v 2.3500 4.6000 -0.4500
v 2.3500 4.6000 -0.5500
v 2.3500 4.6000 -0.6500
v 2.4500 4.6000 -0.0500
v 2.4500 4.6000 0.0500
v -2.4500 4.7000 0.0500
v -2.4500 4.7000 -0.0500
v -2.3500 4.7000 -0.0500
v -2.3500 4.7000 0.0500
v -2.3500 4.7000 0.6500
v -2.3500 4.7000 0.5500
v -2.2500 4.7000 0.6500
v -2.3500 4.7000 0.4500
v -2.3500 4.7000 0.3500
v -2.3500 4.7000 0.2500
v -2.3500 4.7000 0.1500
v -2.3500 4.7000 -0.1500
v -2.3500 4.7000 -0.2500
v -2.3500 4.7000 -0.3500
v -2.3500 4.7000 -0.4500
v -2.3500 4.7000 -0.5500
v -2.3500 4.7000 -0.6500
v -2.2500 4.7000 -0.6500
v -2.2500 4.7000 0.9500
v -2.2500 4.7000 0.8500
v -2.1500 4.7000 0.9500
v -2.2500 4.7000 0.7500
v -2.2500 4.7000 -0.7500
v -2.2500 4.7000 -0.8500
v -2.2500 4.7000 -0.9500
v -2.1500 4.7000 -0.9500
v -2.1500 4.7000 1.1500
v -2.1500 4.7000 1.0500
v -2.0500 4.7000 1.1500
v -2.1500 4.7000 -1.0500
v -2.1500 4.7000 -1.1500
v -2.0500 4.7000 -1.1500
v -2.0500 4.7000 1.3500
v -2.0500 4.7000 1.2500
v -1.9500 4.7000 1.3500
v -2.0500 4.7000 -1.2500
v -2.0500 4.7000 -1.3500
v -1.9500 4.7000 -1.3500
v -1.9500 4.7000 1.4500
v -1.8500 4.7000 1.4500
v -1.9500 4.7000 -1.4500
v -1.8500 4.7000 -1.4500
v -1.8500 4.7000 1.5500
v -1.7500 4.7000 1.5500
v -1.8500 4.7000 -1.5500
v -1.7500 4.7000 -1.5500
v -1.7500 4.7000 1.6500
v -1.6500 4.7000 1.6500
v -1.7500 4.7000 -1.6500
v -1.6500 4.7000 -1.6500
v -1.6500 4.7000 1.7500
v -1.5500 4.7000 1.7500
v -1.6500 4.7000 -1.7500
v -1.5500 4.7000 -1.7500
v -1.5500 4.7000 1.8500
v -1.4500 4.7000 1.8500
v -1.5500 4.7000 -1.8500
v -1.4500 4.7000 -1.8500
v -1.4500 4.7000 1.9500
v -1.3500 4.7000 1.9500
v -1.4500 4.7000 -1.9500
v -1.3500 4.7000 -1.9500
v -1.3500 4.7000 2.0500
v -1.2500 4.7000 2.0500
v -1.3500 4.7000 -2.0500
v -1.2500 4.7000 -2.0500
v -1.1500 4.7000 2.0500
v -1.1500 4.7000 -2.0500
v -1.1500 4.7000 2.1500
v -1.0500 4.7000 2.1500
v -1.1500 4.7000 -2.1500
v -1.0500 4.7000 -2.1500
v -0.9500 4.7000 2.1500
v -0.9500 4.7000 -2.1500
v -0.9500 4.7000 2.2500
v -0.8500 4.7000 2.2500
v -0.9500 4.7000 -2.2500
v -0.8500 4.7000 -2.2500
v -0.7500 4.7000 2.2500
v -0.7500 4.7000 -2.2500
v -0.6500 4.7000 2.2500
v -0.6500 4.7000 -2.2500
v -0.6500 4.7000 2.3500
v -0.5500 4.7000 2.3500
v -0.6500 4.7000 -2.3500
v -0.5500 4.7000 -2.3500
v -0.4500 4.7000 2.3500
v -0.4500 4.7000 -2.3500
v -0.3500 4.7000 2.3500
v -0.3500 4.7000 -2.3500
v -0.2500 4.7000 2.3500
v -0.2500 4.7000 -2.3500
v -0.1500 4.7000 2.3500
v -0.1500 4.7000 -2.3500
v -0.0500 4.7000 2.3500
v -0.0500 4.7000 -2.3500
v 0.0500 4.7000 2.3500
v 0.0500 4.7000 2.4500
v -0.0500 4.7000 2.4500
v 0.0500 4.7000 -2.4500
v 0.0500 4.7000 -2.3500
v -0.0500 4.7000 -2.4500
v 0.1500 4.7000 2.3500
v 0.1500 4.7000 -2.3500
v 0.2500 4.7000 2.3500
v 0.2500 4.7000 -2.3500
v 0.3500 4.7000 2.3500
v 0.3500 4.7000 -2.3500
v 0.4500 4.7000 2.3500
v 0.4500 4.7000 -2.3500
v 0.5500 4.7000 2.3500
v 0.5500 4.7000 -2.3500
v 0.6500 4.7000 2.2500
v 0.6500 4.7000 2.3500
v 0.6500 4.7000 -2.3500
v 0.6500 4.7000 -2.2500
v 0.7500 4.7000 2.2500
v 0.7500 4.7000 -2.2500
v 0.8500 4.7000 2.2500
v 0.8500 4.7000 -2.2500
v 0.9500 4.7000 2.1500
v 0.9500 4.7000 2.2500
v 0.9500 4.7000 -2.2500
v 0.9500 4.7000 -2.1500
v 1.0500 4.7000 2.1500
v 1.0500 4.7000 -2.1500
v 1.1500 4.7000 2.0500
v 1.1500 4.7000 2.1500
v 1.1500 4.7000 -2.1500
v 1.1500 4.7000 -2.0500
v 1.2500 4.7000 2.0500
v 1.2500 4.7000 -2.0500
v 1.3500 4.7000 1.9500
v 1.3500 4.7000 2.0500
v 1.3500 4.7000 -2.0500
v 1.3500 4.7000 -1.9500
v 1.4500 4.7000 1.8500
v 1.4500 4.7000 1.9500
v 1.4500 4.7000 -1.9500
v 1.4500 4.7000 -1.8500
v 1.5500 4.7000 1.7500
v 1.5500 4.7000 1.8500
v 1.5500 4.7000 -1.8500
v 1.5500 4.7000 -1.7500
v 1.6500 4.7000 1.6500
v 1.6500 4.7000 1.7500
v 1.6500 4.7000 -1.7500
v 1.6500 4.7000 -1.6500
v 1.7500 4.7000 1.5500
v 1.7500 4.7000 1.6500
v 1.7500 4.7000 -1.6500
v 1.7500 4.7000 -1.5500
v 1.8500 4.7000 1.4500
v 1.8500 4.7000 1.5500
v 1.8500 4.7000 -1.5500
v 1.8500 4.7000 -1.4500
v 1.9500 4.7000 1.3500
v 1.9500 4.7000 1.4500
v 1.9500 4.7000 -1.4500
v 1.9500 4.7000 -1.3500
v 2.0500 4.7000 1.2500
v 2.0500 4.7000 1.3500
v 2.0500 4.7000 1.1500
v 2.0500 4.7000 -1.2500
v 2.0500 4.7000 -1.1500
v 2.0500 4.7000 -1.3500
v 2.1500 4.7000 1.0500
v 2.1500 4.7000 1.1500
v 2.1500 4.7000 0.9500
v 2.1500 4.7000 -1.0500
v 2.1500 4.7000 -0.9500
v 2.1500 4.7000 -1.1500
v 2.2500 4.7000 0.8500
v 2.2500 4.7000 0.9500
v 2.2500 4.7000 0.7500
v 2.2500 4.7000 0.6500
v 2.2500 4.7000 -0.7500
v 2.2500 4.7000 -0.6500
v 2.2500 4.7000 -0.8500
v 2.2500 4.7000 -0.9500
v 2.3500 4.7000 0.5500
v 2.3500 4.7000 0.6500
v 2.3500 4.7000 0.4500
v 2.3500 4.7000 0.3500
v 2.3500 4.7000 0.2500
v 2.3500 4.7000 0.1500
v 2.3500 4.7000 0.0500
v 2.3500 4.7000 -0.1500
v 2.3500 4.7000 -0.0500
v 2.3500 4.7000 -0.2500
v 2.3500 4.7000 -0.3500
v 2.3500 4.7000 -0.4500
v 2.3500 4.7000 -0.5500
v 2.3500 4.7000 -0.6500
v 2.4500 4.7000 -0.0500
v 2.4500 4.7000 0.0500
v -2.4500 4.8000 0.0500
v -2.4500 4.8000 -0.0500
v -2.3500 4.8000 -0.0500
v -2.3500 4.8000 0.0500
v -2.3500 4.8000 0.6500
v -2.3500 4.8000 0.5500
v -2.2500 4.8000 0.6500
v -2.3500 4.8000 0.4500
v -2.3500 4.8000 0.3500
v -2.3500 4.8000 0.2500
v -2.3500 4.8000 0.1500
v -2.3500 4.8000 -0.1500
v -2.3500 4.8000 -0.2500
v -2.3500 4.8000 -0.3500
v -2.3500 4.8000 -0.4500
v -2.3500 4.8000 -0.5500
v -2.3500 4.8000 -0.6500
v -2.2500 4.8000 -0.6500
v -2.2500 4.8000 0.9500
v -2.2500 4.8000 0.8500
v -2.1500 4.8000 0.9500
v -2.2500 4.8000 0.7500
v -2.2500 4.8000 -0.7500
v -2.2500 4.8000 -0.8500
v -2.2500 4.8000 -0.9500
v -2.1500 4.8000 -0.9500
v -2.1500 4.8000 1.1500
v -2.1500 4.8000 1.0500
v -2.0500 4.8000 1.1500
v -2.1500 4.8000 -1.0500
v -2.1500 4.8000 -1.1500
v -2.0500 4.8000 -1.1500
v -2.0500 4.8000 1.3500
v -2.0500 4.8000 1.2500
v -1.9500 4.8000 1.3500
v -2.0500 4.8000 -1.2500
v -2.0500 4.8000 -1.3500
v -1.9500 4.8000 -1.3500
v -1.9500 4.8000 1.4500
v -1.8500 4.8000 1.4500
v -1.9500 4.8000 -1.4500
v -1.8500 4.8000 -1.4500
v -1.8500 4.8000 1.5500
v -1.7500 4.8000 1.5500
v -1.8500 4.8000 -1.5500
v -1.7500 4.8000 -1.5500
v -1.7500 4.8000 1.6500
v -1.6500 4.8000 1.6500
v -1.7500 4.8000 -1.6500
v -1.6500 4.8000 -1.6500
v -1.6500 4.8000 1.7500
v -1.5500 4.8000 1.7500
v -1.6500 4.8000 -1.7500
v -1.5500 4.8000 -1.7500
v -1.5500 4.8000 1.8500
v -1.4500 4.8000 1.8500
v -1.5500 4.8000 -1.8500
v -1.4500 4.8000 -1.8500
v -1.4500 4.8000 1.9500
v -1.3500 4.8000 1.9500
v -1.4500 4.8000 -1.9500
v -1.3500 4.8000 -1.9500
v -1.3500 4.8000 2.0500
v -1.2500 4.8000 2.0500
v -1.3500 4.8000 -2.0500
v -1.2500 4.8000 -2.0500
v -1.1500 4.8000 2.0500
v -1.1500 4.8000 -2.0500
v -1.1500 4.8000 2.1500
v -1.0500 4.8000 2.1500
v -1.1500 4.8000 -2.1500
v -1.0500 4.8000 -2.1500
v -0.9500 4.8000 2.1500
v -0.9500 4.8000 -2.1500
v -0.9500 4.8000 2.2500
v -0.8500 4.8000 2.2500
v -0.9500 4.8000 -2.2500
v -0.8500 4.8000 -2.2500
v -0.7500 4.8000 2.2500
v -0.7500 4.8000 -2.2500
v -0.6500 4.8000 2.2500
v -0.6500 4.8000 -2.2500
v -0.6500 4.8000 2.3500
v -0.5500 4.8000 2.3500
v -0.6500 4.8000 -2.3500
v -0.5500 4.8000 -2.3500
v -0.4500 4.8000 2.3500
v -0.4500 4.8000 -2.3500
v -0.3500 4.8000 2.3500
v -0.3500 4.8000 -2.3500
v -0.2500 4.8000 2.3500
v -0.2500 4.8000 -2.3500
v -0.1500 4.8000 2.3500
v -0.1500 4.8000 -2.3500
v -0.0500 4.8000 2.3500
v -0.0500 4.8000 -2.3500
v 0.0500 4.8000 2.3500
v 0.0500 4.8000 2.4500
v -0.0500 4.8000 2.4500
v 0.0500 4.8000 -2.4500
v 0.0500 4.8000 -2.3500
v -0.0500 4.8000 -2.4500
v 0.1500 4.8000 2.3500
v 0.1500 4.8000 -2.3500
v 0.2500 4.8000 2.3500
v 0.2500 4.8000 -2.3500
v 0.3500 4.8000 2.3500
v 0.3500 4.8000 -2.3500
v 0.4500 4.8000 2.3500
v 0.4500 4.8000 -2.3500
v 0.5500 4.8000 2.3500
v 0.5500 4.8000 -2.3500
v 0.6500 4.8000 2.2500
v 0.6500 4.8000 2.3500
v 0.6500 4.8000 -2.3500
v 0.6500 4.8000 -2.2500
v 0.7500 4.8000 2.2500
v 0.7500 4.8000 -2.2500
v 0.8500 4.8000 2.2500
v 0.8500 4.8000 -2.2500
v 0.9500 4.8000 2.1500
v 0.9500 4.8000 2.2500
v 0.9500 4.8000 -2.2500
v 0.9500 4.8000 -2.1500
v 1.0500 4.8000 2.1500
v 1.0500 4.8000 -2.1500
v 1.1500 4.8000 2.0500
v 1.1500 4.8000 2.1500
v 1.1500 4.8000 -2.1500
v 1.1500 4.8000 -2.0500
v 1.2500 4.8000 2.0500
v 1.2500 4.8000 -2.0500
v 1.3500 4.8000 1.9500
v 1.3500 4.8000 2.0500
v 1.3500 4.8000 -2.0500
v 1.3500 4.8000 -1.9500
v 1.4500 4.8000 1.8500
v 1.4500 4.8000 1.9500
v 1.4500 4.8000 -1.9500
v 1.4500 4.8000 -1.8500
v 1.5500 4.8000 1.7500
v 1.5500 4.8000 1.8500
v 1.5500 4.8000 -1.8500
v 1.5500 4.8000 -1.7500
v 1.6500 4.8000 1.6500
v 1.6500 4.8000 1.7500
v 1.6500 4.8000 -1.7500
v 1.6500 4.8000 -1.6500
v 1.7500 4.8000 1.5500
v 1.7500 4.8000 1.6500
v 1.7500 4.8000 -1.6500
v 1.7500 4.8000 -1.5500
v 1.8500 4.8000 1.4500
v 1.8500 4.8000 1.5500
v 1.8500 4.8000 -1.5500
v 1.8500 4.8000 -1.4500
v 1.9500 4.8000 1.3500
v 1.9500 4.8000 1.4500
v 1.9500 4.8000 -1.4500
v 1.9500 4.8000 -1.3500
v 2.0500 4.8000 1.2500
v 2.0500 4.8000 1.3500
v 2.0500 4.8000 1.1500
v 2.0500 4.8000 -1.2500
v 2.0500 4.8000 -1.1500
v 2.0500 4.8000 -1.3500
v 2.1500 4.8000 1.0500
v 2.1500 4.8000 1.1500
v 2.1500 4.8000 0.9500
v 2.1500 4.8000 -1.0500
v 2.1500 4.8000 -0.9500
v 2.1500 4.8000 -1.1500
v 2.2500 4.8000 0.8500
v 2.2500 4.8000 0.9500
v 2.2500 4.8000 0.7500
v 2.2500 4.8000 0.6500
v 2.2500 4.8000 -0.7500
v 2.2500 4.8000 -0.6500
v 2.2500 4.8000 -0.8500
v 2.2500 4.8000 -0.9500
v 2.3500 4.8000 0.5500
v 2.3500 4.8000 0.6500
v 2.3500 4.8000 0.4500
v 2.3500 4.8000 0.3500
v 2.3500 4.8000 0.2500
v 2.3500 4.8000 0.1500
v 2.3500 4.8000 0.0500
v 2.3500 4.8000 -0.1500
v 2.3500 4.8000 -0.0500
v 2.3500 4.8000 -0.2500
v 2.3500 4.8000 -0.3500
v 2.3500 4.8000 -0.4500
v 2.3500 4.8000 -0.5500
v 2.3500 4.8000 -0.6500
v 2.4500 4.8000 -0.0500
v 2.4500 4.8000 0.0500
v -2.4500 4.9000 0.0500
v -2.4500 4.9000 -0.0500
v -2.3500 4.9000 -0.0500
v -2.3500 4.9000 0.0500
v -2.3500 4.9000 0.6500
v -2.3500 4.9000 0.5500
v -2.2500 4.9000 0.6500
v -2.2500 4.9000 0.5500
v -2.3500 4.9000 0.4500
v -2.2500 4.9000 0.4500
v -2.3500 4.9000 0.3500
v -2.2500 4.9000 0.3500
v -2.3500 4.9000 0.2500
v -2.2500 4.9000 0.2500
v -2.3500 4.9000 0.1500
v -2.2500 4.9000 0.1500
v -2.2500 4.9000 0.0500
v -2.2500 4.9000 -0.0500
v -2.3500 4.9000 -0.1500
v -2.2500 4.9000 -0.1500
v -2.3500 4.9000 -0.2500
v -2.2500 4.9000 -0.2500
v -2.3500 4.9000 -0.3500
v -2.2500 4.9000 -0.3500
v -2.3500 4.9000 -0.4500
v -2.2500 4.9000 -0.4500
v -2.3500 4.9000 -0.5500
v -2.2500 4.9000 -0.5500
v -2.3500 4.9000 -0.6500
v -2.2500 4.9000 -0.6500
v -2.2500 4.9000 0.9500
v -2.2500 4.9000 0.8500
v -2.1500 4.9000 0.9500
v -2.1500 4.9000 0.8500
v -2.2500 4.9000 0.7500
v -2.1500 4.9000 0.7500
v -2.1500 4.9000 0.6500
v -2.1500 4.9000 0.5500
v -2.1500 4.9000 0.4500
v -2.1500 4.9000 0.3500
v -2.1500 4.9000 0.2500
v -2.1500 4.9000 0.1500
v -2.1500 4.9000 0.0500
v -2.1500 4.9000 -0.0500
v -2.1500 4.9000 -0.1500
v -2.1500 4.9000 -0.2500
v -2.1500 4.9000 -0.3500
v -2.1500 4.9000 -0.4500
v -2.1500 4.9000 -0.5500
v -2.1500 4.9000 -0.6500
v -2.2500 4.9000 -0.7500
v -2.1500 4.9000 -0.7500
v -2.2500 4.9000 -0.8500
v -2.1500 4.9000 -0.8500
v -2.2500 4.9000 -0.9500
v -2.1500 4.9000 -0.9500
v -2.1500 4.9000 1.1500
v -2.1500 4.9000 1.0500
v -2.0500 4.9000 1.1500
v -2.0500 4.9000 1.0500
v -2.0500 4.9000 0.9500
v -2.0500 4.9000 0.8500
v -2.0500 4.9000 0.7500
v -2.0500 4.9000 0.6500
v -2.0500 4.9000 0.5500
v -2.0500 4.9000 0.4500
v -2.0500 4.9000 0.3500
v -2.0500 4.9000 0.2500
v -2.0500 4.9000 0.1500
v -2.0500 4.9000 0.0500
v -2.0500 4.9000 -0.0500
v -2.0500 4.9000 -0.1500
v -2.0500 4.9000 -0.2500
v -2.0500 4.9000 -0.3500
v -2.0500 4.9000 -0.4500
v -2.0500 4.9000 -0.5500
v -2.0500 4.9000 -0.6500
v -2.0500 4.9000 -0.7500
v -2.0500 4.9000 -0.8500
v -2.0500 4.9000 -0.9500
v -2.1500 4.9000 -1.0500
v -2.0500 4.9000 -1.0500
v -2.1500 4.9000 -1.1500
v -2.0500 4.9000 -1.1500
v -2.0500 4.9000 1.3500
v -2.0500 4.9000 1.2500
v -1.9500 4.9000 1.3500
v -1.9500 4.9000 1.2500
v -1.9500 4.9000 1.1500
v -1.9500 4.9000 1.0500
v -1.9500 4.9000 0.9500
v -1.9500 4.9000 0.8500
v -1.9500 4.9000 0.7500
v -1.9500 4.9000 0.6500
v -1.9500 4.9000 0.5500
v -1.9500 4.9000 0.4500
v -1.9500 4.9000 0.3500
v -1.9500 4.9000 0.2500
v -1.9500 4.9000 0.1500
v -1.9500 4.9000 0.0500
v -1.9500 4.9000 -0.0500
v -1.9500 4.9000 -0.1500
v -1.9500 4.9000 -0.2500
v -1.9500 4.9000 -0.3500
v -1.9500 4.9000 -0.4500
v -1.9500 4.9000 -0.5500
v -1.9500 4.9000 -0.6500
v -1.9500 4.9000 -0.7500
v -1.9500 4.9000 -0.8500
v -1.9500 4.9000 -0.9500
v -1.9500 4.9000 -1.0500
v -1.9500 4.9000 -1.1500
v -2.0500 4.9000 -1.2500
v -1.9500 4.9000 -1.2500
v -2.0500 4.9000 -1.3500
v -1.9500 4.9000 -1.3500
v -1.9500 4.9000 1.4500
v -1.8500 4.9000 1.4500
v -1.8500 4.9000 1.3500
v -1.8500 4.9000 1.2500
v -1.8500 4.9000 1.1500
v -1.8500 4.9000 1.0500
v -1.8500 4.9000 0.9500
v -1.8500 4.9000 0.8500
v -1.8500 4.9000 0.7500
v -1.8500 4.9000 0.6500
v -1.8500 4.9000 0.5500
v -1.8500 4.9000 0.4500
v -1.8500 4.9000 0.3500
v -1.8500 4.9000 0.2500
v -1.8500 4.9000 0.1500
v -1.8500 4.9000 0.0500
v -1.8500 4.9000 -0.0500
v -1.8500 4.9000 -0.1500
v -1.8500 4.9000 -0.2500
v -1.8500 4.9000 -0.3500
v -1.8500 4.9000 -0.4500
v -1.8500 4.9000 -0.5500
v -1.8500 4.9000 -0.6500
v -1.8500 4.9000 -0.7500
v -1.8500 4.9000 -0.8500
v -1.8500 4.9000 -0.9500
v -1.8500 4.9000 -1.0500
v -1.8500 4.9000 -1.1500
v -1.8500 4.9000 -1.2500
v -1.8500 4.9000 -1.3500
v -1.9500 4.9000 -1.4500
v -1.8500 4.9000 -1.4500
v -1.8500 4.9000 1.5500
v -1.7500 4.9000 1.5500
v -1.7500 4.9000 1.4500
v -1.7500 4.9000 1.3500
v -1.7500 4.9000 1.2500
v -1.7500 4.9000 1.1500
v -1.7500 4.9000 1.0500
v -1.7500 4.9000 0.9500
v -1.7500 4.9000 0.8500
v -1.7500 4.9000 0.7500
v -1.7500 4.9000 0.6500
v -1.7500 4.9000 0.5500
v -1.7500 4.9000 0.4500
v -1.7500 4.9000 0.3500
v -1.7500 4.9000 0.2500
v -1.7500 4.9000 0.1500
v -1.7500 4.9000 0.0500
v -1.7500 4.9000 -0.0500
v -1.7500 4.9000 -0.1500
v -1.7500 4.9000 -0.2500
v -1.7500 4.9000 -0.3500
v -1.7500 4.9000 -0.4500
v -1.7500 4.9000 -0.5500
v -1.7500 4.9000 -0.6500
v -1.7500 4.9000 -0.7500
v -1.7500 4.9000 -0.8500
v -1.7500 4.9000 -0.9500
v -1.7500 4.9000 -1.0500
v -1.7500 4.9000 -1.1500
v -1.7500 4.9000 -1.2500
v -1.7500 4.9000 -1.3500
v -1.7500 4.9000 -1.4500
v -1.8500 4.9000 -1.5500
v -1.7500 4.9000 -1.5500
v -1.7500 4.9000 1.6500
v -1.6500 4.9000 1.6500
v -1.6500 4.9000 1.5500
v -1.6500 4.9000 1.4500
v -1.6500 4.9000 1.3500
v -1.6500 4.9000 1.2500
v -1.6500 4.9000 1.1500
v -1.6500 4.9000 1.0500
v -1.6500 4.9000 0.9500
v -1.6500 4.9000 0.8500
v -1.6500 4.9000 0.7500
v -1.6500 4.9000 0.6500
v -1.6500 4.9000 0.5500
v -1.6500 4.9000 0.4500
v -1.6500 4.9000 0.3500
v -1.6500 4.9000 0.2500
v -1.6500 4.9000 0.1500
v -1.6500 4.9000 0.0500
v -1.6500 4.9000 -0.0500
v -1.6500 4.9000 -0.1500
v -1.6500 4.9000 -0.2500
v -1.6500 4.9000 -0.3500
v -1.6500 4.9000 -0.4500
v -1.6500 4.9000 -0.5500
v -1.6500 4.9000 -0.6500
v -1.6500 4.9000 -0.7500
v -1.6500 4.9000 -0.8500
v -1.6500 4.9000 -0.9500
v -1.6500 4.9000 -1.0500
v -1.6500 4.9000 -1.1500
v -1.6500 4.9000 -1.2500
v -1.6500 4.9000 -1.3500
v -1.6500 4.9000 -1.4500
v -1.6500 4.9000 -1.5500
v -1.7500 4.9000 -1.6500
v -1.6500 4.9000 -1.6500
v -1.6500 4.9000 1.7500
v -1.5500 4.9000 1.7500
v -1.5500 4.9000 1.6500
v -1.5500 4.9000 1.5500
v -1.5500 4.9000 1.4500
v -1.5500 4.9000 1.3500
v -1.5500 4.9000 1.2500
v -1.5500 4.9000 1.1500
v -1.5500 4.9000 1.0500
v -1.5500 4.9000 0.9500
v -1.5500 4.9000 0.8500
v -1.5500 4.9000 0.7500
v -1.5500 4.9000 0.6500
v -1.5500 4.9000 0.5500
v -1.5500 4.9000 0.4500
v -1.5500 4.9000 0.3500
v -1.5500 4.9000 0.2500
v -1.5500 4.9000 0.1500
v -1.5500 4.9000 0.0500
v -1.5500 4.9000 -0.0500
v -1.5500 4.9000 -0.1500
v -1.5500 4.9000 -0.2500
v -1.5500 4.9000 -0.3500
v -1.5500 4.9000 -0.4500
v -1.5500 4.9000 -0.5500
v -1.5500 4.9000 -0.6500
v -1.5500 4.9000 -0.7500
v -1.5500 4.9000 -0.8500
v -1.5500 4.9000 -0.9500
v -1.5500 4.9000 -1.0500
v -1.5500 4.9000 -1.1500
v -1.5500 4.9000 -1.2500
v -1.5500 4.9000 -1.3500
v -1.5500 4.9000 -1.4500
v -1.5500 4.9000 -1.5500
v -1.5500 4.9000 -1.6500
v -1.6500 4.9000 -1.7500
v -1.5500 4.9000 -1.7500
v -1.5500 4.9000 1.8500
v -1.4500 4.9000 1.8500
v -1.4500 4.9000 1.7500
v -1.4500 4.9000 1.6500
v -1.4500 4.9000 1.5500
v -1.4500 4.9000 1.4500
v -1.4500 4.9000 1.3500
v -1.4500 4.9000 1.2500
v -1.4500 4.9000 1.1500
v -1.4500 4.9000 1.0500
v -1.4500 4.9000 0.9500
v -1.4500 4.9000 0.8500
v -1.4500 4.9000 0.7500
v -1.4500 4.9000 0.6500
v -1.4500 4.9000 0.5500
v -1.4500 4.9000 -0.5500
v -1.4500 4.9000 -0.6500
v -1.4500 4.9000 -0.7500
v -1.4500 4.9000 -0.8500
v -1.4500 4.9000 -0.9500
v -1.4500 4.9000 -1.0500
v -1.4500 4.9000 -1.1500
v -1.4500 4.9000 -1.2500
v -1.4500 4.9000 -1.3500
v -1.4500 4.9000 -1.4500
v -1.4500 4.9000 -1.5500
v -1.4500 4.9000 -1.6500
v -1.4500 4.9000 -1.7500
v -1.5500 4.9000 -1.8500
v -1.4500 4.9000 -1.8500
v -1.4500 4.9000 1.9500
v -1.3500 4.9000 1.9500
v -1.3500 4.9000 1.8500
v -1.3500 4.9000 1.7500
v -1.3500 4.9000 1.6500
v -1.3500 4.9000 1.5500
v -1.3500 4.9000 1.4500
v -1.3500 4.9000 1.3500
v -1.3500 4.9000 1.2500
v -1.3500 4.9000 1.1500
v -1.3500 4.9000 1.0500
v -1.3500 4.9000 0.9500
v -1.3500 4.9000 0.8500
v -1.3500 4.9000 0.7500
v -1.3500 4.9000 -0.7500
v -1.3500 4.9000 -0.8500
v -1.3500 4.9000 -0.9500
v -1.3500 4.9000 -1.0500
v -1.3500 4.9000 -1.1500
v -1.3500 4.9000 -1.2500
v -1.3500 4.9000 -1.3500
v -1.3500 4.9000 -1.4500
v -1.3500 4.9000 -1.5500
v -1.3500 4.9000 -1.6500
v -1.3500 4.9000 -1.7500
v -1.3500 4.9000 -1.8500
v -1.4500 4.9000 -1.9500
v -1.3500 4.9000 -1.9500
v -1.3500 4.9000 2.0500
v -1.2500 4.9000 2.0500
v -1.2500 4.9000 1.9500
v -1.2500 4.9000 1.8500
v -1.2500 4.9000 1.7500
v -1.2500 4.9000 1.6500
v -1.2500 4.9000 1.5500
v -1.2500 4.9000 1.4500
v -1.2500 4.9000 1.3500
v -1.2500 4.9000 1.2500
v -1.2500 4.9000 1.1500
v -1.2500 4.9000 1.0500
v -1.2500 4.9000 0.9500
v -1.2500 4.9000 -0.9500
v -1.2500 4.9000 -1.0500
v -1.2500 4.9000 -1.1500
v -1.2500 4.9000 -1.2500
v -1.2500 4.9000 -1.3500
v -1.2500 4.9000 -1.4500
v -1.2500 4.9000 -1.5500
v -1.2500 4.9000 -1.6500
v -1.2500 4.9000 -1.7500
v -1.2500 4.9000 -1.8500
v -1.2500 4.9000 -1.9500
v -1.3500 4.9000 -2.0500
v -1.2500 4.9000 -2.0500
v -1.1500 4.9000 2.0500
v -1.1500 4.9000 1.9500
v -1.1500 4.9000 1.8500
v -1.1500 4.9000 1.7500
v -1.1500 4.9000 1.6500
v -1.1500 4.9000 1.5500
v -1.1500 4.9000 1.4500
v -1.1500 4.9000 1.3500
v -1.1500 4.9000 1.2500
v -1.1500 4.9000 1.1500
v -1.1500 4.9000 1.0500
v -1.1500 4.9000 -1.0500
v -1.1500 4.9000 -1.1500
v -1.1500 4.9000 -1.2500
v -1.1500 4.9000 -1.3500
v -1.1500 4.9000 -1.4500
v -1.1500 4.9000 -1.5500
v -1.1500 4.9000 -1.6500
v -1.1500 4.9000 -1.7500
v -1.1500 4.9000 -1.8500
v -1.1500 4.9000 -1.9500
v -1.1500 4.9000 -2.0500
v -1.1500 4.9000 2.1500
v -1.0500 4.9000 2.1500
v -1.0500 4.9000 2.0500
v -1.0500 4.9000 1.9500
v -1.0500 4.9000 1.8500
v -1.0500 4.9000 1.7500
v -1.0500 4.9000 1.6500
v -1.0500 4.9000 1.5500
v -1.0500 4.9000 1.4500
v -1.0500 4.9000 1.3500
v -1.0500 4.9000 1.2500
v -1.0500 4.9000 1.1500
v -1.0500 4.9000 -1.1500
v -1.0500 4.9000 -1.2500
v -1.0500 4.9000 -1.3500
v -1.0500 4.9000 -1.4500
v -1.0500 4.9000 -1.5500
v -1.0500 4.9000 -1.6500
v -1.0500 4.9000 -1.7500
v -1.0500 4.9000 -1.8500
v -1.0500 4.9000 -1.9500
v -1.0500 4.9000 -2.0500
v -1.1500 4.9000 -2.1500
v -1.0500 4.9000 -2.1500
v -0.9500 4.9000 2.1500
v -0.9500 4.9000 2.0500
v -0.9500 4.9000 1.9500
v -0.9500 4.9000 1.8500
v -0.9500 4.9000 1.7500
v -0.9500 4.9000 1.6500
v -0.9500 4.9000 1.5500
v -0.9500 4.9000 1.4500
v -0.9500 4.9000 1.3500
v -0.9500 4.9000 1.2500
v -0.9500 4.9000 -1.2500
v -0.9500 4.9000 -1.3500
v -0.9500 4.9000 -1.4500
v -0.9500 4.9000 -1.5500
v -0.9500 4.9000 -1.6500
v -0.9500 4.9000 -1.7500
v -0.9500 4.9000 -1.8500
v -0.9500 4.9000 -1.9500
v -0.9500 4.9000 -2.0500
v -0.9500 4.9000 -2.1500
v -0.9500 4.9000 2.2500
v -0.8500 4.9000 2.2500
v -0.8500 4.9000 2.1500
v -0.8500 4.9000 2.0500
v -0.8500 4.9000 1.9500
v -0.8500 4.9000 1.8500
v -0.8500 4.9000 1.7500
v -0.8500 4.9000 1.6500
v -0.8500 4.9000 1.5500
v -0.8500 4.9000 1.4500
v -0.8500 4.9000 1.3500
v -0.8500 4.9000 -1.3500
v -0.8500 4.9000 -1.4500
v -0.8500 4.9000 -1.5500
v -0.8500 4.9000 -1.6500
v -0.8500 4.9000 -1.7500
v -0.8500 4.9000 -1.8500
v -0.8500 4.9000 -1.9500
v -0.8500 4.9000 -2.0500
v -0.8500 4.9000 -2.1500
v -0.9500 4.9000 -2.2500
v -0.8500 4.9000 -2.2500
v -0.7500 4.9000 2.2500
v -0.7500 4.9000 2.1500
v -0.7500 4.9000 2.0500
v -0.7500 4.9000 1.9500
v -0.7500 4.9000 1.8500
v -0.7500 4.9000 1.7500
v -0.7500 4.9000 1.6500
v -0.7500 4.9000 1.5500
v -0.7500 4.9000 1.4500
v -0.7500 4.9000 1.3500
v -0.7500 4.9000 -1.3500
v -0.7500 4.9000 -1.4500
v -0.7500 4.9000 -1.5500
v -0.7500 4.9000 -1.6500
v -0.7500 4.9000 -1.7500
v -0.7500 4.9000 -1.8500
v -0.7500 4.9000 -1.9500
v -0.7500 4.9000 -2.0500
v -0.7500 4.9000 -2.1500
v -0.7500 4.9000 -2.2500
v -0.6500 4.9000 2.2500
v -0.6500 4.9000 2.1500
v -0.6500 4.9000 2.0500
v -0.6500 4.9000 1.9500
v -0.6500 4.9000 1.8500
v -0.6500 4.9000 1.7500
v -0.6500 4.9000 1.6500
v -0.6500 4.9000 1.5500
v -0.6500 4.9000 1.4500
v -0.6500 4.9000 -1.4500
v -0.6500 4.9000 -1.5500
v -0.6500 4.9000 -1.6500
v -0.6500 4.9000 -1.7500
v -0.6500 4.9000 -1.8500
v -0.6500 4.9000 -1.9500
v -0.6500 4.9000 -2.0500
v -0.6500 4.9000 -2.1500
v -0.6500 4.9000 -2.2500
v -0.6500 4.9000 2.3500
v -0.5500 4.9000 2.3500
v -0.5500 4.9000 2.2500
v -0.5500 4.9000 2.1500
v -0.5500 4.9000 2.0500
v -0.5500 4.9000 1.9500
v -0.5500 4.9000 1.8500
v -0.5500 4.9000 1.7500
v -0.5500 4.9000 1.6500
v -0.5500 4.9000 1.5500
v -0.5500 4.9000 1.4500
v -0.5500 4.9000 -1.4500
v -0.5500 4.9000 -1.5500
v -0.5500 4.9000 -1.6500
v -0.5500 4.9000 -1.7500
v -0.5500 4.9000 -1.8500
v -0.5500 4.9000 -1.9500
v -0.5500 4.9000 -2.0500
v -0.5500 4.9000 -2.1500
v -0.5500 4.9000 -2.2500
v -0.6500 4.9000 -2.3500
v -0.5500 4.9000 -2.3500
v -0.4500 4.9000 2.3500
v -0.4500 4.9000 2.2500
v -0.4500 4.9000 2.1500
v -0.4500 4.9000 2.0500
v -0.4500 4.9000 1.9500
v -0.4500 4.9000 1.8500
v -0.4500 4.9000 1.7500
v -0.4500 4.9000 1.6500
v -0.4500 4.9000 1.5500
v -0.4500 4.9000 -1.5500
v -0.4500 4.9000 -1.6500
v -0.4500 4.9000 -1.7500
v -0.4500 4.9000 -1.8500
v -0.4500 4.9000 -1.9500
v -0.4500 4.9000 -2.0500
v -0.4500 4.9000 -2.1500
v -0.4500 4.9000 -2.2500
v -0.4500 4.9000 -2.3500
v -0.3500 4.9000 2.3500
v -0.3500 4.9000 2.2500
v -0.3500 4.9000 2.1500
v -0.3500 4.9000 2.0500
v -0.3500 4.9000 1.9500
v -0.3500 4.9000 1.8500
v -0.3500 4.9000 1.7500
v -0.3500 4.9000 1.6500
v -0.3500 4.9000 1.5500
v -0.3500 4.9000 -1.5500
v -0.3500 4.9000 -1.6500
v -0.3500 4.9000 -1.7500
v -0.3500 4.9000 -1.8500
v -0.3500 4.9000 -1.9500
v -0.3500 4.9000 -2.0500
v -0.3500 4.9000 -2.1500
v -0.3500 4.9000 -2.2500
v -0.3500 4.9000 -2.3500
v -0.2500 4.9000 2.3500
v -0.2500 4.9000 2.2500
v -0.2500 4.9000 2.1500
v -0.2500 4.9000 2.0500
v -0.2500 4.9000 1.9500
v -0.2500 4.9000 1.8500
v -0.2500 4.9000 1.7500
v -0.2500 4.9000 1.6500
v -0.2500 4.9000 1.5500
v -0.2500 4.9000 -1.5500
v -0.2500 4.9000 -1.6500
v -0.2500 4.9000 -1.7500
v -0.2500 4.9000 -1.8500
v -0.2500 4.9000 -1.9500
v -0.2500 4.9000 -2.0500
v -0.2500 4.9000 -2.1500
v -0.2500 4.9000 -2.2500
v -0.2500 4.9000 -2.3500
v -0.1500 4.9000 2.3500
v -0.1500 4.9000 2.2500
v -0.1500 4.9000 2.1500
v -0.1500 4.9000 2.0500
v -0.1500 4.9000 1.9500
v -0.1500 4.9000 1.8500
v -0.1500 4.9000 1.7500
v -0.1500 4.9000 1.6500
v -0.1500 4.9000 1.5500
v -0.1500 4.9000 -1.5500
v -0.1500 4.9000 -1.6500
v -0.1500 4.9000 -1.7500
v -0.1500 4.9000 -1.8500
v -0.1500 4.9000 -1.9500
v -0.1500 4.9000 -2.0500
v -0.1500 4.9000 -2.1500
v -0.1500 4.9000 -2.2500
v -0.1500 4.9000 -2.3500
v -0.0500 4.9000 2.3500
v -0.0500 4.9000 2.2500
v -0.0500 4.9000 2.1500
v -0.0500 4.9000 2.0500
v -0.0500 4.9000 1.9500
v -0.0500 4.9000 1.8500
v -0.0500 4.9000 1.7500
v -0.0500 4.9000 1.6500
v -0.0500 4.9000 1.5500
v -0.0500 4.9000 -1.5500
v -0.0500 4.9000 -1.6500
v -0.0500 4.9000 -1.7500
v -0.0500 4.9000 -1.8500
v -0.0500 4.9000 -1.9500
v -0.0500 4.9000 -2.0500
v -0.0500 4.9000 -2.1500
v -0.0500 4.9000 -2.2500
v -0.0500 4.9000 -2.3500
v 0.0500 4.9000 2.3500
v 0.0500 4.9000 2.4500
v -0.0500 4.9000 2.4500
v 0.0500 4.9000 2.2500
v 0.0500 4.9000 2.1500
v 0.0500 4.9000 2.0500
v 0.0500 4.9000 1.9500
v 0.0500 4.9000 1.8500
v 0.0500 4.9000 1.7500
v 0.0500 4.9000 1.6500
v 0.0500 4.9000 -1.6500
v 0.0500 4.9000 -1.7500
v 0.0500 4.9000 -1.8500
v 0.0500 4.9000 -1.9500
v 0.0500 4.9000 -2.0500
v 0.0500 4.9000 -2.1500
v 0.0500 4.9000 -2.2500
v 0.0500 4.9000 -2.3500
v 0.0500 4.9000 -2.4500
v -0.0500 4.9000 -2.4500
v 0.1500 4.9000 2.3500
v 0.1500 4.9000 2.2500
v 0.1500 4.9000 2.1500
v 0.1500 4.9000 2.0500
v 0.1500 4.9000 1.9500
v 0.1500 4.9000 1.8500
v 0.1500 4.9000 1.7500
v 0.1500 4.9000 1.6500
v 0.1500 4.9000 1.5500
v 0.0500 4.9000 1.5500
v 0.0500 4.9000 -1.5500
v 0.1500 4.9000 -1.5500
v 0.1500 4.9000 -1.6500
v 0.1500 4.9000 -1.7500
v 0.1500 4.9000 -1.8500
v 0.1500 4.9000 -1.9500
v 0.1500 4.9000 -2.0500
v 0.1500 4.9000 -2.1500
v 0.1500 4.9000 -2.2500
v 0.1500 4.9000 -2.3500
v 0.2500 4.9000 2.3500
v 0.2500 4.9000 2.2500
v 0.2500 4.9000 2.1500
v 0.2500 4.9000 2.0500
v 0.2500 4.9000 1.9500
v 0.2500 4.9000 1.8500
v 0.2500 4.9000 1.7500
v 0.2500 4.9000 1.6500
v 0.2500 4.9000 1.5500
v 0.2500 4.9000 -1.5500
v 0.2500 4.9000 -1.6500
v 0.2500 4.9000 -1.7500
v 0.2500 4.9000 -1.8500
v 0.2500 4.9000 -1.9500
v 0.2500 4.9000 -2.0500
v 0.2500 4.9000 -2.1500
v 0.2500 4.9000 -2.2500
v 0.2500 4.9000 -2.3500
v 0.3500 4.9000 2.3500
v 0.3500 4.9000 2.2500
v 0.3500 4.9000 2.1500
v 0.3500 4.9000 2.0500
v 0.3500 4.9000 1.9500
v 0.3500 4.9000 1.8500
v 0.3500 4.9000 1.7500
v 0.3500 4.9000 1.6500
v 0.3500 4.9000 1.5500
v 0.3500 4.9000 -1.5500
v 0.3500 4.9000 -1.6500
v 0.3500 4.9000 -1.7500
v 0.3500 4.9000 -1.8500
v 0.3500 4.9000 -1.9500
v 0.3500 4.9000 -2.0500
v 0.3500 4.9000 -2.1500
v 0.3500 4.9000 -2.2500
v 0.3500 4.9000 -2.3500
v 0.4500 4.9000 2.3500
v 0.4500 4.9000 2.2500
v 0.4500 4.9000 2.1500
v 0.4500 4.9000 2.0500
v 0.4500 4.9000 1.9500
v 0.4500 4.9000 1.8500
v 0.4500 4.9000 1.7500
v 0.4500 4.9000 1.6500
v 0.4500 4.9000 1.5500
v 0.4500 4.9000 -1.5500
v 0.4500 4.9000 -1.6500
v 0.4500 4.9000 -1.7500
v 0.4500 4.9000 -1.8500
v 0.4500 4.9000 -1.9500
v 0.4500 4.9000 -2.0500
v 0.4500 4.9000 -2.1500
v 0.4500 4.9000 -2.2500
v 0.4500 4.9000 -2.3500
v 0.5500 4.9000 2.3500
v 0.5500 4.9000 2.2500
v 0.5500 4.9000 2.1500
v 0.5500 4.9000 2.0500
v 0.5500 4.9000 1.9500
v 0.5500 4.9000 1.8500
v 0.5500 4.9000 1.7500
v 0.5500 4.9000 1.6500
v 0.5500 4.9000 1.5500
v 0.5500 4.9000 -1.5500
v 0.5500 4.9000 -1.6500
v 0.5500 4.9000 -1.7500
v 0.5500 4.9000 -1.8500
v 0.5500 4.9000 -1.9500
v 0.5500 4.9000 -2.0500
v 0.5500 4.9000 -2.1500
v 0.5500 4.9000 -2.2500
v 0.5500 4.9000 -2.3500
v 0.6500 4.9000 2.2500
v 0.6500 4.9000 2.3500
v 0.6500 4.9000 2.1500
v 0.6500 4.9000 2.0500
v 0.6500 4.9000 1.9500
v 0.6500 4.9000 1.8500
v 0.6500 4.9000 1.7500
v 0.6500 4.9000 1.6500
v 0.6500 4.9000 1.5500
v 0.6500 4.9000 1.4500
v 0.5500 4.9000 1.4500
v 0.5500 4.9000 -1.4500
v 0.6500 4.9000 -1.4500
v 0.6500 4.9000 -1.5500
v 0.6500 4.9000 -1.6500
v 0.6500 4.9000 -1.7500
v 0.6500 4.9000 -1.8500
v 0.6500 4.9000 -1.9500
v 0.6500 4.9000 -2.0500
v 0.6500 4.9000 -2.1500
v 0.6500 4.9000 -2.2500
v 0.6500 4.9000 -2.3500
v 0.7500 4.9000 2.2500
v 0.7500 4.9000 2.1500
v 0.7500 4.9000 2.0500
v 0.7500 4.9000 1.9500
v 0.7500 4.9000 1.8500
v 0.7500 4.9000 1.7500
v 0.7500 4.9000 1.6500
v 0.7500 4.9000 1.5500
v 0.7500 4.9000 1.4500
v 0.7500 4.9000 -1.4500
v 0.7500 4.9000 -1.5500
v 0.7500 4.9000 -1.6500
v 0.7500 4.9000 -1.7500
v 0.7500 4.9000 -1.8500
v 0.7500 4.9000 -1.9500
v 0.7500 4.9000 -2.0500
v 0.7500 4.9000 -2.1500
v 0.7500 4.9000 -2.2500
v 0.8500 4.9000 2.2500
v 0.8500 4.9000 2.1500
v 0.8500 4.9000 2.0500
v 0.8500 4.9000 1.9500
v 0.8500 4.9000 1.8500
v 0.8500 4.9000 1.7500
v 0.8500 4.9000 1.6500
v 0.8500 4.9000 1.5500
v 0.8500 4.9000 1.4500
v 0.8500 4.9000 1.3500
v 0.7500 4.9000 1.3500
v 0.7500 4.9000 -1.3500
v 0.8500 4.9000 -1.3500
v 0.8500 4.9000 -1.4500
v 0.8500 4.9000 -1.5500
v 0.8500 4.9000 -1.6500
v 0.8500 4.9000 -1.7500
v 0.8500 4.9000 -1.8500
v 0.8500 4.9000 -1.9500
v 0.8500 4.9000 -2.0500
v 0.8500 4.9000 -2.1500
v 0.8500 4.9000 -2.2500
v 0.9500 4.9000 2.1500
v 0.9500 4.9000 2.2500
v 0.9500 4.9000 2.0500
v 0.9500 4.9000 1.9500
v 0.9500 4.9000 1.8500
v 0.9500 4.9000 1.7500
v 0.9500 4.9000 1.6500
v 0.9500 4.9000 1.5500
v 0.9500 4.9000 1.4500
v 0.9500 4.9000 1.3500
v 0.9500 4.9000 -1.3500
v 0.9500 4.9000 -1.4500
v 0.9500 4.9000 -1.5500
v 0.9500 4.9000 -1.6500
v 0.9500 4.9000 -1.7500
v 0.9500 4.9000 -1.8500
v 0.9500 4.9000 -1.9500
v 0.9500 4.9000 -2.0500
v 0.9500 4.9000 -2.1500
v 0.9500 4.9000 -2.2500
v 1.0500 4.9000 2.1500
v 1.0500 4.9000 2.0500
v 1.0500 4.9000 1.9500
v 1.0500 4.9000 1.8500
v 1.0500 4.9000 1.7500
v 1.0500 4.9000 1.6500
v 1.0500 4.9000 1.5500
v 1.0500 4.9000 1.4500
v 1.0500 4.9000 1.3500
v 1.0500 4.9000 1.2500
v 0.9500 4.9000 1.2500
v 0.9500 4.9000 -1.2500
v 1.0500 4.9000 -1.2500
v 1.0500 4.9000 -1.3500
v 1.0500 4.9000 -1.4500
v 1.0500 4.9000 -1.5500
v 1.0500 4.9000 -1.6500
v 1.0500 4.9000 -1.7500
v 1.0500 4.9000 -1.8500
v 1.0500 4.9000 -1.9500
v 1.0500 4.9000 -2.0500
v 1.0500 4.9000 -2.1500
v 1.1500 4.9000 2.0500
v 1.1500 4.9000 2.1500
v 1.1500 4.9000 1.9500
v 1.1500 4.9000 1.8500
v 1.1500 4.9000 1.7500
v 1.1500 4.9000 1.6500
v 1.1500 4.9000 1.5500
v 1.1500 4.9000 1.4500
v 1.1500 4.9000 1.3500
v 1.1500 4.9000 1.2500
v 1.1500 4.9000 1.1500
v 1.0500 4.9000 1.1500
v 1.0500 4.9000 -1.1500
v 1.1500 4.9000 -1.1500
v 1.1500 4.9000 -1.2500
v 1.1500 4.9000 -1.3500
v 1.1500 4.9000 -1.4500
v 1.1500 4.9000 -1.5500
v 1.1500 4.9000 -1.6500
v 1.1500 4.9000 -1.7500
v 1.1500 4.9000 -1.8500
v 1.1500 4.9000 -1.9500
v 1.1500 4.9000 -2.0500
v 1.1500 4.9000 -2.1500
v 1.2500 4.9000 2.0500
v 1.2500 4.9000 1.9500
v 1.2500 4.9000 1.8500
v 1.2500 4.9000 1.7500
v 1.2500 4.9000 1.6500
v 1.2500 4.9000 1.5500
v 1.2500 4.9000 1.4500
v 1.2500 4.9000 1.3500
v 1.2500 4.9000 1.2500
v 1.2500 4.9000 1.1500
v 1.2500 4.9000 1.0500
v 1.1500 4.9000 1.0500
v 1.1500 4.9000 -1.0500
v 1.2500 4.9000 -1.0500
v 1.2500 4.9000 -1.1500
v 1.2500 4.9000 -1.2500
v 1.2500 4.9000 -1.3500
v 1.2500 4.9000 -1.4500
v 1.2500 4.9000 -1.5500
v 1.2500 4.9000 -1.6500
v 1.2500 4.9000 -1.7500
v 1.2500 4.9000 -1.8500
v 1.2500 4.9000 -1.9500
v 1.2500 4.9000 -2.0500
v 1.3500 4.9000 1.9500
v 1.3500 4.9000 2.0500
v 1.3500 4.9000 1.8500
v 1.3500 4.9000 1.7500
v 1.3500 4.9000 1.6500
v 1.3500 4.9000 1.5500
v 1.3500 4.9000 1.4500
v 1.3500 4.9000 1.3500
v 1.3500 4.9000 1.2500
v 1.3500 4.9000 1.1500
v 1.3500 4.9000 1.0500
v 1.3500 4.9000 0.9500
v 1.2500 4.9000 0.9500
v 1.2500 4.9000 -0.9500
v 1.3500 4.9000 -0.9500
v 1.3500 4.9000 -1.0500
v 1.3500 4.9000 -1.1500
v 1.3500 4.9000 -1.2500
v 1.3500 4.9000 -1.3500
v 1.3500 4.9000 -1.4500
v 1.3500 4.9000 -1.5500
v 1.3500 4.9000 -1.6500
v 1.3500 4.9000 -1.7500
v 1.3500 4.9000 -1.8500
v 1.3500 4.9000 -1.9500
v 1.3500 4.9000 -2.0500
v 1.4500 4.9000 1.8500
v 1.4500 4.9000 1.9500
v 1.4500 4.9000 1.7500
v 1.4500 4.9000 1.6500
v 1.4500 4.9000 1.5500
v 1.4500 4.9000 1.4500
v 1.4500 4.9000 1.3500
v 1.4500 4.9000 1.2500
v 1.4500 4.9000 1.1500
v 1.4500 4.9000 1.0500
v 1.4500 4.9000 0.9500
v 1.4500 4.9000 0.8500
v 1.3500 4.9000 0.8500
v 1.4500 4.9000 0.7500
v 1.3500 4.9000 0.7500
v 1.3500 4.9000 -0.7500
v 1.4500 4.9000 -0.7500
v 1.4500 4.9000 -0.8500
v 1.3500 4.9000 -0.8500
v 1.4500 4.9000 -0.9500
v 1.4500 4.9000 -1.0500
v 1.4500 4.9000 -1.1500
v 1.4500 4.9000 -1.2500
v 1.4500 4.9000 -1.3500
v 1.4500 4.9000 -1.4500
v 1.4500 4.9000 -1.5500
v 1.4500 4.9000 -1.6500
v 1.4500 4.9000 -1.7500
v 1.4500 4.9000 -1.8500
v 1.4500 4.9000 -1.9500
v 1.5500 4.9000 1.7500
v 1.5500 4.9000 1.8500
v 1.5500 4.9000 1.6500
v 1.5500 4.9000 1.5500
v 1.5500 4.9000 1.4500
v 1.5500 4.9000 1.3500
v 1.5500 4.9000 1.2500
v 1.5500 4.9000 1.1500
v 1.5500 4.9000 1.0500
v 1.5500 4.9000 0.9500
v 1.5500 4.9000 0.8500
v 1.5500 4.9000 0.7500
v 1.5500 4.9000 0.6500
v 1.4500 4.9000 0.6500
v 1.5500 4.9000 0.5500
v 1.4500 4.9000 0.5500
v 1.4500 4.9000 -0.5500
v 1.5500 4.9000 -0.5500
v 1.5500 4.9000 -0.6500
v 1.4500 4.9000 -0.6500
v 1.5500 4.9000 -0.7500
v 1.5500 4.9000 -0.8500
v 1.5500 4.9000 -0.9500
v 1.5500 4.9000 -1.0500
v 1.5500 4.9000 -1.1500
v 1.5500 4.9000 -1.2500
v 1.5500 4.9000 -1.3500
v 1.5500 4.9000 -1.4500
v 1.5500 4.9000 -1.5500
v 1.5500 4.9000 -1.6500
v 1.5500 4.9000 -1.7500
v 1.5500 4.9000 -1.8500
v 1.6500 4.9000 1.6500
v 1.6500 4.9000 1.7500
v 1.6500 4.9000 1.5500
v 1.6500 4.9000 1.4500
v 1.6500 4.9000 1.3500
v 1.6500 4.9000 1.2500
v 1.6500 4.9000 1.1500
v 1.6500 4.9000 1.0500
v 1.6500 4.9000 0.9500
v 1.6500 4.9000 0.8500
v 1.6500 4.9000 0.7500
v 1.6500 4.9000 0.6500
v 1.6500 4.9000 0.5500
v 1.6500 4.9000 0.4500
v 1.5500 4.9000 0.4500
v 1.6500 4.9000 0.3500
v 1.5500 4.9000 0.3500
v 1.6500 4.9000 0.2500
v 1.5500 4.9000 0.2500
v 1.6500 4.9000 0.1500
v 1.5500 4.9000 0.1500
v 1.6500 4.9000 0.0500
v 1.5500 4.9000 0.0500
v 1.5500 4.9000 -0.0500
v 1.6500 4.9000 -0.0500
v 1.6500 4.9000 -0.1500
v 1.5500 4.9000 -0.1500
v 1.6500 4.9000 -0.2500
v 1.5500 4.9000 -0.2500
v 1.6500 4.9000 -0.3500
v 1.5500 4.9000 -0.3500
v 1.6500 4.9000 -0.4500
v 1.5500 4.9000 -0.4500
v 1.6500 4.9000 -0.5500
v 1.6500 4.9000 -0.6500
v 1.6500 4.9000 -0.7500
v 1.6500 4.9000 -0.8500
v 1.6500 4.9000 -0.9500
v 1.6500 4.9000 -1.0500
v 1.6500 4.9000 -1.1500
v 1.6500 4.9000 -1.2500
v 1.6500 4.9000 -1.3500
v 1.6500 4.9000 -1.4500
v 1.6500 4.9000 -1.5500
v 1.6500 4.9000 -1.6500
v 1.6500 4.9000 -1.7500
v 1.7500 4.9000 1.5500
v 1.7500 4.9000 1.6500
v 1.7500 4.9000 1.4500
v 1.7500 4.9000 1.3500
v 1.7500 4.9000 1.2500
v 1.7500 4.9000 1.1500
v 1.7500 4.9000 1.0500
v 1.7500 4.9000 0.9500
v 1.7500 4.9000 0.8500
v 1.7500 4.9000 0.7500
v 1.7500 4.9000 0.6500
v 1.7500 4.9000 0.5500
v 1.7500 4.9000 0.4500
v 1.7500 4.9000 0.3500
v 1.7500 4.9000 0.2500
v 1.7500 4.9000 0.1500
v 1.7500 4.9000 0.0500
v 1.7500 4.9000 -0.0500
v 1.7500 4.9000 -0.1500
v 1.7500 4.9000 -0.2500
v 1.7500 4.9000 -0.3500
v 1.7500 4.9000 -0.4500
v 1.7500 4.9000 -0.5500
v 1.7500 4.9000 -0.6500
v 1.7500 4.9000 -0.7500
v 1.7500 4.9000 -0.8500
v 1.7500 4.9000 -0.9500
v 1.7500 4.9000 -1.0500
v 1.7500 4.9000 -1.1500
v 1.7500 4.9000 -1.2500
v 1.7500 4.9000 -1.3500
v 1.7500 4.9000 -1.4500
v 1.7500 4.9000 -1.5500
v 1.7500 4.9000 -1.6500
v 1.8500 4.9000 1.4500
v 1.8500 4.9000 1.5500
v 1.8500 4.9000 1.3500
v 1.8500 4.9000 1.2500
v 1.8500 4.9000 1.1500
v 1.8500 4.9000 1.0500
v 1.8500 4.9000 0.9500
v 1.8500 4.9000 0.8500
v 1.8500 4.9000 0.7500
v 1.8500 4.9000 0.6500
v 1.8500 4.9000 0.5500
v 1.8500 4.9000 0.4500
v 1.8500 4.9000 0.3500
v 1.8500 4.9000 0.2500
v 1.8500 4.9000 0.1500
v 1.8500 4.9000 0.0500
v 1.8500 4.9000 -0.0500
v 1.8500 4.9000 -0.1500
v 1.8500 4.9000 -0.2500
v 1.8500 4.9000 -0.3500
v 1.8500 4.9000 -0.4500
v 1.8500 4.9000 -0.5500
v 1.8500 4.9000 -0.6500
v 1.8500 4.9000 -0.7500
v 1.8500 4.9000 -0.8500
v 1.8500 4.9000 -0.9500
v 1.8500 4.9000 -1.0500
v 1.8500 4.9000 -1.1500
v 1.8500 4.9000 -1.2500
v 1.8500 4.9000 -1.3500
v 1.8500 4.9000 -1.4500
v 1.8500 4.9000 -1.5500
v 1.9500 4.9000 1.3500
v 1.9500 4.9000 1.4500
v 1.9500 4.9000 1.2500
v 1.9500 4.9000 1.1500
v 1.9500 4.9000 1.0500
v 1.9500 4.9000 0.9500
v 1.9500 4.9000 0.8500
v 1.9500 4.9000 0.7500
v 1.9500 4.9000 0.6500
v 1.9500 4.9000 0.5500
v 1.9500 4.9000 0.4500
v 1.9500 4.9000 0.3500
v 1.9500 4.9000 0.2500
v 1.9500 4.9000 0.1500
v 1.9500 4.9000 0.0500
v 1.9500 4.9000 -0.0500
v 1.9500 4.9000 -0.1500
v 1.9500 4.9000 -0.2500
v 1.9500 4.9000 -0.3500
v 1.9500 4.9000 -0.4500
v 1.9500 4.9000 -0.5500
v 1.9500 4.9000 -0.6500
v 1.9500 4.9000 -0.7500
v 1.9500 4.9000 -0.8500
v 1.9500 4.9000 -0.9500
v 1.9500 4.9000 -1.0500
v 1.9500 4.9000 -1.1500
v 1.9500 4.9000 -1.2500
v 1.9500 4.9000 -1.3500
v 1.9500 4.9000 -1.4500
v 2.0500 4.9000 1.2500
v 2.0500 4.9000 1.3500
v 2.0500 4.9000 1.1500
v 2.0500 4.9000 1.0500
v 2.0500 4.9000 0.9500
v 2.0500 4.9000 0.8500
v 2.0500 4.9000 0.7500
v 2.0500 4.9000 0.6500
v 2.0500 4.9000 0.5500
v 2.0500 4.9000 0.4500
v 2.0500 4.9000 0.3500
v 2.0500 4.9000 0.2500
v 2.0500 4.9000 0.1500
v 2.0500 4.9000 0.0500
v 2.0500 4.9000 -0.0500
v 2.0500 4.9000 -0.1500
v 2.0500 4.9000 -0.2500
v 2.0500 4.9000 -0.3500
v 2.0500 4.9000 -0.4500
v 2.0500 4.9000 -0.5500
v 2.0500 4.9000 -0.6500
v 2.0500 4.9000 -0.7500
v 2.0500 4.9000 -0.8500
v 2.0500 4.9000 -0.9500
v 2.0500 4.9000 -1.0500
v 2.0500 4.9000 -1.1500
v 2.0500 4.9000 -1.2500
v 2.0500 4.9000 -1.3500
v 2.1500 4.9000 1.0500
v 2.1500 4.9000 1.1500
v 2.1500 4.9000 0.9500
v 2.1500 4.9000 0.8500
v 2.1500 4.9000 0.7500
v 2.1500 4.9000 0.6500
v 2.1500 4.9000 0.5500
v 2.1500 4.9000 0.4500
v 2.1500 4.9000 0.3500
v 2.1500 4.9000 0.2500
v 2.1500 4.9000 0.1500
v 2.1500 4.9000 0.0500
v 2.1500 4.9000 -0.0500
v 2.1500 4.9000 -0.1500
v 2.1500 4.9000 -0.2500
v 2.1500 4.9000 -0.3500
v 2.1500 4.9000 -0.4500
v 2.1500 4.9000 -0.5500
v 2.1500 4.9000 -0.6500
v 2.1500 4.9000 -0.7500
v 2.1500 4.9000 -0.8500
v 2.1500 4.9000 -0.9500
v 2.1500 4.9000 -1.0500
v 2.1500 4.9000 -1.1500
v 2.2500 4.9000 0.8500
v 2.2500 4.9000 0.9500
v 2.2500 4.9000 0.7500
v 2.2500 4.9000 0.6500
v 2.2500 4.9000 0.5500
v 2.2500 4.9000 0.4500
v 2.2500 4.9000 0.3500
v 2.2500 4.9000 0.2500
v 2.2500 4.9000 0.1500
v 2.2500 4.9000 0.0500
v 2.2500 4.9000 -0.0500
v 2.2500 4.9000 -0.1500
v 2.2500 4.9000 -0.2500
v 2.2500 4.9000 -0.3500
v 2.2500 4.9000 -0.4500
v 2.2500 4.9000 -0.5500
v 2.2500 4.9000 -0.6500
v 2.2500 4.9000 -0.7500
v 2.2500 4.9000 -0.8500
v 2.2500 4.9000 -0.9500
v 2.3500 4.9000 0.5500
v 2.3500 4.9000 0.6500
v 2.3500 4.9000 0.4500
v 2.3500 4.9000 0.3500
v 2.3500 4.9000 0.2500
v 2.3500 4.9000 0.1500
v 2.3500 4.9000 0.0500
v 2.3500 4.9000 -0.0500
v 2.3500 4.9000 -0.1500
v 2.3500 4.9000 -0.2500
v 2.3500 4.9000 -0.3500
v 2.3500 4.9000 -0.4500
v 2.3500 4.9000 -0.5500
v 2.3500 4.9000 -0.6500
v 2.4500 4.9000 -0.0500
v 2.4500 4.9000 0.0500
v -1.6500 5.0000 0.0500
v -1.6500 5.0000 -0.0500
v -1.5500 5.0000 -0.0500
v -1.5500 5.0000 0.0500
v -1.5500 5.0000 0.5500
v -1.5500 5.0000 0.4500
v -1.4500 5.0000 0.5500
v -1.5500 5.0000 0.3500
v -1.5500 5.0000 0.2500
v -1.5500 5.0000 0.1500
v -1.5500 5.0000 -0.1500
v -1.5500 5.0000 -0.2500
v -1.5500 5.0000 -0.3500
v -1.5500 5.0000 -0.4500
v -1.5500 5.0000 -0.5500
v -1.4500 5.0000 -0.5500
v -1.4500 5.0000 0.7500
v -1.4500 5.0000 0.6500
v -1.3500 5.0000 0.7500
v -1.4500 5.0000 -0.6500
v -1.4500 5.0000 -0.7500
v -1.3500 5.0000 -0.7500
v -1.3500 5.0000 0.9500
v -1.3500 5.0000 0.8500
v -1.2500 5.0000 0.9500
v -1.3500 5.0000 -0.8500
v -1.3500 5.0000 -0.9500
v -1.2500 5.0000 -0.9500
v -1.2500 5.0000 1.0500
v -1.1500 5.0000 1.0500
v -1.2500 5.0000 -1.0500
v -1.1500 5.0000 -1.0500
v -1.1500 5.0000 1.1500
v -1.0500 5.0000 1.1500
v -1.1500 5.0000 -1.1500
v -1.0500 5.0000 -1.1500
v -1.0500 5.0000 1.2500
v -0.9500 5.0000 1.2500
v -1.0500 5.0000 -1.2500
v -0.9500 5.0000 -1.2500
v -0.9500 5.0000 1.3500
v -0.8500 5.0000 1.3500
v -0.9500 5.0000 -1.3500
v -0.8500 5.0000 -1.3500
v -0.7500 5.0000 1.3500
v -0.7500 5.0000 -1.3500
v -0.7500 5.0000 1.4500
v -0.6500 5.0000 1.4500
v -0.7500 5.0000 -1.4500
v -0.6500 5.0000 -1.4500
v -0.5500 5.0000 1.4500
v -0.5500 5.0000 -1.4500
v -0.5500 5.0000 1.5500
v -0.4500 5.0000 1.5500
v -0.5500 5.0000 -1.5500
v -0.4500 5.0000 -1.5500
v -0.3500 5.0000 1.5500
v -0.3500 5.0000 -1.5500
v -0.2500 5.0000 1.5500
v -0.2500 5.0000 -1.5500
v -0.1500 5.0000 1.5500
v -0.1500 5.0000 -1.5500
v -0.0500 5.0000 1.5500
v -0.0500 5.0000 -1.5500
v 0.0500 5.0000 1.5500
v 0.0500 5.0000 1.6500
v -0.0500 5.0000 1.6500
v 0.0500 5.0000 -1.6500
v 0.0500 5.0000 -1.5500
v -0.0500 5.0000 -1.6500
v 0.1500 5.0000 1.5500
v 0.1500 5.0000 -1.5500
v 0.2500 5.0000 1.5500
v 0.2500 5.0000 -1.5500
v 0.3500 5.0000 1.5500
v 0.3500 5.0000 -1.5500
v 0.4500 5.0000 1.5500
v 0.4500 5.0000 -1.5500
v 0.5500 5.0000 1.4500
v 0.5500 5.0000 1.5500
v 0.5500 5.0000 -1.5500
v 0.5500 5.0000 -1.4500
v 0.6500 5.0000 1.4500
v 0.6500 5.0000 -1.4500
v 0.7500 5.0000 1.3500
v 0.7500 5.0000 1.4500
v 0.7500 5.0000 -1.4500
v 0.7500 5.0000 -1.3500
v 0.8500 5.0000 1.3500
v 0.8500 5.0000 -1.3500
v 0.9500 5.0000 1.2500
v 0.9500 5.0000 1.3500
v 0.9500 5.0000 -1.3500
v 0.9500 5.0000 -1.2500
v 1.0500 5.0000 1.1500
v 1.0500 5.0000 1.2500
v 1.0500 5.0000 -1.2500
v 1.0500 5.0000 -1.1500
v 1.1500 5.0000 1.0500
v 1.1500 5.0000 1.1500
v 1.1500 5.0000 -1.1500
v 1.1500 5.0000 -1.0500
v 1.2500 5.0000 0.9500
v 1.2500 5.0000 1.0500
v 1.2500 5.0000 -1.0500
v 1.2500 5.0000 -0.9500
v 1.3500 5.0000 0.8500
v 1.3500 5.0000 0.9500
v 1.3500 5.0000 0.7500
v 1.3500 5.0000 -0.8500
v 1.3500 5.0000 -0.7500
v 1.3500 5.0000 -0.9500
v 1.4500 5.0000 0.6500
v 1.4500 5.0000 0.7500
v 1.4500 5.0000 0.5500
v 1.4500 5.0000 -0.6500
v 1.4500 5.0000 -0.5500
v 1.4500 5.0000 -0.7500
v 1.5500 5.0000 0.4500
v 1.5500 5.0000 0.5500
v 1.5500 5.0000 0.3500
v 1.5500 5.0000 0.2500
v 1.5500 5.0000 0.1500
v 1.5500 5.0000 0.0500
v 1.5500 5.0000 -0.1500
v 1.5500 5.0000 -0.0500
v 1.5500 5.0000 -0.2500
v 1.5500 5.0000 -0.3500
v 1.5500 5.0000 -0.4500
v 1.5500 5.0000 -0.5500
v 1.6500 5.0000 -0.0500
v 1.6500 5.0000 0.0500
v -1.6500 5.1000 0.0500
v -1.6500 5.1000 -0.0500
v -1.5500 5.1000 -0.0500
v -1.5500 5.1000 0.0500
v -1.5500 5.1000 0.5500
v -1.5500 5.1000 0.4500
v -1.4500 5.1000 0.5500
v -1.5500 5.1000 0.3500
v -1.5500 5.1000 0.2500
v -1.5500 5.1000 0.1500
v -1.5500 5.1000 -0.1500
v -1.5500 5.1000 -0.2500
v -1.5500 5.1000 -0.3500
v -1.5500 5.1000 -0.4500
v -1.5500 5.1000 -0.5500
v -1.4500 5.1000 -0.5500
v -1.4500 5.1000 0.7500
v -1.4500 5.1000 0.6500
v -1.3500 5.1000 0.7500
v -1.4500 5.1000 -0.6500
v -1.4500 5.1000 -0.7500
v -1.3500 5.1000 -0.7500
v -1.3500 5.1000 0.9500
v -1.3500 5.1000 0.8500
v -1.2500 5.1000 0.9500
v -1.3500 5.1000 -0.8500
v -1.3500 5.1000 -0.9500
v -1.2500 5.1000 -0.9500
v -1.2500 5.1000 1.0500
v -1.1500 5.1000 1.0500
v -1.2500 5.1000 -1.0500
v -1.1500 5.1000 -1.0500
v -1.1500 5.1000 1.1500
v -1.0500 5.1000 1.1500
v -1.1500 5.1000 -1.1500
v -1.0500 5.1000 -1.1500
v -1.0500 5.1000 1.2500
v -0.9500 5.1000 1.2500
v -1.0500 5.1000 -1.2500
v -0.9500 5.1000 -1.2500
v -0.9500 5.1000 1.3500
v -0.8500 5.1000 1.3500
v -0.9500 5.1000 -1.3500
v -0.8500 5.1000 -1.3500
v -0.7500 5.1000 1.3500
v -0.7500 5.1000 -1.3500
v -0.7500 5.1000 1.4500
v -0.6500 5.1000 1.4500
v -0.7500 5.1000 -1.4500
v -0.6500 5.1000 -1.4500
v -0.5500 5.1000 1.4500
v -0.5500 5.1000 -1.4500
v -0.5500 5.1000 1.5500
v -0.4500 5.1000 1.5500
v -0.5500 5.1000 -1.5500
v -0.4500 5.1000 -1.5500
v -0.3500 5.1000 1.5500
v -0.3500 5.1000 -1.5500
v -0.2500 5.1000 1.5500
v -0.2500 5.1000 -1.5500
v -0.1500 5.1000 1.5500
v -0.1500 5.1000 -1.5500
v -0.0500 5.1000 1.5500
v -0.0500 5.1000 -1.5500
v 0.0500 5.1000 1.5500
v 0.0500 5.1000 1.6500
v -0.0500 5.1000 1.6500
v 0.0500 5.1000 -1.6500
v 0.0500 5.1000 -1.5500
v -0.0500 5.1000 -1.6500
v 0.1500 5.1000 1.5500
v 0.1500 5.1000 -1.5500
v 0.2500 5.1000 1.5500
v 0.2500 5.1000 -1.5500
v 0.3500 5.1000 1.5500
v 0.3500 5.1000 -1.5500
v 0.4500 5.1000 1.5500
v 0.4500 5.1000 -1.5500
v 0.5500 5.1000 1.4500
v 0.5500 5.1000 1.5500
v 0.5500 5.1000 -1.5500
v 0.5500 5.1000 -1.4500
v 0.6500 5.1000 1.4500
v 0.6500 5.1000 -1.4500
v 0.7500 5.1000 1.3500
v 0.7500 5.1000 1.4500
v 0.7500 5.1000 -1.4500
v 0.7500 5.1000 -1.3500
v 0.8500 5.1000 1.3500
v 0.8500 5.1000 -1.3500
v 0.9500 5.1000 1.2500
v 0.9500 5.1000 1.3500
v 0.9500 5.1000 -1.3500
v 0.9500 5.1000 -1.2500
v 1.0500 5.1000 1.1500
v 1.0500 5.1000 1.2500
v 1.0500 5.1000 -1.2500
v 1.0500 5.1000 -1.1500
v 1.1500 5.1000 1.0500
v 1.1500 5.1000 1.1500
v 1.1500 5.1000 -1.1500
v 1.1500 5.1000 -1.0500
v 1.2500 5.1000 0.9500
v 1.2500 5.1000 1.0500
v 1.2500 5.1000 -1.0500
v 1.2500 5.1000 -0.9500
v 1.3500 5.1000 0.8500
v 1.3500 5.1000 0.9500
v 1.3500 5.1000 0.7500
v 1.3500 5.1000 -0.8500
v 1.3500 5.1000 -0.7500
v 1.3500 5.1000 -0.9500
v 1.4500 5.1000 0.6500
v 1.4500 5.1000 0.7500
v 1.4500 5.1000 0.5500
v 1.4500 5.1000 -0.6500
v 1.4500 5.1000 -0.5500
v 1.4500 5.1000 -0.7500
v 1.5500 5.1000 0.4500
v 1.5500 5.1000 0.5500
v 1.5500 5.1000 0.3500
v 1.5500 5.1000 0.2500
v 1.5500 5.1000 0.1500
v 1.5500 5.1000 0.0500
v 1.5500 5.1000 -0.1500
v 1.5500 5.1000 -0.0500
v 1.5500 5.1000 -0.2500
v 1.5500 5.1000 -0.3500
v 1.5500 5.1000 -0.4500
v 1.5500 5.1000 -0.5500
v 1.6500 5.1000 -0.0500
v 1.6500 5.1000 0.0500
v -1.6500 5.2000 0.0500
v -1.6500 5.2000 -0.0500
v -1.5500 5.2000 -0.0500
v -1.5500 5.2000 0.0500
v -1.5500 5.2000 0.5500
v -1.5500 5.2000 0.4500
v -1.4500 5.2000 0.5500
v -1.5500 5.2000 0.3500
v -1.5500 5.2000 0.2500
v -1.5500 5.2000 0.1500
v -1.5500 5.2000 -0.1500
v -1.5500 5.2000 -0.2500
v -1.5500 5.2000 -0.3500
v -1.5500 5.2000 -0.4500
v -1.5500 5.2000 -0.5500
v -1.4500 5.2000 -0.5500
v -1.4500 5.2000 0.7500
v -1.4500 5.2000 0.6500
v -1.3500 5.2000 0.7500
v -1.4500 5.2000 -0.6500
v -1.4500 5.2000 -0.7500
v -1.3500 5.2000 -0.7500
v -1.3500 5.2000 0.9500
v -1.3500 5.2000 0.8500
v -1.2500 5.2000 0.9500
v -1.3500 5.2000 -0.8500
v -1.3500 5.2000 -0.9500
v -1.2500 5.2000 -0.9500
v -1.2500 5.2000 1.0500
v -1.1500 5.2000 1.0500
v -1.2500 5.2000 -1.0500
v -1.1500 5.2000 -1.0500
v -1.1500 5.2000 1.1500
v -1.0500 5.2000 1.1500
v -1.1500 5.2000 -1.1500
v -1.0500 5.2000 -1.1500
v -1.0500 5.2000 1.2500
v -0.9500 5.2000 1.2500
v -1.0500 5.2000 -1.2500
v -0.9500 5.2000 -1.2500
v -0.9500 5.2000 1.3500
v -0.8500 5.2000 1.3500
v -0.9500 5.2000 -1.3500
v -0.8500 5.2000 -1.3500
v -0.7500 5.2000 1.3500
v -0.7500 5.2000 -1.3500
v -0.7500 5.2000 1.4500
v -0.6500 5.2000 1.4500
v -0.7500 5.2000 -1.4500
v -0.6500 5.2000 -1.4500
v -0.5500 5.2000 1.4500
v -0.5500 5.2000 -1.4500
v -0.5500 5.2000 1.5500
v -0.4500 5.2000 1.5500
v -0.5500 5.2000 -1.5500
v -0.4500 5.2000 -1.5500
v -0.3500 5.2000 1.5500
v -0.3500 5.2000 -1.5500
v -0.2500 5.2000 1.5500
v -0.2500 5.2000 -1.5500
v -0.1500 5.2000 1.5500
v -0.1500 5.2000 -1.5500
v -0.0500 5.2000 1.5500
v -0.0500 5.2000 -1.5500
v 0.0500 5.2000 1.5500
v 0.0500 5.2000 1.6500
v -0.0500 5.2000 1.6500
v 0.0500 5.2000 -1.6500
v 0.0500 5.2000 -1.5500
v -0.0500 5.2000 -1.6500
v 0.1500 5.2000 1.5500
v 0.1500 5.2000 -1.5500
v 0.2500 5.2000 1.5500
v 0.2500 5.2000 -1.5500
v 0.3500 5.2000 1.5500
v 0.3500 5.2000 -1.5500
v 0.4500 5.2000 1.5500
v 0.4500 5.2000 -1.5500
v 0.5500 5.2000 1.4500
v 0.5500 5.2000 1.5500
v 0.5500 5.2000 -1.5500
v 0.5500 5.2000 -1.4500
v 0.6500 5.2000 1.4500
v 0.6500 5.2000 -1.4500
v 0.7500 5.2000 1.3500
v 0.7500 5.2000 1.4500
v 0.7500 5.2000 -1.4500
v 0.7500 5.2000 -1.3500
v 0.8500 5.2000 1.3500
v 0.8500 5.2000 -1.3500
v 0.9500 5.2000 1.2500
v 0.9500 5.2000 1.3500
v 0.9500 5.2000 -1.3500
v 0.9500 5.2000 -1.2500
v 1.0500 5.2000 1.1500
v 1.0500 5.2000 1.2500
v 1.0500 5.2000 -1.2500
v 1.0500 5.2000 -1.1500
v 1.1500 5.2000 1.0500
v 1.1500 5.2000 1.1500
v 1.1500 5.2000 -1.1500
v 1.1500 5.2000 -1.0500
v 1.2500 5.2000 0.9500
v 1.2500 5.2000 1.0500
v 1.2500 5.2000 -1.0500
v 1.2500 5.2000 -0.9500
v 1.3500 5.2000 0.8500
v 1.3500 5.2000 0.9500
v 1.3500 5.2000 0.7500
v 1.3500 5.2000 -0.8500
v 1.3500 5.2000 -0.7500
v 1.3500 5.2000 -0.9500
v 1.4500 5.2000 0.6500
v 1.4500 5.2000 0.7500
v 1.4500 5.2000 0.5500
v 1.4500 5.2000 -0.6500
v 1.4500 5.2000 -0.5500
v 1.4500 5.2000 -0.7500
v 1.5500 5.2000 0.4500
v 1.5500 5.2000 0.5500
v 1.5500 5.2000 0.3500
v 1.5500 5.2000 0.2500
v 1.5500 5.2000 0.1500
v 1.5500 5.2000 0.0500
v 1.5500 5.2000 -0.1500
v 1.5500 5.2000 -0.0500
v 1.5500 5.2000 -0.2500
v 1.5500 5.2000 -0.3500
v 1.5500 5.2000 -0.4500
v 1.5500 5.2000 -0.5500
v 1.6500 5.2000 -0.0500
v 1.6500 5.2000 0.0500
v -1.6500 5.3000 0.0500
v -1.6500 5.3000 -0.0500
v -1.5500 5.3000 -0.0500
v -1.5500 5.3000 0.0500
v -1.5500 5.3000 0.5500
v -1.5500 5.3000 0.4500
v -1.4500 5.3000 0.5500
v -1.5500 5.3000 0.3500
v -1.5500 5.3000 0.2500
v -1.5500 5.3000 0.1500
v -1.5500 5.3000 -0.1500
v -1.5500 5.3000 -0.2500
v -1.5500 5.3000 -0.3500
v -1.5500 5.3000 -0.4500
v -1.5500 5.3000 -0.5500
v -1.4500 5.3000 -0.5500
v -1.4500 5.3000 0.7500
v -1.4500 5.3000 0.6500
v -1.3500 5.3000 0.7500
v -1.4500 5.3000 -0.6500
v -1.4500 5.3000 -0.7500
v -1.3500 5.3000 -0.7500
v -1.3500 5.3000 0.9500
v -1.3500 5.3000 0.8500
v -1.2500 5.3000 0.9500
v -1.3500 5.3000 -0.8500
v -1.3500 5.3000 -0.9500
v -1.2500 5.3000 -0.9500
v -1.2500 5.3000 1.0500
v -1.1500 5.3000 1.0500
v -1.2500 5.3000 -1.0500
v -1.1500 5.3000 -1.0500
v -1.1500 5.3000 1.1500
v -1.0500 5.3000 1.1500
v -1.1500 5.3000 -1.1500
v -1.0500 5.3000 -1.1500
v -1.0500 5.3000 1.2500
v -0.9500 5.3000 1.2500
v -1.0500 5.3000 -1.2500
v -0.9500 5.3000 -1.2500
v -0.9500 5.3000 1.3500
v -0.8500 5.3000 1.3500
v -0.9500 5.3000 -1.3500
v -0.8500 5.3000 -1.3500
v -0.7500 5.3000 1.3500
v -0.7500 5.3000 -1.3500
v -0.7500 5.3000 1.4500
v -0.6500 5.3000 1.4500
v -0.7500 5.3000 -1.4500
v -0.6500 5.3000 -1.4500
v -0.5500 5.3000 1.4500
v -0.5500 5.3000 -1.4500
v -0.5500 5.3000 1.5500
v -0.4500 5.3000 1.5500
v -0.5500 5.3000 -1.5500
v -0.4500 5.3000 -1.5500
v -0.3500 5.3000 1.5500
v -0.3500 5.3000 -1.5500
v -0.2500 5.3000 1.5500
v -0.2500 5.3000 -1.5500
v -0.1500 5.3000 1.5500
v -0.1500 5.3000 -1.5500
v -0.0500 5.3000 1.5500
v -0.0500 5.3000 -1.5500
v 0.0500 5.3000 1.5500
v 0.0500 5.3000 1.6500
v -0.0500 5.3000 1.6500
v 0.0500 5.3000 -1.6500
v 0.0500 5.3000 -1.5500
v -0.0500 5.3000 -1.6500
v 0.1500 5.3000 1.5500
v 0.1500 5.3000 -1.5500
v 0.2500 5.3000 1.5500
v 0.2500 5.3000 -1.5500
v 0.3500 5.3000 1.5500
v 0.3500 5.3000 -1.5500
v 0.4500 5.3000 1.5500
v 0.4500 5.3000 -1.5500
v 0.5500 5.3000 1.4500
v 0.5500 5.3000 1.5500
v 0.5500 5.3000 -1.5500
v 0.5500 5.3000 -1.4500
v 0.6500 5.3000 1.4500
v 0.6500 5.3000 -1.4500
v 0.7500 5.3000 1.3500
v 0.7500 5.3000 1.4500
v 0.7500 5.3000 -1.4500
v 0.7500 5.3000 -1.3500
v 0.8500 5.3000 1.3500
v 0.8500 5.3000 -1.3500
v 0.9500 5.3000 1.2500
v 0.9500 5.3000 1.3500
v 0.9500 5.3000 -1.3500
v 0.9500 5.3000 -1.2500
v 1.0500 5.3000 1.1500
v 1.0500 5.3000 1.2500
v 1.0500 5.3000 -1.2500
v 1.0500 5.3000 -1.1500
v 1.1500 5.3000 1.0500
v 1.1500 5.3000 1.1500
v 1.1500 5.3000 -1.1500
v 1.1500 5.3000 -1.0500
v 1.2500 5.3000 0.9500
v 1.2500 5.3000 1.0500
v 1.2500 5.3000 -1.0500
v 1.2500 5.3000 -0.9500
v 1.3500 5.3000 0.8500
v 1.3500 5.3000 0.9500
v 1.3500 5.3000 0.7500
v 1.3500 5.3000 -0.8500
v 1.3500 5.3000 -0.7500
v 1.3500 5.3000 -0.9500
v 1.4500 5.3000 0.6500
v 1.4500 5.3000 0.7500
v 1.4500 5.3000 0.5500
v 1.4500 5.3000 -0.6500
v 1.4500 5.3000 -0.5500
v 1.4500 5.3000 -0.7500
v 1.5500 5.3000 0.4500
v 1.5500 5.3000 0.5500
v 1.5500 5.3000 0.3500
v 1.5500 5.3000 0.2500
v 1.5500 5.3000 0.1500
v 1.5500 5.3000 0.0500
v 1.5500 5.3000 -0.1500
v 1.5500 5.3000 -0.0500
v 1.5500 5.3000 -0.2500
v 1.5500 5.3000 -0.3500
v 1.5500 5.3000 -0.4500
v 1.5500 5.3000 -0.5500
v 1.6500 5.3000 -0.0500
v 1.6500 5.3000 0.0500
v -1.6500 5.4000 0.0500
v -1.6500 5.4000 -0.0500
v -1.5500 5.4000 -0.0500
v -1.5500 5.4000 0.0500
v -1.5500 5.4000 0.5500
v -1.5500 5.4000 0.4500
v -1.4500 5.4000 0.5500
v -1.4500 5.4000 0.4500
v -1.5500 5.4000 0.3500
v -1.4500 5.4000 0.3500
v -1.5500 5.4000 0.2500
v -1.4500 5.4000 0.2500
v -1.5500 5.4000 0.1500
v -1.4500 5.4000 0.1500
v -1.4500 5.4000 0.0500
v -1.4500 5.4000 -0.0500
v -1.5500 5.4000 -0.1500
v -1.4500 5.4000 -0.1500
v -1.5500 5.4000 -0.2500
v -1.4500 5.4000 -0.2500
v -1.5500 5.4000 -0.3500
v -1.4500 5.4000 -0.3500
v -1.5500 5.4000 -0.4500
v -1.4500 5.4000 -0.4500
v -1.5500 5.4000 -0.5500
v -1.4500 5.4000 -0.5500
v -1.4500 5.4000 0.7500
v -1.4500 5.4000 0.6500
v -1.3500 5.4000 0.7500
v -1.3500 5.4000 0.6500
v -1.3500 5.4000 0.5500
v -1.3500 5.4000 0.4500
v -1.3500 5.4000 0.3500
v -1.3500 5.4000 0.2500
v -1.3500 5.4000 0.1500
v -1.3500 5.4000 0.0500
v -1.3500 5.4000 -0.0500
v -1.3500 5.4000 -0.1500
v -1.3500 5.4000 -0.2500
v -1.3500 5.4000 -0.3500
v -1.3500 5.4000 -0.4500
v -1.3500 5.4000 -0.5500
v -1.4500 5.4000 -0.6500
v -1.3500 5.4000 -0.6500
v -1.4500 5.4000 -0.7500
v -1.3500 5.4000 -0.7500
v -1.3500 5.4000 0.9500
v -1.3500 5.4000 0.8500
v -1.2500 5.4000 0.9500
v -1.2500 5.4000 0.8500
v -1.2500 5.4000 0.7500
v -1.2500 5.4000 0.6500
v -1.2500 5.4000 0.5500
v -1.2500 5.4000 0.4500
v -1.2500 5.4000 0.3500
v -1.2500 5.4000 0.2500
v -1.2500 5.4000 0.1500
v -1.2500 5.4000 0.0500
v -1.2500 5.4000 -0.0500
v -1.2500 5.4000 -0.1500
v -1.2500 5.4000 -0.2500
v -1.2500 5.4000 -0.3500
v -1.2500 5.4000 -0.4500
v -1.2500 5.4000 -0.5500
v -1.2500 5.4000 -0.6500
v -1.2500 5.4000 -0.7500
v -1.3500 5.4000 -0.8500
v -1.2500 5.4000 -0.8500
v -1.3500 5.4000 -0.9500
v -1.2500 5.4000 -0.9500
v -1.2500 5.4000 1.0500
v -1.1500 5.4000 1.0500
v -1.1500 5.4000 0.9500
v -1.1500 5.4000 0.8500
v -1.1500 5.4000 0.7500
v -1.1500 5.4000 0.6500
v -1.1500 5.4000 0.5500
v -1.1500 5.4000 0.4500
v -1.1500 5.4000 0.3500
v -1.1500 5.4000 0.2500
v -1.1500 5.4000 0.1500
v -1.1500 5.4000 0.0500
v -1.1500 5.4000 -0.0500
v -1.1500 5.4000 -0.1500
v -1.1500 5.4000 -0.2500
v -1.1500 5.4000 -0.3500
v -1.1500 5.4000 -0.4500
v -1.1500 5.4000 -0.5500
v -1.1500 5.4000 -0.6500
v -1.1500 5.4000 -0.7500
v -1.1500 5.4000 -0.8500
v -1.1500 5.4000 -0.9500
v -1.2500 5.4000 -1.0500
v -1.1500 5.4000 -1.0500
v -1.1500 5.4000 1.1500
v -1.0500 5.4000 1.1500
v -1.0500 5.4000 1.0500
v -1.0500 5.4000 0.9500
v -1.0500 5.4000 0.8500
v -1.0500 5.4000 0.7500
v -1.0500 5.4000 0.6500
v -1.0500 5.4000 0.5500
v -1.0500 5.4000 0.4500
v -1.0500 5.4000 0.3500
v -1.0500 5.4000 0.2500
v -1.0500 5.4000 0.1500
v -1.0500 5.4000 0.0500
v -1.0500 5.4000 -0.0500
v -1.0500 5.4000 -0.1500
v -1.0500 5.4000 -0.2500
v -1.0500 5.4000 -0.3500
v -1.0500 5.4000 -0.4500
v -1.0500 5.4000 -0.5500
v -1.0500 5.4000 -0.6500
v -1.0500 5.4000 -0.7500
v -1.0500 5.4000 -0.8500
v -1.0500 5.4000 -0.9500
v -1.0500 5.4000 -1.0500
v -1.1500 5.4000 -1.1500
v -1.0500 5.4000 -1.1500
v -1.0500 5.4000 1.2500
v -0.9500 5.4000 1.2500
v -0.9500 5.4000 1.1500
v -0.9500 5.4000 1.0500
v -0.9500 5.4000 0.9500
v -0.9500 5.4000 0.8500
v -0.9500 5.4000 0.7500
v -0.9500 5.4000 0.6500
v -0.9500 5.4000 0.5500
v -0.9500 5.4000 0.4500
v -0.9500 5.4000 0.3500
v -0.9500 5.4000 0.2500
v -0.9500 5.4000 0.1500
v -0.9500 5.4000 0.0500
v -0.9500 5.4000 -0.0500
v -0.9500 5.4000 -0.1500
v -0.9500 5.4000 -0.2500
v -0.9500 5.4000 -0.3500
v -0.9500 5.4000 -0.4500
v -0.9500 5.4000 -0.5500
v -0.9500 5.4000 -0.6500
v -0.9500 5.4000 -0.7500
v -0.9500 5.4000 -0.8500
v -0.9500 5.4000 -0.9500
v -0.9500 5.4000 -1.0500
v -0.9500 5.4000 -1.1500
v -1.0500 5.4000 -1.2500
v -0.9500 5.4000 -1.2500
v -0.9500 5.4000 1.3500
v -0.8500 5.4000 1.3500
v -0.8500 5.4000 1.2500
v -0.8500 5.4000 1.1500
v -0.8500 5.4000 1.0500
v -0.8500 5.4000 0.9500
v -0.8500 5.4000 0.8500
v -0.8500 5.4000 0.7500
v -0.8500 5.4000 0.6500
v -0.8500 5.4000 0.5500
v -0.8500 5.4000 0.4500
v -0.8500 5.4000 0.3500
v -0.8500 5.4000 0.2500
v -0.8500 5.4000 0.1500
v -0.8500 5.4000 0.0500
v -0.8500 5.4000 -0.0500
v -0.8500 5.4000 -0.1500
v -0.8500 5.4000 -0.2500
v -0.8500 5.4000 -0.3500
v -0.8500 5.4000 -0.4500
v -0.8500 5.4000 -0.5500
v -0.8500 5.4000 -0.6500
v -0.8500 5.4000 -0.7500
v -0.8500 5.4000 -0.8500
v -0.8500 5.4000 -0.9500
v -0.8500 5.4000 -1.0500
v -0.8500 5.4000 -1.1500
v -0.8500 5.4000 -1.2500
v -0.9500 5.4000 -1.3500
v -0.8500 5.4000 -1.3500
v -0.7500 5.4000 1.3500
v -0.7500 5.4000 1.2500
v -0.7500 5.4000 1.1500
v -0.7500 5.4000 1.0500
v -0.7500 5.4000 0.9500
v -0.7500 5.4000 0.8500
v -0.7500 5.4000 0.7500
v -0.7500 5.4000 0.6500
v -0.7500 5.4000 0.5500
v -0.7500 5.4000 0.4500
v -0.7500 5.4000 0.3500
v -0.7500 5.4000 0.2500
v -0.7500 5.4000 0.1500
v -0.7500 5.4000 0.0500
v -0.7500 5.4000 -0.0500
v -0.7500 5.4000 -0.1500
v -0.7500 5.4000 -0.2500
v -0.7500 5.4000 -0.3500
v -0.7500 5.4000 -0.4500
v -0.7500 5.4000 -0.5500
v -0.7500 5.4000 -0.6500
v -0.7500 5.4000 -0.7500
v -0.7500 5.4000 -0.8500
v -0.7500 5.4000 -0.9500
v -0.7500 5.4000 -1.0500
v -0.7500 5.4000 -1.1500
v -0.7500 5.4000 -1.2500
v -0.7500 5.4000 -1.3500
v -0.7500 5.4000 1.4500
v -0.6500 5.4000 1.4500
v -0.6500 5.4000 1.3500
v -0.6500 5.4000 1.2500
v -0.6500 5.4000 1.1500
v -0.6500 5.4000 1.0500
v -0.6500 5.4000 0.9500
v -0.6500 5.4000 0.8500
v -0.6500 5.4000 0.7500
v -0.6500 5.4000 0.6500
v -0.6500 5.4000 0.5500
v -0.6500 5.4000 0.4500
v -0.6500 5.4000 0.3500
v -0.6500 5.4000 -0.3500
v -0.6500 5.4000 -0.4500
v -0.6500 5.4000 -0.5500
v -0.6500 5.4000 -0.6500
v -0.6500 5.4000 -0.7500
v -0.6500 5.4000 -0.8500
v -0.6500 5.4000 -0.9500
v -0.6500 5.4000 -1.0500
v -0.6500 5.4000 -1.1500
v -0.6500 5.4000 -1.2500
v -0.6500 5.4000 -1.3500
v -0.7500 5.4000 -1.4500
v -0.6500 5.4000 -1.4500
v -0.5500 5.4000 1.4500
v -0.5500 5.4000 1.3500
v -0.5500 5.4000 1.2500
v -0.5500 5.4000 1.1500
v -0.5500 5.4000 1.0500
v -0.5500 5.4000 0.9500
v -0.5500 5.4000 0.8500
v -0.5500 5.4000 0.7500
v -0.5500 5.4000 0.6500
v -0.5500 5.4000 0.5500
v -0.5500 5.4000 -0.5500
v -0.5500 5.4000 -0.6500
v -0.5500 5.4000 -0.7500
v -0.5500 5.4000 -0.8500
v -0.5500 5.4000 -0.9500
v -0.5500 5.4000 -1.0500
v -0.5500 5.4000 -1.1500
v -0.5500 5.4000 -1.2500
v -0.5500 5.4000 -1.3500
v -0.5500 5.4000 -1.4500
v -0.5500 5.4000 1.5500
v -0.4500 5.4000 1.5500
v -0.4500 5.4000 1.4500
v -0.4500 5.4000 1.3500
v -0.4500 5.4000 1.2500
v -0.4500 5.4000 1.1500
v -0.4500 5.4000 1.0500
v -0.4500 5.4000 0.9500
v -0.4500 5.4000 0.8500
v -0.4500 5.4000 0.7500
v -0.4500 5.4000 0.6500
v -0.4500 5.4000 -0.6500
v -0.4500 5.4000 -0.7500
v -0.4500 5.4000 -0.8500
v -0.4500 5.4000 -0.9500
v -0.4500 5.4000 -1.0500
v -0.4500 5.4000 -1.1500
v -0.4500 5.4000 -1.2500
v -0.4500 5.4000 -1.3500
v -0.4500 5.4000 -1.4500
v -0.5500 5.4000 -1.5500
v -0.4500 5.4000 -1.5500
v -0.3500 5.4000 1.5500
v -0.3500 5.4000 1.4500
v -0.3500 5.4000 1.3500
v -0.3500 5.4000 1.2500
v -0.3500 5.4000 1.1500
v -0.3500 5.4000 1.0500
v -0.3500 5.4000 0.9500
v -0.3500 5.4000 0.8500
v -0.3500 5.4000 0.7500
v -0.3500 5.4000 0.6500
v -0.3500 5.4000 -0.6500
v -0.3500 5.4000 -0.7500
v -0.3500 5.4000 -0.8500
v -0.3500 5.4000 -0.9500
v -0.3500 5.4000 -1.0500
v -0.3500 5.4000 -1.1500
v -0.3500 5.4000 -1.2500
v -0.3500 5.4000 -1.3500
v -0.3500 5.4000 -1.4500
v -0.3500 5.4000 -1.5500
v -0.2500 5.4000 1.5500
v -0.2500 5.4000 1.4500
v -0.2500 5.4000 1.3500
v -0.2500 5.4000 1.2500
v -0.2500 5.4000 1.1500
v -0.2500 5.4000 1.0500
v -0.2500 5.4000 0.9500
v -0.2500 5.4000 0.8500
v -0.2500 5.4000 0.7500
v -0.2500 5.4000 -0.7500
v -0.2500 5.4000 -0.8500
v -0.2500 5.4000 -0.9500
v -0.2500 5.4000 -1.0500
v -0.2500 5.4000 -1.1500
v -0.2500 5.4000 -1.2500
v -0.2500 5.4000 -1.3500
v -0.2500 5.4000 -1.4500
v -0.2500 5.4000 -1.5500
v -0.1500 5.4000 1.5500
v -0.1500 5.4000 1.4500
v -0.1500 5.4000 1.3500
v -0.1500 5.4000 1.2500
v -0.1500 5.4000 1.1500
v -0.1500 5.4000 1.0500
v -0.1500 5.4000 0.9500
v -0.1500 5.4000 0.8500
v -0.1500 5.4000 0.7500
v -0.1500 5.4000 -0.7500
v -0.1500 5.4000 -0.8500
v -0.1500 5.4000 -0.9500
v -0.1500 5.4000 -1.0500
v -0.1500 5.4000 -1.1500
v -0.1500 5.4000 -1.2500
v -0.1500 5.4000 -1.3500
v -0.1500 5.4000 -1.4500
v -0.1500 5.4000 -1.5500
v -0.0500 5.4000 1.5500
v -0.0500 5.4000 1.4500
v -0.0500 5.4000 1.3500
v -0.0500 5.4000 1.2500
v -0.0500 5.4000 1.1500
v -0.0500 5.4000 1.0500
v -0.0500 5.4000 0.9500
v -0.0500 5.4000 0.8500
v -0.0500 5.4000 0.7500
v -0.0500 5.4000 -0.7500
v -0.0500 5.4000 -0.8500
v -0.0500 5.4000 -0.9500
v -0.0500 5.4000 -1.0500
v -0.0500 5.4000 -1.1500
v -0.0500 5.4000 -1.2500
v -0.0500 5.4000 -1.3500
v -0.0500 5.4000 -1.4500
v -0.0500 5.4000 -1.5500
v 0.0500 5.4000 1.5500
v 0.0500 5.4000 1.6500
v -0.0500 5.4000 1.6500
v 0.0500 5.4000 1.4500
v 0.0500 5.4000 1.3500
v 0.0500 5.4000 1.2500
v 0.0500 5.4000 1.1500
v 0.0500 5.4000 1.0500
v 0.0500 5.4000 0.9500
v 0.0500 5.4000 0.8500
v 0.0500 5.4000 -0.8500
v 0.0500 5.4000 -0.9500
v 0.0500 5.4000 -1.0500
v 0.0500 5.4000 -1.1500
v 0.0500 5.4000 -1.2500
v 0.0500 5.4000 -1.3500
v 0.0500 5.4000 -1.4500
v 0.0500 5.4000 -1.5500
v 0.0500 5.4000 -1.6500
v -0.0500 5.4000 -1.6500
v 0.1500 5.4000 1.5500
v 0.1500 5.4000 1.4500
v 0.1500 5.4000 1.3500
v 0.1500 5.4000 1.2500
v 0.1500 5.4000 1.1500
v 0.1500 5.4000 1.0500
v 0.1500 5.4000 0.9500
v 0.1500 5.4000 0.8500
v 0.1500 5.4000 0.7500
v 0.0500 5.4000 0.7500
v 0.0500 5.4000 -0.7500
v 0.1500 5.4000 -0.7500
v 0.1500 5.4000 -0.8500
v 0.1500 5.4000 -0.9500
v 0.1500 5.4000 -1.0500
v 0.1500 5.4000 -1.1500
v 0.1500 5.4000 -1.2500
v 0.1500 5.4000 -1.3500
v 0.1500 5.4000 -1.4500
v 0.1500 5.4000 -1.5500
v 0.2500 5.4000 1.5500
v 0.2500 5.4000 1.4500
v 0.2500 5.4000 1.3500
v 0.2500 5.4000 1.2500
v 0.2500 5.4000 1.1500
v 0.2500 5.4000 1.0500
v 0.2500 5.4000 0.9500
v 0.2500 5.4000 0.8500
v 0.2500 5.4000 0.7500
v 0.2500 5.4000 -0.7500
v 0.2500 5.4000 -0.8500
v 0.2500 5.4000 -0.9500
v 0.2500 5.4000 -1.0500
v 0.2500 5.4000 -1.1500
v 0.2500 5.4000 -1.2500
v 0.2500 5.4000 -1.3500
v 0.2500 5.4000 -1.4500
v 0.2500 5.4000 -1.5500
v 0.3500 5.4000 1.5500
v 0.3500 5.4000 1.4500
v 0.3500 5.4000 1.3500
v 0.3500 5.4000 1.2500
v 0.3500 5.4000 1.1500
v 0.3500 5.4000 1.0500
v 0.3500 5.4000 0.9500
v 0.3500 5.4000 0.8500
v 0.3500 5.4000 0.7500
v 0.3500 5.4000 -0.7500
v 0.3500 5.4000 -0.8500
v 0.3500 5.4000 -0.9500
v 0.3500 5.4000 -1.0500
v 0.3500 5.4000 -1.1500
v 0.3500 5.4000 -1.2500
v 0.3500 5.4000 -1.3500
v 0.3500 5.4000 -1.4500
v 0.3500 5.4000 -1.5500
v 0.4500 5.4000 1.5500
v 0.4500 5.4000 1.4500
v 0.4500 5.4000 1.3500
v 0.4500 5.4000 1.2500
v 0.4500 5.4000 1.1500
v 0.4500 5.4000 1.0500
v 0.4500 5.4000 0.9500
v 0.4500 5.4000 0.8500
v 0.4500 5.4000 0.7500
v 0.4500 5.4000 0.6500
v 0.3500 5.4000 0.6500
v 0.3500 5.4000 -0.6500
v 0.4500 5.4000 -0.6500
v 0.4500 5.4000 -0.7500
v 0.4500 5.4000 -0.8500
v 0.4500 5.4000 -0.9500
v 0.4500 5.4000 -1.0500
v 0.4500 5.4000 -1.1500
v 0.4500 5.4000 -1.2500
v 0.4500 5.4000 -1.3500
v 0.4500 5.4000 -1.4500
v 0.4500 5.4000 -1.5500
v 0.5500 5.4000 1.4500
v 0.5500 5.4000 1.5500
v 0.5500 5.4000 1.3500
v 0.5500 5.4000 1.2500
v 0.5500 5.4000 1.1500
v 0.5500 5.4000 1.0500
v 0.5500 5.4000 0.9500
v 0.5500 5.4000 0.8500
v 0.5500 5.4000 0.7500
v 0.5500 5.4000 0.6500
v 0.5500 5.4000 -0.6500
v 0.5500 5.4000 -0.7500
v 0.5500 5.4000 -0.8500
v 0.5500 5.4000 -0.9500
v 0.5500 5.4000 -1.0500
v 0.5500 5.4000 -1.1500
v 0.5500 5.4000 -1.2500
v 0.5500 5.4000 -1.3500
v 0.5500 5.4000 -1.4500
v 0.5500 5.4000 -1.5500
v 0.6500 5.4000 1.4500
v 0.6500 5.4000 1.3500
v 0.6500 5.4000 1.2500
v 0.6500 5.4000 1.1500
v 0.6500 5.4000 1.0500
v 0.6500 5.4000 0.9500
v 0.6500 5.4000 0.8500
v 0.6500 5.4000 0.7500
v 0.6500 5.4000 0.6500
v 0.6500 5.4000 0.5500
v 0.5500 5.4000 0.5500
v 0.5500 5.4000 -0.5500
v 0.6500 5.4000 -0.5500
v 0.6500 5.4000 -0.6500
v 0.6500 5.4000 -0.7500
v 0.6500 5.4000 -0.8500
v 0.6500 5.4000 -0.9500
v 0.6500 5.4000 -1.0500
v 0.6500 5.4000 -1.1500
v 0.6500 5.4000 -1.2500
v 0.6500 5.4000 -1.3500
v 0.6500 5.4000 -1.4500
v 0.7500 5.4000 1.3500
v 0.7500 5.4000 1.4500
v 0.7500 5.4000 1.2500
v 0.7500 5.4000 1.1500
v 0.7500 5.4000 1.0500
v 0.7500 5.4000 0.9500
v 0.7500 5.4000 0.8500
v 0.7500 5.4000 0.7500
v 0.7500 5.4000 0.6500
v 0.7500 5.4000 0.5500
v 0.7500 5.4000 0.4500
v 0.6500 5.4000 0.4500
v 0.7500 5.4000 0.3500
v 0.6500 5.4000 0.3500
v 0.6500 5.4000 -0.3500
v 0.7500 5.4000 -0.3500
v 0.7500 5.4000 -0.4500
v 0.6500 5.4000 -0.4500
v 0.7500 5.4000 -0.5500
v 0.7500 5.4000 -0.6500
v 0.7500 5.4000 -0.7500
v 0.7500 5.4000 -0.8500
v 0.7500 5.4000 -0.9500
v 0.7500 5.4000 -1.0500
v 0.7500 5.4000 -1.1500
v 0.7500 5.4000 -1.2500
v 0.7500 5.4000 -1.3500
v 0.7500 5.4000 -1.4500
v 0.8500 5.4000 1.3500
v 0.8500 5.4000 1.2500
v 0.8500 5.4000 1.1500
v 0.8500 5.4000 1.0500
v 0.8500 5.4000 0.9500
v 0.8500 5.4000 0.8500
v 0.8500 5.4000 0.7500
v 0.8500 5.4000 0.6500
v 0.8500 5.4000 0.5500
v 0.8500 5.4000 0.4500
v 0.8500 5.4000 0.3500
v 0.8500 5.4000 0.2500
v 0.7500 5.4000 0.2500
v 0.8500 5.4000 0.1500
v 0.7500 5.4000 0.1500
v 0.8500 5.4000 0.0500
v 0.7500 5.4000 0.0500
v 0.7500 5.4000 -0.0500
v 0.8500 5.4000 -0.0500
v 0.8500 5.4000 -0.1500
v 0.7500 5.4000 -0.1500
v 0.8500 5.4000 -0.2500
v 0.7500 5.4000 -0.2500
v 0.8500 5.4000 -0.3500
v 0.8500 5.4000 -0.4500
v 0.8500 5.4000 -0.5500
v 0.8500 5.4000 -0.6500
v 0.8500 5.4000 -0.7500
v 0.8500 5.4000 -0.8500
v 0.8500 5.4000 -0.9500
v 0.8500 5.4000 -1.0500
v 0.8500 5.4000 -1.1500
v 0.8500 5.4000 -1.2500
v 0.8500 5.4000 -1.3500
v 0.9500 5.4000 1.2500
v 0.9500 5.4000 1.3500
v 0.9500 5.4000 1.1500
v 0.9500 5.4000 1.0500
v 0.9500 5.4000 0.9500
v 0.9500 5.4000 0.8500
v 0.9500 5.4000 0.7500
v 0.9500 5.4000 0.6500
v 0.9500 5.4000 0.5500
v 0.9500 5.4000 0.4500
v 0.9500 5.4000 0.3500
v 0.9500 5.4000 0.2500
v 0.9500 5.4000 0.1500
v 0.9500 5.4000 0.0500
v 0.9500 5.4000 -0.0500
v 0.9500 5.4000 -0.1500
v 0.9500 5.4000 -0.2500
v 0.9500 5.4000 -0.3500
v 0.9500 5.4000 -0.4500
v 0.9500 5.4000 -0.5500
v 0.9500 5.4000 -0.6500
v 0.9500 5.4000 -0.7500
v 0.9500 5.4000 -0.8500
v 0.9500 5.4000 -0.9500
v 0.9500 5.4000 -1.0500
v 0.9500 5.4000 -1.1500
v 0.9500 5.4000 -1.2500
v 0.9500 5.4000 -1.3500
v 1.0500 5.4000 1.1500
v 1.0500 5.4000 1.2500
v 1.0500 5.4000 1.0500
v 1.0500 5.4000 0.9500
v 1.0500 5.4000 0.8500
v 1.0500 5.4000 0.7500
v 1.0500 5.4000 0.6500
v 1.0500 5.4000 0.5500
v 1.0500 5.4000 0.4500
v 1.0500 5.4000 0.3500
v 1.0500 5.4000 0.2500
v 1.0500 5.4000 0.1500
v 1.0500 5.4000 0.0500
v 1.0500 5.4000 -0.0500
v 1.0500 5.4000 -0.1500
v 1.0500 5.4000 -0.2500
v 1.0500 5.4000 -0.3500
v 1.0500 5.4000 -0.4500
v 1.0500 5.4000 -0.5500
v 1.0500 5.4000 -0.6500
v 1.0500 5.4000 -0.7500
v 1.0500 5.4000 -0.8500
v 1.0500 5.4000 -0.9500
v 1.0500 5.4000 -1.0500
v 1.0500 5.4000 -1.1500
v 1.0500 5.4000 -1.2500
v 1.1500 5.4000 1.0500
v 1.1500 5.4000 1.1500
v 1.1500 5.4000 0.9500
v 1.1500 5.4000 0.8500
v 1.1500 5.4000 0.7500
v 1.1500 5.4000 0.6500
v 1.1500 5.4000 0.5500
v 1.1500 5.4000 0.4500
v 1.1500 5.4000 0.3500
v 1.1500 5.4000 0.2500
v 1.1500 5.4000 0.1500
v 1.1500 5.4000 0.0500
v 1.1500 5.4000 -0.0500
v 1.1500 5.4000 -0.1500
v 1.1500 5.4000 -0.2500
v 1.1500 5.4000 -0.3500
v 1.1500 5.4000 -0.4500
v 1.1500 5.4000 -0.5500
v 1.1500 5.4000 -0.6500
v 1.1500 5.4000 -0.7500
v 1.1500 5.4000 -0.8500
v 1.1500 5.4000 -0.9500
v 1.1500 5.4000 -1.0500
v 1.1500 5.4000 -1.1500
v 1.2500 5.4000 0.9500
v 1.2500 5.4000 1.0500
v 1.2500 5.4000 0.8500
v 1.2500 5.4000 0.7500
v 1.2500 5.4000 0.6500
v 1.2500 5.4000 0.5500
v 1.2500 5.4000 0.4500
v 1.2500 5.4000 0.3500
v 1.2500 5.4000 0.2500
v 1.2500 5.4000 0.1500
v 1.2500 5.4000 0.0500
v 1.2500 5.4000 -0.0500
v 1.2500 5.4000 -0.1500
v 1.2500 5.4000 -0.2500
v 1.2500 5.4000 -0.3500
v 1.2500 5.4000 -0.4500
v 1.2500 5.4000 -0.5500
v 1.2500 5.4000 -0.6500
v 1.2500 5.4000 -0.7500
v 1.2500 5.4000 -0.8500
v 1.2500 5.4000 -0.9500
v 1.2500 5.4000 -1.0500
v 1.3500 5.4000 0.8500
v 1.3500 5.4000 0.9500
v 1.3500 5.4000 0.7500
v 1.3500 5.4000 0.6500
v 1.3500 5.4000 0.5500
v 1.3500 5.4000 0.4500
v 1.3500 5.4000 0.3500
v 1.3500 5.4000 0.2500
v 1.3500 5.4000 0.1500
v 1.3500 5.4000 0.0500
v 1.3500 5.4000 -0.0500
v 1.3500 5.4000 -0.1500
v 1.3500 5.4000 -0.2500
v 1.3500 5.4000 -0.3500
v 1.3500 5.4000 -0.4500
v 1.3500 5.4000 -0.5500
v 1.3500 5.4000 -0.6500
v 1.3500 5.4000 -0.7500
v 1.3500 5.4000 -0.8500
v 1.3500 5.4000 -0.9500
v 1.4500 5.4000 0.6500
v 1.4500 5.4000 0.7500
v 1.4500 5.4000 0.5500
v 1.4500 5.4000 0.4500
v 1.4500 5.4000 0.3500
v 1.4500 5.4000 0.2500
v 1.4500 5.4000 0.1500
v 1.4500 5.4000 0.0500
v 1.4500 5.4000 -0.0500
v 1.4500 5.4000 -0.1500
v 1.4500 5.4000 -0.2500
v 1.4500 5.4000 -0.3500
v 1.4500 5.4000 -0.4500
v 1.4500 5.4000 -0.5500
v 1.4500 5.4000 -0.6500
v 1.4500 5.4000 -0.7500
v 1.5500 5.4000 0.4500
v 1.5500 5.4000 0.5500
v 1.5500 5.4000 0.3500
v 1.5500 5.4000 0.2500
v 1.5500 5.4000 0.1500
v 1.5500 5.4000 0.0500
v 1.5500 5.4000 -0.0500
v 1.5500 5.4000 -0.1500
v 1.5500 5.4000 -0.2500
v 1.5500 5.4000 -0.3500
v 1.5500 5.4000 -0.4500
v 1.5500 5.4000 -0.5500
v 1.6500 5.4000 -0.0500
v 1.6500 5.4000 0.0500
v -0.8500 5.5000 0.0500
v -0.8500 5.5000 -0.0500
v -0.7500 5.5000 -0.0500
v -0.7500 5.5000 0.0500
v -0.7500 5.5000 0.3500
v -0.7500 5.5000 0.2500
v -0.6500 5.5000 0.3500
v -0.7500 5.5000 0.1500
v -0.7500 5.5000 -0.1500
v -0.7500 5.5000 -0.2500
v -0.7500 5.5000 -0.3500
v -0.6500 5.5000 -0.3500
v -0.6500 5.5000 0.5500
v -0.6500 5.5000 0.4500
v -0.5500 5.5000 0.5500
v -0.6500 5.5000 -0.4500
v -0.6500 5.5000 -0.5500
v -0.5500 5.5000 -0.5500
v -0.5500 5.5000 0.6500
v -0.4500 5.5000 0.6500
v -0.5500 5.5000 -0.6500
v -0.4500 5.5000 -0.6500
v -0.3500 5.5000 0.6500
v -0.3500 5.5000 -0.6500
v -0.3500 5.5000 0.7500
v -0.2500 5.5000 0.7500
v -0.3500 5.5000 -0.7500
v -0.2500 5.5000 -0.7500
v -0.1500 5.5000 0.7500
v -0.1500 5.5000 -0.7500
v -0.0500 5.5000 0.7500
v -0.0500 5.5000 -0.7500
v 0.0500 5.5000 0.7500
v 0.0500 5.5000 0.8500
v -0.0500 5.5000 0.8500
v 0.0500 5.5000 -0.8500
v 0.0500 5.5000 -0.7500
v -0.0500 5.5000 -0.8500
v 0.1500 5.5000 0.7500
v 0.1500 5.5000 -0.7500
v 0.2500 5.5000 0.7500
v 0.2500 5.5000 -0.7500
v 0.3500 5.5000 0.6500
v 0.3500 5.5000 0.7500
v 0.3500 5.5000 -0.7500
v 0.3500 5.5000 -0.6500
v 0.4500 5.5000 0.6500
v 0.4500 5.5000 -0.6500
v 0.5500 5.5000 0.5500
v 0.5500 5.5000 0.6500
v 0.5500 5.5000 -0.6500
v 0.5500 5.5000 -0.5500
v 0.6500 5.5000 0.4500
v 0.6500 5.5000 0.5500
v 0.6500 5.5000 0.3500
v 0.6500 5.5000 -0.4500
v 0.6500 5.5000 -0.3500
v 0.6500 5.5000 -0.5500
v 0.7500 5.5000 0.2500
v 0.7500 5.5000 0.3500
v 0.7500 5.5000 0.1500
v 0.7500 5.5000 0.0500
v 0.7500 5.5000 -0.1500
v 0.7500 5.5000 -0.0500
v 0.7500 5.5000 -0.2500
v 0.7500 5.5000 -0.3500
v 0.8500 5.5000 -0.0500
v 0.8500 5.5000 0.0500
v -0.8500 5.6000 0.0500
v -0.8500 5.6000 -0.0500
v -0.7500 5.6000 -0.0500
v -0.7500 5.6000 0.0500
v -0.7500 5.6000 0.3500
v -0.7500 5.6000 0.2500
v -0.6500 5.6000 0.3500
v -0.7500 5.6000 0.1500
v -0.7500 5.6000 -0.1500
v -0.7500 5.6000 -0.2500
v -0.7500 5.6000 -0.3500
v -0.6500 5.6000 -0.3500
v -0.6500 5.6000 0.5500
v -0.6500 5.6000 0.4500
v -0.5500 5.6000 0.5500
v -0.6500 5.6000 -0.4500
v -0.6500 5.6000 -0.5500
v -0.5500 5.6000 -0.5500
v -0.5500 5.6000 0.6500
v -0.4500 5.6000 0.6500
v -0.5500 5.6000 -0.6500
v -0.4500 5.6000 -0.6500
v -0.3500 5.6000 0.6500
v -0.3500 5.6000 -0.6500
v -0.3500 5.6000 0.7500
v -0.2500 5.6000 0.7500
v -0.3500 5.6000 -0.7500
v -0.2500 5.6000 -0.7500
v -0.1500 5.6000 0.7500
v -0.1500 5.6000 -0.7500
v -0.0500 5.6000 0.7500
v -0.0500 5.6000 -0.7500
v 0.0500 5.6000 0.7500
v 0.0500 5.6000 0.8500
v -0.0500 5.6000 0.8500
v 0.0500 5.6000 -0.8500
v 0.0500 5.6000 -0.7500
v -0.0500 5.6000 -0.8500
v 0.1500 5.6000 0.7500
v 0.1500 5.6000 -0.7500
v 0.2500 5.6000 0.7500
v 0.2500 5.6000 -0.7500
v 0.3500 5.6000 0.6500
v 0.3500 5.6000 0.7500
v 0.3500 5.6000 -0.7500
v 0.3500 5.6000 -0.6500
v 0.4500 5.6000 0.6500
v 0.4500 5.6000 -0.6500
v 0.5500 5.6000 0.5500
v 0.5500 5.6000 0.6500
v 0.5500 5.6000 -0.6500
v 0.5500 5.6000 -0.5500
v 0.6500 5.6000 0.4500
v 0.6500 5.6000 0.5500
v 0.6500 5.6000 0.3500
v 0.6500 5.6000 -0.4500
v 0.6500 5.6000 -0.3500
v 0.6500 5.6000 -0.5500
v 0.7500 5.6000 0.2500
v 0.7500 5.6000 0.3500
v 0.7500 5.6000 0.1500
v 0.7500 5.6000 0.0500
v 0.7500 5.6000 -0.1500
v 0.7500 5.6000 -0.0500
v 0.7500 5.6000 -0.2500
v 0.7500 5.6000 -0.3500
v 0.8500 5.6000 -0.0500
v 0.8500 5.6000 0.0500
v -0.8500 5.7000 0.0500
v -0.8500 5.7000 -0.0500
v -0.7500 5.7000 -0.0500
v -0.7500 5.7000 0.0500
v -0.7500 5.7000 0.3500
v -0.7500 5.7000 0.2500
v -0.6500 5.7000 0.3500
v -0.7500 5.7000 0.1500
v -0.7500 5.7000 -0.1500
v -0.7500 5.7000 -0.2500
v -0.7500 5.7000 -0.3500
v -0.6500 5.7000 -0.3500
v -0.6500 5.7000 0.5500
v -0.6500 5.7000 0.4500
v -0.5500 5.7000 0.5500
v -0.6500 5.7000 -0.4500
v -0.6500 5.7000 -0.5500
v -0.5500 5.7000 -0.5500
v -0.5500 5.7000 0.6500
v -0.4500 5.7000 0.6500
v -0.5500 5.7000 -0.6500
v -0.4500 5.7000 -0.6500
v -0.3500 5.7000 0.6500
v -0.3500 5.7000 -0.6500
v -0.3500 5.7000 0.7500
v -0.2500 5.7000 0.7500
v -0.3500 5.7000 -0.7500
v -0.2500 5.7000 -0.7500
v -0.1500 5.7000 0.7500
v -0.1500 5.7000 -0.7500
v -0.0500 5.7000 0.7500
v -0.0500 5.7000 -0.7500
v 0.0500 5.7000 0.7500
v 0.0500 5.7000 0.8500
v -0.0500 5.7000 0.8500
v 0.0500 5.7000 -0.8500
v 0.0500 5.7000 -0.7500
v -0.0500 5.7000 -0.8500
v 0.1500 5.7000 0.7500
v 0.1500 5.7000 -0.7500
v 0.2500 5.7000 0.7500
v 0.2500 5.7000 -0.7500
v 0.3500 5.7000 0.6500
v 0.3500 5.7000 0.7500
v 0.3500 5.7000 -0.7500
v 0.3500 5.7000 -0.6500
v 0.4500 5.7000 0.6500
v 0.4500 5.7000 -0.6500
v 0.5500 5.7000 0.5500
v 0.5500 5.7000 0.6500
v 0.5500 5.7000 -0.6500
v 0.5500 5.7000 -0.5500
v 0.6500 5.7000 0.4500
v 0.6500 5.7000 0.5500
v 0.6500 5.7000 0.3500
v 0.6500 5.7000 -0.4500
v 0.6500 5.7000 -0.3500
v 0.6500 5.7000 -0.5500
v 0.7500 5.7000 0.2500
v 0.7500 5.7000 0.3500
v 0.7500 5.7000 0.1500
v 0.7500 5.7000 0.0500
v 0.7500 5.7000 -0.1500
v 0.7500 5.7000 -0.0500
v 0.7500 5.7000 -0.2500
v 0.7500 5.7000 -0.3500
v 0.8500 5.7000 -0.0500
v 0.8500 5.7000 0.0500
v -0.8500 5.8000 0.0500
v -0.8500 5.8000 -0.0500
v -0.7500 5.8000 -0.0500
v -0.7500 5.8000 0.0500
v -0.7500 5.8000 0.3500
v -0.7500 5.8000 0.2500
v -0.6500 5.8000 0.3500
v -0.6500 5.8000 0.2500
v -0.7500 5.8000 0.1500
v -0.6500 5.8000 0.1500
v -0.6500 5.8000 0.0500
v -0.6500 5.8000 -0.0500
v -0.7500 5.8000 -0.1500
v -0.6500 5.8000 -0.1500
v -0.7500 5.8000 -0.2500
v -0.6500 5.8000 -0.2500
v -0.7500 5.8000 -0.3500
v -0.6500 5.8000 -0.3500
v -0.6500 5.8000 0.5500
v -0.6500 5.8000 0.4500
v -0.5500 5.8000 0.5500
v -0.5500 5.8000 0.4500
v -0.5500 5.8000 0.3500
v -0.5500 5.8000 0.2500
v -0.5500 5.8000 0.1500
v -0.5500 5.8000 0.0500
v -0.5500 5.8000 -0.0500
v -0.5500 5.8000 -0.1500
v -0.5500 5.8000 -0.2500
v -0.5500 5.8000 -0.3500
v -0.6500 5.8000 -0.4500
v -0.5500 5.8000 -0.4500
v -0.6500 5.8000 -0.5500
v -0.5500 5.8000 -0.5500
v -0.5500 5.8000 0.6500
v -0.4500 5.8000 0.6500
v -0.4500 5.8000 0.5500
v -0.4500 5.8000 0.4500
v -0.4500 5.8000 0.3500
v -0.4500 5.8000 0.2500
v -0.4500 5.8000 0.1500
v -0.4500 5.8000 0.0500
v -0.4500 5.8000 -0.0500
v -0.4500 5.8000 -0.1500
v -0.4500 5.8000 -0.2500
v -0.4500 5.8000 -0.3500
v -0.4500 5.8000 -0.4500
v -0.4500 5.8000 -0.5500
v -0.5500 5.8000 -0.6500
v -0.4500 5.8000 -0.6500
v -0.3500 5.8000 0.6500
v -0.3500 5.8000 0.5500
v -0.3500 5.8000 0.4500
v -0.3500 5.8000 0.3500
v -0.3500 5.8000 0.2500
v -0.3500 5.8000 0.1500
v -0.3500 5.8000 0.0500
v -0.3500 5.8000 -0.0500
v -0.3500 5.8000 -0.1500
v -0.3500 5.8000 -0.2500
v -0.3500 5.8000 -0.3500
v -0.3500 5.8000 -0.4500
v -0.3500 5.8000 -0.5500
v -0.3500 5.8000 -0.6500
v -0.3500 5.8000 0.7500
v -0.2500 5.8000 0.7500
v -0.2500 5.8000 0.6500
v -0.2500 5.8000 0.5500
v -0.2500 5.8000 0.4500
v -0.2500 5.8000 0.3500
v -0.2500 5.8000 0.2500
v -0.2500 5.8000 0.1500
v -0.2500 5.8000 0.0500
v -0.2500 5.8000 -0.0500
v -0.2500 5.8000 -0.1500
v -0.2500 5.8000 -0.2500
v -0.2500 5.8000 -0.3500
v -0.2500 5.8000 -0.4500
v -0.2500 5.8000 -0.5500
v -0.2500 5.8000 -0.6500
v -0.3500 5.8000 -0.7500
v -0.2500 5.8000 -0.7500
v -0.1500 5.8000 0.7500
v -0.1500 5.8000 0.6500
v -0.1500 5.8000 0.5500
v -0.1500 5.8000 0.4500
v -0.1500 5.8000 0.3500
v -0.1500 5.8000 0.2500
v -0.1500 5.8000 0.1500
v -0.1500 5.8000 0.0500
v -0.1500 5.8000 -0.0500
v -0.1500 5.8000 -0.1500
v -0.1500 5.8000 -0.2500
v -0.1500 5.8000 -0.3500
v -0.1500 5.8000 -0.4500
v -0.1500 5.8000 -0.5500
v -0.1500 5.8000 -0.6500
v -0.1500 5.8000 -0.7500
v -0.0500 5.8000 0.7500
v -0.0500 5.8000 0.6500
v -0.0500 5.8000 0.5500
v -0.0500 5.8000 0.4500
v -0.0500 5.8000 0.3500
v -0.0500 5.8000 0.2500
v -0.0500 5.8000 0.1500
v -0.0500 5.8000 0.0500
v -0.0500 5.8000 -0.0500
v -0.0500 5.8000 -0.1500
v -0.0500 5.8000 -0.2500
v -0.0500 5.8000 -0.3500
v -0.0500 5.8000 -0.4500
v -0.0500 5.8000 -0.5500
v -0.0500 5.8000 -0.6500
v -0.0500 5.8000 -0.7500
v 0.0500 5.8000 0.7500
v 0.0500 5.8000 0.8500
v -0.0500 5.8000 0.8500
v 0.0500 5.8000 0.6500
v 0.0500 5.8000 0.5500
v 0.0500 5.8000 0.4500
v 0.0500 5.8000 0.3500
v 0.0500 5.8000 0.2500
v 0.0500 5.8000 0.1500
v 0.0500 5.8000 0.0500
v 0.0500 5.8000 -0.0500
v 0.0500 5.8000 -0.1500
v 0.0500 5.8000 -0.2500
v 0.0500 5.8000 -0.3500
v 0.0500 5.8000 -0.4500
v 0.0500 5.8000 -0.5500
v 0.0500 5.8000 -0.6500
v 0.0500 5.8000 -0.7500
v 0.0500 5.8000 -0.8500
v -0.0500 5.8000 -0.8500
v 0.1500 5.8000 0.7500
v 0.1500 5.8000 0.6500
v 0.1500 5.8000 0.5500
v 0.1500 5.8000 0.4500
v 0.1500 5.8000 0.3500
v 0.1500 5.8000 0.2500
v 0.1500 5.8000 0.1500
v 0.1500 5.8000 0.0500
v 0.1500 5.8000 -0.0500
v 0.1500 5.8000 -0.1500
v 0.1500 5.8000 -0.2500
v 0.1500 5.8000 -0.3500
v 0.1500 5.8000 -0.4500
v 0.1500 5.8000 -0.5500
v 0.1500 5.8000 -0.6500
v 0.1500 5.8000 -0.7500
v 0.2500 5.8000 0.7500
v 0.2500 5.8000 0.6500
v 0.2500 5.8000 0.5500
v 0.2500 5.8000 0.4500
v 0.2500 5.8000 0.3500
v 0.2500 5.8000 0.2500
v 0.2500 5.8000 0.1500
v 0.2500 5.8000 0.0500
v 0.2500 5.8000 -0.0500
v 0.2500 5.8000 -0.1500
v 0.2500 5.8000 -0.2500
v 0.2500 5.8000 -0.3500
v 0.2500 5.8000 -0.4500
v 0.2500 5.8000 -0.5500
v 0.2500 5.8000 -0.6500
v 0.2500 5.8000 -0.7500
v 0.3500 5.8000 0.6500
v 0.3500 5.8000 0.7500
v 0.3500 5.8000 0.5500
v 0.3500 5.8000 0.4500
v 0.3500 5.8000 0.3500
v 0.3500 5.8000 0.2500
v 0.3500 5.8000 0.1500
v 0.3500 5.8000 0.0500
v 0.3500 5.8000 -0.0500
v 0.3500 5.8000 -0.1500
v 0.3500 5.8000 -0.2500
v 0.3500 5.8000 -0.3500
v 0.3500 5.8000 -0.4500
v 0.3500 5.8000 -0.5500
v 0.3500 5.8000 -0.6500
v 0.3500 5.8000 -0.7500
v 0.4500 5.8000 0.6500
v 0.4500 5.8000 0.5500
v 0.4500 5.8000 0.4500
v 0.4500 5.8000 0.3500
v 0.4500 5.8000 0.2500
v 0.4500 5.8000 0.1500
v 0.4500 5.8000 0.0500
v 0.4500 5.8000 -0.0500
v 0.4500 5.8000 -0.1500
v 0.4500 5.8000 -0.2500
v 0.4500 5.8000 -0.3500
v 0.4500 5.8000 -0.4500
v 0.4500 5.8000 -0.5500
v 0.4500 5.8000 -0.6500
v 0.5500 5.8000 0.5500
v 0.5500 5.8000 0.6500
v 0.5500 5.8000 0.4500
v 0.5500 5.8000 0.3500
v 0.5500 5.8000 0.2500
v 0.5500 5.8000 0.1500
v 0.5500 5.8000 0.0500
v 0.5500 5.8000 -0.0500
v 0.5500 5.8000 -0.1500
v 0.5500 5.8000 -0.2500
v 0.5500 5.8000 -0.3500
v 0.5500 5.8000 -0.4500
v 0.5500 5.8000 -0.5500
v 0.5500 5.8000 -0.6500
v 0.6500 5.8000 0.4500
v 0.6500 5.8000 0.5500
v 0.6500 5.8000 0.3500
v 0.6500 5.8000 0.2500
v 0.6500 5.8000 0.1500
v 0.6500 5.8000 0.0500
v 0.6500 5.8000 -0.0500
v 0.6500 5.8000 -0.1500
v 0.6500 5.8000 -0.2500
v 0.6500 5.8000 -0.3500
v 0.6500 5.8000 -0.4500
v 0.6500 5.8000 -0.5500
v 0.7500 5.8000 0.2500
v 0.7500 5.8000 0.3500
v 0.7500 5.8000 0.1500
v 0.7500 5.8000 0.0500
v 0.7500 5.8000 -0.0500
v 0.7500 5.8000 -0.1500
v 0.7500 5.8000 -0.2500
v 0.7500 5.8000 -0.3500
v 0.8500 5.8000 -0.0500
v 0.8500 5.8000 0.0500
usemtl c7
f 516 585 586 517
f 516 518 587 585
f 517 586 588 519
f 519 588 589 520
f 520 589 590 521
f 521 590 591 522
f 522 591 592 523
f 523 592 593 524
f 524 593 594 525
f 525 594 595 526
f 526 595 596 527
f 527 596 597 528
f 528 597 598 529
f 529 598 599 530
f 530 599 600 531
f 531 600 601 532
f 532 601 602 533
f 533 602 603 534
f 534 603 604 535
f 535 604 605 536
f 536 605 606 537
f 537 606 607 538
f 538 607 608 539
f 539 608 609 540
f 540 609 610 541
f 541 610 611 542
f 542 611 612 543
f 543 612 613 544
f 544 613 614 545
f 518 546 615 587
f 546 547 616 615
f 547 548 617 616
f 548 549 618 617
f 549 550 619 618
f 550 551 620 619
f 551 552 621 620
f 552 553 622 621
f 553 554 623 622
f 554 555 624 623
f 557 556 625 626
f 555 557 626 624
f 556 558 627 625
f 558 559 628 627
f 559 560 629 628
f 560 561 630 629
f 561 562 631 630
f 562 563 632 631
f 563 564 633 632
f 564 565 634 633
f 565 566 635 634
f 566 567 636 635
f 567 568 637 636
f 568 569 638 637
f 569 570 639 638
f 570 571 640 639
f 571 572 641 640
f 572 573 642 641
f 573 574 643 642
f 574 575 644 643
f 575 576 645 644
f 576 577 646 645
f 577 578 647 646
f 578 579 648 647
f 579 580 649 648
f 580 581 650 649
f 581 582 651 650
f 582 583 652 651
f 583 584 653 652
f 585 654 655 586
f 585 587 656 654
f 586 655 657 588
f 588 657 658 589
f 589 658 659 590
f 590 659 660 591
f 591 660 661 592
f 592 661 662 593
f 593 662 663 594
f 594 663 664 595
f 595 664 665 596
f 596 665 666 597
f 597 666 667 598
f 598 667 668 599
f 599 668 669 600
f 600 669 670 601
f 601 670 671 602
f 602 671 672 603
f 603 672 673 604
f 604 673 674 605
f 605 674 675 606
f 606 675 676 607
f 607 676 677 608
f 608 677 678 609
f 609 678 679 610
f 610 679 680 611
f 611 680 681 612
f 612 681 682 613
f 613 682 683 614
f 587 615 684 656
f 615 616 685 684
f 616 617 686 685
f 617 618 687 686
f 618 619 688 687
f 619 620 689 688
f 620 621 690 689
f 621 622 691 690
f 622 623 692 691
f 623 624 693 692
f 626 625 694 695
f 624 626 695 693
f 625 627 696 694
f 627 628 697 696
f 628 629 698 697
f 629 630 699 698
f 630 631 700 699
f 631 632 701 700
f 632 633 702 701
f 633 634 703 702
f 634 635 704 703
f 635 636 705 704
f 636 637 706 705
f 637 638 707 706
f 638 639 708 707
f 639 640 709 708
f 640 641 710 709
f 641 642 711 710
f 642 643 712 711
f 643 644 713 712
f 644 645 714 713
f 645 646 715 714
f 646 647 716 715
f 647 648 717 716
f 648 649 718 717
f 649 650 719 718
f 650 651 720 719
f 651 652 721 720
f 652 653 722 721
f 654 723 724 655
f 654 656 725 723
f 655 724 726 657
f 657 726 727 658
f 658 727 728 659
f 659 728 729 660
f 660 729 730 661
f 661 730 731 662
f 662 731 732 663
f 663 732 733 664
f 664 733 734 665
f 665 734 735 666
f 666 735 736 667
f 667 736 737 668
f 668 737 738 669
f 669 738 739 670
f 670 739 740 671
f 671 740 741 672
f 672 741 742 673
f 673 742 743 674
f 674 743 744 675
f 675 744 745 676
f 676 745 746 677
f 677 746 747 678
f 678 747 748 679
f 679 748 749 680
f 680 749 750 681
f 681 750 751 682
f 682 751 752 683
f 656 684 753 725
f 684 685 754 753
f 685 686 755 754
f 686 687 756 755
f 687 688 757 756
f 688 689 758 757
f 689 690 759 758
f 690 691 760 759
f 691 692 761 760
f 692 693 762 761
f 695 694 763 764
f 693 695 764 762
f 694 696 765 763
f 696 697 766 765
f 697 698 767 766
f 698 699 768 767
f 699 700 769 768
f 700 701 770 769
f 701 702 771 770
f 702 703 772 771
f 703 704 773 772
f 704 705 774 773
f 705 706 775 774
f 706 707 776 775
f 707 708 777 776
f 708 709 778 777
f 709 710 779 778
f 710 711 780 779
f 711 712 781 780
f 712 713 782 781
f 713 714 783 782
f 714 715 784 783
f 715 716 785 784
f 716 717 786 785
f 717 718 787 786
f 718 719 788 787
f 719 720 789 788
f 720 721 790 789
f 721 722 791 790
f 723 792 793 724
f 723 725 794 792
f 724 793 795 726
f 726 795 796 727
f 727 796 797 728
f 728 797 798 729
f 729 798 799 730
f 730 799 800 731
f 731 800 801 732
f 732 801 802 733
f 733 802 803 734
f 734 803 804 735
f 735 804 805 736
f 736 805 806 737
f 737 806 807 738
f 738 807 808 739
f 739 808 809 740
f 740 809 810 741
f 741 810 811 742
f 742 811 812 743
f 743 812 813 744
f 744 813 814 745
f 745 814 815 746
f 746 815 816 747
f 747 816 817 748
f 748 817 818 749
f 749 818 819 750
f 750 819 820 751
f 751 820 821 752
f 725 753 822 794
f 753 754 823 822
f 754 755 824 823
f 755 756 825 824
f 756 757 826 825
f 757 758 827 826
f 758 759 828 827
f 759 760 829 828
f 760 761 830 829
f 761 762 831 830
f 764 763 832 833
f 762 764 833 831
f 763 765 834 832
f 765 766 835 834
f 766 767 836 835
f 767 768 837 836
f 768 769 838 837
f 769 770 839 838
f 770 771 840 839
f 771 772 841 840
f 772 773 842 841
f 773 774 843 842
f 774 775 844 843
f 775 776 845 844
f 776 777 846 845
f 777 778 847 846
f 778 779 848 847
f 779 780 849 848
f 780 781 850 849
f 781 782 851 850
f 782 783 852 851
f 783 784 853 852
f 784 785 854 853
f 785 786 855 854
f 786 787 856 855
f 787 788 857 856
f 788 789 858 857
f 789 790 859 858
f 790 791 860 859
f 792 861 862 793
f 792 794 863 861
f 793 862 864 795
f 795 864 865 796
f 796 865 866 797
f 797 866 867 798
f 798 867 868 799
f 799 868 869 800
f 800 869 870 801
f 801 870 871 802
f 802 871 872 803
f 803 872 873 804
f 804 873 874 805
f 805 874 875 806
f 806 875 876 807
f 807 876 877 808
f 808 877 878 809
f 809 878 879 810
f 810 879 880 811
f 811 880 881 812
f 812 881 882 813
f 813 882 883 814
f 814 883 884 815
f 815 884 885 816
f 816 885 886 817
f 817 886 887 818
f 818 887 888 819
f 819 888 889 820
f 820 889 890 821
f 794 822 891 863
f 822 823 892 891
f 823 824 893 892
f 824 825 894 893
f 825 826 895 894
f 826 827 896 895
f 827 828 897 896
f 828 829 898 897
f 829 830 899 898
f 830 831 900 899
f 833 832 901 902
f 831 833 902 900
f 832 834 903 901
f 834 835 904 903
f 835 836 905 904
f 836 837 906 905
f 837 838 907 906
f 838 839 908 907
f 839 840 909 908
f 840 841 910 909
f 841 842 911 910
f 842 843 912 911
f 843 844 913 912
f 844 845 914 913
f 845 846 915 914
f 846 847 916 915
f 847 848 917 916
f 848 849 918 917
f 849 850 919 918
f 850 851 920 919
f 851 852 921 920
f 852 853 922 921
f 853 854 923 922
f 854 855 924 923
f 855 856 925 924
f 856 857 926 925
f 857 858 927 926
f 858 859 928 927
f 859 860 929 928
f 861 930 931 862
f 861 863 932 930
f 862 931 933 864
f 864 933 934 865
f 865 934 935 866
f 866 935 936 867
f 867 936 937 868
f 868 937 938 869
f 869 938 939 870
f 870 939 940 871
f 871 940 941 872
f 872 941 942 873
f 873 942 943 874
f 874 943 944 875
f 875 944 945 876
f 876 945 946 877
f 877 946 947 878
f 878 947 948 879
f 879 948 949 880
f 880 949 950 881
f 881 950 951 882
f 882 951 952 883
f 883 952 953 884
f 884 953 954 885
f 885 954 955 886
f 886 955 956 887
f 887 956 957 888
f 888 957 958 889
f 889 958 959 890
f 863 891 960 932
f 891 892 961 960
f 892 893 962 961
f 893 894 963 962
f 894 895 964 963
f 895 896 965 964
f 896 897 966 965
f 897 898 967 966
f 898 899 968 967
f 899 900 969 968
f 902 901 970 971
f 900 902 971 969
f 901 903 972 970
f 903 904 973 972
f 904 905 974 973
f 905 906 975 974
f 906 907 976 975
f 907 908 977 976
f 908 909 978 977
f 909 910 979 978
f 910 911 980 979
f 911 912 981 980
f 912 913 982 981
f 913 914 983 982
f 914 915 984 983
f 915 916 985 984
f 916 917 986 985
f 917 918 987 986
f 918 919 988 987
f 919 920 989 988
f 920 921 990 989
f 921 922 991 990
f 922 923 992 991
f 923 924 993 992
f 924 925 994 993
f 925 926 995 994
f 926 927 996 995
f 927 928 997 996
f 928 929 998 997
f 930 999 1000 931
f 930 932 1001 999
f 931 1000 1002 933
f 933 1002 1003 934
f 934 1003 1004 935
f 935 1004 1005 936
f 936 1005 1006 937
f 937 1006 1007 938
f 938 1007 1008 939
f 939 1008 1009 940
f 940 1009 1010 941
f 941 1010 1011 942
f 942 1011 1012 943
f 943 1012 1013 944
f 944 1013 1014 945
f 945 1014 1015 946
f 946 1015 1016 947
f 947 1016 1017 948
f 948 1017 1018 949
f 949 1018 1019 950
f 950 1019 1020 951
f 951 1020 1021 952
f 952 1021 1022 953
f 953 1022 1023 954
f 954 1023 1024 955
f 955 1024 1025 956
f 956 1025 1026 957
f 957 1026 1027 958
f 958 1027 1028 959
f 932 960 1029 1001
f 960 961 1030 1029
f 961 962 1031 1030
f 962 963 1032 1031
f 963 964 1033 1032
f 964 965 1034 1033
f 965 966 1035 1034
f 966 967 1036 1035
f 967 968 1037 1036
f 968 969 1038 1037
f 971 970 1039 1040
f 969 971 1040 1038
f 970 972 1041 1039
f 972 973 1042 1041
f 973 974 1043 1042
f 974 975 1044 1043
f 975 976 1045 1044
f 976 977 1046 1045
f 977 978 1047 1046
f 978 979 1048 1047
f 979 980 1049 1048
f 980 981 1050 1049
f 981 982 1051 1050
f 982 983 1052 1051
f 983 984 1053 1052
f 984 985 1054 1053
f 985 986 1055 1054
f 986 987 1056 1055
f 987 988 1057 1056
f 988 989 1058 1057
f 989 990 1059 1058
f 990 991 1060 1059
f 991 992 1061 1060
f 992 993 1062 1061
f 993 994 1063 1062
f 994 995 1064 1063
f 995 996 1065 1064
f 996 997 1066 1065
f 997 998 1067 1066
f 999 1068 1069 1000
f 999 1001 1070 1068
f 1000 1069 1071 1002
f 1002 1071 1072 1003
f 1003 1072 1073 1004
f 1004 1073 1074 1005
f 1005 1074 1075 1006
f 1006 1075 1076 1007
f 1007 1076 1077 1008
f 1008 1077 1078 1009
f 1009 1078 1079 1010
f 1010 1079 1080 1011
f 1011 1080 1081 1012
f 1012 1081 1082 1013
f 1013 1082 1083 1014
f 1014 1083 1084 1015
f 1015 1084 1085 1016
f 1016 1085 1086 1017
f 1017 1086 1087 1018
f 1018 1087 1088 1019
f 1019 1088 1089 1020
f 1020 1089 1090 1021
f 1021 1090 1091 1022
f 1022 1091 1092 1023
f 1023 1092 1093 1024
f 1024 1093 1094 1025
f 1025 1094 1095 1026
f 1026 1095 1096 1027
f 1027 1096 1097 1028
f 1001 1029 1098 1070
f 1029 1030 1099 1098
f 1030 1031 1100 1099
f 1031 1032 1101 1100
f 1032 1033 1102 1101
f 1033 1034 1103 1102
f 1034 1035 1104 1103
f 1035 1036 1105 1104
f 1036 1037 1106 1105
f 1037 1038 1107 1106
f 1040 1039 1108 1109
f 1038 1040 1109 1107
f 1039 1041 1110 1108
f 1041 1042 1111 1110
f 1042 1043 1112 1111
f 1043 1044 1113 1112
f 1044 1045 1114 1113
f 1045 1046 1115 1114
f 1046 1047 1116 1115
f 1047 1048 1117 1116
f 1048 1049 1118 1117
f 1049 1050 1119 1118
f 1050 1051 1120 1119
f 1051 1052 1121 1120
f 1052 1053 1122 1121
f 1053 1054 1123 1122
f 1054 1055 1124 1123
f 1055 1056 1125 1124
f 1056 1057 1126 1125
f 1057 1058 1127 1126
f 1058 1059 1128 1127
f 1059 1060 1129 1128
f 1060 1061 1130 1129
f 1061 1062 1131 1130
f 1062 1063 1132 1131
f 1063 1064 1133 1132
f 1064 1065 1134 1133
f 1065 1066 1135 1134
f 1066 1067 1136 1135
f 1137 1138 1139 1140
f 1068 1137 1140 1069
f 1068 1070 1138 1137
f 1140 1139 1141 1142
f 1069 1140 1142 1071
f 1142 1141 1143 1144
f 1071 1142 1144 1072
f 1144 1143 1145 1146
f 1072 1144 1146 1073
f 1146 1145 1147 1148
f 1073 1146 1148 1074
f 1148 1147 1149 1150
f 1074 1148 1150 1075
f 1150 1149 1151 1152
f 1075 1150 1152 1076
f 1152 1151 1153 1154
f 1076 1152 1154 1077
f 1154 1153 1155 1156
f 1077 1154 1156 1078
f 1156 1155 1157 1158
f 1078 1156 1158 1079
f 1158 1157 1159 1160
f 1079 1158 1160 1080
f 1160 1159 1161 1162
f 1080 1160 1162 1081
f 1162 1161 1163 1164
f 1081 1162 1164 1082
f 1164 1163 1165 1166
f 1082 1164 1166 1083
f 1166 1165 1167 1168
f 1083 1166 1168 1084
f 1168 1167 1169 1170
f 1084 1168 1170 1085
f 1170 1169 1171 1172
f 1085 1170 1172 1086
f 1172 1171 1173 1174
f 1086 1172 1174 1087
f 1174 1173 1175 1176
f 1087 1174 1176 1088
f 1176 1175 1177 1178
f 1088 1176 1178 1089
f 1178 1177 1179 1180
f 1089 1178 1180 1090
f 1180 1179 1181 1182
f 1090 1180 1182 1091
f 1182 1181 1183 1184
f 1091 1182 1184 1092
f 1184 1183 1185 1186
f 1092 1184 1186 1093
f 1186 1185 1187 1188
f 1093 1186 1188 1094
f 1188 1187 1189 1190
f 1094 1188 1190 1095
f 1190 1189 1191 1192
f 1095 1190 1192 1096
f 1192 1191 1193 1194
f 1096 1192 1194 1097
f 1138 1195 1196 1139
f 1070 1098 1195 1138
f 1139 1196 1197 1141
f 1141 1197 1198 1143
f 1143 1198 1199 1145
f 1145 1199 1200 1147
f 1147 1200 1201 1149
f 1149 1201 1202 1151
f 1151 1202 1203 1153
f 1153 1203 1204 1155
f 1155 1204 1205 1157
f 1157 1205 1206 1159
f 1159 1206 1207 1161
f 1161 1207 1208 1163
f 1163 1208 1209 1165
f 1165 1209 1210 1167
f 1167 1210 1211 1169
f 1169 1211 1212 1171
f 1171 1212 1213 1173
f 1173 1213 1214 1175
f 1175 1214 1215 1177
f 1177 1215 1216 1179
f 1179 1216 1217 1181
f 1181 1217 1218 1183
f 1183 1218 1219 1185
f 1185 1219 1220 1187
f 1187 1220 1221 1189
f 1189 1221 1222 1191
f 1191 1222 1223 1193
f 1195 1224 1225 1196
f 1098 1099 1224 1195
f 1196 1225 1226 1197
f 1197 1226 1227 1198
f 1198 1227 1228 1199
f 1199 1228 1229 1200
f 1200 1229 1230 1201
f 1201 1230 1231 1202
f 1202 1231 1232 1203
f 1203 1232 1233 1204
f 1204 1233 1234 1205
f 1205 1234 1235 1206
f 1206 1235 1236 1207
f 1207 1236 1237 1208
f 1208 1237 1238 1209
f 1209 1238 1239 1210
f 1210 1239 1240 1211
f 1211 1240 1241 1212
f 1212 1241 1242 1213
f 1213 1242 1243 1214
f 1214 1243 1244 1215
f 1215 1244 1245 1216
f 1216 1245 1246 1217
f 1217 1246 1247 1218
f 1218 1247 1248 1219
f 1219 1248 1249 1220
f 1220 1249 1250 1221
f 1221 1250 1251 1222
f 1222 1251 1252 1223
f 1224 1253 1254 1225
f 1099 1100 1253 1224
f 1225 1254 1255 1226
f 1226 1255 1256 1227
f 1227 1256 1257 1228
f 1228 1257 1258 1229
f 1229 1258 1259 1230
f 1230 1259 1260 1231
f 1231 1260 1261 1232
f 1232 1261 1262 1233
f 1233 1262 1263 1234
f 1234 1263 1264 1235
f 1235 1264 1265 1236
f 1236 1265 1266 1237
f 1237 1266 1267 1238
f 1238 1267 1268 1239
f 1239 1268 1269 1240
f 1240 1269 1270 1241
f 1241 1270 1271 1242
f 1242 1271 1272 1243
f 1243 1272 1273 1244
f 1244 1273 1274 1245
f 1245 1274 1275 1246
f 1246 1275 1276 1247
f 1247 1276 1277 1248
f 1248 1277 1278 1249
f 1249 1278 1279 1250
f 1250 1279 1280 1251
f 1251 1280 1281 1252
f 1253 1282 1283 1254
f 1100 1101 1282 1253
f 1254 1283 1284 1255
f 1255 1284 1285 1256
f 1256 1285 1286 1257
f 1257 1286 1287 1258
f 1258 1287 1288 1259
f 1259 1288 1289 1260
f 1260 1289 1290 1261
f 1261 1290 1291 1262
f 1262 1291 1292 1263
f 1263 1292 1293 1264
f 1264 1293 1294 1265
f 1265 1294 1295 1266
f 1266 1295 1296 1267
f 1267 1296 1297 1268
f 1268 1297 1298 1269
f 1269 1298 1299 1270
f 1270 1299 1300 1271
f 1271 1300 1301 1272
f 1272 1301 1302 1273
f 1273 1302 1303 1274
f 1274 1303 1304 1275
f 1275 1304 1305 1276
f 1276 1305 1306 1277
f 1277 1306 1307 1278
f 1278 1307 1308 1279
f 1279 1308 1309 1280
f 1280 1309 1310 1281
f 1282 1311 1312 1283
f 1101 1102 1311 1282
f 1283 1312 1313 1284
f 1284 1313 1314 1285
f 1285 1314 1315 1286
f 1286 1315 1316 1287
f 1287 1316 1317 1288
f 1288 1317 1318 1289
f 1289 1318 1319 1290
f 1290 1319 1320 1291
f 1291 1320 1321 1292
f 1292 1321 1322 1293
f 1293 1322 1323 1294
f 1294 1323 1324 1295
f 1295 1324 1325 1296
f 1296 1325 1326 1297
f 1297 1326 1327 1298
f 1298 1327 1328 1299
f 1299 1328 1329 1300
f 1300 1329 1330 1301
f 1301 1330 1331 1302
f 1302 1331 1332 1303
f 1303 1332 1333 1304
f 1304 1333 1334 1305
f 1305 1334 1335 1306
f 1306 1335 1336 1307
f 1307 1336 1337 1308
f 1308 1337 1338 1309
f 1309 1338 1339 1310
f 1311 1340 1341 1312
f 1102 1103 1340 1311
f 1312 1341 1342 1313
f 1313 1342 1343 1314
f 1314 1343 1344 1315
f 1315 1344 1345 1316
f 1316 1345 1346 1317
f 1317 1346 1347 1318
f 1318 1347 1348 1319
f 1319 1348 1349 1320
f 1320 1349 1350 1321
f 1321 1350 1351 1322
f 1322 1351 1352 1323
f 1323 1352 1353 1324
f 1324 1353 1354 1325
f 1325 1354 1355 1326
f 1326 1355 1356 1327
f 1327 1356 1357 1328
f 1328 1357 1358 1329
f 1329 1358 1359 1330
f 1330 1359 1360 1331
f 1331 1360 1361 1332
f 1332 1361 1362 1333
f 1333 1362 1363 1334
f 1334 1363 1364 1335
f 1335 1364 1365 1336
f 1336 1365 1366 1337
f 1337 1366 1367 1338
f 1338 1367 1368 1339
f 1340 1369 1370 1341
f 1103 1104 1369 1340
f 1341 1370 1371 1342
f 1342 1371 1372 1343
f 1343 1372 1373 1344
f 1344 1373 1374 1345
f 1345 1374 1375 1346
f 1346 1375 1376 1347
f 1347 1376 1377 1348
f 1348 1377 1378 1349
f 1349 1378 1379 1350
f 1350 1379 1380 1351
f 1351 1380 1381 1352
f 1352 1381 1382 1353
f 1353 1382 1383 1354
f 1354 1383 1384 1355
f 1355 1384 1385 1356
f 1356 1385 1386 1357
f 1357 1386 1387 1358
f 1358 1387 1388 1359
f 1359 1388 1389 1360
f 1360 1389 1390 1361
f 1361 1390 1391 1362
f 1362 1391 1392 1363
f 1363 1392 1393 1364
f 1364 1393 1394 1365
f 1365 1394 1395 1366
f 1366 1395 1396 1367
f 1367 1396 1397 1368
f 1369 1398 1399 1370
f 1104 1105 1398 1369
f 1370 1399 1400 1371
f 1371 1400 1401 1372
f 1372 1401 1402 1373
f 1373 1402 1403 1374
f 1374 1403 1404 1375
f 1375 1404 1405 1376
f 1376 1405 1406 1377
f 1377 1406 1407 1378
f 1378 1407 1408 1379
f 1379 1408 1409 1380
f 1380 1409 1410 1381
f 1381 1410 1411 1382
f 1382 1411 1412 1383
f 1383 1412 1413 1384
f 1384 1413 1414 1385
f 1385 1414 1415 1386
f 1386 1415 1416 1387
f 1387 1416 1417 1388
f 1388 1417 1418 1389
f 1389 1418 1419 1390
f 1390 1419 1420 1391
f 1391 1420 1421 1392
f 1392 1421 1422 1393
f 1393 1422 1423 1394
f 1394 1423 1424 1395
f 1395 1424 1425 1396
f 1396 1425 1426 1397
f 1398 1427 1428 1399
f 1105 1106 1427 1398
f 1399 1428 1429 1400
f 1400 1429 1430 1401
f 1401 1430 1431 1402
f 1402 1431 1432 1403
f 1403 1432 1433 1404
f 1404 1433 1434 1405
f 1405 1434 1435 1406
f 1406 1435 1436 1407
f 1407 1436 1437 1408
f 1408 1437 1438 1409
f 1409 1438 1439 1410
f 1410 1439 1440 1411
f 1411 1440 1441 1412
f 1412 1441 1442 1413
f 1413 1442 1443 1414
f 1414 1443 1444 1415
f 1415 1444 1445 1416
f 1416 1445 1446 1417
f 1417 1446 1447 1418
f 1418 1447 1448 1419
f 1419 1448 1449 1420
f 1420 1449 1450 1421
f 1421 1450 1451 1422
f 1422 1451 1452 1423
f 1423 1452 1453 1424
f 1424 1453 1454 1425
f 1425 1454 1455 1426
f 1427 1456 1457 1428
f 1106 1107 1456 1427
f 1428 1457 1458 1429
f 1429 1458 1459 1430
f 1430 1459 1460 1431
f 1431 1460 1461 1432
f 1432 1461 1462 1433
f 1433 1462 1463 1434
f 1434 1463 1464 1435
f 1435 1464 1465 1436
f 1436 1465 1466 1437
f 1437 1466 1467 1438
f 1438 1467 1468 1439
f 1439 1468 1469 1440
f 1440 1469 1470 1441
f 1441 1470 1471 1442
f 1442 1471 1472 1443
f 1443 1472 1473 1444
f 1444 1473 1474 1445
f 1445 1474 1475 1446
f 1446 1475 1476 1447
f 1447 1476 1477 1448
f 1448 1477 1478 1449
f 1449 1478 1479 1450
f 1450 1479 1480 1451
f 1451 1480 1481 1452
f 1452 1481 1482 1453
f 1453 1482 1483 1454
f 1454 1483 1484 1455
f 1456 1485 1486 1457
f 1109 1108 1486 1485
f 1107 1109 1485 1456
f 1457 1486 1487 1458
f 1108 1110 1487 1486
f 1458 1487 1488 1459
f 1110 1111 1488 1487
f 1459 1488 1489 1460
f 1111 1112 1489 1488
f 1460 1489 1490 1461
f 1112 1113 1490 1489
f 1461 1490 1491 1462
f 1113 1114 1491 1490
f 1462 1491 1492 1463
f 1114 1115 1492 1491
f 1463 1492 1493 1464
f 1115 1116 1493 1492
f 1464 1493 1494 1465
f 1116 1117 1494 1493
f 1465 1494 1495 1466
f 1117 1118 1495 1494
f 1466 1495 1496 1467
f 1118 1119 1496 1495
f 1467 1496 1497 1468
f 1119 1120 1497 1496
f 1468 1497 1498 1469
f 1120 1121 1498 1497
f 1469 1498 1499 1470
f 1121 1122 1499 1498
f 1470 1499 1500 1471
f 1122 1123 1500 1499
f 1471 1500 1501 1472
f 1123 1124 1501 1500
f 1472 1501 1502 1473
f 1124 1125 1502 1501
f 1473 1502 1503 1474
f 1125 1126 1503 1502
f 1474 1503 1504 1475
f 1126 1127 1504 1503
f 1475 1504 1505 1476
f 1127 1128 1505 1504
f 1476 1505 1506 1477
f 1128 1129 1506 1505
f 1477 1506 1507 1478
f 1129 1130 1507 1506
f 1478 1507 1508 1479
f 1130 1131 1508 1507
f 1479 1508 1509 1480
f 1131 1132 1509 1508
f 1480 1509 1510 1481
f 1132 1133 1510 1509
f 1481 1510 1511 1482
f 1133 1134 1511 1510
f 1482 1511 1512 1483
f 1134 1135 1512 1511
f 1483 1512 1513 1484
f 1135 1136 1513 1512
usemtl c8
f 1 2 3 4
f 1 5 6 2
f 1 4 7 5
f 2 8 9 3
f 2 6 10 8
f 8 11 12 9
f 8 10 13 11
f 11 14 15 12
f 11 13 16 14
f 14 17 18 15
f 14 16 19 17
f 17 20 21 18
f 17 19 22 20
f 20 23 24 21
f 20 22 25 23
f 23 26 27 24
f 23 25 28 26
f 26 29 30 27
f 26 28 31 29
f 29 32 33 30
f 29 31 34 32
f 32 35 36 33
f 32 34 37 35
f 35 38 39 36
f 35 37 40 38
f 38 41 42 39
f 38 40 43 41
f 41 44 45 42
f 41 43 46 44
f 44 47 48 45
f 44 46 49 47
f 47 50 51 48
f 47 49 52 50
f 50 53 54 51
f 50 52 55 53
f 53 56 57 54
f 53 55 58 56
f 56 59 60 57
f 56 58 61 59
f 59 62 63 60
f 59 61 64 62
f 62 65 66 63
f 62 64 67 65
f 65 68 69 66
f 65 67 70 68
f 68 71 72 69
f 68 70 73 71
f 71 74 75 72
f 71 73 76 74
f 74 77 78 75
f 74 76 79 77
f 77 80 81 78
f 77 79 82 80
f 80 83 84 81
f 80 82 85 83
f 83 86 87 84
f 83 85 88 86
f 4 3 89 90
f 4 90 91 7
f 3 9 92 89
f 9 12 93 92
f 12 15 94 93
f 15 18 95 94
f 18 21 96 95
f 21 24 97 96
f 24 27 98 97
f 27 30 99 98
f 30 33 100 99
f 33 36 101 100
f 36 39 102 101
f 39 42 103 102
f 42 45 104 103
f 45 48 105 104
f 48 51 106 105
f 51 54 107 106
f 54 57 108 107
f 57 60 109 108
f 60 63 110 109
f 63 66 111 110
f 66 69 112 111
f 69 72 113 112
f 72 75 114 113
f 75 78 115 114
f 78 81 116 115
f 81 84 117 116
f 84 87 118 117
f 90 89 119 120
f 90 120 121 91
f 89 92 122 119
f 92 93 123 122
f 93 94 124 123
f 94 95 125 124
f 95 96 126 125
f 96 97 127 126
f 97 98 128 127
f 98 99 129 128
f 99 100 130 129
f 100 101 131 130
f 101 102 132 131
f 102 103 133 132
f 103 104 134 133
f 104 105 135 134
f 105 106 136 135
f 106 107 137 136
f 107 108 138 137
f 108 109 139 138
f 109 110 140 139
f 110 111 141 140
f 111 112 142 141
f 112 113 143 142
f 113 114 144 143
f 114 115 145 144
f 115 116 146 145
f 116 117 147 146
f 117 118 148 147
f 120 119 149 150
f 120 150 151 121
f 119 122 152 149
f 122 123 153 152
f 123 124 154 153
f 124 125 155 154
f 125 126 156 155
f 126 127 157 156
f 127 128 158 157
f 128 129 159 158
f 129 130 160 159
f 130 131 161 160
f 131 132 162 161
f 132 133 163 162
f 133 134 164 163
f 134 135 165 164
f 135 136 166 165
f 136 137 167 166
f 137 138 168 167
f 138 139 169 168
f 139 140 170 169
f 140 141 171 170
f 141 142 172 171
f 142 143 173 172
f 143 144 174 173
f 144 145 175 174
f 145 146 176 175
f 146 147 177 176
f 147 148 178 177
f 150 149 179 180
f 150 180 181 151
f 149 152 182 179
f 152 153 183 182
f 153 154 184 183
f 154 155 185 184
f 155 156 186 185
f 156 157 187 186
f 157 158 188 187
f 158 159 189 188
f 159 160 190 189
f 160 161 191 190
f 161 162 192 191
f 162 163 193 192
f 163 164 194 193
f 164 165 195 194
f 165 166 196 195
f 166 167 197 196
f 167 168 198 197
f 168 169 199 198
f 169 170 200 199
f 170 171 201 200
f 171 172 202 201
f 172 173 203 202
f 173 174 204 203
f 174 175 205 204
f 175 176 206 205
f 176 177 207 206
f 177 178 208 207
f 180 179 209 210
f 180 210 211 181
f 179 182 212 209
f 182 183 213 212
f 183 184 214 213
f 184 185 215 214
f 185 186 216 215
f 186 187 217 216
f 187 188 218 217
f 188 189 219 218
f 189 190 220 219
f 190 191 221 220
f 191 192 222 221
f 192 193 223 222
f 193 194 224 223
f 194 195 225 224
f 195 196 226 225
f 196 197 227 226
f 197 198 228 227
f 198 199 229 228
f 199 200 230 229
f 200 201 231 230
f 201 202 232 231
f 202 203 233 232
f 203 204 234 233
f 204 205 235 234
f 205 206 236 235
f 206 207 237 236
f 207 208 238 237
f 210 209 239 240
f 210 240 241 211
f 209 212 242 239
f 212 213 243 242
f 213 214 244 243
f 214 215 245 244
f 215 216 246 245
f 216 217 247 246
f 217 218 248 247
f 218 219 249 248
f 219 220 250 249
f 220 221 251 250
f 221 222 252 251
f 222 223 253 252
f 223 224 254 253
f 224 225 255 254
f 225 226 256 255
f 226 227 257 256
f 227 228 258 257
f 228 229 259 258
f 229 230 260 259
f 230 231 261 260
f 231 232 262 261
f 232 233 263 262
f 233 234 264 263
f 234 235 265 264
f 235 236 266 265
f 236 237 267 266
f 237 238 268 267
f 240 239 269 270
f 240 270 271 241
f 239 242 272 269
f 242 243 273 272
f 243 244 274 273
f 244 245 275 274
f 245 246 276 275
f 246 247 277 276
f 247 248 278 277
f 248 249 279 278
f 249 250 280 279
f 250 251 281 280
f 251 252 282 281
f 252 253 283 282
f 253 254 284 283
f 254 255 285 284
f 255 256 286 285
f 256 257 287 286
f 257 258 288 287
f 258 259 289 288
f 259 260 290 289
f 260 261 291 290
f 261 262 292 291
f 262 263 293 292
f 263 264 294 293
f 264 265 295 294
f 265 266 296 295
f 266 267 297 296
f 267 268 298 297
f 270 269 299 300
f 270 300 301 271
f 269 272 302 299
f 272 273 303 302
f 273 274 304 303
f 274 275 305 304
f 275 276 306 305
f 276 277 307 306
f 277 278 308 307
f 278 279 309 308
f 279 280 310 309
f 280 281 311 310
f 281 282 312 311
f 282 283 313 312
f 283 284 314 313
f 284 285 315 314
f 285 286 316 315
f 286 287 317 316
f 287 288 318 317
f 288 289 319 318
f 289 290 320 319
f 290 291 321 320
f 291 292 322 321
f 292 293 323 322
f 293 294 324 323
f 294 295 325 324
f 295 296 326 325
f 296 297 327 326
f 297 298 328 327
f 300 299 329 330
f 300 330 331 301
f 299 302 332 329
f 302 303 333 332
f 303 304 334 333
f 304 305 335 334
f 305 306 336 335
f 306 307 337 336
f 307 308 338 337
f 308 309 339 338
f 309 310 340 339
f 310 311 341 340
f 311 312 342 341
f 312 313 343 342
f 313 314 344 343
f 314 315 345 344
f 315 316 346 345
f 316 317 347 346
f 317 318 348 347
f 318 319 349 348
f 319 320 350 349
f 320 321 351 350
f 321 322 352 351
f 322 323 353 352
f 323 324 354 353
f 324 325 355 354
f 325 326 356 355
f 326 327 357 356
f 327 328 358 357
f 330 329 359 360
f 330 360 361 331
f 329 332 362 359
f 332 333 363 362
f 333 334 364 363
f 334 335 365 364
f 335 336 366 365
f 336 337 367 366
f 337 338 368 367
f 338 339 369 368
f 339 340 370 369
f 340 341 371 370
f 341 342 372 371
f 342 343 373 372
f 343 344 374 373
f 344 345 375 374
f 345 346 376 375
f 346 347 377 376
f 347 348 378 377
f 348 349 379 378
f 349 350 380 379
f 350 351 381 380
f 351 352 382 381
f 352 353 383 382
f 353 354 384 383
f 354 355 385 384
f 355 356 386 385
f 356 357 387 386
f 357 358 388 387
f 360 359 389 390
f 390 389 391 392
f 360 390 392 361
f 359 362 393 389
f 389 393 394 391
f 362 363 395 393
f 393 395 396 394
f 363 364 397 395
f 395 397 398 396
f 364 365 399 397
f 397 399 400 398
f 365 366 401 399
f 399 401 402 400
f 366 367 403 401
f 401 403 404 402
f 367 368 405 403
f 403 405 406 404
f 368 369 407 405
f 405 407 408 406
f 369 370 409 407
f 407 409 410 408
f 370 371 411 409
f 409 411 412 410
f 371 372 413 411
f 411 413 414 412
f 372 373 415 413
f 413 415 416 414
f 373 374 417 415
f 415 417 418 416
f 374 375 419 417
f 417 419 420 418
f 375 376 421 419
f 419 421 422 420
f 376 377 423 421
f 421 423 424 422
f 377 378 425 423
f 423 425 426 424
f 378 379 427 425
f 425 427 428 426
f 379 380 429 427
f 427 429 430 428
f 380 381 431 429
f 429 431 432 430
f 381 382 433 431
f 431 433 434 432
f 382 383 435 433
f 433 435 436 434
f 383 384 437 435
f 435 437 438 436
f 384 385 439 437
f 437 439 440 438
f 385 386 441 439
f 439 441 442 440
f 386 387 443 441
f 441 443 444 442
f 387 388 445 443
f 443 445 446 444
f 5 447 448 6
f 5 7 449 447
f 6 448 450 10
f 10 450 451 13
f 13 451 452 16
f 16 452 453 19
f 19 453 454 22
f 22 454 455 25
f 25 455 456 28
f 28 456 457 31
f 31 457 458 34
f 34 458 459 37
f 37 459 460 40
f 40 460 461 43
f 43 461 462 46
f 46 462 463 49
f 49 463 464 52
f 52 464 465 55
f 55 465 466 58
f 58 466 467 61
f 61 467 468 64
f 64 468 469 67
f 67 469 470 70
f 70 470 471 73
f 73 471 472 76
f 76 472 473 79
f 79 473 474 82
f 82 474 475 85
f 85 475 476 88
f 7 91 477 449
f 91 121 478 477
f 121 151 479 478
f 151 181 480 479
f 181 211 481 480
f 211 241 482 481
f 241 271 483 482
f 271 301 484 483
f 301 331 485 484
f 331 361 486 485
f 392 391 487 488
f 361 392 488 486
f 391 394 489 487
f 394 396 490 489
f 396 398 491 490
f 398 400 492 491
f 400 402 493 492
f 402 404 494 493
f 404 406 495 494
f 406 408 496 495
f 408 410 497 496
f 410 412 498 497
f 412 414 499 498
f 414 416 500 499
f 416 418 501 500
f 418 420 502 501
f 420 422 503 502
f 422 424 504 503
f 424 426 505 504
f 426 428 506 505
f 428 430 507 506
f 430 432 508 507
f 432 434 509 508
f 434 436 510 509
f 436 438 511 510
f 438 440 512 511
f 440 442 513 512
f 442 444 514 513
f 444 446 515 514
f 447 516 517 448
f 447 449 518 516
f 448 517 519 450
f 450 519 520 451
f 451 520 521 452
f 452 521 522 453
f 453 522 523 454
f 454 523 524 455
f 455 524 525 456
f 456 525 526 457
f 457 526 527 458
f 458 527 528 459
f 459 528 529 460
f 460 529 530 461
f 461 530 531 462
f 462 531 532 463
f 463 532 533 464
f 464 533 534 465
f 465 534 535 466
f 466 535 536 467
f 467 536 537 468
f 468 537 538 469
f 469 538 539 470
f 470 539 540 471
f 471 540 541 472
f 472 541 542 473
f 473 542 543 474
f 474 543 544 475
f 475 544 545 476
f 449 477 546 518
f 477 478 547 546
f 478 479 548 547
f 479 480 549 548
f 480 481 550 549
f 481 482 551 550
f 482 483 552 551
f 483 484 553 552
f 484 485 554 553
f 485 486 555 554
f 488 487 556 557
f 486 488 557 555
f 487 489 558 556
f 489 490 559 558
f 490 491 560 559
f 491 492 561 560
f 492 493 562 561
f 493 494 563 562
f 494 495 564 563
f 495 496 565 564
f 496 497 566 565
f 497 498 567 566
f 498 499 568 567
f 499 500 569 568
f 500 501 570 569
f 501 502 571 570
f 502 503 572 571
f 503 504 573 572
f 504 505 574 573
f 505 506 575 574
f 506 507 576 575
f 507 508 577 576
f 508 509 578 577
f 509 510 579 578
f 510 511 580 579
f 511 512 581 580
f 512 513 582 581
f 513 514 583 582
f 514 515 584 583
usemtl c9
f 1514 1515 1516 1517
f 1517 1516 1518 1519
f 1514 1520 1521 1515
f 1514 1517 1519 1520
f 1522 1523 1524 1525
f 1522 1526 1527 1523
f 1522 1525 1528 1526
f 1525 1524 1529 1530
f 1525 1530 1531 1528
f 1530 1529 1532 1533
f 1530 1533 1534 1531
f 1533 1532 1535 1536
f 1533 1536 1537 1534
f 1536 1535 1538 1539
f 1536 1539 1540 1537
f 1539 1538 1541 1542
f 1539 1542 1543 1540
f 1542 1541 1544 1545
f 1542 1545 1546 1543
f 1545 1544 1521 1520
f 1545 1520 1547 1546
f 1519 1518 1549 1550
f 1519 1550 1551 1548
f 1550 1549 1552 1553
f 1550 1553 1554 1551
f 1553 1552 1555 1556
f 1553 1556 1557 1554
f 1556 1555 1558 1559
f 1556 1559 1560 1557
f 1559 1558 1561 1562
f 1559 1562 1563 1560
f 1562 1561 1564 1565
f 1562 1565 1566 1563
f 1565 1564 1567 1568
f 1565 1568 1569 1566
f 1568 1567 1570 1571
f 1571 1570 1572 1573
f 1568 1571 1573 1569
f 1574 1575 1576 1577
f 1574 1578 1579 1575
f 1574 1577 1580 1578
f 1577 1576 1581 1582
f 1577 1582 1583 1580
f 1582 1581 1584 1585
f 1582 1585 1586 1583
f 1585 1584 1527 1526
f 1585 1526 1587 1586
f 1573 1572 1605 1606
f 1573 1606 1607 1604
f 1606 1605 1608 1609
f 1606 1609 1610 1607
f 1609 1608 1611 1612
f 1609 1612 1613 1610
f 1612 1611 1614 1615
f 1615 1614 1616 1617
f 1612 1615 1617 1613
f 1618 1619 1620 1621
f 1618 1622 1623 1619
f 1618 1621 1624 1622
f 1621 1620 1579 1578
f 1621 1578 1625 1624
f 1617 1616 1651 1652
f 1617 1652 1653 1650
f 1652 1651 1654 1655
f 1655 1654 1656 1657
f 1652 1655 1657 1653
f 1658 1659 1660 1661
f 1658 1662 1663 1659
f 1658 1661 1664 1662
f 1661 1660 1623 1622
f 1661 1622 1665 1664
f 1657 1656 1695 1696
f 1657 1696 1697 1694
f 1696 1695 1698 1699
f 1699 1698 1700 1701
f 1696 1699 1701 1697
f 1702 1703 1704 1705
f 1702 1706 1707 1703
f 1702 1705 1708 1706
f 1705 1704 1663 1662
f 1705 1662 1709 1708
f 1701 1700 1743 1744
f 1701 1744 1745 1742
f 1744 1743 1746 1747
f 1747 1746 1748 1749
f 1744 1747 1749 1745
f 1750 1751 1752 1753
f 1750 1754 1755 1751
f 1750 1753 1756 1754
f 1753 1752 1707 1706
f 1753 1706 1757 1756
f 1749 1748 1795 1796
f 1749 1796 1797 1794
f 1796 1795 1798 1799
f 1799 1798 1800 1801
f 1796 1799 1801 1797
f 1802 1803 1755 1754
f 1802 1804 1805 1803
f 1802 1754 1806 1804
f 1801 1800 1848 1849
f 1849 1848 1850 1851
f 1801 1849 1851 1847
f 1852 1853 1854 1855
f 1852 1856 1857 1853
f 1852 1855 1858 1856
f 1855 1854 1805 1804
f 1855 1804 1859 1858
f 1851 1850 1903 1904
f 1851 1904 1905 1902
f 1904 1903 1906 1907
f 1907 1906 1908 1909
f 1904 1907 1909 1905
f 1910 1911 1857 1856
f 1910 1912 1913 1911
f 1910 1856 1914 1912
f 1856 1858 1915 1914
f 1905 1909 1961 1960
f 1909 1908 1962 1963
f 1963 1962 1964 1965
f 1909 1963 1965 1961
f 1966 1967 1913 1912
f 1966 1968 1969 1967
f 1966 1912 1970 1968
f 1965 1964 2020 2021
f 2021 2020 2022 2023
f 1965 2021 2023 2019
f 2024 2025 1969 1968
f 2024 2026 2027 2025
f 2024 1968 2028 2026
f 2023 2022 2080 2081
f 2081 2080 2082 2083
f 2023 2081 2083 2079
f 2084 2085 2027 2026
f 2084 2086 2087 2085
f 2084 2026 2088 2086
f 2083 2082 2142 2143
f 2143 2142 2144 2145
f 2083 2143 2145 2141
f 2146 2147 2087 2086
f 2146 2148 2149 2147
f 2146 2086 2150 2148
f 2145 2144 2206 2207
f 2207 2206 2208 2209
f 2145 2207 2209 2205
f 2210 2211 2149 2148
f 2210 2212 2213 2211
f 2210 2148 2214 2212
f 2209 2208 2272 2273
f 2273 2272 2274 2275
f 2209 2273 2275 2271
f 2276 2277 2213 2212
f 2276 2278 2279 2277
f 2276 2212 2280 2278
f 2212 2214 2281 2280
f 2271 2275 2339 2338
f 2275 2274 2340 2341
f 2341 2340 2342 2343
f 2275 2341 2343 2339
f 2278 2344 2345 2279
f 2278 2280 2346 2344
f 2343 2342 2406 2407
f 2339 2343 2407 2405
f 2408 2409 2345 2344
f 2408 2410 2411 2409
f 2408 2344 2412 2410
f 2407 2406 2474 2475
f 2475 2474 2476 2477
f 2407 2475 2477 2473
f 2478 2479 2411 2410
f 2478 2480 2481 2479
f 2478 2410 2482 2480
f 2477 2476 2546 2547
f 2547 2546 2548 2549
f 2477 2547 2549 2545
f 2480 2550 2551 2481
f 2480 2482 2552 2550
f 2549 2548 2616 2617
f 2545 2549 2617 2615
f 2618 2619 2551 2550
f 2618 2620 2621 2619
f 2618 2550 2622 2620
f 2617 2616 2688 2689
f 2689 2688 2690 2691
f 2617 2689 2691 2687
f 2620 2692 2693 2621
f 2620 2622 2694 2692
f 2691 2690 2760 2761
f 2687 2691 2761 2759
f 2762 2763 2693 2692
f 2762 2764 2765 2763
f 2762 2692 2766 2764
f 2761 2760 2834 2835
f 2835 2834 2836 2837
f 2761 2835 2837 2833
f 2764 2838 2839 2765
f 2764 2766 2840 2838
f 2837 2836 2908 2909
f 2833 2837 2909 2907
f 2910 2911 2839 2838
f 2910 2912 2913 2911
f 2910 2838 2914 2912
f 2909 2908 2984 2985
f 2985 2984 2986 2987
f 2909 2985 2987 2983
f 2912 2988 2989 2913
f 2912 2914 2990 2988
f 2987 2986 3060 3061
f 2983 2987 3061 3059
f 3062 3063 2989 2988
f 3062 3064 3065 3063
f 3062 2988 3066 3064
f 3061 3060 3138 3139
f 3139 3138 3140 3141
f 3061 3139 3141 3137
f 3064 3142 3143 3065
f 3064 3066 3144 3142
f 3141 3140 3216 3217
f 3137 3141 3217 3215
f 3142 3218 3219 3143
f 3142 3144 3220 3218
f 3217 3216 3292 3293
f 3215 3217 3293 3291
f 3218 3294 3295 3219
f 3218 3220 3296 3294
f 3293 3292 3368 3369
f 3291 3293 3369 3367
f 3370 3371 3295 3294
f 3370 3372 3373 3371
f 3370 3294 3374 3372
f 3369 3368 3448 3449
f 3449 3448 3450 3451
f 3369 3449 3451 3447
f 3372 3452 3453 3373
f 3372 3374 3454 3452
f 3451 3450 3515 3516
f 3447 3451 3516 3514
f 3452 3517 3518 3453
f 3452 3454 3519 3517
f 3516 3515 3580 3581
f 3514 3516 3581 3579
f 3517 3582 3583 3518
f 3517 3519 3584 3582
f 3581 3580 3645 3646
f 3579 3581 3646 3644
f 3582 3647 3648 3583
f 3582 3584 3649 3647
f 3646 3645 3710 3711
f 3644 3646 3711 3709
f 3647 3712 3713 3648
f 3647 3649 3714 3712
f 3711 3710 3775 3776
f 3709 3711 3776 3774
f 3712 3777 3778 3713
f 3712 3714 3779 3777
f 3776 3775 3840 3841
f 3774 3776 3841 3839
f 3777 3842 3843 3778
f 3777 3779 3844 3842
f 3841 3840 3905 3906
f 3839 3841 3906 3904
f 3907 3908 3909 3910
f 3911 3912 3843 3842
f 3911 3907 3910 3912
f 3911 3842 3908 3907
f 3974 3975 3976 3977
f 3906 3905 3978 3979
f 3979 3978 3976 3975
f 3906 3979 3975 3974
f 3908 3980 3981 3909
f 3908 3913 3982 3980
f 3974 3977 4043 4044
f 3973 3974 4044 4042
f 3980 4045 4046 3981
f 3980 3982 4047 4045
f 4044 4043 4108 4109
f 4042 4044 4109 4107
f 4045 4110 4111 4046
f 4045 4047 4112 4110
f 4109 4108 4173 4174
f 4107 4109 4174 4172
f 4110 4175 4176 4111
f 4110 4112 4177 4175
f 4174 4173 4238 4239
f 4172 4174 4239 4237
f 4175 4240 4241 4176
f 4175 4177 4242 4240
f 4239 4238 4303 4304
f 4237 4239 4304 4302
f 4240 4305 4306 4241
f 4240 4242 4307 4305
f 4304 4303 4381 4382
f 4302 4304 4382 4380
f 4305 4383 4384 4306
f 4305 4307 4385 4383
f 4382 4381 4459 4460
f 4380 4382 4460 4458
f 4461 4462 4463 4464
f 4383 4461 4464 4384
f 4383 4385 4462 4461
f 4537 4538 4539 4540
f 4460 4459 4539 4538
f 4458 4460 4538 4537
f 4462 4541 4542 4463
f 4462 4465 4543 4541
f 4537 4540 4615 4616
f 4536 4537 4616 4614
f 4541 4617 4618 4542
f 4541 4543 4619 4617
f 4616 4615 4691 4692
f 4614 4616 4692 4690
f 4617 4693 4694 4618
f 4617 4619 4695 4693
f 4692 4691 4767 4768
f 4690 4692 4768 4766
f 4769 4770 4771 4772
f 4693 4769 4772 4694
f 4693 4695 4770 4769
f 4843 4844 4845 4846
f 4768 4767 4845 4844
f 4766 4768 4844 4843
f 4770 4847 4848 4771
f 4770 4773 4849 4847
f 4843 4846 4919 4920
f 4842 4843 4920 4918
f 4921 4922 4923 4924
f 4847 4921 4924 4848
f 4847 4849 4922 4921
f 4993 4994 4995 4996
f 4920 4919 4995 4994
f 4918 4920 4994 4993
f 4922 4997 4998 4923
f 4922 4925 4999 4997
f 4993 4996 5067 5068
f 4992 4993 5068 5066
f 5069 5070 5071 5072
f 4997 5069 5072 4998
f 4997 4999 5070 5069
f 5139 5140 5141 5142
f 5068 5067 5141 5140
f 5066 5068 5140 5139
f 5070 5143 5144 5071
f 5070 5073 5145 5143
f 5139 5142 5211 5212
f 5138 5139 5212 5210
f 5213 5214 5215 5216
f 5143 5213 5216 5144
f 5143 5145 5214 5213
f 5281 5282 5283 5284
f 5212 5211 5283 5282
f 5210 5212 5282 5281
f 5214 5285 5286 5215
f 5214 5217 5287 5285
f 5281 5284 5351 5352
f 5280 5281 5352 5350
f 5353 5354 5355 5356
f 5285 5353 5356 5286
f 5285 5287 5354 5353
f 5419 5420 5421 5422
f 5352 5351 5421 5420
f 5350 5352 5420 5419
f 5423 5424 5425 5426
f 5354 5423 5426 5355
f 5354 5357 5424 5423
f 5487 5488 5489 5490
f 5419 5422 5489 5488
f 5418 5419 5488 5487
f 5424 5491 5492 5425
f 5424 5427 5493 5491
f 5487 5490 5553 5554
f 5486 5487 5554 5552
f 5555 5556 5557 5558
f 5491 5555 5558 5492
f 5491 5493 5556 5555
f 5493 5494 5559 5556
f 5551 5552 5617 5616
f 5617 5618 5619 5620
f 5554 5553 5619 5618
f 5552 5554 5618 5617
f 5621 5622 5623 5624
f 5556 5621 5624 5557
f 5556 5559 5622 5621
f 5681 5682 5683 5684
f 5617 5620 5683 5682
f 5616 5617 5682 5681
f 5685 5686 5687 5688
f 5622 5685 5688 5623
f 5622 5625 5686 5685
f 5743 5744 5745 5746
f 5681 5684 5745 5744
f 5680 5681 5744 5743
f 5747 5748 5749 5750
f 5686 5747 5750 5687
f 5686 5689 5748 5747
f 5803 5804 5805 5806
f 5743 5746 5805 5804
f 5742 5743 5804 5803
f 5807 5808 5809 5810
f 5748 5807 5810 5749
f 5748 5751 5808 5807
f 5861 5862 5863 5864
f 5803 5806 5863 5862
f 5802 5803 5862 5861
f 5865 5866 5867 5868
f 5808 5865 5868 5809
f 5808 5811 5866 5865
f 5917 5918 5919 5920
f 5861 5864 5919 5918
f 5860 5861 5918 5917
f 5921 5922 5923 5924
f 5866 5921 5924 5867
f 5866 5869 5922 5921
f 5869 5870 5925 5922
f 5915 5916 5971 5970
f 5971 5972 5973 5974
f 5917 5920 5973 5972
f 5916 5917 5972 5971
f 5975 5976 5977 5978
f 5922 5975 5978 5923
f 5922 5925 5976 5975
f 5976 5979 5980 5977
f 5925 5926 5979 5976
f 6023 6024 6025 6026
f 5969 5970 6024 6023
f 6024 6027 6028 6025
f 5971 5974 6028 6027
f 5970 5971 6027 6024
f 6029 6030 6031 6032
f 5979 6029 6032 5980
f 5979 5981 6030 6029
f 6073 6074 6075 6076
f 6023 6026 6075 6074
f 6022 6023 6074 6073
f 6077 6078 6079 6080
f 6030 6077 6080 6031
f 6030 6033 6078 6077
f 6078 6081 6082 6079
f 6033 6034 6081 6078
f 6119 6120 6121 6122
f 6071 6072 6120 6119
f 6120 6123 6124 6121
f 6073 6076 6124 6123
f 6072 6073 6123 6120
f 6125 6126 6127 6128
f 6081 6125 6128 6082
f 6081 6083 6126 6125
f 6126 6129 6130 6127
f 6083 6084 6129 6126
f 6163 6164 6165 6166
f 6117 6118 6164 6163
f 6164 6167 6168 6165
f 6119 6122 6168 6167
f 6118 6119 6167 6164
f 6169 6170 6171 6172
f 6129 6169 6172 6130
f 6129 6131 6170 6169
f 6170 6173 6174 6171
f 6131 6132 6173 6170
f 6203 6204 6205 6206
f 6161 6162 6204 6203
f 6204 6207 6208 6205
f 6163 6166 6208 6207
f 6162 6163 6207 6204
f 6209 6210 6211 6212
f 6173 6209 6212 6174
f 6173 6175 6210 6209
f 6210 6213 6214 6211
f 6175 6176 6213 6210
f 6239 6240 6241 6242
f 6201 6202 6240 6239
f 6240 6243 6244 6241
f 6203 6206 6244 6243
f 6202 6203 6243 6240
f 6245 6246 6247 6248
f 6213 6245 6248 6214
f 6213 6215 6246 6245
f 6246 6249 6250 6247
f 6215 6216 6249 6246
f 6249 6251 6252 6250
f 6216 6217 6251 6249
f 6251 6253 6254 6252
f 6217 6218 6253 6251
f 6271 6272 6273 6274
f 6235 6236 6272 6271
f 6272 6275 6276 6273
f 6236 6237 6275 6272
f 6275 6277 6278 6276
f 6237 6238 6277 6275
f 6277 6279 6280 6278
f 6239 6242 6280 6279
f 6238 6239 6279 6277
f 6281 6282 6283 6284
f 6253 6281 6284 6254
f 6253 6255 6282 6281
f 6282 6285 6286 6283
f 6255 6256 6285 6282
f 6285 6287 6288 6286
f 6256 6257 6287 6285
f 6287 6289 6290 6288
f 6257 6258 6289 6287
f 6289 6291 6292 6290
f 6258 6259 6291 6289
f 6291 6293 6294 6292
f 6259 6260 6293 6291
f 6293 6295 6296 6294
f 6260 6261 6295 6293
f 6295 6297 6298 6296
f 6261 6262 6297 6295
f 6299 6300 6301 6302
f 6263 6264 6300 6299
f 6300 6303 6304 6301
f 6264 6265 6303 6300
f 6303 6305 6306 6304
f 6265 6266 6305 6303
f 6305 6307 6308 6306
f 6266 6267 6307 6305
f 6307 6309 6310 6308
f 6267 6268 6309 6307
f 6309 6311 6312 6310
f 6268 6269 6311 6309
f 6311 6313 6314 6312
f 6269 6270 6313 6311
f 6313 6315 6316 6314
f 6271 6274 6316 6315
f 6270 6271 6315 6313
f 6317 6318 6319 6320
f 6299 6302 6319 6318
f 6297 6317 6320 6298
f 6297 6299 6318 6317
f 1515 6321 6322 1516
f 1516 6322 6323 1518
f 1515 1521 6324 6321
f 1523 6325 6326 1524
f 1523 1527 6327 6325
f 1524 6326 6328 1529
f 1529 6328 6329 1532
f 1532 6329 6330 1535
f 1535 6330 6331 1538
f 1538 6331 6332 1541
f 1541 6332 6333 1544
f 1544 6333 6324 1521
f 1518 6323 6334 1549
f 1549 6334 6335 1552
f 1552 6335 6336 1555
f 1555 6336 6337 1558
f 1558 6337 6338 1561
f 1561 6338 6339 1564
f 1564 6339 6340 1567
f 1567 6340 6341 1570
f 1570 6341 6342 1572
f 1575 6343 6344 1576
f 1575 1579 6345 6343
f 1576 6344 6346 1581
f 1581 6346 6347 1584
f 1584 6347 6327 1527
f 1572 6342 6348 1605
f 1605 6348 6349 1608
f 1608 6349 6350 1611
f 1611 6350 6351 1614
f 1614 6351 6352 1616
f 1619 6353 6354 1620
f 1619 1623 6355 6353
f 1620 6354 6345 1579
f 1616 6352 6356 1651
f 1651 6356 6357 1654
f 1654 6357 6358 1656
f 1659 6359 6360 1660
f 1659 1663 6361 6359
f 1660 6360 6355 1623
f 1656 6358 6362 1695
f 1695 6362 6363 1698
f 1698 6363 6364 1700
f 1703 6365 6366 1704
f 1703 1707 6367 6365
f 1704 6366 6361 1663
f 1700 6364 6368 1743
f 1743 6368 6369 1746
f 1746 6369 6370 1748
f 1751 6371 6372 1752
f 1751 1755 6373 6371
f 1752 6372 6367 1707
f 1748 6370 6374 1795
f 1795 6374 6375 1798
f 1798 6375 6376 1800
f 1803 6377 6373 1755
f 1803 1805 6378 6377
f 1800 6376 6379 1848
f 1848 6379 6380 1850
f 1853 6381 6382 1854
f 1853 1857 6383 6381
f 1854 6382 6378 1805
f 1850 6380 6384 1903
f 1903 6384 6385 1906
f 1906 6385 6386 1908
f 1911 6387 6383 1857
f 1911 1913 6388 6387
f 1908 6386 6389 1962
f 1962 6389 6390 1964
f 1967 6391 6388 1913
f 1967 1969 6392 6391
f 1964 6390 6393 2020
f 2020 6393 6394 2022
f 2025 6395 6392 1969
f 2025 2027 6396 6395
f 2022 6394 6397 2080
f 2080 6397 6398 2082
f 2085 6399 6396 2027
f 2085 2087 6400 6399
f 2082 6398 6401 2142
f 2142 6401 6402 2144
f 2147 6403 6400 2087
f 2147 2149 6404 6403
f 2144 6402 6405 2206
f 2206 6405 6406 2208
f 2211 6407 6404 2149
f 2211 2213 6408 6407
f 2208 6406 6409 2272
f 2272 6409 6410 2274
f 2277 6411 6408 2213
f 2277 2279 6412 6411
f 2274 6410 6413 2340
f 2340 6413 6414 2342
f 2279 2345 6415 6412
f 2342 6414 6416 2406
f 2409 6417 6415 2345
f 2409 2411 6418 6417
f 2406 6416 6419 2474
f 2474 6419 6420 2476
f 2479 6421 6418 2411
f 2479 2481 6422 6421
f 2476 6420 6423 2546
f 2546 6423 6424 2548
f 2481 2551 6425 6422
f 2548 6424 6426 2616
f 2619 6427 6425 2551
f 2619 2621 6428 6427
f 2616 6426 6429 2688
f 2688 6429 6430 2690
f 2621 2693 6431 6428
f 2690 6430 6432 2760
f 2763 6433 6431 2693
f 2763 2765 6434 6433
f 2760 6432 6435 2834
f 2834 6435 6436 2836
f 2765 2839 6437 6434
f 2836 6436 6438 2908
f 2911 6439 6437 2839
f 2911 2913 6440 6439
f 2908 6438 6441 2984
f 2984 6441 6442 2986
f 2913 2989 6443 6440
f 2986 6442 6444 3060
f 3063 6445 6443 2989
f 3063 3065 6446 6445
f 3060 6444 6447 3138
f 3138 6447 6448 3140
f 3065 3143 6449 6446
f 3140 6448 6450 3216
f 3143 3219 6451 6449
f 3216 6450 6452 3292
f 3219 3295 6453 6451
f 3292 6452 6454 3368
f 3371 6455 6453 3295
f 3371 3373 6456 6455
f 3368 6454 6457 3448
f 3448 6457 6458 3450
f 3373 3453 6459 6456
f 3450 6458 6460 3515
f 3453 3518 6461 6459
f 3515 6460 6462 3580
f 3518 3583 6463 6461
f 3580 6462 6464 3645
f 3583 3648 6465 6463
f 3645 6464 6466 3710
f 3648 3713 6467 6465
f 3710 6466 6468 3775
f 3713 3778 6469 6467
f 3775 6468 6470 3840
f 3778 3843 6471 6469
f 3840 6470 6472 3905
f 3910 3909 6473 6474
f 3912 6475 6471 3843
f 3912 3910 6474 6475
f 3977 3976 6476 6477
f 3905 6472 6478 3978
f 3978 6478 6476 3976
f 3909 3981 6479 6473
f 3977 6477 6480 4043
f 3981 4046 6481 6479
f 4043 6480 6482 4108
f 4046 4111 6483 6481
f 4108 6482 6484 4173
f 4111 4176 6485 6483
f 4173 6484 6486 4238
f 4176 4241 6487 6485
f 4238 6486 6488 4303
f 4241 4306 6489 6487
f 4303 6488 6490 4381
f 4306 4384 6491 6489
f 4381 6490 6492 4459
f 4464 4463 6493 6494
f 4384 4464 6494 6491
f 4540 4539 6495 6496
f 4459 6492 6495 4539
f 4463 4542 6497 6493
f 4540 6496 6498 4615
f 4542 4618 6499 6497
f 4615 6498 6500 4691
f 4618 4694 6501 6499
f 4691 6500 6502 4767
f 4772 4771 6503 6504
f 4694 4772 6504 6501
f 4846 4845 6505 6506
f 4767 6502 6505 4845
f 4771 4848 6507 6503
f 4846 6506 6508 4919
f 4924 4923 6509 6510
f 4848 4924 6510 6507
f 4996 4995 6511 6512
f 4919 6508 6511 4995
f 4923 4998 6513 6509
f 4996 6512 6514 5067
f 5072 5071 6515 6516
f 4998 5072 6516 6513
f 5142 5141 6517 6518
f 5067 6514 6517 5141
f 5071 5144 6519 6515
f 5142 6518 6520 5211
f 5216 5215 6521 6522
f 5144 5216 6522 6519
f 5284 5283 6523 6524
f 5211 6520 6523 5283
f 5215 5286 6525 6521
f 5284 6524 6526 5351
f 5356 5355 6527 6528
f 5286 5356 6528 6525
f 5422 5421 6529 6530
f 5351 6526 6529 5421
f 5426 5425 6531 6532
f 5355 5426 6532 6527
f 5490 5489 6533 6534
f 5422 6530 6533 5489
f 5425 5492 6535 6531
f 5490 6534 6536 5553
f 5558 5557 6537 6538
f 5492 5558 6538 6535
f 5620 5619 6539 6540
f 5553 6536 6539 5619
f 5624 5623 6541 6542
f 5557 5624 6542 6537
f 5684 5683 6543 6544
f 5620 6540 6543 5683
f 5688 5687 6545 6546
f 5623 5688 6546 6541
f 5746 5745 6547 6548
f 5684 6544 6547 5745
f 5750 5749 6549 6550
f 5687 5750 6550 6545
f 5806 5805 6551 6552
f 5746 6548 6551 5805
f 5810 5809 6553 6554
f 5749 5810 6554 6549
f 5864 5863 6555 6556
f 5806 6552 6555 5863
f 5868 5867 6557 6558
f 5809 5868 6558 6553
f 5920 5919 6559 6560
f 5864 6556 6559 5919
f 5924 5923 6561 6562
f 5867 5924 6562 6557
f 5974 5973 6563 6564
f 5920 6560 6563 5973
f 5978 5977 6565 6566
f 5923 5978 6566 6561
f 5977 5980 6567 6565
f 6026 6025 6568 6569
f 6025 6028 6570 6568
f 5974 6564 6570 6028
f 6032 6031 6571 6572
f 5980 6032 6572 6567
f 6076 6075 6573 6574
f 6026 6569 6573 6075
f 6080 6079 6575 6576
f 6031 6080 6576 6571
f 6079 6082 6577 6575
f 6122 6121 6578 6579
f 6121 6124 6580 6578
f 6076 6574 6580 6124
f 6128 6127 6581 6582
f 6082 6128 6582 6577
f 6127 6130 6583 6581
f 6166 6165 6584 6585
f 6165 6168 6586 6584
f 6122 6579 6586 6168
f 6172 6171 6587 6588
f 6130 6172 6588 6583
f 6171 6174 6589 6587
f 6206 6205 6590 6591
f 6205 6208 6592 6590
f 6166 6585 6592 6208
f 6212 6211 6593 6594
f 6174 6212 6594 6589
f 6211 6214 6595 6593
f 6242 6241 6596 6597
f 6241 6244 6598 6596
f 6206 6591 6598 6244
f 6248 6247 6599 6600
f 6214 6248 6600 6595
f 6247 6250 6601 6599
f 6250 6252 6602 6601
f 6252 6254 6603 6602
f 6274 6273 6604 6605
f 6273 6276 6606 6604
f 6276 6278 6607 6606
f 6278 6280 6608 6607
f 6242 6597 6608 6280
f 6284 6283 6609 6610
f 6254 6284 6610 6603
f 6283 6286 6611 6609
f 6286 6288 6612 6611
f 6288 6290 6613 6612
f 6290 6292 6614 6613
f 6292 6294 6615 6614
f 6294 6296 6616 6615
f 6296 6298 6617 6616
f 6302 6301 6618 6619
f 6301 6304 6620 6618
f 6304 6306 6621 6620
f 6306 6308 6622 6621
f 6308 6310 6623 6622
f 6310 6312 6624 6623
f 6312 6314 6625 6624
f 6314 6316 6626 6625
f 6274 6605 6626 6316
f 6320 6319 6627 6628
f 6302 6619 6627 6319
f 6298 6320 6628 6617
f 6321 6629 6630 6322
f 6322 6630 6631 6323
f 6321 6324 6632 6629
f 6325 6633 6634 6326
f 6325 6327 6635 6633
f 6326 6634 6636 6328
f 6328 6636 6637 6329
f 6329 6637 6638 6330
f 6330 6638 6639 6331
f 6331 6639 6640 6332
f 6332 6640 6641 6333
f 6333 6641 6632 6324
f 6323 6631 6642 6334
f 6334 6642 6643 6335
f 6335 6643 6644 6336
f 6336 6644 6645 6337
f 6337 6645 6646 6338
f 6338 6646 6647 6339
f 6339 6647 6648 6340
f 6340 6648 6649 6341
f 6341 6649 6650 6342
f 6343 6651 6652 6344
f 6343 6345 6653 6651
f 6344 6652 6654 6346
f 6346 6654 6655 6347
f 6347 6655 6635 6327
f 6342 6650 6656 6348
f 6348 6656 6657 6349
f 6349 6657 6658 6350
f 6350 6658 6659 6351
f 6351 6659 6660 6352
f 6353 6661 6662 6354
f 6353 6355 6663 6661
f 6354 6662 6653 6345
f 6352 6660 6664 6356
f 6356 6664 6665 6357
f 6357 6665 6666 6358
f 6359 6667 6668 6360
f 6359 6361 6669 6667
f 6360 6668 6663 6355
f 6358 6666 6670 6362
f 6362 6670 6671 6363
f 6363 6671 6672 6364
f 6365 6673 6674 6366
f 6365 6367 6675 6673
f 6366 6674 6669 6361
f 6364 6672 6676 6368
f 6368 6676 6677 6369
f 6369 6677 6678 6370
f 6371 6679 6680 6372
f 6371 6373 6681 6679
f 6372 6680 6675 6367
f 6370 6678 6682 6374
f 6374 6682 6683 6375
f 6375 6683 6684 6376
f 6377 6685 6681 6373
f 6377 6378 6686 6685
f 6376 6684 6687 6379
f 6379 6687 6688 6380
f 6381 6689 6690 6382
f 6381 6383 6691 6689
f 6382 6690 6686 6378
f 6380 6688 6692 6384
f 6384 6692 6693 6385
f 6385 6693 6694 6386
f 6387 6695 6691 6383
f 6387 6388 6696 6695
f 6386 6694 6697 6389
f 6389 6697 6698 6390
f 6391 6699 6696 6388
f 6391 6392 6700 6699
f 6390 6698 6701 6393
f 6393 6701 6702 6394
f 6395 6703 6700 6392
f 6395 6396 6704 6703
f 6394 6702 6705 6397
f 6397 6705 6706 6398
f 6399 6707 6704 6396
f 6399 6400 6708 6707
f 6398 6706 6709 6401
f 6401 6709 6710 6402
f 6403 6711 6708 6400
f 6403 6404 6712 6711
f 6402 6710 6713 6405
f 6405 6713 6714 6406
f 6407 6715 6712 6404
f 6407 6408 6716 6715
f 6406 6714 6717 6409
f 6409 6717 6718 6410
f 6411 6719 6716 6408
f 6411 6412 6720 6719
f 6410 6718 6721 6413
f 6413 6721 6722 6414
f 6412 6415 6723 6720
f 6414 6722 6724 6416
f 6417 6725 6723 6415
f 6417 6418 6726 6725
f 6416 6724 6727 6419
f 6419 6727 6728 6420
f 6421 6729 6726 6418
f 6421 6422 6730 6729
f 6420 6728 6731 6423
f 6423 6731 6732 6424
f 6422 6425 6733 6730
f 6424 6732 6734 6426
f 6427 6735 6733 6425
f 6427 6428 6736 6735
f 6426 6734 6737 6429
f 6429 6737 6738 6430
f 6428 6431 6739 6736
f 6430 6738 6740 6432
f 6433 6741 6739 6431
f 6433 6434 6742 6741
f 6432 6740 6743 6435
f 6435 6743 6744 6436
f 6434 6437 6745 6742
f 6436 6744 6746 6438
f 6439 6747 6745 6437
f 6439 6440 6748 6747
f 6438 6746 6749 6441
f 6441 6749 6750 6442
f 6440 6443 6751 6748
f 6442 6750 6752 6444
f 6445 6753 6751 6443
f 6445 6446 6754 6753
f 6444 6752 6755 6447
f 6447 6755 6756 6448
f 6446 6449 6757 6754
f 6448 6756 6758 6450
f 6449 6451 6759 6757
f 6450 6758 6760 6452
f 6451 6453 6761 6759
f 6452 6760 6762 6454
f 6455 6763 6761 6453
f 6455 6456 6764 6763
f 6454 6762 6765 6457
f 6457 6765 6766 6458
f 6456 6459 6767 6764
f 6458 6766 6768 6460
f 6459 6461 6769 6767
f 6460 6768 6770 6462
f 6461 6463 6771 6769
f 6462 6770 6772 6464
f 6463 6465 6773 6771
f 6464 6772 6774 6466
f 6465 6467 6775 6773
f 6466 6774 6776 6468
f 6467 6469 6777 6775
f 6468 6776 6778 6470
f 6469 6471 6779 6777
f 6470 6778 6780 6472
f 6474 6473 6781 6782
f 6475 6783 6779 6471
f 6475 6474 6782 6783
f 6477 6476 6784 6785
f 6472 6780 6786 6478
f 6478 6786 6784 6476
f 6473 6479 6787 6781
f 6477 6785 6788 6480
f 6479 6481 6789 6787
f 6480 6788 6790 6482
f 6481 6483 6791 6789
f 6482 6790 6792 6484
f 6483 6485 6793 6791
f 6484 6792 6794 6486
f 6485 6487 6795 6793
f 6486 6794 6796 6488
f 6487 6489 6797 6795
f 6488 6796 6798 6490
f 6489 6491 6799 6797
f 6490 6798 6800 6492
f 6494 6493 6801 6802
f 6491 6494 6802 6799
f 6496 6495 6803 6804
f 6492 6800 6803 6495
f 6493 6497 6805 6801
f 6496 6804 6806 6498
f 6497 6499 6807 6805
f 6498 6806 6808 6500
f 6499 6501 6809 6807
f 6500 6808 6810 6502
f 6504 6503 6811 6812
f 6501 6504 6812 6809
f 6506 6505 6813 6814
f 6502 6810 6813 6505
f 6503 6507 6815 6811
f 6506 6814 6816 6508
f 6510 6509 6817 6818
f 6507 6510 6818 6815
f 6512 6511 6819 6820
f 6508 6816 6819 6511
f 6509 6513 6821 6817
f 6512 6820 6822 6514
f 6516 6515 6823 6824
f 6513 6516 6824 6821
f 6518 6517 6825 6826
f 6514 6822 6825 6517
f 6515 6519 6827 6823
f 6518 6826 6828 6520
f 6522 6521 6829 6830
f 6519 6522 6830 6827
f 6524 6523 6831 6832
f 6520 6828 6831 6523
f 6521 6525 6833 6829
f 6524 6832 6834 6526
f 6528 6527 6835 6836
f 6525 6528 6836 6833
f 6530 6529 6837 6838
f 6526 6834 6837 6529
f 6532 6531 6839 6840
f 6527 6532 6840 6835
f 6534 6533 6841 6842
f 6530 6838 6841 6533
f 6531 6535 6843 6839
f 6534 6842 6844 6536
f 6538 6537 6845 6846
f 6535 6538 6846 6843
f 6540 6539 6847 6848
f 6536 6844 6847 6539
f 6542 6541 6849 6850
f 6537 6542 6850 6845
f 6544 6543 6851 6852
f 6540 6848 6851 6543
f 6546 6545 6853 6854
f 6541 6546 6854 6849
f 6548 6547 6855 6856
f 6544 6852 6855 6547
f 6550 6549 6857 6858
f 6545 6550 6858 6853
f 6552 6551 6859 6860
f 6548 6856 6859 6551
f 6554 6553 6861 6862
f 6549 6554 6862 6857
f 6556 6555 6863 6864
f 6552 6860 6863 6555
f 6558 6557 6865 6866
f 6553 6558 6866 6861
f 6560 6559 6867 6868
f 6556 6864 6867 6559
f 6562 6561 6869 6870
f 6557 6562 6870 6865
f 6564 6563 6871 6872
f 6560 6868 6871 6563
f 6566 6565 6873 6874
f 6561 6566 6874 6869
f 6565 6567 6875 6873
f 6569 6568 6876 6877
f 6568 6570 6878 6876
f 6564 6872 6878 6570
f 6572 6571 6879 6880
f 6567 6572 6880 6875
f 6574 6573 6881 6882
f 6569 6877 6881 6573
f 6576 6575 6883 6884
f 6571 6576 6884 6879
f 6575 6577 6885 6883
f 6579 6578 6886 6887
f 6578 6580 6888 6886
f 6574 6882 6888 6580
f 6582 6581 6889 6890
f 6577 6582 6890 6885
f 6581 6583 6891 6889
f 6585 6584 6892 6893
f 6584 6586 6894 6892
f 6579 6887 6894 6586
f 6588 6587 6895 6896
f 6583 6588 6896 6891
f 6587 6589 6897 6895
f 6591 6590 6898 6899
f 6590 6592 6900 6898
f 6585 6893 6900 6592
f 6594 6593 6901 6902
f 6589 6594 6902 6897
f 6593 6595 6903 6901
f 6597 6596 6904 6905
f 6596 6598 6906 6904
f 6591 6899 6906 6598
f 6600 6599 6907 6908
f 6595 6600 6908 6903
f 6599 6601 6909 6907
f 6601 6602 6910 6909
f 6602 6603 6911 6910
f 6605 6604 6912 6913
f 6604 6606 6914 6912
f 6606 6607 6915 6914
f 6607 6608 6916 6915
f 6597 6905 6916 6608
f 6610 6609 6917 6918
f 6603 6610 6918 6911
f 6609 6611 6919 6917
f 6611 6612 6920 6919
f 6612 6613 6921 6920
f 6613 6614 6922 6921
f 6614 6615 6923 6922
f 6615 6616 6924 6923
f 6616 6617 6925 6924
f 6619 6618 6926 6927
f 6618 6620 6928 6926
f 6620 6621 6929 6928
f 6621 6622 6930 6929
f 6622 6623 6931 6930
f 6623 6624 6932 6931
f 6624 6625 6933 6932
f 6625 6626 6934 6933
f 6605 6913 6934 6626
f 6628 6627 6935 6936
f 6619 6927 6935 6627
f 6617 6628 6936 6925
f 6629 6937 6938 6630
f 6630 6938 6939 6631
f 6629 6632 6940 6937
f 6633 6941 6942 6634
f 6633 6635 6943 6941
f 6634 6942 6944 6636
f 6636 6944 6945 6637
f 6637 6945 6946 6638
f 6638 6946 6947 6639
f 6639 6947 6948 6640
f 6640 6948 6949 6641
f 6641 6949 6940 6632
f 6631 6939 6950 6642
f 6642 6950 6951 6643
f 6643 6951 6952 6644
f 6644 6952 6953 6645
f 6645 6953 6954 6646
f 6646 6954 6955 6647
f 6647 6955 6956 6648
f 6648 6956 6957 6649
f 6649 6957 6958 6650
f 6651 6959 6960 6652
f 6651 6653 6961 6959
f 6652 6960 6962 6654
f 6654 6962 6963 6655
f 6655 6963 6943 6635
f 6650 6958 6964 6656
f 6656 6964 6965 6657
f 6657 6965 6966 6658
f 6658 6966 6967 6659
f 6659 6967 6968 6660
f 6661 6969 6970 6662
f 6661 6663 6971 6969
f 6662 6970 6961 6653
f 6660 6968 6972 6664
f 6664 6972 6973 6665
f 6665 6973 6974 6666
f 6667 6975 6976 6668
f 6667 6669 6977 6975
f 6668 6976 6971 6663
f 6666 6974 6978 6670
f 6670 6978 6979 6671
f 6671 6979 6980 6672
f 6673 6981 6982 6674
f 6673 6675 6983 6981
f 6674 6982 6977 6669
f 6672 6980 6984 6676
f 6676 6984 6985 6677
f 6677 6985 6986 6678
f 6679 6987 6988 6680
f 6679 6681 6989 6987
f 6680 6988 6983 6675
f 6678 6986 6990 6682
f 6682 6990 6991 6683
f 6683 6991 6992 6684
f 6685 6993 6989 6681
f 6685 6686 6994 6993
f 6684 6992 6995 6687
f 6687 6995 6996 6688
f 6689 6997 6998 6690
f 6689 6691 6999 6997
f 6690 6998 6994 6686
f 6688 6996 7000 6692
f 6692 7000 7001 6693
f 6693 7001 7002 6694
f 6695 7003 6999 6691
f 6695 6696 7004 7003
f 6694 7002 7005 6697
f 6697 7005 7006 6698
f 6699 7007 7004 6696
f 6699 6700 7008 7007
f 6698 7006 7009 6701
f 6701 7009 7010 6702
f 6703 7011 7008 6700
f 6703 6704 7012 7011
f 6702 7010 7013 6705
f 6705 7013 7014 6706
f 6707 7015 7012 6704
f 6707 6708 7016 7015
f 6706 7014 7017 6709
f 6709 7017 7018 6710
f 6711 7019 7016 6708
f 6711 6712 7020 7019
f 6710 7018 7021 6713
f 6713 7021 7022 6714
f 6715 7023 7020 6712
f 6715 6716 7024 7023
f 6714 7022 7025 6717
f 6717 7025 7026 6718
f 6719 7027 7024 6716
f 6719 6720 7028 7027
f 6718 7026 7029 6721
f 6721 7029 7030 6722
f 6720 6723 7031 7028
f 6722 7030 7032 6724
f 6725 7033 7031 6723
f 6725 6726 7034 7033
f 6724 7032 7035 6727
f 6727 7035 7036 6728
f 6729 7037 7034 6726
f 6729 6730 7038 7037
f 6728 7036 7039 6731
f 6731 7039 7040 6732
f 6730 6733 7041 7038
f 6732 7040 7042 6734
f 6735 7043 7041 6733
f 6735 6736 7044 7043
f 6734 7042 7045 6737
f 6737 7045 7046 6738
f 6736 6739 7047 7044
f 6738 7046 7048 6740
f 6741 7049 7047 6739
f 6741 6742 7050 7049
f 6740 7048 7051 6743
f 6743 7051 7052 6744
f 6742 6745 7053 7050
f 6744 7052 7054 6746
f 6747 7055 7053 6745
f 6747 6748 7056 7055
f 6746 7054 7057 6749
f 6749 7057 7058 6750
f 6748 6751 7059 7056
f 6750 7058 7060 6752
f 6753 7061 7059 6751
f 6753 6754 7062 7061
f 6752 7060 7063 6755
f 6755 7063 7064 6756
f 6754 6757 7065 7062
f 6756 7064 7066 6758
f 6757 6759 7067 7065
f 6758 7066 7068 6760
f 6759 6761 7069 7067
f 6760 7068 7070 6762
f 6763 7071 7069 6761
f 6763 6764 7072 7071
f 6762 7070 7073 6765
f 6765 7073 7074 6766
f 6764 6767 7075 7072
f 6766 7074 7076 6768
f 6767 6769 7077 7075
f 6768 7076 7078 6770
f 6769 6771 7079 7077
f 6770 7078 7080 6772
f 6771 6773 7081 7079
f 6772 7080 7082 6774
f 6773 6775 7083 7081
f 6774 7082 7084 6776
f 6775 6777 7085 7083
f 6776 7084 7086 6778
f 6777 6779 7087 7085
f 6778 7086 7088 6780
f 6782 6781 7089 7090
f 6783 7091 7087 6779
f 6783 6782 7090 7091
f 6785 6784 7092 7093
f 6780 7088 7094 6786
f 6786 7094 7092 6784
f 6781 6787 7095 7089
f 6785 7093 7096 6788
f 6787 6789 7097 7095
f 6788 7096 7098 6790
f 6789 6791 7099 7097
f 6790 7098 7100 6792
f 6791 6793 7101 7099
f 6792 7100 7102 6794
f 6793 6795 7103 7101
f 6794 7102 7104 6796
f 6795 6797 7105 7103
f 6796 7104 7106 6798
f 6797 6799 7107 7105
f 6798 7106 7108 6800
f 6802 6801 7109 7110
f 6799 6802 7110 7107
f 6804 6803 7111 7112
f 6800 7108 7111 6803
f 6801 6805 7113 7109
f 6804 7112 7114 6806
f 6805 6807 7115 7113
f 6806 7114 7116 6808
f 6807 6809 7117 7115
f 6808 7116 7118 6810
f 6812 6811 7119 7120
f 6809 6812 7120 7117
f 6814 6813 7121 7122
f 6810 7118 7121 6813
f 6811 6815 7123 7119
f 6814 7122 7124 6816
f 6818 6817 7125 7126
f 6815 6818 7126 7123
f 6820 6819 7127 7128
f 6816 7124 7127 6819
f 6817 6821 7129 7125
f 6820 7128 7130 6822
f 6824 6823 7131 7132
f 6821 6824 7132 7129
f 6826 6825 7133 7134
f 6822 7130 7133 6825
f 6823 6827 7135 7131
f 6826 7134 7136 6828
f 6830 6829 7137 7138
f 6827 6830 7138 7135
f 6832 6831 7139 7140
f 6828 7136 7139 6831
f 6829 6833 7141 7137
f 6832 7140 7142 6834
f 6836 6835 7143 7144
f 6833 6836 7144 7141
f 6838 6837 7145 7146
f 6834 7142 7145 6837
f 6840 6839 7147 7148
f 6835 6840 7148 7143
f 6842 6841 7149 7150
f 6838 7146 7149 6841
f 6839 6843 7151 7147
f 6842 7150 7152 6844
f 6846 6845 7153 7154
f 6843 6846 7154 7151
f 6848 6847 7155 7156
f 6844 7152 7155 6847
f 6850 6849 7157 7158
f 6845 6850 7158 7153
f 6852 6851 7159 7160
f 6848 7156 7159 6851
f 6854 6853 7161 7162
f 6849 6854 7162 7157
f 6856 6855 7163 7164
f 6852 7160 7163 6855
f 6858 6857 7165 7166
f 6853 6858 7166 7161
f 6860 6859 7167 7168
f 6856 7164 7167 6859
f 6862 6861 7169 7170
f 6857 6862 7170 7165
f 6864 6863 7171 7172
f 6860 7168 7171 6863
f 6866 6865 7173 7174
f 6861 6866 7174 7169
f 6868 6867 7175 7176
f 6864 7172 7175 6867
f 6870 6869 7177 7178
f 6865 6870 7178 7173
f 6872 6871 7179 7180
f 6868 7176 7179 6871
f 6874 6873 7181 7182
f 6869 6874 7182 7177
f 6873 6875 7183 7181
f 6877 6876 7184 7185
f 6876 6878 7186 7184
f 6872 7180 7186 6878
f 6880 6879 7187 7188
f 6875 6880 7188 7183
f 6882 6881 7189 7190
f 6877 7185 7189 6881
f 6884 6883 7191 7192
f 6879 6884 7192 7187
f 6883 6885 7193 7191
f 6887 6886 7194 7195
f 6886 6888 7196 7194
f 6882 7190 7196 6888
f 6890 6889 7197 7198
f 6885 6890 7198 7193
f 6889 6891 7199 7197
f 6893 6892 7200 7201
f 6892 6894 7202 7200
f 6887 7195 7202 6894
f 6896 6895 7203 7204
f 6891 6896 7204 7199
f 6895 6897 7205 7203
f 6899 6898 7206 7207
f 6898 6900 7208 7206
f 6893 7201 7208 6900
f 6902 6901 7209 7210
f 6897 6902 7210 7205
f 6901 6903 7211 7209
f 6905 6904 7212 7213
f 6904 6906 7214 7212
f 6899 7207 7214 6906
f 6908 6907 7215 7216
f 6903 6908 7216 7211
f 6907 6909 7217 7215
f 6909 6910 7218 7217
f 6910 6911 7219 7218
f 6913 6912 7220 7221
f 6912 6914 7222 7220
f 6914 6915 7223 7222
f 6915 6916 7224 7223
f 6905 7213 7224 6916
f 6918 6917 7225 7226
f 6911 6918 7226 7219
f 6917 6919 7227 7225
f 6919 6920 7228 7227
f 6920 6921 7229 7228
f 6921 6922 7230 7229
f 6922 6923 7231 7230
f 6923 6924 7232 7231
f 6924 6925 7233 7232
f 6927 6926 7234 7235
f 6926 6928 7236 7234
f 6928 6929 7237 7236
f 6929 6930 7238 7237
f 6930 6931 7239 7238
f 6931 6932 7240 7239
f 6932 6933 7241 7240
f 6933 6934 7242 7241
f 6913 7221 7242 6934
f 6936 6935 7243 7244
f 6927 7235 7243 6935
f 6925 6936 7244 7233
f 6937 7245 7246 6938
f 6938 7246 7247 6939
f 6937 6940 7248 7245
f 6941 7249 7250 6942
f 6941 6943 7251 7249
f 6942 7250 7252 6944
f 6944 7252 7253 6945
f 6945 7253 7254 6946
f 6946 7254 7255 6947
f 6947 7255 7256 6948
f 6948 7256 7257 6949
f 6949 7257 7248 6940
f 6939 7247 7258 6950
f 6950 7258 7259 6951
f 6951 7259 7260 6952
f 6952 7260 7261 6953
f 6953 7261 7262 6954
f 6954 7262 7263 6955
f 6955 7263 7264 6956
f 6956 7264 7265 6957
f 6957 7265 7266 6958
f 6959 7267 7268 6960
f 6959 6961 7269 7267
f 6960 7268 7270 6962
f 6962 7270 7271 6963
f 6963 7271 7251 6943
f 6958 7266 7272 6964
f 6964 7272 7273 6965
f 6965 7273 7274 6966
f 6966 7274 7275 6967
f 6967 7275 7276 6968
f 6969 7277 7278 6970
f 6969 6971 7279 7277
f 6970 7278 7269 6961
f 6968 7276 7280 6972
f 6972 7280 7281 6973
f 6973 7281 7282 6974
f 6975 7283 7284 6976
f 6975 6977 7285 7283
f 6976 7284 7279 6971
f 6974 7282 7286 6978
f 6978 7286 7287 6979
f 6979 7287 7288 6980
f 6981 7289 7290 6982
f 6981 6983 7291 7289
f 6982 7290 7285 6977
f 6980 7288 7292 6984
f 6984 7292 7293 6985
f 6985 7293 7294 6986
f 6987 7295 7296 6988
f 6987 6989 7297 7295
f 6988 7296 7291 6983
f 6986 7294 7298 6990
f 6990 7298 7299 6991
f 6991 7299 7300 6992
f 6993 7301 7297 6989
f 6993 6994 7302 7301
f 6992 7300 7303 6995
f 6995 7303 7304 6996
f 6997 7305 7306 6998
f 6997 6999 7307 7305
f 6998 7306 7302 6994
f 6996 7304 7308 7000
f 7000 7308 7309 7001
f 7001 7309 7310 7002
f 7003 7311 7307 6999
f 7003 7004 7312 7311
f 7002 7310 7313 7005
f 7005 7313 7314 7006
f 7007 7315 7312 7004
f 7007 7008 7316 7315
f 7006 7314 7317 7009
f 7009 7317 7318 7010
f 7011 7319 7316 7008
f 7011 7012 7320 7319
f 7010 7318 7321 7013
f 7013 7321 7322 7014
f 7015 7323 7320 7012
f 7015 7016 7324 7323
f 7014 7322 7325 7017
f 7017 7325 7326 7018
f 7019 7327 7324 7016
f 7019 7020 7328 7327
f 7018 7326 7329 7021
f 7021 7329 7330 7022
f 7023 7331 7328 7020
f 7023 7024 7332 7331
f 7022 7330 7333 7025
f 7025 7333 7334 7026
f 7027 7335 7332 7024
f 7027 7028 7336 7335
f 7026 7334 7337 7029
f 7029 7337 7338 7030
f 7028 7031 7339 7336
f 7030 7338 7340 7032
f 7033 7341 7339 7031
f 7033 7034 7342 7341
f 7032 7340 7343 7035
f 7035 7343 7344 7036
f 7037 7345 7342 7034
f 7037 7038 7346 7345
f 7036 7344 7347 7039
f 7039 7347 7348 7040
f 7038 7041 7349 7346
f 7040 7348 7350 7042
f 7043 7351 7349 7041
f 7043 7044 7352 7351
f 7042 7350 7353 7045
f 7045 7353 7354 7046
f 7044 7047 7355 7352
f 7046 7354 7356 7048
f 7049 7357 7355 7047
f 7049 7050 7358 7357
f 7048 7356 7359 7051
f 7051 7359 7360 7052
f 7050 7053 7361 7358
f 7052 7360 7362 7054
f 7055 7363 7361 7053
f 7055 7056 7364 7363
f 7054 7362 7365 7057
f 7057 7365 7366 7058
f 7056 7059 7367 7364
f 7058 7366 7368 7060
f 7061 7369 7367 7059
f 7061 7062 7370 7369
f 7060 7368 7371 7063
f 7063 7371 7372 7064
f 7062 7065 7373 7370
f 7064 7372 7374 7066
f 7065 7067 7375 7373
f 7066 7374 7376 7068
f 7067 7069 7377 7375
f 7068 7376 7378 7070
f 7071 7379 7377 7069
f 7071 7072 7380 7379
f 7070 7378 7381 7073
f 7073 7381 7382 7074
f 7072 7075 7383 7380
f 7074 7382 7384 7076
f 7075 7077 7385 7383
f 7076 7384 7386 7078
f 7077 7079 7387 7385
f 7078 7386 7388 7080
f 7079 7081 7389 7387
f 7080 7388 7390 7082
f 7081 7083 7391 7389
f 7082 7390 7392 7084
f 7083 7085 7393 7391
f 7084 7392 7394 7086
f 7085 7087 7395 7393
f 7086 7394 7396 7088
f 7090 7089 7397 7398
f 7091 7399 7395 7087
f 7091 7090 7398 7399
f 7093 7092 7400 7401
f 7088 7396 7402 7094
f 7094 7402 7400 7092
f 7089 7095 7403 7397
f 7093 7401 7404 7096
f 7095 7097 7405 7403
f 7096 7404 7406 7098
f 7097 7099 7407 7405
f 7098 7406 7408 7100
f 7099 7101 7409 7407
f 7100 7408 7410 7102
f 7101 7103 7411 7409
f 7102 7410 7412 7104
f 7103 7105 7413 7411
f 7104 7412 7414 7106
f 7105 7107 7415 7413
f 7106 7414 7416 7108
f 7110 7109 7417 7418
f 7107 7110 7418 7415
f 7112 7111 7419 7420
f 7108 7416 7419 7111
f 7109 7113 7421 7417
f 7112 7420 7422 7114
f 7113 7115 7423 7421
f 7114 7422 7424 7116
f 7115 7117 7425 7423
f 7116 7424 7426 7118
f 7120 7119 7427 7428
f 7117 7120 7428 7425
f 7122 7121 7429 7430
f 7118 7426 7429 7121
f 7119 7123 7431 7427
f 7122 7430 7432 7124
f 7126 7125 7433 7434
f 7123 7126 7434 7431
f 7128 7127 7435 7436
f 7124 7432 7435 7127
f 7125 7129 7437 7433
f 7128 7436 7438 7130
f 7132 7131 7439 7440
f 7129 7132 7440 7437
f 7134 7133 7441 7442
f 7130 7438 7441 7133
f 7131 7135 7443 7439
f 7134 7442 7444 7136
f 7138 7137 7445 7446
f 7135 7138 7446 7443
f 7140 7139 7447 7448
f 7136 7444 7447 7139
f 7137 7141 7449 7445
f 7140 7448 7450 7142
f 7144 7143 7451 7452
f 7141 7144 7452 7449
f 7146 7145 7453 7454
f 7142 7450 7453 7145
f 7148 7147 7455 7456
f 7143 7148 7456 7451
f 7150 7149 7457 7458
f 7146 7454 7457 7149
f 7147 7151 7459 7455
f 7150 7458 7460 7152
f 7154 7153 7461 7462
f 7151 7154 7462 7459
f 7156 7155 7463 7464
f 7152 7460 7463 7155
f 7158 7157 7465 7466
f 7153 7158 7466 7461
f 7160 7159 7467 7468
f 7156 7464 7467 7159
f 7162 7161 7469 7470
f 7157 7162 7470 7465
f 7164 7163 7471 7472
f 7160 7468 7471 7163
f 7166 7165 7473 7474
f 7161 7166 7474 7469
f 7168 7167 7475 7476
f 7164 7472 7475 7167
f 7170 7169 7477 7478
f 7165 7170 7478 7473
f 7172 7171 7479 7480
f 7168 7476 7479 7171
f 7174 7173 7481 7482
f 7169 7174 7482 7477
f 7176 7175 7483 7484
f 7172 7480 7483 7175
f 7178 7177 7485 7486
f 7173 7178 7486 7481
f 7180 7179 7487 7488
f 7176 7484 7487 7179
f 7182 7181 7489 7490
f 7177 7182 7490 7485
f 7181 7183 7491 7489
f 7185 7184 7492 7493
f 7184 7186 7494 7492
f 7180 7488 7494 7186
f 7188 7187 7495 7496
f 7183 7188 7496 7491
f 7190 7189 7497 7498
f 7185 7493 7497 7189
f 7192 7191 7499 7500
f 7187 7192 7500 7495
f 7191 7193 7501 7499
f 7195 7194 7502 7503
f 7194 7196 7504 7502
f 7190 7498 7504 7196
f 7198 7197 7505 7506
f 7193 7198 7506 7501
f 7197 7199 7507 7505
f 7201 7200 7508 7509
f 7200 7202 7510 7508
f 7195 7503 7510 7202
f 7204 7203 7511 7512
f 7199 7204 7512 7507
f 7203 7205 7513 7511
f 7207 7206 7514 7515
f 7206 7208 7516 7514
f 7201 7509 7516 7208
f 7210 7209 7517 7518
f 7205 7210 7518 7513
f 7209 7211 7519 7517
f 7213 7212 7520 7521
f 7212 7214 7522 7520
f 7207 7515 7522 7214
f 7216 7215 7523 7524
f 7211 7216 7524 7519
f 7215 7217 7525 7523
f 7217 7218 7526 7525
f 7218 7219 7527 7526
f 7221 7220 7528 7529
f 7220 7222 7530 7528
f 7222 7223 7531 7530
f 7223 7224 7532 7531
f 7213 7521 7532 7224
f 7226 7225 7533 7534
f 7219 7226 7534 7527
f 7225 7227 7535 7533
f 7227 7228 7536 7535
f 7228 7229 7537 7536
f 7229 7230 7538 7537
f 7230 7231 7539 7538
f 7231 7232 7540 7539
f 7232 7233 7541 7540
f 7235 7234 7542 7543
f 7234 7236 7544 7542
f 7236 7237 7545 7544
f 7237 7238 7546 7545
f 7238 7239 7547 7546
f 7239 7240 7548 7547
f 7240 7241 7549 7548
f 7241 7242 7550 7549
f 7221 7529 7550 7242
f 7244 7243 7551 7552
f 7235 7543 7551 7243
f 7233 7244 7552 7541
f 7245 7553 7554 7246
f 7246 7554 7555 7247
f 7245 7248 7556 7553
f 7553 7556 7555 7554
f 7249 7557 7558 7250
f 7249 7251 7559 7557
f 7557 7559 7560 7558
f 7250 7558 7561 7252
f 7558 7560 7562 7561
f 7252 7561 7563 7253
f 7561 7562 7564 7563
f 7253 7563 7565 7254
f 7563 7564 7566 7565
f 7254 7565 7567 7255
f 7565 7566 7568 7567
f 7255 7567 7569 7256
f 7567 7568 7570 7569
f 7256 7569 7571 7257
f 7569 7570 7572 7571
f 7257 7571 7556 7248
f 7571 7572 7573 7556
f 7556 7573 7574 7555
f 7247 7555 7575 7258
f 7555 7574 7576 7575
f 7258 7575 7577 7259
f 7575 7576 7578 7577
f 7259 7577 7579 7260
f 7577 7578 7580 7579
f 7260 7579 7581 7261
f 7579 7580 7582 7581
f 7261 7581 7583 7262
f 7581 7582 7584 7583
f 7262 7583 7585 7263
f 7583 7584 7586 7585
f 7263 7585 7587 7264
f 7585 7586 7588 7587
f 7264 7587 7589 7265
f 7265 7589 7590 7266
f 7587 7588 7590 7589
f 7267 7591 7592 7268
f 7267 7269 7593 7591
f 7591 7593 7594 7592
f 7268 7592 7595 7270
f 7592 7594 7596 7595
f 7270 7595 7597 7271
f 7595 7596 7598 7597
f 7271 7597 7559 7251
f 7597 7598 7599 7559
f 7559 7599 7600 7560
f 7560 7600 7601 7562
f 7562 7601 7602 7564
f 7564 7602 7603 7566
f 7566 7603 7604 7568
f 7568 7604 7605 7570
f 7570 7605 7606 7572
f 7572 7606 7607 7573
f 7574 7608 7609 7576
f 7576 7609 7610 7578
f 7578 7610 7611 7580
f 7580 7611 7612 7582
f 7582 7612 7613 7584
f 7584 7613 7614 7586
f 7586 7614 7615 7588
f 7588 7615 7616 7590
f 7266 7590 7617 7272
f 7590 7616 7618 7617
f 7272 7617 7619 7273
f 7617 7618 7620 7619
f 7273 7619 7621 7274
f 7619 7620 7622 7621
f 7274 7621 7623 7275
f 7275 7623 7624 7276
f 7621 7622 7624 7623
f 7277 7625 7626 7278
f 7277 7279 7627 7625
f 7625 7627 7628 7626
f 7278 7626 7593 7269
f 7626 7628 7629 7593
f 7593 7629 7630 7594
f 7594 7630 7631 7596
f 7596 7631 7632 7598
f 7598 7632 7633 7599
f 7616 7634 7635 7618
f 7618 7635 7636 7620
f 7620 7636 7637 7622
f 7622 7637 7638 7624
f 7276 7624 7639 7280
f 7624 7638 7640 7639
f 7280 7639 7641 7281
f 7281 7641 7642 7282
f 7639 7640 7642 7641
f 7283 7643 7644 7284
f 7283 7285 7645 7643
f 7643 7645 7646 7644
f 7284 7644 7627 7279
f 7644 7646 7647 7627
f 7627 7647 7648 7628
f 7628 7648 7649 7629
f 7629 7649 7650 7630
f 7637 7651 7652 7638
f 7638 7652 7653 7640
f 7640 7653 7654 7642
f 7282 7642 7655 7286
f 7642 7654 7656 7655
f 7286 7655 7657 7287
f 7287 7657 7658 7288
f 7655 7656 7658 7657
f 7289 7659 7660 7290
f 7289 7291 7661 7659
f 7659 7661 7662 7660
f 7290 7660 7645 7285
f 7660 7662 7663 7645
f 7645 7663 7664 7646
f 7646 7664 7665 7647
f 7654 7666 7667 7656
f 7656 7667 7668 7658
f 7288 7658 7669 7292
f 7658 7668 7670 7669
f 7292 7669 7671 7293
f 7293 7671 7672 7294
f 7669 7670 7672 7671
f 7295 7673 7674 7296
f 7295 7297 7675 7673
f 7673 7675 7676 7674
f 7296 7674 7661 7291
f 7674 7676 7677 7661
f 7661 7677 7678 7662
f 7662 7678 7679 7663
f 7668 7680 7681 7670
f 7670 7681 7682 7672
f 7294 7672 7683 7298
f 7672 7682 7684 7683
f 7298 7683 7685 7299
f 7299 7685 7686 7300
f 7683 7684 7686 7685
f 7301 7687 7675 7297
f 7301 7302 7688 7687
f 7687 7688 7689 7675
f 7675 7689 7690 7676
f 7676 7690 7691 7677
f 7682 7692 7693 7684
f 7684 7693 7694 7686
f 7300 7686 7695 7303
f 7303 7695 7696 7304
f 7686 7694 7696 7695
f 7305 7697 7698 7306
f 7305 7307 7699 7697
f 7697 7699 7700 7698
f 7306 7698 7688 7302
f 7698 7700 7701 7688
f 7688 7701 7702 7689
f 7689 7702 7703 7690
f 7693 7704 7705 7694
f 7694 7705 7706 7696
f 7304 7696 7707 7308
f 7696 7706 7708 7707
f 7308 7707 7709 7309
f 7309 7709 7710 7310
f 7707 7708 7710 7709
f 7311 7711 7699 7307
f 7311 7312 7712 7711
f 7711 7712 7713 7699
f 7699 7713 7714 7700
f 7700 7714 7715 7701
f 7706 7716 7717 7708
f 7708 7717 7718 7710
f 7310 7710 7719 7313
f 7313 7719 7720 7314
f 7710 7718 7720 7719
f 7315 7721 7712 7312
f 7315 7316 7722 7721
f 7721 7722 7723 7712
f 7712 7723 7724 7713
f 7713 7724 7725 7714
f 7717 7726 7727 7718
f 7718 7727 7728 7720
f 7314 7720 7729 7317
f 7317 7729 7730 7318
f 7720 7728 7730 7729
f 7319 7731 7722 7316
f 7319 7320 7732 7731
f 7731 7732 7733 7722
f 7722 7733 7734 7723
f 7723 7734 7735 7724
f 7727 7736 7737 7728
f 7728 7737 7738 7730
f 7318 7730 7739 7321
f 7321 7739 7740 7322
f 7730 7738 7740 7739
f 7323 7741 7732 7320
f 7323 7324 7742 7741
f 7741 7742 7743 7732
f 7732 7743 7744 7733
f 7733 7744 7745 7734
f 7737 7746 7747 7738
f 7738 7747 7748 7740
f 7322 7740 7749 7325
f 7325 7749 7750 7326
f 7740 7748 7750 7749
f 7327 7751 7742 7324
f 7327 7328 7752 7751
f 7751 7752 7753 7742
f 7742 7753 7754 7743
f 7743 7754 7755 7744
f 7747 7756 7757 7748
f 7748 7757 7758 7750
f 7326 7750 7759 7329
f 7329 7759 7760 7330
f 7750 7758 7760 7759
f 7331 7761 7752 7328
f 7331 7332 7762 7761
f 7761 7762 7763 7752
f 7752 7763 7764 7753
f 7753 7764 7765 7754
f 7757 7766 7767 7758
f 7758 7767 7768 7760
f 7330 7760 7769 7333
f 7333 7769 7770 7334
f 7760 7768 7770 7769
f 7335 7771 7762 7332
f 7335 7336 7772 7771
f 7771 7772 7773 7762
f 7762 7773 7774 7763
f 7763 7774 7775 7764
f 7767 7776 7777 7768
f 7768 7777 7778 7770
f 7334 7770 7779 7337
f 7337 7779 7780 7338
f 7770 7778 7780 7779
f 7336 7339 7781 7772
f 7772 7781 7782 7773
f 7773 7782 7783 7774
f 7777 7784 7785 7778
f 7338 7780 7786 7340
f 7778 7785 7786 7780
f 7341 7787 7781 7339
f 7341 7342 7788 7787
f 7787 7788 7789 7781
f 7781 7789 7790 7782
f 7785 7791 7792 7786
f 7340 7786 7793 7343
f 7343 7793 7794 7344
f 7786 7792 7794 7793
f 7345 7795 7788 7342
f 7345 7346 7796 7795
f 7795 7796 7797 7788
f 7788 7797 7798 7789
f 7789 7798 7799 7790
f 7791 7800 7801 7792
f 7792 7801 7802 7794
f 7344 7794 7803 7347
f 7347 7803 7804 7348
f 7794 7802 7804 7803
f 7346 7349 7805 7796
f 7796 7805 7806 7797
f 7797 7806 7807 7798
f 7801 7808 7809 7802
f 7348 7804 7810 7350
f 7802 7809 7810 7804
f 7351 7811 7805 7349
f 7351 7352 7812 7811
f 7811 7812 7813 7805
f 7805 7813 7814 7806
f 7809 7815 7816 7810
f 7350 7810 7817 7353
f 7353 7817 7818 7354
f 7810 7816 7818 7817
f 7352 7355 7819 7812
f 7812 7819 7820 7813
f 7813 7820 7821 7814
f 7815 7822 7823 7816
f 7354 7818 7824 7356
f 7816 7823 7824 7818
f 7357 7825 7819 7355
f 7357 7358 7826 7825
f 7825 7826 7827 7819
f 7819 7827 7828 7820
f 7823 7829 7830 7824
f 7356 7824 7831 7359
f 7359 7831 7832 7360
f 7824 7830 7832 7831
f 7358 7361 7833 7826
f 7826 7833 7834 7827
f 7827 7834 7835 7828
f 7829 7836 7837 7830
f 7360 7832 7838 7362
f 7830 7837 7838 7832
f 7363 7839 7833 7361
f 7363 7364 7840 7839
f 7839 7840 7841 7833
f 7833 7841 7842 7834
f 7837 7843 7844 7838
f 7362 7838 7845 7365
f 7365 7845 7846 7366
f 7838 7844 7846 7845
f 7364 7367 7847 7840
f 7840 7847 7848 7841
f 7841 7848 7849 7842
f 7843 7850 7851 7844
f 7366 7846 7852 7368
f 7844 7851 7852 7846
f 7369 7853 7847 7367
f 7369 7370 7854 7853
f 7853 7854 7855 7847
f 7847 7855 7856 7848
f 7848 7856 7857 7849
f 7850 7858 7859 7851
f 7851 7859 7860 7852
f 7368 7852 7861 7371
f 7371 7861 7862 7372
f 7852 7860 7862 7861
f 7370 7373 7863 7854
f 7854 7863 7864 7855
f 7855 7864 7865 7856
f 7859 7866 7867 7860
f 7372 7862 7868 7374
f 7860 7867 7868 7862
f 7373 7375 7869 7863
f 7863 7869 7870 7864
f 7864 7870 7871 7865
f 7866 7872 7873 7867
f 7374 7868 7874 7376
f 7867 7873 7874 7868
f 7375 7377 7875 7869
f 7869 7875 7876 7870
f 7870 7876 7877 7871
f 7872 7878 7879 7873
f 7376 7874 7880 7378
f 7873 7879 7880 7874
f 7379 7881 7875 7377
f 7379 7380 7882 7881
f 7881 7882 7883 7875
f 7875 7883 7884 7876
f 7879 7885 7886 7880
f 7378 7880 7887 7381
f 7381 7887 7888 7382
f 7880 7886 7888 7887
f 7380 7383 7889 7882
f 7882 7889 7890 7883
f 7883 7890 7891 7884
f 7885 7892 7893 7886
f 7382 7888 7894 7384
f 7886 7893 7894 7888
f 7383 7385 7895 7889
f 7889 7895 7896 7890
f 7890 7896 7897 7891
f 7892 7898 7899 7893
f 7384 7894 7900 7386
f 7893 7899 7900 7894
f 7385 7387 7901 7895
f 7895 7901 7902 7896
f 7896 7902 7903 7897
f 7898 7904 7905 7899
f 7386 7900 7906 7388
f 7899 7905 7906 7900
f 7387 7389 7907 7901
f 7901 7907 7908 7902
f 7902 7908 7909 7903
f 7904 7910 7911 7905
f 7388 7906 7912 7390
f 7905 7911 7912 7906
f 7389 7391 7913 7907
f 7907 7913 7914 7908
f 7908 7914 7915 7909
f 7910 7916 7917 7911
f 7390 7912 7918 7392
f 7911 7917 7918 7912
f 7391 7393 7919 7913
f 7913 7919 7920 7914
f 7914 7920 7921 7915
f 7916 7922 7923 7917
f 7392 7918 7924 7394
f 7917 7923 7924 7918
f 7393 7395 7925 7919
f 7919 7925 7926 7920
f 7920 7926 7927 7921
f 7922 7928 7929 7923
f 7394 7924 7930 7396
f 7923 7929 7930 7924
f 7398 7397 7931 7932
f 7399 7933 7925 7395
f 7399 7398 7932 7933
f 7933 7932 7931 7925
f 7925 7931 7934 7926
f 7929 7935 7936 7930
f 7401 7400 7937 7936
f 7396 7930 7938 7402
f 7402 7938 7937 7400
f 7930 7936 7937 7938
f 7397 7403 7939 7931
f 7931 7939 7940 7934
f 7934 7940 7941 7942
f 7943 7944 7945 7935
f 7401 7936 7946 7404
f 7935 7945 7946 7936
f 7403 7405 7947 7939
f 7939 7947 7948 7940
f 7940 7948 7949 7941
f 7944 7950 7951 7945
f 7404 7946 7952 7406
f 7945 7951 7952 7946
f 7405 7407 7953 7947
f 7947 7953 7954 7948
f 7948 7954 7955 7949
f 7950 7956 7957 7951
f 7406 7952 7958 7408
f 7951 7957 7958 7952
f 7407 7409 7959 7953
f 7953 7959 7960 7954
f 7954 7960 7961 7955
f 7956 7962 7963 7957
f 7408 7958 7964 7410
f 7957 7963 7964 7958
f 7409 7411 7965 7959
f 7959 7965 7966 7960
f 7960 7966 7967 7961
f 7962 7968 7969 7963
f 7410 7964 7970 7412
f 7963 7969 7970 7964
f 7411 7413 7971 7965
f 7965 7971 7972 7966
f 7966 7972 7973 7967
f 7968 7974 7975 7969
f 7412 7970 7976 7414
f 7969 7975 7976 7970
f 7413 7415 7977 7971
f 7971 7977 7978 7972
f 7972 7978 7979 7973
f 7974 7980 7981 7975
f 7414 7976 7982 7416
f 7975 7981 7982 7976
f 7418 7417 7983 7984
f 7415 7418 7984 7977
f 7977 7984 7983 7978
f 7978 7983 7985 7979
f 7980 7986 7987 7981
f 7420 7419 7988 7987
f 7416 7982 7988 7419
f 7981 7987 7988 7982
f 7417 7421 7989 7983
f 7983 7989 7990 7985
f 7985 7990 7991 7992
f 7993 7994 7995 7986
f 7420 7987 7996 7422
f 7986 7995 7996 7987
f 7421 7423 7997 7989
f 7989 7997 7998 7990
f 7990 7998 7999 7991
f 7994 8000 8001 7995
f 7422 7996 8002 7424
f 7995 8001 8002 7996
f 7423 7425 8003 7997
f 7997 8003 8004 7998
f 7998 8004 8005 7999
f 8000 8006 8007 8001
f 7424 8002 8008 7426
f 8001 8007 8008 8002
f 7428 7427 8009 8010
f 7425 7428 8010 8003
f 8003 8010 8009 8004
f 8004 8009 8011 8005
f 8005 8011 8012 8013
f 8014 8015 8016 8006
f 8006 8016 8017 8007
f 7430 7429 8018 8017
f 7426 8008 8018 7429
f 8007 8017 8018 8008
f 7427 7431 8019 8009
f 8009 8019 8020 8011
f 8011 8020 8021 8012
f 8015 8022 8023 8016
f 7430 8017 8024 7432
f 8016 8023 8024 8017
f 7434 7433 8025 8026
f 7431 7434 8026 8019
f 8019 8026 8025 8020
f 8020 8025 8027 8021
f 8022 8028 8029 8023
f 7436 7435 8030 8029
f 7432 8024 8030 7435
f 8023 8029 8030 8024
f 7433 7437 8031 8025
f 8025 8031 8032 8027
f 8027 8032 8033 8034
f 8035 8036 8037 8028
f 7436 8029 8038 7438
f 8028 8037 8038 8029
f 7440 7439 8039 8040
f 7437 7440 8040 8031
f 8031 8040 8039 8032
f 8032 8039 8041 8033
f 8036 8042 8043 8037
f 7442 7441 8044 8043
f 7438 8038 8044 7441
f 8037 8043 8044 8038
f 7439 7443 8045 8039
f 8039 8045 8046 8041
f 8041 8046 8047 8048
f 8049 8050 8051 8042
f 7442 8043 8052 7444
f 8042 8051 8052 8043
f 7446 7445 8053 8054
f 7443 7446 8054 8045
f 8045 8054 8053 8046
f 8046 8053 8055 8047
f 8050 8056 8057 8051
f 7448 7447 8058 8057
f 7444 8052 8058 7447
f 8051 8057 8058 8052
f 7445 7449 8059 8053
f 8053 8059 8060 8055
f 8055 8060 8061 8062
f 8063 8064 8065 8056
f 7448 8057 8066 7450
f 8056 8065 8066 8057
f 7452 7451 8067 8068
f 7449 7452 8068 8059
f 8059 8068 8067 8060
f 8060 8067 8069 8061
f 8061 8069 8070 8071
f 8072 8073 8074 8064
f 8064 8074 8075 8065
f 7454 7453 8076 8075
f 7450 8066 8076 7453
f 8065 8075 8076 8066
f 7456 7455 8077 8078
f 7451 7456 8078 8067
f 8067 8078 8077 8069
f 8069 8077 8079 8070
f 8073 8080 8081 8074
f 7458 7457 8082 8081
f 7454 8075 8082 7457
f 8074 8081 8082 8075
f 7455 7459 8083 8077
f 8077 8083 8084 8079
f 8079 8084 8085 8086
f 8087 8088 8089 8080
f 7458 8081 8090 7460
f 8080 8089 8090 8081
f 7462 7461 8091 8092
f 7459 7462 8092 8083
f 8083 8092 8091 8084
f 8084 8091 8093 8085
f 8085 8093 8094 8095
f 8096 8097 8098 8088
f 8088 8098 8099 8089
f 7464 7463 8100 8099
f 7460 8090 8100 7463
f 8089 8099 8100 8090
f 7466 7465 8101 8102
f 7461 7466 8102 8091
f 8091 8102 8101 8093
f 8093 8101 8103 8094
f 8094 8103 8104 8105
f 8106 8107 8108 8097
f 8097 8108 8109 8098
f 7468 7467 8110 8109
f 7464 8099 8110 7467
f 8098 8109 8110 8099
f 7470 7469 8111 8112
f 7465 7470 8112 8101
f 8101 8112 8111 8103
f 8103 8111 8113 8104
f 8104 8113 8114 8115
f 8116 8117 8118 8107
f 8107 8118 8119 8108
f 7472 7471 8120 8119
f 7468 8109 8120 7471
f 8108 8119 8120 8109
f 7474 7473 8121 8122
f 7469 7474 8122 8111
f 8111 8122 8121 8113
f 8113 8121 8123 8114
f 8114 8123 8124 8125
f 8126 8127 8128 8117
f 8117 8128 8129 8118
f 7476 7475 8130 8129
f 7472 8119 8130 7475
f 8118 8129 8130 8119
f 7478 7477 8131 8132
f 7473 7478 8132 8121
f 8121 8132 8131 8123
f 8123 8131 8133 8124
f 8124 8133 8134 8135
f 8136 8137 8138 8127
f 8127 8138 8139 8128
f 7480 7479 8140 8139
f 7476 8129 8140 7479
f 8128 8139 8140 8129
f 7482 7481 8141 8142
f 7477 7482 8142 8131
f 8131 8142 8141 8133
f 8133 8141 8143 8134
f 8134 8143 8144 8145
f 8146 8147 8148 8137
f 8137 8148 8149 8138
f 7484 7483 8150 8149
f 7480 8139 8150 7483
f 8138 8149 8150 8139
f 7486 7485 8151 8152
f 7481 7486 8152 8141
f 8141 8152 8151 8143
f 8143 8151 8153 8144
f 8144 8153 8154 8155
f 8156 8157 8158 8147
f 8147 8158 8159 8148
f 7488 7487 8160 8159
f 7484 8149 8160 7487
f 8148 8159 8160 8149
f 7490 7489 8161 8162
f 7485 7490 8162 8151
f 8151 8162 8161 8153
f 7489 7491 8163 8161
f 8153 8161 8163 8154
f 8154 8163 8164 8165
f 8165 8164 8166 8167
f 8168 8169 8170 8171
f 8171 8170 8172 8157
f 7493 7492 8173 8172
f 8157 8172 8173 8158
f 7492 7494 8174 8173
f 7488 8159 8174 7494
f 8158 8173 8174 8159
f 7496 7495 8175 8176
f 7491 7496 8176 8163
f 8163 8176 8175 8164
f 8164 8175 8177 8166
f 8166 8177 8178 8179
f 8180 8181 8182 8169
f 8169 8182 8183 8170
f 7498 7497 8184 8183
f 7493 8172 8184 7497
f 8170 8183 8184 8172
f 7500 7499 8185 8186
f 7495 7500 8186 8175
f 8175 8186 8185 8177
f 7499 7501 8187 8185
f 8177 8185 8187 8178
f 8178 8187 8188 8189
f 8189 8188 8190 8191
f 8192 8193 8194 8195
f 8195 8194 8196 8181
f 7503 7502 8197 8196
f 8181 8196 8197 8182
f 7502 7504 8198 8197
f 7498 8183 8198 7504
f 8182 8197 8198 8183
f 7506 7505 8199 8200
f 7501 7506 8200 8187
f 8187 8200 8199 8188
f 7505 7507 8201 8199
f 8188 8199 8201 8190
f 8190 8201 8202 8203
f 8203 8202 8204 8205
f 8206 8207 8208 8209
f 8209 8208 8210 8193
f 7509 7508 8211 8210
f 8193 8210 8211 8194
f 7508 7510 8212 8211
f 7503 8196 8212 7510
f 8194 8211 8212 8196
f 7512 7511 8213 8214
f 7507 7512 8214 8201
f 8201 8214 8213 8202
f 7511 7513 8215 8213
f 8202 8213 8215 8204
f 8204 8215 8216 8217
f 8217 8216 8218 8219
f 8219 8218 8220 8221
f 8222 8223 8224 8225
f 8225 8224 8226 8227
f 8227 8226 8228 8207
f 7515 7514 8229 8228
f 8207 8228 8229 8208
f 7514 7516 8230 8229
f 7509 8210 8230 7516
f 8208 8229 8230 8210
f 7518 7517 8231 8232
f 7513 7518 8232 8215
f 8215 8232 8231 8216
f 7517 7519 8233 8231
f 8216 8231 8233 8218
f 8218 8233 8234 8220
f 8220 8234 8235 8236
f 8236 8235 8237 8238
f 8238 8237 8239 8240
f 8241 8242 8243 8244
f 8244 8243 8245 8246
f 8246 8245 8247 8223
f 8223 8247 8248 8224
f 7521 7520 8249 8248
f 8224 8248 8249 8226
f 7520 7522 8250 8249
f 7515 8228 8250 7522
f 8226 8249 8250 8228
f 7524 7523 8251 8252
f 7519 7524 8252 8233
f 8233 8252 8251 8234
f 7523 7525 8253 8251
f 8234 8251 8253 8235
f 7525 7526 8254 8253
f 8235 8253 8254 8237
f 7526 7527 8255 8254
f 8237 8254 8255 8239
f 8239 8255 8256 8257
f 8257 8256 8258 8259
f 8259 8258 8260 8261
f 8261 8260 8262 8263
f 8263 8262 8264 8265
f 8265 8264 8266 8267
f 8267 8266 8268 8269
f 8269 8268 8270 8271
f 8272 8273 8274 8275
f 8275 8274 8276 8277
f 8277 8276 8278 8279
f 8279 8278 8280 8281
f 8281 8280 8282 8283
f 8283 8282 8284 8285
f 8285 8284 8286 8287
f 8287 8286 8288 8242
f 7529 7528 8289 8288
f 8242 8288 8289 8243
f 7528 7530 8290 8289
f 8243 8289 8290 8245
f 7530 7531 8291 8290
f 8245 8290 8291 8247
f 7531 7532 8292 8291
f 7521 8248 8292 7532
f 8247 8291 8292 8248
f 7534 7533 8293 8294
f 7527 7534 8294 8255
f 8255 8294 8293 8256
f 7533 7535 8295 8293
f 8256 8293 8295 8258
f 7535 7536 8296 8295
f 8258 8295 8296 8260
f 7536 7537 8297 8296
f 8260 8296 8297 8262
f 7537 7538 8298 8297
f 8262 8297 8298 8264
f 7538 7539 8299 8298
f 8264 8298 8299 8266
f 7539 7540 8300 8299
f 8266 8299 8300 8268
f 7540 7541 8301 8300
f 8268 8300 8301 8270
f 8270 8301 8302 8273
f 7543 7542 8303 8302
f 8273 8302 8303 8274
f 7542 7544 8304 8303
f 8274 8303 8304 8276
f 7544 7545 8305 8304
f 8276 8304 8305 8278
f 7545 7546 8306 8305
f 8278 8305 8306 8280
f 7546 7547 8307 8306
f 8280 8306 8307 8282
f 7547 7548 8308 8307
f 8282 8307 8308 8284
f 7548 7549 8309 8308
f 8284 8308 8309 8286
f 7549 7550 8310 8309
f 7529 8288 8310 7550
f 8286 8309 8310 8288
f 7552 7551 8311 8312
f 7543 8302 8311 7551
f 7541 7552 8312 8301
f 8301 8312 8311 8302
f 7573 8313 8314 7574
f 7574 8314 8315 7608
f 7573 7607 8316 8313
f 7599 8317 8318 7600
f 7599 7633 8319 8317
f 7600 8318 8320 7601
f 7601 8320 8321 7602
f 7602 8321 8322 7603
f 7603 8322 8323 7604
f 7604 8323 8324 7605
f 7605 8324 8325 7606
f 7606 8325 8316 7607
f 7608 8315 8326 7609
f 7609 8326 8327 7610
f 7610 8327 8328 7611
f 7611 8328 8329 7612
f 7612 8329 8330 7613
f 7613 8330 8331 7614
f 7614 8331 8332 7615
f 7615 8332 8333 7616
f 7616 8333 8334 7634
f 7630 8335 8336 7631
f 7630 7650 8337 8335
f 7631 8336 8338 7632
f 7632 8338 8319 7633
f 7634 8334 8339 7635
f 7635 8339 8340 7636
f 7636 8340 8341 7637
f 7637 8341 8342 7651
f 7647 8343 8344 7648
f 7647 7665 8345 8343
f 7648 8344 8346 7649
f 7649 8346 8337 7650
f 7651 8342 8347 7652
f 7652 8347 8348 7653
f 7653 8348 8349 7654
f 7654 8349 8350 7666
f 7663 8351 8352 7664
f 7663 7679 8353 8351
f 7664 8352 8345 7665
f 7666 8350 8354 7667
f 7667 8354 8355 7668
f 7668 8355 8356 7680
f 7677 8357 8358 7678
f 7677 7691 8359 8357
f 7678 8358 8353 7679
f 7680 8356 8360 7681
f 7681 8360 8361 7682
f 7682 8361 8362 7692
f 7690 8363 8359 7691
f 7690 7703 8364 8363
f 7692 8362 8365 7693
f 7693 8365 8366 7704
f 7701 8367 8368 7702
f 7701 7715 8369 8367
f 7702 8368 8364 7703
f 7704 8366 8370 7705
f 7705 8370 8371 7706
f 7706 8371 8372 7716
f 7714 8373 8369 7715
f 7714 7725 8374 8373
f 7716 8372 8375 7717
f 7717 8375 8376 7726
f 7724 8377 8374 7725
f 7724 7735 8378 8377
f 7726 8376 8379 7727
f 7727 8379 8380 7736
f 7734 8381 8378 7735
f 7734 7745 8382 8381
f 7736 8380 8383 7737
f 7737 8383 8384 7746
f 7744 8385 8382 7745
f 7744 7755 8386 8385
f 7746 8384 8387 7747
f 7747 8387 8388 7756
f 7754 8389 8386 7755
f 7754 7765 8390 8389
f 7756 8388 8391 7757
f 7757 8391 8392 7766
f 7764 8393 8390 7765
f 7764 7775 8394 8393
f 7766 8392 8395 7767
f 7767 8395 8396 7776
f 7774 8397 8394 7775
f 7774 7783 8398 8397
f 7776 8396 8399 7777
f 7777 8399 8400 7784
f 7782 8401 8398 7783
f 7782 7790 8402 8401
f 7784 8400 8403 7785
f 7785 8403 8404 7791
f 7790 7799 8405 8402
f 7791 8404 8406 7800
f 7798 8407 8405 7799
f 7798 7807 8408 8407
f 7800 8406 8409 7801
f 7801 8409 8410 7808
f 7806 8411 8408 7807
f 7806 7814 8412 8411
f 7808 8410 8413 7809
f 7809 8413 8414 7815
f 7814 7821 8415 8412
f 7815 8414 8416 7822
f 7820 8417 8415 7821
f 7820 7828 8418 8417
f 7822 8416 8419 7823
f 7823 8419 8420 7829
f 7828 7835 8421 8418
f 7829 8420 8422 7836
f 7834 8423 8421 7835
f 7834 7842 8424 8423
f 7836 8422 8425 7837
f 7837 8425 8426 7843
f 7842 7849 8427 8424
f 7843 8426 8428 7850
f 7849 7857 8429 8427
f 7850 8428 8430 7858
f 7856 8431 8429 7857
f 7856 7865 8432 8431
f 7858 8430 8433 7859
f 7859 8433 8434 7866
f 7865 7871 8435 8432
f 7866 8434 8436 7872
f 7871 7877 8437 8435
f 7872 8436 8438 7878
f 7876 8439 8437 7877
f 7876 7884 8440 8439
f 7878 8438 8441 7879
f 7879 8441 8442 7885
f 7884 7891 8443 8440
f 7885 8442 8444 7892
f 7891 7897 8445 8443
f 7892 8444 8446 7898
f 7897 7903 8447 8445
f 7898 8446 8448 7904
f 7903 7909 8449 8447
f 7904 8448 8450 7910
f 7909 7915 8451 8449
f 7910 8450 8452 7916
f 7915 7921 8453 8451
f 7916 8452 8454 7922
f 7921 7927 8455 8453
f 7922 8454 8456 7928
f 7934 7942 8457 8458
f 7926 8459 8455 7927
f 7926 7934 8458 8459
f 7943 7935 8460 8461
f 7928 8456 8462 7929
f 7929 8462 8460 7935
f 7942 7941 8463 8457
f 7943 8461 8464 7944
f 7941 7949 8465 8463
f 7944 8464 8466 7950
f 7949 7955 8467 8465
f 7950 8466 8468 7956
f 7955 7961 8469 8467
f 7956 8468 8470 7962
f 7961 7967 8471 8469
f 7962 8470 8472 7968
f 7967 7973 8473 8471
f 7968 8472 8474 7974
f 7973 7979 8475 8473
f 7974 8474 8476 7980
f 7985 7992 8477 8478
f 7979 7985 8478 8475
f 7993 7986 8479 8480
f 7980 8476 8479 7986
f 7992 7991 8481 8477
f 7993 8480 8482 7994
f 7991 7999 8483 8481
f 7994 8482 8484 8000
f 8005 8013 8485 8486
f 7999 8005 8486 8483
f 8014 8006 8487 8488
f 8000 8484 8487 8006
f 8013 8012 8489 8485
f 8014 8488 8490 8015
f 8012 8021 8491 8489
f 8015 8490 8492 8022
f 8027 8034 8493 8494
f 8021 8027 8494 8491
f 8035 8028 8495 8496
f 8022 8492 8495 8028
f 8034 8033 8497 8493
f 8035 8496 8498 8036
f 8041 8048 8499 8500
f 8033 8041 8500 8497
f 8049 8042 8501 8502
f 8036 8498 8501 8042
f 8048 8047 8503 8499
f 8049 8502 8504 8050
f 8055 8062 8505 8506
f 8047 8055 8506 8503
f 8063 8056 8507 8508
f 8050 8504 8507 8056
f 8061 8071 8509 8510
f 8062 8061 8510 8505
f 8072 8064 8511 8512
f 8063 8508 8511 8064
f 8071 8070 8513 8509
f 8072 8512 8514 8073
f 8079 8086 8515 8516
f 8070 8079 8516 8513
f 8087 8080 8517 8518
f 8073 8514 8517 8080
f 8085 8095 8519 8520
f 8086 8085 8520 8515
f 8096 8088 8521 8522
f 8087 8518 8521 8088
f 8094 8105 8523 8524
f 8095 8094 8524 8519
f 8106 8097 8525 8526
f 8096 8522 8525 8097
f 8104 8115 8527 8528
f 8105 8104 8528 8523
f 8116 8107 8529 8530
f 8106 8526 8529 8107
f 8114 8125 8531 8532
f 8115 8114 8532 8527
f 8126 8117 8533 8534
f 8116 8530 8533 8117
f 8124 8135 8535 8536
f 8125 8124 8536 8531
f 8136 8127 8537 8538
f 8126 8534 8537 8127
f 8134 8145 8539 8540
f 8135 8134 8540 8535
f 8146 8137 8541 8542
f 8136 8538 8541 8137
f 8144 8155 8543 8544
f 8145 8144 8544 8539
f 8156 8147 8545 8546
f 8146 8542 8545 8147
f 8154 8165 8547 8548
f 8155 8154 8548 8543
f 8165 8167 8549 8547
f 8168 8171 8550 8551
f 8171 8157 8552 8550
f 8156 8546 8552 8157
f 8166 8179 8553 8554
f 8167 8166 8554 8549
f 8180 8169 8555 8556
f 8168 8551 8555 8169
f 8178 8189 8557 8558
f 8179 8178 8558 8553
f 8189 8191 8559 8557
f 8192 8195 8560 8561
f 8195 8181 8562 8560
f 8180 8556 8562 8181
f 8190 8203 8563 8564
f 8191 8190 8564 8559
f 8203 8205 8565 8563
f 8206 8209 8566 8567
f 8209 8193 8568 8566
f 8192 8561 8568 8193
f 8204 8217 8569 8570
f 8205 8204 8570 8565
f 8217 8219 8571 8569
f 8219 8221 8572 8571
f 8222 8225 8573 8574
f 8225 8227 8575 8573
f 8227 8207 8576 8575
f 8206 8567 8576 8207
f 8220 8236 8577 8578
f 8221 8220 8578 8572
f 8236 8238 8579 8577
f 8238 8240 8580 8579
f 8241 8244 8581 8582
f 8244 8246 8583 8581
f 8246 8223 8584 8583
f 8222 8574 8584 8223
f 8239 8257 8585 8586
f 8240 8239 8586 8580
f 8257 8259 8587 8585
f 8259 8261 8588 8587
f 8261 8263 8589 8588
f 8263 8265 8590 8589
f 8265 8267 8591 8590
f 8267 8269 8592 8591
f 8269 8271 8593 8592
f 8272 8275 8594 8595
f 8275 8277 8596 8594
f 8277 8279 8597 8596
f 8279 8281 8598 8597
f 8281 8283 8599 8598
f 8283 8285 8600 8599
f 8285 8287 8601 8600
f 8287 8242 8602 8601
f 8241 8582 8602 8242
f 8270 8273 8603 8604
f 8272 8595 8603 8273
f 8271 8270 8604 8593
f 8313 8605 8606 8314
f 8314 8606 8607 8315
f 8313 8316 8608 8605
f 8317 8609 8610 8318
f 8317 8319 8611 8609
f 8318 8610 8612 8320
f 8320 8612 8613 8321
f 8321 8613 8614 8322
f 8322 8614 8615 8323
f 8323 8615 8616 8324
f 8324 8616 8617 8325
f 8325 8617 8608 8316
f 8315 8607 8618 8326
f 8326 8618 8619 8327
f 8327 8619 8620 8328
f 8328 8620 8621 8329
f 8329 8621 8622 8330
f 8330 8622 8623 8331
f 8331 8623 8624 8332
f 8332 8624 8625 8333
f 8333 8625 8626 8334
f 8335 8627 8628 8336
f 8335 8337 8629 8627
f 8336 8628 8630 8338
f 8338 8630 8611 8319
f 8334 8626 8631 8339
f 8339 8631 8632 8340
f 8340 8632 8633 8341
f 8341 8633 8634 8342
f 8343 8635 8636 8344
f 8343 8345 8637 8635
f 8344 8636 8638 8346
f 8346 8638 8629 8337
f 8342 8634 8639 8347
f 8347 8639 8640 8348
f 8348 8640 8641 8349
f 8349 8641 8642 8350
f 8351 8643 8644 8352
f 8351 8353 8645 8643
f 8352 8644 8637 8345
f 8350 8642 8646 8354
f 8354 8646 8647 8355
f 8355 8647 8648 8356
f 8357 8649 8650 8358
f 8357 8359 8651 8649
f 8358 8650 8645 8353
f 8356 8648 8652 8360
f 8360 8652 8653 8361
f 8361 8653 8654 8362
f 8363 8655 8651 8359
f 8363 8364 8656 8655
f 8362 8654 8657 8365
f 8365 8657 8658 8366
f 8367 8659 8660 8368
f 8367 8369 8661 8659
f 8368 8660 8656 8364
f 8366 8658 8662 8370
f 8370 8662 8663 8371
f 8371 8663 8664 8372
f 8373 8665 8661 8369
f 8373 8374 8666 8665
f 8372 8664 8667 8375
f 8375 8667 8668 8376
f 8377 8669 8666 8374
f 8377 8378 8670 8669
f 8376 8668 8671 8379
f 8379 8671 8672 8380
f 8381 8673 8670 8378
f 8381 8382 8674 8673
f 8380 8672 8675 8383
f 8383 8675 8676 8384
f 8385 8677 8674 8382
f 8385 8386 8678 8677
f 8384 8676 8679 8387
f 8387 8679 8680 8388
f 8389 8681 8678 8386
f 8389 8390 8682 8681
f 8388 8680 8683 8391
f 8391 8683 8684 8392
f 8393 8685 8682 8390
f 8393 8394 8686 8685
f 8392 8684 8687 8395
f 8395 8687 8688 8396
f 8397 8689 8686 8394
f 8397 8398 8690 8689
f 8396 8688 8691 8399
f 8399 8691 8692 8400
f 8401 8693 8690 8398
f 8401 8402 8694 8693
f 8400 8692 8695 8403
f 8403 8695 8696 8404
f 8402 8405 8697 8694
f 8404 8696 8698 8406
f 8407 8699 8697 8405
f 8407 8408 8700 8699
f 8406 8698 8701 8409
f 8409 8701 8702 8410
f 8411 8703 8700 8408
f 8411 8412 8704 8703
f 8410 8702 8705 8413
f 8413 8705 8706 8414
f 8412 8415 8707 8704
f 8414 8706 8708 8416
f 8417 8709 8707 8415
f 8417 8418 8710 8709
f 8416 8708 8711 8419
f 8419 8711 8712 8420
f 8418 8421 8713 8710
f 8420 8712 8714 8422
f 8423 8715 8713 8421
f 8423 8424 8716 8715
f 8422 8714 8717 8425
f 8425 8717 8718 8426
f 8424 8427 8719 8716
f 8426 8718 8720 8428
f 8427 8429 8721 8719
f 8428 8720 8722 8430
f 8431 8723 8721 8429
f 8431 8432 8724 8723
f 8430 8722 8725 8433
f 8433 8725 8726 8434
f 8432 8435 8727 8724
f 8434 8726 8728 8436
f 8435 8437 8729 8727
f 8436 8728 8730 8438
f 8439 8731 8729 8437
f 8439 8440 8732 8731
f 8438 8730 8733 8441
f 8441 8733 8734 8442
f 8440 8443 8735 8732
f 8442 8734 8736 8444
f 8443 8445 8737 8735
f 8444 8736 8738 8446
f 8445 8447 8739 8737
f 8446 8738 8740 8448
f 8447 8449 8741 8739
f 8448 8740 8742 8450
f 8449 8451 8743 8741
f 8450 8742 8744 8452
f 8451 8453 8745 8743
f 8452 8744 8746 8454
f 8453 8455 8747 8745
f 8454 8746 8748 8456
f 8458 8457 8749 8750
f 8459 8751 8747 8455
f 8459 8458 8750 8751
f 8461 8460 8752 8753
f 8456 8748 8754 8462
f 8462 8754 8752 8460
f 8457 8463 8755 8749
f 8461 8753 8756 8464
f 8463 8465 8757 8755
f 8464 8756 8758 8466
f 8465 8467 8759 8757
f 8466 8758 8760 8468
f 8467 8469 8761 8759
f 8468 8760 8762 8470
f 8469 8471 8763 8761
f 8470 8762 8764 8472
f 8471 8473 8765 8763
f 8472 8764 8766 8474
f 8473 8475 8767 8765
f 8474 8766 8768 8476
f 8478 8477 8769 8770
f 8475 8478 8770 8767
f 8480 8479 8771 8772
f 8476 8768 8771 8479
f 8477 8481 8773 8769
f 8480 8772 8774 8482
f 8481 8483 8775 8773
f 8482 8774 8776 8484
f 8486 8485 8777 8778
f 8483 8486 8778 8775
f 8488 8487 8779 8780
f 8484 8776 8779 8487
f 8485 8489 8781 8777
f 8488 8780 8782 8490
f 8489 8491 8783 8781
f 8490 8782 8784 8492
f 8494 8493 8785 8786
f 8491 8494 8786 8783
f 8496 8495 8787 8788
f 8492 8784 8787 8495
f 8493 8497 8789 8785
f 8496 8788 8790 8498
f 8500 8499 8791 8792
f 8497 8500 8792 8789
f 8502 8501 8793 8794
f 8498 8790 8793 8501
f 8499 8503 8795 8791
f 8502 8794 8796 8504
f 8506 8505 8797 8798
f 8503 8506 8798 8795
f 8508 8507 8799 8800
f 8504 8796 8799 8507
f 8510 8509 8801 8802
f 8505 8510 8802 8797
f 8512 8511 8803 8804
f 8508 8800 8803 8511
f 8509 8513 8805 8801
f 8512 8804 8806 8514
f 8516 8515 8807 8808
f 8513 8516 8808 8805
f 8518 8517 8809 8810
f 8514 8806 8809 8517
f 8520 8519 8811 8812
f 8515 8520 8812 8807
f 8522 8521 8813 8814
f 8518 8810 8813 8521
f 8524 8523 8815 8816
f 8519 8524 8816 8811
f 8526 8525 8817 8818
f 8522 8814 8817 8525
f 8528 8527 8819 8820
f 8523 8528 8820 8815
f 8530 8529 8821 8822
f 8526 8818 8821 8529
f 8532 8531 8823 8824
f 8527 8532 8824 8819
f 8534 8533 8825 8826
f 8530 8822 8825 8533
f 8536 8535 8827 8828
f 8531 8536 8828 8823
f 8538 8537 8829 8830
f 8534 8826 8829 8537
f 8540 8539 8831 8832
f 8535 8540 8832 8827
f 8542 8541 8833 8834
f 8538 8830 8833 8541
f 8544 8543 8835 8836
f 8539 8544 8836 8831
f 8546 8545 8837 8838
f 8542 8834 8837 8545
f 8548 8547 8839 8840
f 8543 8548 8840 8835
f 8547 8549 8841 8839
f 8551 8550 8842 8843
f 8550 8552 8844 8842
f 8546 8838 8844 8552
f 8554 8553 8845 8846
f 8549 8554 8846 8841
f 8556 8555 8847 8848
f 8551 8843 8847 8555
f 8558 8557 8849 8850
f 8553 8558 8850 8845
f 8557 8559 8851 8849
f 8561 8560 8852 8853
f 8560 8562 8854 8852
f 8556 8848 8854 8562
f 8564 8563 8855 8856
f 8559 8564 8856 8851
f 8563 8565 8857 8855
f 8567 8566 8858 8859
f 8566 8568 8860 8858
f 8561 8853 8860 8568
f 8570 8569 8861 8862
f 8565 8570 8862 8857
f 8569 8571 8863 8861
f 8571 8572 8864 8863
f 8574 8573 8865 8866
f 8573 8575 8867 8865
f 8575 8576 8868 8867
f 8567 8859 8868 8576
f 8578 8577 8869 8870
f 8572 8578 8870 8864
f 8577 8579 8871 8869
f 8579 8580 8872 8871
f 8582 8581 8873 8874
f 8581 8583 8875 8873
f 8583 8584 8876 8875
f 8574 8866 8876 8584
f 8586 8585 8877 8878
f 8580 8586 8878 8872
f 8585 8587 8879 8877
f 8587 8588 8880 8879
f 8588 8589 8881 8880
f 8589 8590 8882 8881
f 8590 8591 8883 8882
f 8591 8592 8884 8883
f 8592 8593 8885 8884
f 8595 8594 8886 8887
f 8594 8596 8888 8886
f 8596 8597 8889 8888
f 8597 8598 8890 8889
f 8598 8599 8891 8890
f 8599 8600 8892 8891
f 8600 8601 8893 8892
f 8601 8602 8894 8893
f 8582 8874 8894 8602
f 8604 8603 8895 8896
f 8595 8887 8895 8603
f 8593 8604 8896 8885
f 8605 8897 8898 8606
f 8606 8898 8899 8607
f 8605 8608 8900 8897
f 8609 8901 8902 8610
f 8609 8611 8903 8901
f 8610 8902 8904 8612
f 8612 8904 8905 8613
f 8613 8905 8906 8614
f 8614 8906 8907 8615
f 8615 8907 8908 8616
f 8616 8908 8909 8617
f 8617 8909 8900 8608
f 8607 8899 8910 8618
f 8618 8910 8911 8619
f 8619 8911 8912 8620
f 8620 8912 8913 8621
f 8621 8913 8914 8622
f 8622 8914 8915 8623
f 8623 8915 8916 8624
f 8624 8916 8917 8625
f 8625 8917 8918 8626
f 8627 8919 8920 8628
f 8627 8629 8921 8919
f 8628 8920 8922 8630
f 8630 8922 8903 8611
f 8626 8918 8923 8631
f 8631 8923 8924 8632
f 8632 8924 8925 8633
f 8633 8925 8926 8634
f 8635 8927 8928 8636
f 8635 8637 8929 8927
f 8636 8928 8930 8638
f 8638 8930 8921 8629
f 8634 8926 8931 8639
f 8639 8931 8932 8640
f 8640 8932 8933 8641
f 8641 8933 8934 8642
f 8643 8935 8936 8644
f 8643 8645 8937 8935
f 8644 8936 8929 8637
f 8642 8934 8938 8646
f 8646 8938 8939 8647
f 8647 8939 8940 8648
f 8649 8941 8942 8650
f 8649 8651 8943 8941
f 8650 8942 8937 8645
f 8648 8940 8944 8652
f 8652 8944 8945 8653
f 8653 8945 8946 8654
f 8655 8947 8943 8651
f 8655 8656 8948 8947
f 8654 8946 8949 8657
f 8657 8949 8950 8658
f 8659 8951 8952 8660
f 8659 8661 8953 8951
f 8660 8952 8948 8656
f 8658 8950 8954 8662
f 8662 8954 8955 8663
f 8663 8955 8956 8664
f 8665 8957 8953 8661
f 8665 8666 8958 8957
f 8664 8956 8959 8667
f 8667 8959 8960 8668
f 8669 8961 8958 8666
f 8669 8670 8962 8961
f 8668 8960 8963 8671
f 8671 8963 8964 8672
f 8673 8965 8962 8670
f 8673 8674 8966 8965
f 8672 8964 8967 8675
f 8675 8967 8968 8676
f 8677 8969 8966 8674
f 8677 8678 8970 8969
f 8676 8968 8971 8679
f 8679 8971 8972 8680
f 8681 8973 8970 8678
f 8681 8682 8974 8973
f 8680 8972 8975 8683
f 8683 8975 8976 8684
f 8685 8977 8974 8682
f 8685 8686 8978 8977
f 8684 8976 8979 8687
f 8687 8979 8980 8688
f 8689 8981 8978 8686
f 8689 8690 8982 8981
f 8688 8980 8983 8691
f 8691 8983 8984 8692
f 8693 8985 8982 8690
f 8693 8694 8986 8985
f 8692 8984 8987 8695
f 8695 8987 8988 8696
f 8694 8697 8989 8986
f 8696 8988 8990 8698
f 8699 8991 8989 8697
f 8699 8700 8992 8991
f 8698 8990 8993 8701
f 8701 8993 8994 8702
f 8703 8995 8992 8700
f 8703 8704 8996 8995
f 8702 8994 8997 8705
f 8705 8997 8998 8706
f 8704 8707 8999 8996
f 8706 8998 9000 8708
f 8709 9001 8999 8707
f 8709 8710 9002 9001
f 8708 9000 9003 8711
f 8711 9003 9004 8712
f 8710 8713 9005 9002
f 8712 9004 9006 8714
f 8715 9007 9005 8713
f 8715 8716 9008 9007
f 8714 9006 9009 8717
f 8717 9009 9010 8718
f 8716 8719 9011 9008
f 8718 9010 9012 8720
f 8719 8721 9013 9011
f 8720 9012 9014 8722
f 8723 9015 9013 8721
f 8723 8724 9016 9015
f 8722 9014 9017 8725
f 8725 9017 9018 8726
f 8724 8727 9019 9016
f 8726 9018 9020 8728
f 8727 8729 9021 9019
f 8728 9020 9022 8730
f 8731 9023 9021 8729
f 8731 8732 9024 9023
f 8730 9022 9025 8733
f 8733 9025 9026 8734
f 8732 8735 9027 9024
f 8734 9026 9028 8736
f 8735 8737 9029 9027
f 8736 9028 9030 8738
f 8737 8739 9031 9029
f 8738 9030 9032 8740
f 8739 8741 9033 9031
f 8740 9032 9034 8742
f 8741 8743 9035 9033
f 8742 9034 9036 8744
f 8743 8745 9037 9035
f 8744 9036 9038 8746
f 8745 8747 9039 9037
f 8746 9038 9040 8748
f 8750 8749 9041 9042
f 8751 9043 9039 8747
f 8751 8750 9042 9043
f 8753 8752 9044 9045
f 8748 9040 9046 8754
f 8754 9046 9044 8752
f 8749 8755 9047 9041
f 8753 9045 9048 8756
f 8755 8757 9049 9047
f 8756 9048 9050 8758
f 8757 8759 9051 9049
f 8758 9050 9052 8760
f 8759 8761 9053 9051
f 8760 9052 9054 8762
f 8761 8763 9055 9053
f 8762 9054 9056 8764
f 8763 8765 9057 9055
f 8764 9056 9058 8766
f 8765 8767 9059 9057
f 8766 9058 9060 8768
f 8770 8769 9061 9062
f 8767 8770 9062 9059
f 8772 8771 9063 9064
f 8768 9060 9063 8771
f 8769 8773 9065 9061
f 8772 9064 9066 8774
f 8773 8775 9067 9065
f 8774 9066 9068 8776
f 8778 8777 9069 9070
f 8775 8778 9070 9067
f 8780 8779 9071 9072
f 8776 9068 9071 8779
f 8777 8781 9073 9069
f 8780 9072 9074 8782
f 8781 8783 9075 9073
f 8782 9074 9076 8784
f 8786 8785 9077 9078
f 8783 8786 9078 9075
f 8788 8787 9079 9080
f 8784 9076 9079 8787
f 8785 8789 9081 9077
f 8788 9080 9082 8790
f 8792 8791 9083 9084
f 8789 8792 9084 9081
f 8794 8793 9085 9086
f 8790 9082 9085 8793
f 8791 8795 9087 9083
f 8794 9086 9088 8796
f 8798 8797 9089 9090
f 8795 8798 9090 9087
f 8800 8799 9091 9092
f 8796 9088 9091 8799
f 8802 8801 9093 9094
f 8797 8802 9094 9089
f 8804 8803 9095 9096
f 8800 9092 9095 8803
f 8801 8805 9097 9093
f 8804 9096 9098 8806
f 8808 8807 9099 9100
f 8805 8808 9100 9097
f 8810 8809 9101 9102
f 8806 9098 9101 8809
f 8812 8811 9103 9104
f 8807 8812 9104 9099
f 8814 8813 9105 9106
f 8810 9102 9105 8813
f 8816 8815 9107 9108
f 8811 8816 9108 9103
f 8818 8817 9109 9110
f 8814 9106 9109 8817
f 8820 8819 9111 9112
f 8815 8820 9112 9107
f 8822 8821 9113 9114
f 8818 9110 9113 8821
f 8824 8823 9115 9116
f 8819 8824 9116 9111
f 8826 8825 9117 9118
f 8822 9114 9117 8825
f 8828 8827 9119 9120
f 8823 8828 9120 9115
f 8830 8829 9121 9122
f 8826 9118 9121 8829
f 8832 8831 9123 9124
f 8827 8832 9124 9119
f 8834 8833 9125 9126
f 8830 9122 9125 8833
f 8836 8835 9127 9128
f 8831 8836 9128 9123
f 8838 8837 9129 9130
f 8834 9126 9129 8837
f 8840 8839 9131 9132
f 8835 8840 9132 9127
f 8839 8841 9133 9131
f 8843 8842 9134 9135
f 8842 8844 9136 9134
f 8838 9130 9136 8844
f 8846 8845 9137 9138
f 8841 8846 9138 9133
f 8848 8847 9139 9140
f 8843 9135 9139 8847
f 8850 8849 9141 9142
f 8845 8850 9142 9137
f 8849 8851 9143 9141
f 8853 8852 9144 9145
f 8852 8854 9146 9144
f 8848 9140 9146 8854
f 8856 8855 9147 9148
f 8851 8856 9148 9143
f 8855 8857 9149 9147
f 8859 8858 9150 9151
f 8858 8860 9152 9150
f 8853 9145 9152 8860
f 8862 8861 9153 9154
f 8857 8862 9154 9149
f 8861 8863 9155 9153
f 8863 8864 9156 9155
f 8866 8865 9157 9158
f 8865 8867 9159 9157
f 8867 8868 9160 9159
f 8859 9151 9160 8868
f 8870 8869 9161 9162
f 8864 8870 9162 9156
f 8869 8871 9163 9161
f 8871 8872 9164 9163
f 8874 8873 9165 9166
f 8873 8875 9167 9165
f 8875 8876 9168 9167
f 8866 9158 9168 8876
f 8878 8877 9169 9170
f 8872 8878 9170 9164
f 8877 8879 9171 9169
f 8879 8880 9172 9171
f 8880 8881 9173 9172
f 8881 8882 9174 9173
f 8882 8883 9175 9174
f 8883 8884 9176 9175
f 8884 8885 9177 9176
f 8887 8886 9178 9179
f 8886 8888 9180 9178
f 8888 8889 9181 9180
f 8889 8890 9182 9181
f 8890 8891 9183 9182
f 8891 8892 9184 9183
f 8892 8893 9185 9184
f 8893 8894 9186 9185
f 8874 9166 9186 8894
f 8896 8895 9187 9188
f 8887 9179 9187 8895
f 8885 8896 9188 9177
f 8897 9189 9190 8898
f 8898 9190 9191 8899
f 8897 8900 9192 9189
f 8901 9193 9194 8902
f 8901 8903 9195 9193
f 8902 9194 9196 8904
f 8904 9196 9197 8905
f 8905 9197 9198 8906
f 8906 9198 9199 8907
f 8907 9199 9200 8908
f 8908 9200 9201 8909
f 8909 9201 9192 8900
f 8899 9191 9202 8910
f 8910 9202 9203 8911
f 8911 9203 9204 8912
f 8912 9204 9205 8913
f 8913 9205 9206 8914
f 8914 9206 9207 8915
f 8915 9207 9208 8916
f 8916 9208 9209 8917
f 8917 9209 9210 8918
f 8919 9211 9212 8920
f 8919 8921 9213 9211
f 8920 9212 9214 8922
f 8922 9214 9195 8903
f 8918 9210 9215 8923
f 8923 9215 9216 8924
f 8924 9216 9217 8925
f 8925 9217 9218 8926
f 8927 9219 9220 8928
f 8927 8929 9221 9219
f 8928 9220 9222 8930
f 8930 9222 9213 8921
f 8926 9218 9223 8931
f 8931 9223 9224 8932
f 8932 9224 9225 8933
f 8933 9225 9226 8934
f 8935 9227 9228 8936
f 8935 8937 9229 9227
f 8936 9228 9221 8929
f 8934 9226 9230 8938
f 8938 9230 9231 8939
f 8939 9231 9232 8940
f 8941 9233 9234 8942
f 8941 8943 9235 9233
f 8942 9234 9229 8937
f 8940 9232 9236 8944
f 8944 9236 9237 8945
f 8945 9237 9238 8946
f 8947 9239 9235 8943
f 8947 8948 9240 9239
f 8946 9238 9241 8949
f 8949 9241 9242 8950
f 8951 9243 9244 8952
f 8951 8953 9245 9243
f 8952 9244 9240 8948
f 8950 9242 9246 8954
f 8954 9246 9247 8955
f 8955 9247 9248 8956
f 8957 9249 9245 8953
f 8957 8958 9250 9249
f 8956 9248 9251 8959
f 8959 9251 9252 8960
f 8961 9253 9250 8958
f 8961 8962 9254 9253
f 8960 9252 9255 8963
f 8963 9255 9256 8964
f 8965 9257 9254 8962
f 8965 8966 9258 9257
f 8964 9256 9259 8967
f 8967 9259 9260 8968
f 8969 9261 9258 8966
f 8969 8970 9262 9261
f 8968 9260 9263 8971
f 8971 9263 9264 8972
f 8973 9265 9262 8970
f 8973 8974 9266 9265
f 8972 9264 9267 8975
f 8975 9267 9268 8976
f 8977 9269 9266 8974
f 8977 8978 9270 9269
f 8976 9268 9271 8979
f 8979 9271 9272 8980
f 8981 9273 9270 8978
f 8981 8982 9274 9273
f 8980 9272 9275 8983
f 8983 9275 9276 8984
f 8985 9277 9274 8982
f 8985 8986 9278 9277
f 8984 9276 9279 8987
f 8987 9279 9280 8988
f 8986 8989 9281 9278
f 8988 9280 9282 8990
f 8991 9283 9281 8989
f 8991 8992 9284 9283
f 8990 9282 9285 8993
f 8993 9285 9286 8994
f 8995 9287 9284 8992
f 8995 8996 9288 9287
f 8994 9286 9289 8997
f 8997 9289 9290 8998
f 8996 8999 9291 9288
f 8998 9290 9292 9000
f 9001 9293 9291 8999
f 9001 9002 9294 9293
f 9000 9292 9295 9003
f 9003 9295 9296 9004
f 9002 9005 9297 9294
f 9004 9296 9298 9006
f 9007 9299 9297 9005
f 9007 9008 9300 9299
f 9006 9298 9301 9009
f 9009 9301 9302 9010
f 9008 9011 9303 9300
f 9010 9302 9304 9012
f 9011 9013 9305 9303
f 9012 9304 9306 9014
f 9015 9307 9305 9013
f 9015 9016 9308 9307
f 9014 9306 9309 9017
f 9017 9309 9310 9018
f 9016 9019 9311 9308
f 9018 9310 9312 9020
f 9019 9021 9313 9311
f 9020 9312 9314 9022
f 9023 9315 9313 9021
f 9023 9024 9316 9315
f 9022 9314 9317 9025
f 9025 9317 9318 9026
f 9024 9027 9319 9316
f 9026 9318 9320 9028
f 9027 9029 9321 9319
f 9028 9320 9322 9030
f 9029 9031 9323 9321
f 9030 9322 9324 9032
f 9031 9033 9325 9323
f 9032 9324 9326 9034
f 9033 9035 9327 9325
f 9034 9326 9328 9036
f 9035 9037 9329 9327
f 9036 9328 9330 9038
f 9037 9039 9331 9329
f 9038 9330 9332 9040
f 9042 9041 9333 9334
f 9043 9335 9331 9039
f 9043 9042 9334 9335
f 9045 9044 9336 9337
f 9040 9332 9338 9046
f 9046 9338 9336 9044
f 9041 9047 9339 9333
f 9045 9337 9340 9048
f 9047 9049 9341 9339
f 9048 9340 9342 9050
f 9049 9051 9343 9341
f 9050 9342 9344 9052
f 9051 9053 9345 9343
f 9052 9344 9346 9054
f 9053 9055 9347 9345
f 9054 9346 9348 9056
f 9055 9057 9349 9347
f 9056 9348 9350 9058
f 9057 9059 9351 9349
f 9058 9350 9352 9060
f 9062 9061 9353 9354
f 9059 9062 9354 9351
f 9064 9063 9355 9356
f 9060 9352 9355 9063
f 9061 9065 9357 9353
f 9064 9356 9358 9066
f 9065 9067 9359 9357
f 9066 9358 9360 9068
f 9070 9069 9361 9362
f 9067 9070 9362 9359
f 9072 9071 9363 9364
f 9068 9360 9363 9071
f 9069 9073 9365 9361
f 9072 9364 9366 9074
f 9073 9075 9367 9365
f 9074 9366 9368 9076
f 9078 9077 9369 9370
f 9075 9078 9370 9367
f 9080 9079 9371 9372
f 9076 9368 9371 9079
f 9077 9081 9373 9369
f 9080 9372 9374 9082
f 9084 9083 9375 9376
f 9081 9084 9376 9373
f 9086 9085 9377 9378
f 9082 9374 9377 9085
f 9083 9087 9379 9375
f 9086 9378 9380 9088
f 9090 9089 9381 9382
f 9087 9090 9382 9379
f 9092 9091 9383 9384
f 9088 9380 9383 9091
f 9094 9093 9385 9386
f 9089 9094 9386 9381
f 9096 9095 9387 9388
f 9092 9384 9387 9095
f 9093 9097 9389 9385
f 9096 9388 9390 9098
f 9100 9099 9391 9392
f 9097 9100 9392 9389
f 9102 9101 9393 9394
f 9098 9390 9393 9101
f 9104 9103 9395 9396
f 9099 9104 9396 9391
f 9106 9105 9397 9398
f 9102 9394 9397 9105
f 9108 9107 9399 9400
f 9103 9108 9400 9395
f 9110 9109 9401 9402
f 9106 9398 9401 9109
f 9112 9111 9403 9404
f 9107 9112 9404 9399
f 9114 9113 9405 9406
f 9110 9402 9405 9113
f 9116 9115 9407 9408
f 9111 9116 9408 9403
f 9118 9117 9409 9410
f 9114 9406 9409 9117
f 9120 9119 9411 9412
f 9115 9120 9412 9407
f 9122 9121 9413 9414
f 9118 9410 9413 9121
f 9124 9123 9415 9416
f 9119 9124 9416 9411
f 9126 9125 9417 9418
f 9122 9414 9417 9125
f 9128 9127 9419 9420
f 9123 9128 9420 9415
f 9130 9129 9421 9422
f 9126 9418 9421 9129
f 9132 9131 9423 9424
f 9127 9132 9424 9419
f 9131 9133 9425 9423
f 9135 9134 9426 9427
f 9134 9136 9428 9426
f 9130 9422 9428 9136
f 9138 9137 9429 9430
f 9133 9138 9430 9425
f 9140 9139 9431 9432
f 9135 9427 9431 9139
f 9142 9141 9433 9434
f 9137 9142 9434 9429
f 9141 9143 9435 9433
f 9145 9144 9436 9437
f 9144 9146 9438 9436
f 9140 9432 9438 9146
f 9148 9147 9439 9440
f 9143 9148 9440 9435
f 9147 9149 9441 9439
f 9151 9150 9442 9443
f 9150 9152 9444 9442
f 9145 9437 9444 9152
f 9154 9153 9445 9446
f 9149 9154 9446 9441
f 9153 9155 9447 9445
f 9155 9156 9448 9447
f 9158 9157 9449 9450
f 9157 9159 9451 9449
f 9159 9160 9452 9451
f 9151 9443 9452 9160
f 9162 9161 9453 9454
f 9156 9162 9454 9448
f 9161 9163 9455 9453
f 9163 9164 9456 9455
f 9166 9165 9457 9458
f 9165 9167 9459 9457
f 9167 9168 9460 9459
f 9158 9450 9460 9168
f 9170 9169 9461 9462
f 9164 9170 9462 9456
f 9169 9171 9463 9461
f 9171 9172 9464 9463
f 9172 9173 9465 9464
f 9173 9174 9466 9465
f 9174 9175 9467 9466
f 9175 9176 9468 9467
f 9176 9177 9469 9468
f 9179 9178 9470 9471
f 9178 9180 9472 9470
f 9180 9181 9473 9472
f 9181 9182 9474 9473
f 9182 9183 9475 9474
f 9183 9184 9476 9475
f 9184 9185 9477 9476
f 9185 9186 9478 9477
f 9166 9458 9478 9186
f 9188 9187 9479 9480
f 9179 9471 9479 9187
f 9177 9188 9480 9469
f 9189 9481 9482 9190
f 9190 9482 9483 9191
f 9189 9192 9484 9481
f 9481 9484 9483 9482
f 9193 9485 9486 9194
f 9193 9195 9487 9485
f 9485 9487 9488 9486
f 9194 9486 9489 9196
f 9486 9488 9490 9489
f 9196 9489 9491 9197
f 9489 9490 9492 9491
f 9197 9491 9493 9198
f 9491 9492 9494 9493
f 9198 9493 9495 9199
f 9493 9494 9496 9495
f 9199 9495 9497 9200
f 9495 9496 9498 9497
f 9200 9497 9499 9201
f 9497 9498 9500 9499
f 9201 9499 9484 9192
f 9499 9500 9501 9484
f 9484 9501 9502 9483
f 9191 9483 9503 9202
f 9483 9502 9504 9503
f 9202 9503 9505 9203
f 9503 9504 9506 9505
f 9203 9505 9507 9204
f 9505 9506 9508 9507
f 9204 9507 9509 9205
f 9507 9508 9510 9509
f 9205 9509 9511 9206
f 9509 9510 9512 9511
f 9206 9511 9513 9207
f 9511 9512 9514 9513
f 9207 9513 9515 9208
f 9513 9514 9516 9515
f 9208 9515 9517 9209
f 9209 9517 9518 9210
f 9515 9516 9518 9517
f 9211 9519 9520 9212
f 9211 9213 9521 9519
f 9519 9521 9522 9520
f 9212 9520 9523 9214
f 9520 9522 9524 9523
f 9214 9523 9487 9195
f 9523 9524 9525 9487
f 9487 9525 9526 9488
f 9488 9526 9527 9490
f 9490 9527 9528 9492
f 9492 9528 9529 9494
f 9494 9529 9530 9496
f 9496 9530 9531 9498
f 9498 9531 9532 9500
f 9500 9532 9533 9501
f 9501 9533 9534 9502
f 9502 9534 9535 9504
f 9504 9535 9536 9506
f 9506 9536 9537 9508
f 9508 9537 9538 9510
f 9510 9538 9539 9512
f 9512 9539 9540 9514
f 9514 9540 9541 9516
f 9516 9541 9542 9518
f 9210 9518 9543 9215
f 9518 9542 9544 9543
f 9215 9543 9545 9216
f 9543 9544 9546 9545
f 9216 9545 9547 9217
f 9217 9547 9548 9218
f 9545 9546 9548 9547
f 9219 9549 9550 9220
f 9219 9221 9551 9549
f 9549 9551 9552 9550
f 9220 9550 9553 9222
f 9550 9552 9554 9553
f 9222 9553 9521 9213
f 9553 9554 9555 9521
f 9521 9555 9556 9522
f 9522 9556 9557 9524
f 9524 9557 9558 9525
f 9525 9558 9559 9526
f 9526 9559 9560 9527
f 9527 9560 9561 9528
f 9528 9561 9562 9529
f 9529 9562 9563 9530
f 9530 9563 9564 9531
f 9531 9564 9565 9532
f 9532 9565 9566 9533
f 9533 9566 9567 9534
f 9534 9567 9568 9535
f 9535 9568 9569 9536
f 9536 9569 9570 9537
f 9537 9570 9571 9538
f 9538 9571 9572 9539
f 9539 9572 9573 9540
f 9540 9573 9574 9541
f 9541 9574 9575 9542
f 9542 9575 9576 9544
f 9544 9576 9577 9546
f 9546 9577 9578 9548
f 9218 9548 9579 9223
f 9548 9578 9580 9579
f 9223 9579 9581 9224
f 9579 9580 9582 9581
f 9224 9581 9583 9225
f 9225 9583 9584 9226
f 9581 9582 9584 9583
f 9227 9585 9586 9228
f 9227 9229 9587 9585
f 9585 9587 9588 9586
f 9228 9586 9551 9221
f 9586 9588 9589 9551
f 9551 9589 9590 9552
f 9552 9590 9591 9554
f 9554 9591 9592 9555
f 9555 9592 9593 9556
f 9556 9593 9594 9557
f 9557 9594 9595 9558
f 9558 9595 9596 9559
f 9559 9596 9597 9560
f 9560 9597 9598 9561
f 9561 9598 9599 9562
f 9562 9599 9600 9563
f 9563 9600 9601 9564
f 9564 9601 9602 9565
f 9565 9602 9603 9566
f 9566 9603 9604 9567
f 9567 9604 9605 9568
f 9568 9605 9606 9569
f 9569 9606 9607 9570
f 9570 9607 9608 9571
f 9571 9608 9609 9572
f 9572 9609 9610 9573
f 9573 9610 9611 9574
f 9574 9611 9612 9575
f 9575 9612 9613 9576
f 9576 9613 9614 9577
f 9577 9614 9615 9578
f 9578 9615 9616 9580
f 9580 9616 9617 9582
f 9582 9617 9618 9584
f 9226 9584 9619 9230
f 9584 9618 9620 9619
f 9230 9619 9621 9231
f 9231 9621 9622 9232
f 9619 9620 9622 9621
f 9233 9623 9624 9234
f 9233 9235 9625 9623
f 9623 9625 9626 9624
f 9234 9624 9587 9229
f 9624 9626 9627 9587
f 9587 9627 9628 9588
f 9588 9628 9629 9589
f 9589 9629 9630 9590
f 9590 9630 9631 9591
f 9591 9631 9632 9592
f 9592 9632 9633 9593
f 9593 9633 9634 9594
f 9594 9634 9635 9595
f 9595 9635 9636 9596
f 9596 9636 9637 9597
f 9597 9637 9638 9598
f 9598 9638 9639 9599
f 9599 9639 9640 9600
f 9600 9640 9641 9601
f 9601 9641 9642 9602
f 9602 9642 9643 9603
f 9604 9644 9645 9605
f 9605 9645 9646 9606
f 9606 9646 9647 9607
f 9607 9647 9648 9608
f 9608 9648 9649 9609
f 9609 9649 9650 9610
f 9610 9650 9651 9611
f 9611 9651 9652 9612
f 9612 9652 9653 9613
f 9613 9653 9654 9614
f 9614 9654 9655 9615
f 9615 9655 9656 9616
f 9616 9656 9657 9617
f 9617 9657 9658 9618
f 9618 9658 9659 9620
f 9620 9659 9660 9622
f 9232 9622 9661 9236
f 9622 9660 9662 9661
f 9236 9661 9663 9237
f 9237 9663 9664 9238
f 9661 9662 9664 9663
f 9239 9665 9625 9235
f 9239 9240 9666 9665
f 9665 9666 9667 9625
f 9625 9667 9668 9626
f 9626 9668 9669 9627
f 9627 9669 9670 9628
f 9628 9670 9671 9629
f 9629 9671 9672 9630
f 9630 9672 9673 9631
f 9631 9673 9674 9632
f 9632 9674 9675 9633
f 9633 9675 9676 9634
f 9634 9676 9677 9635
f 9635 9677 9678 9636
f 9651 9679 9680 9652
f 9652 9680 9681 9653
f 9653 9681 9682 9654
f 9654 9682 9683 9655
f 9655 9683 9684 9656
f 9656 9684 9685 9657
f 9657 9685 9686 9658
f 9658 9686 9687 9659
f 9659 9687 9688 9660
f 9660 9688 9689 9662
f 9662 9689 9690 9664
f 9238 9664 9691 9241
f 9241 9691 9692 9242
f 9664 9690 9692 9691
f 9243 9693 9694 9244
f 9243 9245 9695 9693
f 9693 9695 9696 9694
f 9244 9694 9666 9240
f 9694 9696 9697 9666
f 9666 9697 9698 9667
f 9667 9698 9699 9668
f 9668 9699 9700 9669
f 9669 9700 9701 9670
f 9670 9701 9702 9671
f 9671 9702 9703 9672
f 9672 9703 9704 9673
f 9673 9704 9705 9674
f 9674 9705 9706 9675
f 9682 9707 9708 9683
f 9683 9708 9709 9684
f 9684 9709 9710 9685
f 9685 9710 9711 9686
f 9686 9711 9712 9687
f 9687 9712 9713 9688
f 9688 9713 9714 9689
f 9689 9714 9715 9690
f 9690 9715 9716 9692
f 9242 9692 9717 9246
f 9692 9716 9718 9717
f 9246 9717 9719 9247
f 9247 9719 9720 9248
f 9717 9718 9720 9719
f 9249 9721 9695 9245
f 9249 9250 9722 9721
f 9721 9722 9723 9695
f 9695 9723 9724 9696
f 9696 9724 9725 9697
f 9697 9725 9726 9698
f 9698 9726 9727 9699
f 9699 9727 9728 9700
f 9700 9728 9729 9701
f 9701 9729 9730 9702
f 9702 9730 9731 9703
f 9710 9732 9733 9711
f 9711 9733 9734 9712
f 9712 9734 9735 9713
f 9713 9735 9736 9714
f 9714 9736 9737 9715
f 9715 9737 9738 9716
f 9716 9738 9739 9718
f 9718 9739 9740 9720
f 9248 9720 9741 9251
f 9251 9741 9742 9252
f 9720 9740 9742 9741
f 9253 9743 9722 9250
f 9253 9254 9744 9743
f 9743 9744 9745 9722
f 9722 9745 9746 9723
f 9723 9746 9747 9724
f 9724 9747 9748 9725
f 9725 9748 9749 9726
f 9726 9749 9750 9727
f 9727 9750 9751 9728
f 9728 9751 9752 9729
f 9734 9753 9754 9735
f 9735 9754 9755 9736
f 9736 9755 9756 9737
f 9737 9756 9757 9738
f 9738 9757 9758 9739
f 9739 9758 9759 9740
f 9740 9759 9760 9742
f 9252 9742 9761 9255
f 9255 9761 9762 9256
f 9742 9760 9762 9761
f 9257 9763 9744 9254
f 9257 9258 9764 9763
f 9763 9764 9765 9744
f 9744 9765 9766 9745
f 9745 9766 9767 9746
f 9746 9767 9768 9747
f 9747 9768 9769 9748
f 9748 9769 9770 9749
f 9749 9770 9771 9750
f 9750 9771 9772 9751
f 9754 9773 9774 9755
f 9755 9774 9775 9756
f 9756 9775 9776 9757
f 9757 9776 9777 9758
f 9758 9777 9778 9759
f 9759 9778 9779 9760
f 9760 9779 9780 9762
f 9256 9762 9781 9259
f 9259 9781 9782 9260
f 9762 9780 9782 9781
f 9261 9783 9764 9258
f 9261 9262 9784 9783
f 9783 9784 9785 9764
f 9764 9785 9786 9765
f 9765 9786 9787 9766
f 9766 9787 9788 9767
f 9767 9788 9789 9768
f 9768 9789 9790 9769
f 9769 9790 9791 9770
f 9775 9792 9793 9776
f 9776 9793 9794 9777
f 9777 9794 9795 9778
f 9778 9795 9796 9779
f 9779 9796 9797 9780
f 9780 9797 9798 9782
f 9260 9782 9799 9263
f 9263 9799 9800 9264
f 9782 9798 9800 9799
f 9265 9801 9784 9262
f 9265 9266 9802 9801
f 9801 9802 9803 9784
f 9784 9803 9804 9785
f 9785 9804 9805 9786
f 9786 9805 9806 9787
f 9787 9806 9807 9788
f 9788 9807 9808 9789
f 9789 9808 9809 9790
f 9793 9810 9811 9794
f 9794 9811 9812 9795
f 9795 9812 9813 9796
f 9796 9813 9814 9797
f 9797 9814 9815 9798
f 9798 9815 9816 9800
f 9264 9800 9817 9267
f 9267 9817 9818 9268
f 9800 9816 9818 9817
f 9269 9819 9802 9266
f 9269 9270 9820 9819
f 9819 9820 9821 9802
f 9802 9821 9822 9803
f 9803 9822 9823 9804
f 9804 9823 9824 9805
f 9805 9824 9825 9806
f 9806 9825 9826 9807
f 9807 9826 9827 9808
f 9811 9828 9829 9812
f 9812 9829 9830 9813
f 9813 9830 9831 9814
f 9814 9831 9832 9815
f 9815 9832 9833 9816
f 9816 9833 9834 9818
f 9268 9818 9835 9271
f 9271 9835 9836 9272
f 9818 9834 9836 9835
f 9273 9837 9820 9270
f 9273 9274 9838 9837
f 9837 9838 9839 9820
f 9820 9839 9840 9821
f 9821 9840 9841 9822
f 9822 9841 9842 9823
f 9823 9842 9843 9824
f 9824 9843 9844 9825
f 9825 9844 9845 9826
f 9829 9846 9847 9830
f 9830 9847 9848 9831
f 9831 9848 9849 9832
f 9832 9849 9850 9833
f 9833 9850 9851 9834
f 9834 9851 9852 9836
f 9272 9836 9853 9275
f 9275 9853 9854 9276
f 9836 9852 9854 9853
f 9277 9855 9838 9274
f 9277 9278 9856 9855
f 9855 9856 9857 9838
f 9838 9857 9858 9839
f 9839 9858 9859 9840
f 9840 9859 9860 9841
f 9841 9860 9861 9842
f 9842 9861 9862 9843
f 9843 9862 9863 9844
f 9847 9864 9865 9848
f 9848 9865 9866 9849
f 9849 9866 9867 9850
f 9850 9867 9868 9851
f 9851 9868 9869 9852
f 9852 9869 9870 9854
f 9276 9854 9871 9279
f 9279 9871 9872 9280
f 9854 9870 9872 9871
f 9278 9281 9873 9856
f 9856 9873 9874 9857
f 9857 9874 9875 9858
f 9858 9875 9876 9859
f 9859 9876 9877 9860
f 9860 9877 9878 9861
f 9861 9878 9879 9862
f 9865 9880 9881 9866
f 9866 9881 9882 9867
f 9867 9882 9883 9868
f 9868 9883 9884 9869
f 9869 9884 9885 9870
f 9280 9872 9886 9282
f 9870 9885 9886 9872
f 9283 9887 9873 9281
f 9283 9284 9888 9887
f 9887 9888 9889 9873
f 9873 9889 9890 9874
f 9874 9890 9891 9875
f 9875 9891 9892 9876
f 9876 9892 9893 9877
f 9877 9893 9894 9878
f 9881 9895 9896 9882
f 9882 9896 9897 9883
f 9883 9897 9898 9884
f 9884 9898 9899 9885
f 9885 9899 9900 9886
f 9282 9886 9901 9285
f 9285 9901 9902 9286
f 9886 9900 9902 9901
f 9287 9903 9888 9284
f 9287 9288 9904 9903
f 9903 9904 9905 9888
f 9888 9905 9906 9889
f 9889 9906 9907 9890
f 9890 9907 9908 9891
f 9891 9908 9909 9892
f 9892 9909 9910 9893
f 9896 9911 9912 9897
f 9897 9912 9913 9898
f 9898 9913 9914 9899
f 9899 9914 9915 9900
f 9900 9915 9916 9902
f 9286 9902 9917 9289
f 9289 9917 9918 9290
f 9902 9916 9918 9917
f 9288 9291 9919 9904
f 9904 9919 9920 9905
f 9905 9920 9921 9906
f 9906 9921 9922 9907
f 9907 9922 9923 9908
f 9908 9923 9924 9909
f 9909 9924 9925 9910
f 9911 9926 9927 9912
f 9912 9927 9928 9913
f 9913 9928 9929 9914
f 9914 9929 9930 9915
f 9915 9930 9931 9916
f 9290 9918 9932 9292
f 9916 9931 9932 9918
f 9293 9933 9919 9291
f 9293 9294 9934 9933
f 9933 9934 9935 9919
f 9919 9935 9936 9920
f 9920 9936 9937 9921
f 9921 9937 9938 9922
f 9922 9938 9939 9923
f 9923 9939 9940 9924
f 9927 9941 9942 9928
f 9928 9942 9943 9929
f 9929 9943 9944 9930
f 9930 9944 9945 9931
f 9931 9945 9946 9932
f 9292 9932 9947 9295
f 9295 9947 9948 9296
f 9932 9946 9948 9947
f 9294 9297 9949 9934
f 9934 9949 9950 9935
f 9935 9950 9951 9936
f 9936 9951 9952 9937
f 9937 9952 9953 9938
f 9938 9953 9954 9939
f 9942 9955 9956 9943
f 9943 9956 9957 9944
f 9944 9957 9958 9945
f 9945 9958 9959 9946
f 9296 9948 9960 9298
f 9946 9959 9960 9948
f 9299 9961 9949 9297
f 9299 9300 9962 9961
f 9961 9962 9963 9949
f 9949 9963 9964 9950
f 9950 9964 9965 9951
f 9951 9965 9966 9952
f 9952 9966 9967 9953
f 9953 9967 9968 9954
f 9955 9969 9970 9956
f 9956 9970 9971 9957
f 9957 9971 9972 9958
f 9958 9972 9973 9959
f 9959 9973 9974 9960
f 9298 9960 9975 9301
f 9301 9975 9976 9302
f 9960 9974 9976 9975
f 9300 9303 9977 9962
f 9962 9977 9978 9963
f 9963 9978 9979 9964
f 9964 9979 9980 9965
f 9965 9980 9981 9966
f 9966 9981 9982 9967
f 9970 9983 9984 9971
f 9971 9984 9985 9972
f 9972 9985 9986 9973
f 9973 9986 9987 9974
f 9302 9976 9988 9304
f 9974 9987 9988 9976
f 9303 9305 9989 9977
f 9977 9989 9990 9978
f 9978 9990 9991 9979
f 9979 9991 9992 9980
f 9980 9992 9993 9981
f 9981 9993 9994 9982
f 9983 9995 9996 9984
f 9984 9996 9997 9985
f 9985 9997 9998 9986
f 9986 9998 9999 9987
f 9304 9988 10000 9306
f 9987 9999 10000 9988
f 9307 10001 9989 9305
f 9307 9308 10002 10001
f 10001 10002 10003 9989
f 9989 10003 10004 9990
f 9990 10004 10005 9991
f 9991 10005 10006 9992
f 9992 10006 10007 9993
f 9993 10007 10008 9994
f 9995 10009 10010 9996
f 9996 10010 10011 9997
f 9997 10011 10012 9998
f 9998 10012 10013 9999
f 9999 10013 10014 10000
f 9306 10000 10015 9309
f 9309 10015 10016 9310
f 10000 10014 10016 10015
f 9308 9311 10017 10002
f 10002 10017 10018 10003
f 10003 10018 10019 10004
f 10004 10019 10020 10005
f 10005 10020 10021 10006
f 10006 10021 10022 10007
f 10010 10023 10024 10011
f 10011 10024 10025 10012
f 10012 10025 10026 10013
f 10013 10026 10027 10014
f 9310 10016 10028 9312
f 10014 10027 10028 10016
f 9311 9313 10029 10017
f 10017 10029 10030 10018
f 10018 10030 10031 10019
f 10019 10031 10032 10020
f 10020 10032 10033 10021
f 10021 10033 10034 10022
f 10023 10035 10036 10024
f 10024 10036 10037 10025
f 10025 10037 10038 10026
f 10026 10038 10039 10027
f 9312 10028 10040 9314
f 10027 10039 10040 10028
f 9315 10041 10029 9313
f 9315 9316 10042 10041
f 10041 10042 10043 10029
f 10029 10043 10044 10030
f 10030 10044 10045 10031
f 10031 10045 10046 10032
f 10032 10046 10047 10033
f 10033 10047 10048 10034
f 10035 10049 10050 10036
f 10036 10050 10051 10037
f 10037 10051 10052 10038
f 10038 10052 10053 10039
f 10039 10053 10054 10040
f 9314 10040 10055 9317
f 9317 10055 10056 9318
f 10040 10054 10056 10055
f 9316 9319 10057 10042
f 10042 10057 10058 10043
f 10043 10058 10059 10044
f 10044 10059 10060 10045
f 10045 10060 10061 10046
f 10046 10061 10062 10047
f 10050 10063 10064 10051
f 10051 10064 10065 10052
f 10052 10065 10066 10053
f 10053 10066 10067 10054
f 9318 10056 10068 9320
f 10054 10067 10068 10056
f 9319 9321 10069 10057
f 10057 10069 10070 10058
f 10058 10070 10071 10059
f 10059 10071 10072 10060
f 10060 10072 10073 10061
f 10061 10073 10074 10062
f 10063 10075 10076 10064
f 10064 10076 10077 10065
f 10065 10077 10078 10066
f 10066 10078 10079 10067
f 9320 10068 10080 9322
f 10067 10079 10080 10068
f 9321 9323 10081 10069
f 10069 10081 10082 10070
f 10070 10082 10083 10071
f 10071 10083 10084 10072
f 10072 10084 10085 10073
f 10073 10085 10086 10074
f 10075 10087 10088 10076
f 10076 10088 10089 10077
f 10077 10089 10090 10078
f 10078 10090 10091 10079
f 9322 10080 10092 9324
f 10079 10091 10092 10080
f 9323 9325 10093 10081
f 10081 10093 10094 10082
f 10082 10094 10095 10083
f 10083 10095 10096 10084
f 10084 10096 10097 10085
f 10085 10097 10098 10086
f 10087 10099 10100 10088
f 10088 10100 10101 10089
f 10089 10101 10102 10090
f 10090 10102 10103 10091
f 9324 10092 10104 9326
f 10091 10103 10104 10092
f 9325 9327 10105 10093
f 10093 10105 10106 10094
f 10094 10106 10107 10095
f 10095 10107 10108 10096
f 10096 10108 10109 10097
f 10097 10109 10110 10098
f 10099 10111 10112 10100
f 10100 10112 10113 10101
f 10101 10113 10114 10102
f 10102 10114 10115 10103
f 9326 10104 10116 9328
f 10103 10115 10116 10104
f 9327 9329 10117 10105
f 10105 10117 10118 10106
f 10106 10118 10119 10107
f 10107 10119 10120 10108
f 10108 10120 10121 10109
f 10109 10121 10122 10110
f 10111 10123 10124 10112
f 10112 10124 10125 10113
f 10113 10125 10126 10114
f 10114 10126 10127 10115
f 9328 10116 10128 9330
f 10115 10127 10128 10116
f 9329 9331 10129 10117
f 10117 10129 10130 10118
f 10118 10130 10131 10119
f 10119 10131 10132 10120
f 10120 10132 10133 10121
f 10121 10133 10134 10122
f 10123 10135 10136 10124
f 10124 10136 10137 10125
f 10125 10137 10138 10126
f 10126 10138 10139 10127
f 9330 10128 10140 9332
f 10127 10139 10140 10128
f 9334 9333 10141 10142
f 9335 10143 10129 9331
f 9335 9334 10142 10143
f 10143 10142 10141 10129
f 10129 10141 10144 10130
f 10130 10144 10145 10131
f 10131 10145 10146 10132
f 10132 10146 10147 10133
f 10136 10148 10149 10137
f 10137 10149 10150 10138
f 10138 10150 10151 10139
f 10139 10151 10152 10140
f 9337 9336 10153 10152
f 9332 10140 10154 9338
f 9338 10154 10153 9336
f 10140 10152 10153 10154
f 9333 9339 10155 10141
f 10141 10155 10156 10144
f 10144 10156 10157 10145
f 10145 10157 10158 10146
f 10146 10158 10159 10147
f 10147 10159 10160 10161
f 10162 10163 10164 10148
f 10148 10164 10165 10149
f 10149 10165 10166 10150
f 10150 10166 10167 10151
f 9337 10152 10168 9340
f 10151 10167 10168 10152
f 9339 9341 10169 10155
f 10155 10169 10170 10156
f 10156 10170 10171 10157
f 10157 10171 10172 10158
f 10158 10172 10173 10159
f 10159 10173 10174 10160
f 10163 10175 10176 10164
f 10164 10176 10177 10165
f 10165 10177 10178 10166
f 10166 10178 10179 10167
f 9340 10168 10180 9342
f 10167 10179 10180 10168
f 9341 9343 10181 10169
f 10169 10181 10182 10170
f 10170 10182 10183 10171
f 10171 10183 10184 10172
f 10172 10184 10185 10173
f 10173 10185 10186 10174
f 10175 10187 10188 10176
f 10176 10188 10189 10177
f 10177 10189 10190 10178
f 10178 10190 10191 10179
f 9342 10180 10192 9344
f 10179 10191 10192 10180
f 9343 9345 10193 10181
f 10181 10193 10194 10182
f 10182 10194 10195 10183
f 10183 10195 10196 10184
f 10184 10196 10197 10185
f 10185 10197 10198 10186
f 10187 10199 10200 10188
f 10188 10200 10201 10189
f 10189 10201 10202 10190
f 10190 10202 10203 10191
f 9344 10192 10204 9346
f 10191 10203 10204 10192
f 9345 9347 10205 10193
f 10193 10205 10206 10194
f 10194 10206 10207 10195
f 10195 10207 10208 10196
f 10196 10208 10209 10197
f 10197 10209 10210 10198
f 10199 10211 10212 10200
f 10200 10212 10213 10201
f 10201 10213 10214 10202
f 10202 10214 10215 10203
f 9346 10204 10216 9348
f 10203 10215 10216 10204
f 9347 9349 10217 10205
f 10205 10217 10218 10206
f 10206 10218 10219 10207
f 10207 10219 10220 10208
f 10208 10220 10221 10209
f 10209 10221 10222 10210
f 10211 10223 10224 10212
f 10212 10224 10225 10213
f 10213 10225 10226 10214
f 10214 10226 10227 10215
f 9348 10216 10228 9350
f 10215 10227 10228 10216
f 9349 9351 10229 10217
f 10217 10229 10230 10218
f 10218 10230 10231 10219
f 10219 10231 10232 10220
f 10220 10232 10233 10221
f 10221 10233 10234 10222
f 10223 10235 10236 10224
f 10224 10236 10237 10225
f 10225 10237 10238 10226
f 10226 10238 10239 10227
f 9350 10228 10240 9352
f 10227 10239 10240 10228
f 9354 9353 10241 10242
f 9351 9354 10242 10229
f 10229 10242 10241 10230
f 10230 10241 10243 10231
f 10231 10243 10244 10232
f 10232 10244 10245 10233
f 10233 10245 10246 10234
f 10234 10246 10247 10248
f 10249 10250 10251 10235
f 10235 10251 10252 10236
f 10236 10252 10253 10237
f 10237 10253 10254 10238
f 10238 10254 10255 10239
f 9356 9355 10256 10255
f 9352 10240 10256 9355
f 10239 10255 10256 10240
f 9353 9357 10257 10241
f 10241 10257 10258 10243
f 10243 10258 10259 10244
f 10244 10259 10260 10245
f 10245 10260 10261 10246
f 10246 10261 10262 10247
f 10250 10263 10264 10251
f 10251 10264 10265 10252
f 10252 10265 10266 10253
f 10253 10266 10267 10254
f 9356 10255 10268 9358
f 10254 10267 10268 10255
f 9357 9359 10269 10257
f 10257 10269 10270 10258
f 10258 10270 10271 10259
f 10259 10271 10272 10260
f 10260 10272 10273 10261
f 10261 10273 10274 10262
f 10263 10275 10276 10264
f 10264 10276 10277 10265
f 10265 10277 10278 10266
f 10266 10278 10279 10267
f 9358 10268 10280 9360
f 10267 10279 10280 10268
f 9362 9361 10281 10282
f 9359 9362 10282 10269
f 10269 10282 10281 10270
f 10270 10281 10283 10271
f 10271 10283 10284 10272
f 10272 10284 10285 10273
f 10273 10285 10286 10274
f 10274 10286 10287 10288
f 10289 10290 10291 10275
f 10275 10291 10292 10276
f 10276 10292 10293 10277
f 10277 10293 10294 10278
f 10278 10294 10295 10279
f 9364 9363 10296 10295
f 9360 10280 10296 9363
f 10279 10295 10296 10280
f 9361 9365 10297 10281
f 10281 10297 10298 10283
f 10283 10298 10299 10284
f 10284 10299 10300 10285
f 10285 10300 10301 10286
f 10286 10301 10302 10287
f 10290 10303 10304 10291
f 10291 10304 10305 10292
f 10292 10305 10306 10293
f 10293 10306 10307 10294
f 9364 10295 10308 9366
f 10294 10307 10308 10295
f 9365 9367 10309 10297
f 10297 10309 10310 10298
f 10298 10310 10311 10299
f 10299 10311 10312 10300
f 10300 10312 10313 10301
f 10301 10313 10314 10302
f 10303 10315 10316 10304
f 10304 10316 10317 10305
f 10305 10317 10318 10306
f 10306 10318 10319 10307
f 9366 10308 10320 9368
f 10307 10319 10320 10308
f 9370 9369 10321 10322
f 9367 9370 10322 10309
f 10309 10322 10321 10310
f 10310 10321 10323 10311
f 10311 10323 10324 10312
f 10312 10324 10325 10313
f 10313 10325 10326 10314
f 10314 10326 10327 10328
f 10329 10330 10331 10315
f 10315 10331 10332 10316
f 10316 10332 10333 10317
f 10317 10333 10334 10318
f 10318 10334 10335 10319
f 9372 9371 10336 10335
f 9368 10320 10336 9371
f 10319 10335 10336 10320
f 9369 9373 10337 10321
f 10321 10337 10338 10323
f 10323 10338 10339 10324
f 10324 10339 10340 10325
f 10325 10340 10341 10326
f 10326 10341 10342 10327
f 10330 10343 10344 10331
f 10331 10344 10345 10332
f 10332 10345 10346 10333
f 10333 10346 10347 10334
f 9372 10335 10348 9374
f 10334 10347 10348 10335
f 9376 9375 10349 10350
f 9373 9376 10350 10337
f 10337 10350 10349 10338
f 10338 10349 10351 10339
f 10339 10351 10352 10340
f 10340 10352 10353 10341
f 10341 10353 10354 10342
f 10342 10354 10355 10356
f 10357 10358 10359 10343
f 10343 10359 10360 10344
f 10344 10360 10361 10345
f 10345 10361 10362 10346
f 10346 10362 10363 10347
f 9378 9377 10364 10363
f 9374 10348 10364 9377
f 10347 10363 10364 10348
f 9375 9379 10365 10349
f 10349 10365 10366 10351
f 10351 10366 10367 10352
f 10352 10367 10368 10353
f 10353 10368 10369 10354
f 10354 10369 10370 10355
f 10355 10370 10371 10372
f 10373 10374 10375 10358
f 10358 10375 10376 10359
f 10359 10376 10377 10360
f 10360 10377 10378 10361
f 10361 10378 10379 10362
f 9378 10363 10380 9380
f 10362 10379 10380 10363
f 9382 9381 10381 10382
f 9379 9382 10382 10365
f 10365 10382 10381 10366
f 10366 10381 10383 10367
f 10367 10383 10384 10368
f 10368 10384 10385 10369
f 10369 10385 10386 10370
f 10370 10386 10387 10371
f 10374 10388 10389 10375
f 10375 10389 10390 10376
f 10376 10390 10391 10377
f 10377 10391 10392 10378
f 10378 10392 10393 10379
f 9384 9383 10394 10393
f 9380 10380 10394 9383
f 10379 10393 10394 10380
f 9386 9385 10395 10396
f 9381 9386 10396 10381
f 10381 10396 10395 10383
f 10383 10395 10397 10384
f 10384 10397 10398 10385
f 10385 10398 10399 10386
f 10386 10399 10400 10387
f 10387 10400 10401 10402
f 10403 10404 10405 10388
f 10388 10405 10406 10389
f 10389 10406 10407 10390
f 10390 10407 10408 10391
f 10391 10408 10409 10392
f 9388 9387 10410 10409
f 9384 10393 10410 9387
f 10392 10409 10410 10393
f 9385 9389 10411 10395
f 10395 10411 10412 10397
f 10397 10412 10413 10398
f 10398 10413 10414 10399
f 10399 10414 10415 10400
f 10400 10415 10416 10401
f 10401 10416 10417 10418
f 10419 10420 10421 10404
f 10404 10421 10422 10405
f 10405 10422 10423 10406
f 10406 10423 10424 10407
f 10407 10424 10425 10408
f 9388 10409 10426 9390
f 10408 10425 10426 10409
f 9392 9391 10427 10428
f 9389 9392 10428 10411
f 10411 10428 10427 10412
f 10412 10427 10429 10413
f 10413 10429 10430 10414
f 10414 10430 10431 10415
f 10415 10431 10432 10416
f 10416 10432 10433 10417
f 10417 10433 10434 10435
f 10436 10437 10438 10420
f 10420 10438 10439 10421
f 10421 10439 10440 10422
f 10422 10440 10441 10423
f 10423 10441 10442 10424
f 10424 10442 10443 10425
f 9394 9393 10444 10443
f 9390 10426 10444 9393
f 10425 10443 10444 10426
f 9396 9395 10445 10446
f 9391 9396 10446 10427
f 10427 10446 10445 10429
f 10429 10445 10447 10430
f 10430 10447 10448 10431
f 10431 10448 10449 10432
f 10432 10449 10450 10433
f 10433 10450 10451 10434
f 10434 10451 10452 10453
f 10454 10455 10456 10437
f 10437 10456 10457 10438
f 10438 10457 10458 10439
f 10439 10458 10459 10440
f 10440 10459 10460 10441
f 10441 10460 10461 10442
f 9398 9397 10462 10461
f 9394 10443 10462 9397
f 10442 10461 10462 10443
f 9400 9399 10463 10464
f 9395 9400 10464 10445
f 10445 10464 10463 10447
f 10447 10463 10465 10448
f 10448 10465 10466 10449
f 10449 10466 10467 10450
f 10450 10467 10468 10451
f 10451 10468 10469 10452
f 10452 10469 10470 10471
f 10472 10473 10474 10455
f 10455 10474 10475 10456
f 10456 10475 10476 10457
f 10457 10476 10477 10458
f 10458 10477 10478 10459
f 10459 10478 10479 10460
f 9402 9401 10480 10479
f 9398 10461 10480 9401
f 10460 10479 10480 10461
f 9404 9403 10481 10482
f 9399 9404 10482 10463
f 10463 10482 10481 10465
f 10465 10481 10483 10466
f 10466 10483 10484 10467
f 10467 10484 10485 10468
f 10468 10485 10486 10469
f 10469 10486 10487 10470
f 10470 10487 10488 10489
f 10490 10491 10492 10473
f 10473 10492 10493 10474
f 10474 10493 10494 10475
f 10475 10494 10495 10476
f 10476 10495 10496 10477
f 10477 10496 10497 10478
f 9406 9405 10498 10497
f 9402 10479 10498 9405
f 10478 10497 10498 10479
f 9408 9407 10499 10500
f 9403 9408 10500 10481
f 10481 10500 10499 10483
f 10483 10499 10501 10484
f 10484 10501 10502 10485
f 10485 10502 10503 10486
f 10486 10503 10504 10487
f 10487 10504 10505 10488
f 10488 10505 10506 10507
f 10508 10509 10510 10491
f 10491 10510 10511 10492
f 10492 10511 10512 10493
f 10493 10512 10513 10494
f 10494 10513 10514 10495
f 10495 10514 10515 10496
f 9410 9409 10516 10515
f 9406 10497 10516 9409
f 10496 10515 10516 10497
f 9412 9411 10517 10518
f 9407 9412 10518 10499
f 10499 10518 10517 10501
f 10501 10517 10519 10502
f 10502 10519 10520 10503
f 10503 10520 10521 10504
f 10504 10521 10522 10505
f 10505 10522 10523 10506
f 10506 10523 10524 10525
f 10525 10524 10526 10527
f 10528 10529 10530 10531
f 10531 10530 10532 10509
f 10509 10532 10533 10510
f 10510 10533 10534 10511
f 10511 10534 10535 10512
f 10512 10535 10536 10513
f 10513 10536 10537 10514
f 9414 9413 10538 10537
f 9410 10515 10538 9413
f 10514 10537 10538 10515
f 9416 9415 10539 10540
f 9411 9416 10540 10517
f 10517 10540 10539 10519
f 10519 10539 10541 10520
f 10520 10541 10542 10521
f 10521 10542 10543 10522
f 10522 10543 10544 10523
f 10523 10544 10545 10524
f 10524 10545 10546 10526
f 10526 10546 10547 10548
f 10549 10550 10551 10529
f 10529 10551 10552 10530
f 10530 10552 10553 10532
f 10532 10553 10554 10533
f 10533 10554 10555 10534
f 10534 10555 10556 10535
f 10535 10556 10557 10536
f 9418 9417 10558 10557
f 9414 10537 10558 9417
f 10536 10557 10558 10537
f 9420 9419 10559 10560
f 9415 9420 10560 10539
f 10539 10560 10559 10541
f 10541 10559 10561 10542
f 10542 10561 10562 10543
f 10543 10562 10563 10544
f 10544 10563 10564 10545
f 10545 10564 10565 10546
f 10546 10565 10566 10547
f 10547 10566 10567 10568
f 10568 10567 10569 10570
f 10571 10572 10573 10574
f 10574 10573 10575 10550
f 10550 10575 10576 10551
f 10551 10576 10577 10552
f 10552 10577 10578 10553
f 10553 10578 10579 10554
f 10554 10579 10580 10555
f 10555 10580 10581 10556
f 9422 9421 10582 10581
f 9418 10557 10582 9421
f 10556 10581 10582 10557
f 9424 9423 10583 10584
f 9419 9424 10584 10559
f 10559 10584 10583 10561
f 9423 9425 10585 10583
f 10561 10583 10585 10562
f 10562 10585 10586 10563
f 10563 10586 10587 10564
f 10564 10587 10588 10565
f 10565 10588 10589 10566
f 10566 10589 10590 10567
f 10567 10590 10591 10569
f 10569 10591 10592 10593
f 10593 10592 10594 10595
f 10595 10594 10596 10597
f 10598 10599 10600 10601
f 10601 10600 10602 10603
f 10603 10602 10604 10572
f 10572 10604 10605 10573
f 10573 10605 10606 10575
f 10575 10606 10607 10576
f 10576 10607 10608 10577
f 10577 10608 10609 10578
f 10578 10609 10610 10579
f 9427 9426 10611 10610
f 10579 10610 10611 10580
f 9426 9428 10612 10611
f 9422 10581 10612 9428
f 10580 10611 10612 10581
f 9430 9429 10613 10614
f 9425 9430 10614 10585
f 10585 10614 10613 10586
f 10586 10613 10615 10587
f 10587 10615 10616 10588
f 10588 10616 10617 10589
f 10589 10617 10618 10590
f 10590 10618 10619 10591
f 10591 10619 10620 10592
f 10592 10620 10621 10594
f 10594 10621 10622 10596
f 10596 10622 10623 10624
f 10624 10623 10625 10626
f 10626 10625 10627 10628
f 10629 10630 10631 10632
f 10632 10631 10633 10634
f 10634 10633 10635 10599
f 10599 10635 10636 10600
f 10600 10636 10637 10602
f 10602 10637 10638 10604
f 10604 10638 10639 10605
f 10605 10639 10640 10606
f 10606 10640 10641 10607
f 10607 10641 10642 10608
f 10608 10642 10643 10609
f 9432 9431 10644 10643
f 9427 10610 10644 9431
f 10609 10643 10644 10610
f 9434 9433 10645 10646
f 9429 9434 10646 10613
f 10613 10646 10645 10615
f 9433 9435 10647 10645
f 10615 10645 10647 10616
f 10616 10647 10648 10617
f 10617 10648 10649 10618
f 10618 10649 10650 10619
f 10619 10650 10651 10620
f 10620 10651 10652 10621
f 10621 10652 10653 10622
f 10622 10653 10654 10623
f 10623 10654 10655 10625
f 10625 10655 10656 10627
f 10627 10656 10657 10658
f 10658 10657 10659 10660
f 10660 10659 10661 10662
f 10662 10661 10663 10664
f 10664 10663 10665 10666
f 10666 10665 10667 10668
f 10668 10667 10669 10670
f 10671 10672 10673 10674
f 10674 10673 10675 10676
f 10676 10675 10677 10678
f 10678 10677 10679 10680
f 10680 10679 10681 10682
f 10682 10681 10683 10684
f 10684 10683 10685 10630
f 10630 10685 10686 10631
f 10631 10686 10687 10633
f 10633 10687 10688 10635
f 10635 10688 10689 10636
f 10636 10689 10690 10637
f 10637 10690 10691 10638
f 10638 10691 10692 10639
f 10639 10692 10693 10640
f 10640 10693 10694 10641
f 9437 9436 10695 10694
f 10641 10694 10695 10642
f 9436 9438 10696 10695
f 9432 10643 10696 9438
f 10642 10695 10696 10643
f 9440 9439 10697 10698
f 9435 9440 10698 10647
f 10647 10698 10697 10648
f 9439 9441 10699 10697
f 10648 10697 10699 10649
f 10649 10699 10700 10650
f 10650 10700 10701 10651
f 10651 10701 10702 10652
f 10652 10702 10703 10653
f 10653 10703 10704 10654
f 10654 10704 10705 10655
f 10655 10705 10706 10656
f 10656 10706 10707 10657
f 10657 10707 10708 10659
f 10659 10708 10709 10661
f 10661 10709 10710 10663
f 10663 10710 10711 10665
f 10665 10711 10712 10667
f 10667 10712 10713 10669
f 10669 10713 10714 10672
f 10672 10714 10715 10673
f 10673 10715 10716 10675
f 10675 10716 10717 10677
f 10677 10717 10718 10679
f 10679 10718 10719 10681
f 10681 10719 10720 10683
f 10683 10720 10721 10685
f 10685 10721 10722 10686
f 10686 10722 10723 10687
f 10687 10723 10724 10688
f 10688 10724 10725 10689
f 10689 10725 10726 10690
f 10690 10726 10727 10691
f 10691 10727 10728 10692
f 9443 9442 10729 10728
f 10692 10728 10729 10693
f 9442 9444 10730 10729
f 9437 10694 10730 9444
f 10693 10729 10730 10694
f 9446 9445 10731 10732
f 9441 9446 10732 10699
f 10699 10732 10731 10700
f 9445 9447 10733 10731
f 10700 10731 10733 10701
f 9447 9448 10734 10733
f 10701 10733 10734 10702
f 10702 10734 10735 10703
f 10703 10735 10736 10704
f 10704 10736 10737 10705
f 10705 10737 10738 10706
f 10706 10738 10739 10707
f 10707 10739 10740 10708
f 10708 10740 10741 10709
f 10709 10741 10742 10710
f 10710 10742 10743 10711
f 10711 10743 10744 10712
f 10712 10744 10745 10713
f 10713 10745 10746 10714
f 10714 10746 10747 10715
f 10715 10747 10748 10716
f 10716 10748 10749 10717
f 10717 10749 10750 10718
f 10718 10750 10751 10719
f 10719 10751 10752 10720
f 10720 10752 10753 10721
f 10721 10753 10754 10722
f 10722 10754 10755 10723
f 10723 10755 10756 10724
f 10724 10756 10757 10725
f 9450 9449 10758 10757
f 10725 10757 10758 10726
f 9449 9451 10759 10758
f 10726 10758 10759 10727
f 9451 9452 10760 10759
f 9443 10728 10760 9452
f 10727 10759 10760 10728
f 9454 9453 10761 10762
f 9448 9454 10762 10734
f 10734 10762 10761 10735
f 9453 9455 10763 10761
f 10735 10761 10763 10736
f 9455 9456 10764 10763
f 10736 10763 10764 10737
f 10737 10764 10765 10738
f 10738 10765 10766 10739
f 10739 10766 10767 10740
f 10740 10767 10768 10741
f 10741 10768 10769 10742
f 10742 10769 10770 10743
f 10743 10770 10771 10744
f 10744 10771 10772 10745
f 10745 10772 10773 10746
f 10746 10773 10774 10747
f 10747 10774 10775 10748
f 10748 10775 10776 10749
f 10749 10776 10777 10750
f 10750 10777 10778 10751
f 10751 10778 10779 10752
f 10752 10779 10780 10753
f 10753 10780 10781 10754
f 9458 9457 10782 10781
f 10754 10781 10782 10755
f 9457 9459 10783 10782
f 10755 10782 10783 10756
f 9459 9460 10784 10783
f 9450 10757 10784 9460
f 10756 10783 10784 10757
f 9462 9461 10785 10786
f 9456 9462 10786 10764
f 10764 10786 10785 10765
f 9461 9463 10787 10785
f 10765 10785 10787 10766
f 9463 9464 10788 10787
f 10766 10787 10788 10767
f 9464 9465 10789 10788
f 10767 10788 10789 10768
f 9465 9466 10790 10789
f 10768 10789 10790 10769
f 9466 9467 10791 10790
f 10769 10790 10791 10770
f 9467 9468 10792 10791
f 10770 10791 10792 10771
f 9468 9469 10793 10792
f 10771 10792 10793 10772
f 10772 10793 10794 10773
f 9471 9470 10795 10794
f 10773 10794 10795 10774
f 9470 9472 10796 10795
f 10774 10795 10796 10775
f 9472 9473 10797 10796
f 10775 10796 10797 10776
f 9473 9474 10798 10797
f 10776 10797 10798 10777
f 9474 9475 10799 10798
f 10777 10798 10799 10778
f 9475 9476 10800 10799
f 10778 10799 10800 10779
f 9476 9477 10801 10800
f 10779 10800 10801 10780
f 9477 9478 10802 10801
f 9458 10781 10802 9478
f 10780 10801 10802 10781
f 9480 9479 10803 10804
f 9471 10794 10803 9479
f 9469 9480 10804 10793
f 10793 10804 10803 10794
f 9603 10805 10806 9604
f 9604 10806 10807 9644
f 9603 9643 10808 10805
f 9636 10809 10810 9637
f 9636 9678 10811 10809
f 9637 10810 10812 9638
f 9638 10812 10813 9639
f 9639 10813 10814 9640
f 9640 10814 10815 9641
f 9641 10815 10816 9642
f 9642 10816 10808 9643
f 9644 10807 10817 9645
f 9645 10817 10818 9646
f 9646 10818 10819 9647
f 9647 10819 10820 9648
f 9648 10820 10821 9649
f 9649 10821 10822 9650
f 9650 10822 10823 9651
f 9651 10823 10824 9679
f 9675 10825 10826 9676
f 9675 9706 10827 10825
f 9676 10826 10828 9677
f 9677 10828 10811 9678
f 9679 10824 10829 9680
f 9680 10829 10830 9681
f 9681 10830 10831 9682
f 9682 10831 10832 9707
f 9703 10833 10834 9704
f 9703 9731 10835 10833
f 9704 10834 10836 9705
f 9705 10836 10827 9706
f 9707 10832 10837 9708
f 9708 10837 10838 9709
f 9709 10838 10839 9710
f 9710 10839 10840 9732
f 9729 10841 10842 9730
f 9729 9752 10843 10841
f 9730 10842 10835 9731
f 9732 10840 10844 9733
f 9733 10844 10845 9734
f 9734 10845 10846 9753
f 9751 10847 10843 9752
f 9751 9772 10848 10847
f 9753 10846 10849 9754
f 9754 10849 10850 9773
f 9770 10851 10852 9771
f 9770 9791 10853 10851
f 9771 10852 10848 9772
f 9773 10850 10854 9774
f 9774 10854 10855 9775
f 9775 10855 10856 9792
f 9790 10857 10853 9791
f 9790 9809 10858 10857
f 9792 10856 10859 9793
f 9793 10859 10860 9810
f 9808 10861 10858 9809
f 9808 9827 10862 10861
f 9810 10860 10863 9811
f 9811 10863 10864 9828
f 9826 10865 10862 9827
f 9826 9845 10866 10865
f 9828 10864 10867 9829
f 9829 10867 10868 9846
f 9844 10869 10866 9845
f 9844 9863 10870 10869
f 9846 10868 10871 9847
f 9847 10871 10872 9864
f 9862 10873 10870 9863
f 9862 9879 10874 10873
f 9864 10872 10875 9865
f 9865 10875 10876 9880
f 9878 10877 10874 9879
f 9878 9894 10878 10877
f 9880 10876 10879 9881
f 9881 10879 10880 9895
f 9893 10881 10878 9894
f 9893 9910 10882 10881
f 9895 10880 10883 9896
f 9896 10883 10884 9911
f 9910 9925 10885 10882
f 9911 10884 10886 9926
f 9924 10887 10885 9925
f 9924 9940 10888 10887
f 9926 10886 10889 9927
f 9927 10889 10890 9941
f 9939 10891 10888 9940
f 9939 9954 10892 10891
f 9941 10890 10893 9942
f 9942 10893 10894 9955
f 9954 9968 10895 10892
f 9955 10894 10896 9969
f 9967 10897 10895 9968
f 9967 9982 10898 10897
f 9969 10896 10899 9970
f 9970 10899 10900 9983
f 9982 9994 10901 10898
f 9983 10900 10902 9995
f 9994 10008 10903 10901
f 9995 10902 10904 10009
f 10007 10905 10903 10008
f 10007 10022 10906 10905
f 10009 10904 10907 10010
f 10010 10907 10908 10023
f 10022 10034 10909 10906
f 10023 10908 10910 10035
f 10034 10048 10911 10909
f 10035 10910 10912 10049
f 10047 10913 10911 10048
f 10047 10062 10914 10913
f 10049 10912 10915 10050
f 10050 10915 10916 10063
f 10062 10074 10917 10914
f 10063 10916 10918 10075
f 10074 10086 10919 10917
f 10075 10918 10920 10087
f 10086 10098 10921 10919
f 10087 10920 10922 10099
f 10098 10110 10923 10921
f 10099 10922 10924 10111
f 10110 10122 10925 10923
f 10111 10924 10926 10123
f 10122 10134 10927 10925
f 10123 10926 10928 10135
f 10147 10161 10929 10930
f 10133 10931 10927 10134
f 10133 10147 10930 10931
f 10162 10148 10932 10933
f 10135 10928 10934 10136
f 10136 10934 10932 10148
f 10161 10160 10935 10929
f 10162 10933 10936 10163
f 10160 10174 10937 10935
f 10163 10936 10938 10175
f 10174 10186 10939 10937
f 10175 10938 10940 10187
f 10186 10198 10941 10939
f 10187 10940 10942 10199
f 10198 10210 10943 10941
f 10199 10942 10944 10211
f 10210 10222 10945 10943
f 10211 10944 10946 10223
f 10234 10248 10947 10948
f 10222 10234 10948 10945
f 10249 10235 10949 10950
f 10223 10946 10949 10235
f 10248 10247 10951 10947
f 10249 10950 10952 10250
f 10247 10262 10953 10951
f 10250 10952 10954 10263
f 10274 10288 10955 10956
f 10262 10274 10956 10953
f 10289 10275 10957 10958
f 10263 10954 10957 10275
f 10288 10287 10959 10955
f 10289 10958 10960 10290
f 10287 10302 10961 10959
f 10290 10960 10962 10303
f 10314 10328 10963 10964
f 10302 10314 10964 10961
f 10329 10315 10965 10966
f 10303 10962 10965 10315
f 10328 10327 10967 10963
f 10329 10966 10968 10330
f 10342 10356 10969 10970
f 10327 10342 10970 10967
f 10357 10343 10971 10972
f 10330 10968 10971 10343
f 10355 10372 10973 10974
f 10356 10355 10974 10969
f 10373 10358 10975 10976
f 10357 10972 10975 10358
f 10372 10371 10977 10973
f 10373 10976 10978 10374
f 10387 10402 10979 10980
f 10371 10387 10980 10977
f 10403 10388 10981 10982
f 10374 10978 10981 10388
f 10401 10418 10983 10984
f 10402 10401 10984 10979
f 10419 10404 10985 10986
f 10403 10982 10985 10404
f 10417 10435 10987 10988
f 10418 10417 10988 10983
f 10436 10420 10989 10990
f 10419 10986 10989 10420
f 10434 10453 10991 10992
f 10435 10434 10992 10987
f 10454 10437 10993 10994
f 10436 10990 10993 10437
f 10452 10471 10995 10996
f 10453 10452 10996 10991
f 10472 10455 10997 10998
f 10454 10994 10997 10455
f 10470 10489 10999 11000
f 10471 10470 11000 10995
f 10490 10473 11001 11002
f 10472 10998 11001 10473
f 10488 10507 11003 11004
f 10489 10488 11004 10999
f 10508 10491 11005 11006
f 10490 11002 11005 10491
f 10506 10525 11007 11008
f 10507 10506 11008 11003
f 10525 10527 11009 11007
f 10528 10531 11010 11011
f 10531 10509 11012 11010
f 10508 11006 11012 10509
f 10526 10548 11013 11014
f 10527 10526 11014 11009
f 10549 10529 11015 11016
f 10528 11011 11015 10529
f 10547 10568 11017 11018
f 10548 10547 11018 11013
f 10568 10570 11019 11017
f 10571 10574 11020 11021
f 10574 10550 11022 11020
f 10549 11016 11022 10550
f 10569 10593 11023 11024
f 10570 10569 11024 11019
f 10593 10595 11025 11023
f 10595 10597 11026 11025
f 10598 10601 11027 11028
f 10601 10603 11029 11027
f 10603 10572 11030 11029
f 10571 11021 11030 10572
f 10596 10624 11031 11032
f 10597 10596 11032 11026
f 10624 10626 11033 11031
f 10626 10628 11034 11033
f 10629 10632 11035 11036
f 10632 10634 11037 11035
f 10634 10599 11038 11037
f 10598 11028 11038 10599
f 10627 10658 11039 11040
f 10628 10627 11040 11034
f 10658 10660 11041 11039
f 10660 10662 11042 11041
f 10662 10664 11043 11042
f 10664 10666 11044 11043
f 10666 10668 11045 11044
f 10668 10670 11046 11045
f 10671 10674 11047 11048
f 10674 10676 11049 11047
f 10676 10678 11050 11049
f 10678 10680 11051 11050
f 10680 10682 11052 11051
f 10682 10684 11053 11052
f 10684 10630 11054 11053
f 10629 11036 11054 10630
f 10669 10672 11055 11056
f 10671 11048 11055 10672
f 10670 10669 11056 11046
f 10805 11057 11058 10806
f 10806 11058 11059 10807
f 10805 10808 11060 11057
f 10809 11061 11062 10810
f 10809 10811 11063 11061
f 10810 11062 11064 10812
f 10812 11064 11065 10813
f 10813 11065 11066 10814
f 10814 11066 11067 10815
f 10815 11067 11068 10816
f 10816 11068 11060 10808
f 10807 11059 11069 10817
f 10817 11069 11070 10818
f 10818 11070 11071 10819
f 10819 11071 11072 10820
f 10820 11072 11073 10821
f 10821 11073 11074 10822
f 10822 11074 11075 10823
f 10823 11075 11076 10824
f 10825 11077 11078 10826
f 10825 10827 11079 11077
f 10826 11078 11080 10828
f 10828 11080 11063 10811
f 10824 11076 11081 10829
f 10829 11081 11082 10830
f 10830 11082 11083 10831
f 10831 11083 11084 10832
f 10833 11085 11086 10834
f 10833 10835 11087 11085
f 10834 11086 11088 10836
f 10836 11088 11079 10827
f 10832 11084 11089 10837
f 10837 11089 11090 10838
f 10838 11090 11091 10839
f 10839 11091 11092 10840
f 10841 11093 11094 10842
f 10841 10843 11095 11093
f 10842 11094 11087 10835
f 10840 11092 11096 10844
f 10844 11096 11097 10845
f 10845 11097 11098 10846
f 10847 11099 11095 10843
f 10847 10848 11100 11099
f 10846 11098 11101 10849
f 10849 11101 11102 10850
f 10851 11103 11104 10852
f 10851 10853 11105 11103
f 10852 11104 11100 10848
f 10850 11102 11106 10854
f 10854 11106 11107 10855
f 10855 11107 11108 10856
f 10857 11109 11105 10853
f 10857 10858 11110 11109
f 10856 11108 11111 10859
f 10859 11111 11112 10860
f 10861 11113 11110 10858
f 10861 10862 11114 11113
f 10860 11112 11115 10863
f 10863 11115 11116 10864
f 10865 11117 11114 10862
f 10865 10866 11118 11117
f 10864 11116 11119 10867
f 10867 11119 11120 10868
f 10869 11121 11118 10866
f 10869 10870 11122 11121
f 10868 11120 11123 10871
f 10871 11123 11124 10872
f 10873 11125 11122 10870
f 10873 10874 11126 11125
f 10872 11124 11127 10875
f 10875 11127 11128 10876
f 10877 11129 11126 10874
f 10877 10878 11130 11129
f 10876 11128 11131 10879
f 10879 11131 11132 10880
f 10881 11133 11130 10878
f 10881 10882 11134 11133
f 10880 11132 11135 10883
f 10883 11135 11136 10884
f 10882 10885 11137 11134
f 10884 11136 11138 10886
f 10887 11139 11137 10885
f 10887 10888 11140 11139
f 10886 11138 11141 10889
f 10889 11141 11142 10890
f 10891 11143 11140 10888
f 10891 10892 11144 11143
f 10890 11142 11145 10893
f 10893 11145 11146 10894
f 10892 10895 11147 11144
f 10894 11146 11148 10896
f 10897 11149 11147 10895
f 10897 10898 11150 11149
f 10896 11148 11151 10899
f 10899 11151 11152 10900
f 10898 10901 11153 11150
f 10900 11152 11154 10902
f 10901 10903 11155 11153
f 10902 11154 11156 10904
f 10905 11157 11155 10903
f 10905 10906 11158 11157
f 10904 11156 11159 10907
f 10907 11159 11160 10908
f 10906 10909 11161 11158
f 10908 11160 11162 10910
f 10909 10911 11163 11161
f 10910 11162 11164 10912
f 10913 11165 11163 10911
f 10913 10914 11166 11165
f 10912 11164 11167 10915
f 10915 11167 11168 10916
f 10914 10917 11169 11166
f 10916 11168 11170 10918
f 10917 10919 11171 11169
f 10918 11170 11172 10920
f 10919 10921 11173 11171
f 10920 11172 11174 10922
f 10921 10923 11175 11173
f 10922 11174 11176 10924
f 10923 10925 11177 11175
f 10924 11176 11178 10926
f 10925 10927 11179 11177
f 10926 11178 11180 10928
f 10930 10929 11181 11182
f 10931 11183 11179 10927
f 10931 10930 11182 11183
f 10933 10932 11184 11185
f 10928 11180 11186 10934
f 10934 11186 11184 10932
f 10929 10935 11187 11181
f 10933 11185 11188 10936
f 10935 10937 11189 11187
f 10936 11188 11190 10938
f 10937 10939 11191 11189
f 10938 11190 11192 10940
f 10939 10941 11193 11191
f 10940 11192 11194 10942
f 10941 10943 11195 11193
f 10942 11194 11196 10944
f 10943 10945 11197 11195
f 10944 11196 11198 10946
f 10948 10947 11199 11200
f 10945 10948 11200 11197
f 10950 10949 11201 11202
f 10946 11198 11201 10949
f 10947 10951 11203 11199
f 10950 11202 11204 10952
f 10951 10953 11205 11203
f 10952 11204 11206 10954
f 10956 10955 11207 11208
f 10953 10956 11208 11205
f 10958 10957 11209 11210
f 10954 11206 11209 10957
f 10955 10959 11211 11207
f 10958 11210 11212 10960
f 10959 10961 11213 11211
f 10960 11212 11214 10962
f 10964 10963 11215 11216
f 10961 10964 11216 11213
f 10966 10965 11217 11218
f 10962 11214 11217 10965
f 10963 10967 11219 11215
f 10966 11218 11220 10968
f 10970 10969 11221 11222
f 10967 10970 11222 11219
f 10972 10971 11223 11224
f 10968 11220 11223 10971
f 10974 10973 11225 11226
f 10969 10974 11226 11221
f 10976 10975 11227 11228
f 10972 11224 11227 10975
f 10973 10977 11229 11225
f 10976 11228 11230 10978
f 10980 10979 11231 11232
f 10977 10980 11232 11229
f 10982 10981 11233 11234
f 10978 11230 11233 10981
f 10984 10983 11235 11236
f 10979 10984 11236 11231
f 10986 10985 11237 11238
f 10982 11234 11237 10985
f 10988 10987 11239 11240
f 10983 10988 11240 11235
f 10990 10989 11241 11242
f 10986 11238 11241 10989
f 10992 10991 11243 11244
f 10987 10992 11244 11239
f 10994 10993 11245 11246
f 10990 11242 11245 10993
f 10996 10995 11247 11248
f 10991 10996 11248 11243
f 10998 10997 11249 11250
f 10994 11246 11249 10997
f 11000 10999 11251 11252
f 10995 11000 11252 11247
f 11002 11001 11253 11254
f 10998 11250 11253 11001
f 11004 11003 11255 11256
f 10999 11004 11256 11251
f 11006 11005 11257 11258
f 11002 11254 11257 11005
f 11008 11007 11259 11260
f 11003 11008 11260 11255
f 11007 11009 11261 11259
f 11011 11010 11262 11263
f 11010 11012 11264 11262
f 11006 11258 11264 11012
f 11014 11013 11265 11266
f 11009 11014 11266 11261
f 11016 11015 11267 11268
f 11011 11263 11267 11015
f 11018 11017 11269 11270
f 11013 11018 11270 11265
f 11017 11019 11271 11269
f 11021 11020 11272 11273
f 11020 11022 11274 11272
f 11016 11268 11274 11022
f 11024 11023 11275 11276
f 11019 11024 11276 11271
f 11023 11025 11277 11275
f 11025 11026 11278 11277
f 11028 11027 11279 11280
f 11027 11029 11281 11279
f 11029 11030 11282 11281
f 11021 11273 11282 11030
f 11032 11031 11283 11284
f 11026 11032 11284 11278
f 11031 11033 11285 11283
f 11033 11034 11286 11285
f 11036 11035 11287 11288
f 11035 11037 11289 11287
f 11037 11038 11290 11289
f 11028 11280 11290 11038
f 11040 11039 11291 11292
f 11034 11040 11292 11286
f 11039 11041 11293 11291
f 11041 11042 11294 11293
f 11042 11043 11295 11294
f 11043 11044 11296 11295
f 11044 11045 11297 11296
f 11045 11046 11298 11297
f 11048 11047 11299 11300
f 11047 11049 11301 11299
f 11049 11050 11302 11301
f 11050 11051 11303 11302
f 11051 11052 11304 11303
f 11052 11053 11305 11304
f 11053 11054 11306 11305
f 11036 11288 11306 11054
f 11056 11055 11307 11308
f 11048 11300 11307 11055
f 11046 11056 11308 11298
f 11057 11309 11310 11058
f 11058 11310 11311 11059
f 11057 11060 11312 11309
f 11061 11313 11314 11062
f 11061 11063 11315 11313
f 11062 11314 11316 11064
f 11064 11316 11317 11065
f 11065 11317 11318 11066
f 11066 11318 11319 11067
f 11067 11319 11320 11068
f 11068 11320 11312 11060
f 11059 11311 11321 11069
f 11069 11321 11322 11070
f 11070 11322 11323 11071
f 11071 11323 11324 11072
f 11072 11324 11325 11073
f 11073 11325 11326 11074
f 11074 11326 11327 11075
f 11075 11327 11328 11076
f 11077 11329 11330 11078
f 11077 11079 11331 11329
f 11078 11330 11332 11080
f 11080 11332 11315 11063
f 11076 11328 11333 11081
f 11081 11333 11334 11082
f 11082 11334 11335 11083
f 11083 11335 11336 11084
f 11085 11337 11338 11086
f 11085 11087 11339 11337
f 11086 11338 11340 11088
f 11088 11340 11331 11079
f 11084 11336 11341 11089
f 11089 11341 11342 11090
f 11090 11342 11343 11091
f 11091 11343 11344 11092
f 11093 11345 11346 11094
f 11093 11095 11347 11345
f 11094 11346 11339 11087
f 11092 11344 11348 11096
f 11096 11348 11349 11097
f 11097 11349 11350 11098
f 11099 11351 11347 11095
f 11099 11100 11352 11351
f 11098 11350 11353 11101
f 11101 11353 11354 11102
f 11103 11355 11356 11104
f 11103 11105 11357 11355
f 11104 11356 11352 11100
f 11102 11354 11358 11106
f 11106 11358 11359 11107
f 11107 11359 11360 11108
f 11109 11361 11357 11105
f 11109 11110 11362 11361
f 11108 11360 11363 11111
f 11111 11363 11364 11112
f 11113 11365 11362 11110
f 11113 11114 11366 11365
f 11112 11364 11367 11115
f 11115 11367 11368 11116
f 11117 11369 11366 11114
f 11117 11118 11370 11369
f 11116 11368 11371 11119
f 11119 11371 11372 11120
f 11121 11373 11370 11118
f 11121 11122 11374 11373
f 11120 11372 11375 11123
f 11123 11375 11376 11124
f 11125 11377 11374 11122
f 11125 11126 11378 11377
f 11124 11376 11379 11127
f 11127 11379 11380 11128
f 11129 11381 11378 11126
f 11129 11130 11382 11381
f 11128 11380 11383 11131
f 11131 11383 11384 11132
f 11133 11385 11382 11130
f 11133 11134 11386 11385
f 11132 11384 11387 11135
f 11135 11387 11388 11136
f 11134 11137 11389 11386
f 11136 11388 11390 11138
f 11139 11391 11389 11137
f 11139 11140 11392 11391
f 11138 11390 11393 11141
f 11141 11393 11394 11142
f 11143 11395 11392 11140
f 11143 11144 11396 11395
f 11142 11394 11397 11145
f 11145 11397 11398 11146
f 11144 11147 11399 11396
f 11146 11398 11400 11148
f 11149 11401 11399 11147
f 11149 11150 11402 11401
f 11148 11400 11403 11151
f 11151 11403 11404 11152
f 11150 11153 11405 11402
f 11152 11404 11406 11154
f 11153 11155 11407 11405
f 11154 11406 11408 11156
f 11157 11409 11407 11155
f 11157 11158 11410 11409
f 11156 11408 11411 11159
f 11159 11411 11412 11160
f 11158 11161 11413 11410
f 11160 11412 11414 11162
f 11161 11163 11415 11413
f 11162 11414 11416 11164
f 11165 11417 11415 11163
f 11165 11166 11418 11417
f 11164 11416 11419 11167
f 11167 11419 11420 11168
f 11166 11169 11421 11418
f 11168 11420 11422 11170
f 11169 11171 11423 11421
f 11170 11422 11424 11172
f 11171 11173 11425 11423
f 11172 11424 11426 11174
f 11173 11175 11427 11425
f 11174 11426 11428 11176
f 11175 11177 11429 11427
f 11176 11428 11430 11178
f 11177 11179 11431 11429
f 11178 11430 11432 11180
f 11182 11181 11433 11434
f 11183 11435 11431 11179
f 11183 11182 11434 11435
f 11185 11184 11436 11437
f 11180 11432 11438 11186
f 11186 11438 11436 11184
f 11181 11187 11439 11433
f 11185 11437 11440 11188
f 11187 11189 11441 11439
f 11188 11440 11442 11190
f 11189 11191 11443 11441
f 11190 11442 11444 11192
f 11191 11193 11445 11443
f 11192 11444 11446 11194
f 11193 11195 11447 11445
f 11194 11446 11448 11196
f 11195 11197 11449 11447
f 11196 11448 11450 11198
f 11200 11199 11451 11452
f 11197 11200 11452 11449
f 11202 11201 11453 11454
f 11198 11450 11453 11201
f 11199 11203 11455 11451
f 11202 11454 11456 11204
f 11203 11205 11457 11455
f 11204 11456 11458 11206
f 11208 11207 11459 11460
f 11205 11208 11460 11457
f 11210 11209 11461 11462
f 11206 11458 11461 11209
f 11207 11211 11463 11459
f 11210 11462 11464 11212
f 11211 11213 11465 11463
f 11212 11464 11466 11214
f 11216 11215 11467 11468
f 11213 11216 11468 11465
f 11218 11217 11469 11470
f 11214 11466 11469 11217
f 11215 11219 11471 11467
f 11218 11470 11472 11220
f 11222 11221 11473 11474
f 11219 11222 11474 11471
f 11224 11223 11475 11476
f 11220 11472 11475 11223
f 11226 11225 11477 11478
f 11221 11226 11478 11473
f 11228 11227 11479 11480
f 11224 11476 11479 11227
f 11225 11229 11481 11477
f 11228 11480 11482 11230
f 11232 11231 11483 11484
f 11229 11232 11484 11481
f 11234 11233 11485 11486
f 11230 11482 11485 11233
f 11236 11235 11487 11488
f 11231 11236 11488 11483
f 11238 11237 11489 11490
f 11234 11486 11489 11237
f 11240 11239 11491 11492
f 11235 11240 11492 11487
f 11242 11241 11493 11494
f 11238 11490 11493 11241
f 11244 11243 11495 11496
f 11239 11244 11496 11491
f 11246 11245 11497 11498
f 11242 11494 11497 11245
f 11248 11247 11499 11500
f 11243 11248 11500 11495
f 11250 11249 11501 11502
f 11246 11498 11501 11249
f 11252 11251 11503 11504
f 11247 11252 11504 11499
f 11254 11253 11505 11506
f 11250 11502 11505 11253
f 11256 11255 11507 11508
f 11251 11256 11508 11503
f 11258 11257 11509 11510
f 11254 11506 11509 11257
f 11260 11259 11511 11512
f 11255 11260 11512 11507
f 11259 11261 11513 11511
f 11263 11262 11514 11515
f 11262 11264 11516 11514
f 11258 11510 11516 11264
f 11266 11265 11517 11518
f 11261 11266 11518 11513
f 11268 11267 11519 11520
f 11263 11515 11519 11267
f 11270 11269 11521 11522
f 11265 11270 11522 11517
f 11269 11271 11523 11521
f 11273 11272 11524 11525
f 11272 11274 11526 11524
f 11268 11520 11526 11274
f 11276 11275 11527 11528
f 11271 11276 11528 11523
f 11275 11277 11529 11527
f 11277 11278 11530 11529
f 11280 11279 11531 11532
f 11279 11281 11533 11531
f 11281 11282 11534 11533
f 11273 11525 11534 11282
f 11284 11283 11535 11536
f 11278 11284 11536 11530
f 11283 11285 11537 11535
f 11285 11286 11538 11537
f 11288 11287 11539 11540
f 11287 11289 11541 11539
f 11289 11290 11542 11541
f 11280 11532 11542 11290
f 11292 11291 11543 11544
f 11286 11292 11544 11538
f 11291 11293 11545 11543
f 11293 11294 11546 11545
f 11294 11295 11547 11546
f 11295 11296 11548 11547
f 11296 11297 11549 11548
f 11297 11298 11550 11549
f 11300 11299 11551 11552
f 11299 11301 11553 11551
f 11301 11302 11554 11553
f 11302 11303 11555 11554
f 11303 11304 11556 11555
f 11304 11305 11557 11556
f 11305 11306 11558 11557
f 11288 11540 11558 11306
f 11308 11307 11559 11560
f 11300 11552 11559 11307
f 11298 11308 11560 11550
f 11309 11561 11562 11310
f 11310 11562 11563 11311
f 11309 11312 11564 11561
f 11313 11565 11566 11314
f 11313 11315 11567 11565
f 11314 11566 11568 11316
f 11316 11568 11569 11317
f 11317 11569 11570 11318
f 11318 11570 11571 11319
f 11319 11571 11572 11320
f 11320 11572 11564 11312
f 11311 11563 11573 11321
f 11321 11573 11574 11322
f 11322 11574 11575 11323
f 11323 11575 11576 11324
f 11324 11576 11577 11325
f 11325 11577 11578 11326
f 11326 11578 11579 11327
f 11327 11579 11580 11328
f 11329 11581 11582 11330
f 11329 11331 11583 11581
f 11330 11582 11584 11332
f 11332 11584 11567 11315
f 11328 11580 11585 11333
f 11333 11585 11586 11334
f 11334 11586 11587 11335
f 11335 11587 11588 11336
f 11337 11589 11590 11338
f 11337 11339 11591 11589
f 11338 11590 11592 11340
f 11340 11592 11583 11331
f 11336 11588 11593 11341
f 11341 11593 11594 11342
f 11342 11594 11595 11343
f 11343 11595 11596 11344
f 11345 11597 11598 11346
f 11345 11347 11599 11597
f 11346 11598 11591 11339
f 11344 11596 11600 11348
f 11348 11600 11601 11349
f 11349 11601 11602 11350
f 11351 11603 11599 11347
f 11351 11352 11604 11603
f 11350 11602 11605 11353
f 11353 11605 11606 11354
f 11355 11607 11608 11356
f 11355 11357 11609 11607
f 11356 11608 11604 11352
f 11354 11606 11610 11358
f 11358 11610 11611 11359
f 11359 11611 11612 11360
f 11361 11613 11609 11357
f 11361 11362 11614 11613
f 11360 11612 11615 11363
f 11363 11615 11616 11364
f 11365 11617 11614 11362
f 11365 11366 11618 11617
f 11364 11616 11619 11367
f 11367 11619 11620 11368
f 11369 11621 11618 11366
f 11369 11370 11622 11621
f 11368 11620 11623 11371
f 11371 11623 11624 11372
f 11373 11625 11622 11370
f 11373 11374 11626 11625
f 11372 11624 11627 11375
f 11375 11627 11628 11376
f 11377 11629 11626 11374
f 11377 11378 11630 11629
f 11376 11628 11631 11379
f 11379 11631 11632 11380
f 11381 11633 11630 11378
f 11381 11382 11634 11633
f 11380 11632 11635 11383
f 11383 11635 11636 11384
f 11385 11637 11634 11382
f 11385 11386 11638 11637
f 11384 11636 11639 11387
f 11387 11639 11640 11388
f 11386 11389 11641 11638
f 11388 11640 11642 11390
f 11391 11643 11641 11389
f 11391 11392 11644 11643
f 11390 11642 11645 11393
f 11393 11645 11646 11394
f 11395 11647 11644 11392
f 11395 11396 11648 11647
f 11394 11646 11649 11397
f 11397 11649 11650 11398
f 11396 11399 11651 11648
f 11398 11650 11652 11400
f 11401 11653 11651 11399
f 11401 11402 11654 11653
f 11400 11652 11655 11403
f 11403 11655 11656 11404
f 11402 11405 11657 11654
f 11404 11656 11658 11406
f 11405 11407 11659 11657
f 11406 11658 11660 11408
f 11409 11661 11659 11407
f 11409 11410 11662 11661
f 11408 11660 11663 11411
f 11411 11663 11664 11412
f 11410 11413 11665 11662
f 11412 11664 11666 11414
f 11413 11415 11667 11665
f 11414 11666 11668 11416
f 11417 11669 11667 11415
f 11417 11418 11670 11669
f 11416 11668 11671 11419
f 11419 11671 11672 11420
f 11418 11421 11673 11670
f 11420 11672 11674 11422
f 11421 11423 11675 11673
f 11422 11674 11676 11424
f 11423 11425 11677 11675
f 11424 11676 11678 11426
f 11425 11427 11679 11677
f 11426 11678 11680 11428
f 11427 11429 11681 11679
f 11428 11680 11682 11430
f 11429 11431 11683 11681
f 11430 11682 11684 11432
f 11434 11433 11685 11686
f 11435 11687 11683 11431
f 11435 11434 11686 11687
f 11437 11436 11688 11689
f 11432 11684 11690 11438
f 11438 11690 11688 11436
f 11433 11439 11691 11685
f 11437 11689 11692 11440
f 11439 11441 11693 11691
f 11440 11692 11694 11442
f 11441 11443 11695 11693
f 11442 11694 11696 11444
f 11443 11445 11697 11695
f 11444 11696 11698 11446
f 11445 11447 11699 11697
f 11446 11698 11700 11448
f 11447 11449 11701 11699
f 11448 11700 11702 11450
f 11452 11451 11703 11704
f 11449 11452 11704 11701
f 11454 11453 11705 11706
f 11450 11702 11705 11453
f 11451 11455 11707 11703
f 11454 11706 11708 11456
f 11455 11457 11709 11707
f 11456 11708 11710 11458
f 11460 11459 11711 11712
f 11457 11460 11712 11709
f 11462 11461 11713 11714
f 11458 11710 11713 11461
f 11459 11463 11715 11711
f 11462 11714 11716 11464
f 11463 11465 11717 11715
f 11464 11716 11718 11466
f 11468 11467 11719 11720
f 11465 11468 11720 11717
f 11470 11469 11721 11722
f 11466 11718 11721 11469
f 11467 11471 11723 11719
f 11470 11722 11724 11472
f 11474 11473 11725 11726
f 11471 11474 11726 11723
f 11476 11475 11727 11728
f 11472 11724 11727 11475
f 11478 11477 11729 11730
f 11473 11478 11730 11725
f 11480 11479 11731 11732
f 11476 11728 11731 11479
f 11477 11481 11733 11729
f 11480 11732 11734 11482
f 11484 11483 11735 11736
f 11481 11484 11736 11733
f 11486 11485 11737 11738
f 11482 11734 11737 11485
f 11488 11487 11739 11740
f 11483 11488 11740 11735
f 11490 11489 11741 11742
f 11486 11738 11741 11489
f 11492 11491 11743 11744
f 11487 11492 11744 11739
f 11494 11493 11745 11746
f 11490 11742 11745 11493
f 11496 11495 11747 11748
f 11491 11496 11748 11743
f 11498 11497 11749 11750
f 11494 11746 11749 11497
f 11500 11499 11751 11752
f 11495 11500 11752 11747
f 11502 11501 11753 11754
f 11498 11750 11753 11501
f 11504 11503 11755 11756
f 11499 11504 11756 11751
f 11506 11505 11757 11758
f 11502 11754 11757 11505
f 11508 11507 11759 11760
f 11503 11508 11760 11755
f 11510 11509 11761 11762
f 11506 11758 11761 11509
f 11512 11511 11763 11764
f 11507 11512 11764 11759
f 11511 11513 11765 11763
f 11515 11514 11766 11767
f 11514 11516 11768 11766
f 11510 11762 11768 11516
f 11518 11517 11769 11770
f 11513 11518 11770 11765
f 11520 11519 11771 11772
f 11515 11767 11771 11519
f 11522 11521 11773 11774
f 11517 11522 11774 11769
f 11521 11523 11775 11773
f 11525 11524 11776 11777
f 11524 11526 11778 11776
f 11520 11772 11778 11526
f 11528 11527 11779 11780
f 11523 11528 11780 11775
f 11527 11529 11781 11779
f 11529 11530 11782 11781
f 11532 11531 11783 11784
f 11531 11533 11785 11783
f 11533 11534 11786 11785
f 11525 11777 11786 11534
f 11536 11535 11787 11788
f 11530 11536 11788 11782
f 11535 11537 11789 11787
f 11537 11538 11790 11789
f 11540 11539 11791 11792
f 11539 11541 11793 11791
f 11541 11542 11794 11793
f 11532 11784 11794 11542
f 11544 11543 11795 11796
f 11538 11544 11796 11790
f 11543 11545 11797 11795
f 11545 11546 11798 11797
f 11546 11547 11799 11798
f 11547 11548 11800 11799
f 11548 11549 11801 11800
f 11549 11550 11802 11801
f 11552 11551 11803 11804
f 11551 11553 11805 11803
f 11553 11554 11806 11805
f 11554 11555 11807 11806
f 11555 11556 11808 11807
f 11556 11557 11809 11808
f 11557 11558 11810 11809
f 11540 11792 11810 11558
f 11560 11559 11811 11812
f 11552 11804 11811 11559
f 11550 11560 11812 11802
f 11561 11813 11814 11562
f 11562 11814 11815 11563
f 11561 11564 11816 11813
f 11813 11816 11815 11814
f 11565 11817 11818 11566
f 11565 11567 11819 11817
f 11817 11819 11820 11818
f 11566 11818 11821 11568
f 11818 11820 11822 11821
f 11568 11821 11823 11569
f 11821 11822 11824 11823
f 11569 11823 11825 11570
f 11823 11824 11826 11825
f 11570 11825 11827 11571
f 11825 11826 11828 11827
f 11571 11827 11829 11572
f 11827 11828 11830 11829
f 11572 11829 11816 11564
f 11829 11830 11831 11816
f 11816 11831 11832 11815
f 11563 11815 11833 11573
f 11815 11832 11834 11833
f 11573 11833 11835 11574
f 11833 11834 11836 11835
f 11574 11835 11837 11575
f 11835 11836 11838 11837
f 11575 11837 11839 11576
f 11837 11838 11840 11839
f 11576 11839 11841 11577
f 11839 11840 11842 11841
f 11577 11841 11843 11578
f 11841 11842 11844 11843
f 11578 11843 11845 11579
f 11579 11845 11846 11580
f 11843 11844 11846 11845
f 11581 11847 11848 11582
f 11581 11583 11849 11847
f 11847 11849 11850 11848
f 11582 11848 11851 11584
f 11848 11850 11852 11851
f 11584 11851 11819 11567
f 11851 11852 11853 11819
f 11819 11853 11854 11820
f 11820 11854 11855 11822
f 11822 11855 11856 11824
f 11824 11856 11857 11826
f 11826 11857 11858 11828
f 11828 11858 11859 11830
f 11830 11859 11860 11831
f 11831 11860 11861 11832
f 11832 11861 11862 11834
f 11834 11862 11863 11836
f 11836 11863 11864 11838
f 11838 11864 11865 11840
f 11840 11865 11866 11842
f 11842 11866 11867 11844
f 11844 11867 11868 11846
f 11580 11846 11869 11585
f 11846 11868 11870 11869
f 11585 11869 11871 11586
f 11869 11870 11872 11871
f 11586 11871 11873 11587
f 11587 11873 11874 11588
f 11871 11872 11874 11873
f 11589 11875 11876 11590
f 11589 11591 11877 11875
f 11875 11877 11878 11876
f 11590 11876 11879 11592
f 11876 11878 11880 11879
f 11592 11879 11849 11583
f 11879 11880 11881 11849
f 11849 11881 11882 11850
f 11850 11882 11883 11852
f 11852 11883 11884 11853
f 11853 11884 11885 11854
f 11854 11885 11886 11855
f 11855 11886 11887 11856
f 11856 11887 11888 11857
f 11857 11888 11889 11858
f 11858 11889 11890 11859
f 11859 11890 11891 11860
f 11860 11891 11892 11861
f 11861 11892 11893 11862
f 11862 11893 11894 11863
f 11863 11894 11895 11864
f 11864 11895 11896 11865
f 11865 11896 11897 11866
f 11866 11897 11898 11867
f 11867 11898 11899 11868
f 11868 11899 11900 11870
f 11870 11900 11901 11872
f 11872 11901 11902 11874
f 11588 11874 11903 11593
f 11874 11902 11904 11903
f 11593 11903 11905 11594
f 11903 11904 11906 11905
f 11594 11905 11907 11595
f 11595 11907 11908 11596
f 11905 11906 11908 11907
f 11597 11909 11910 11598
f 11597 11599 11911 11909
f 11909 11911 11912 11910
f 11598 11910 11877 11591
f 11910 11912 11913 11877
f 11877 11913 11914 11878
f 11878 11914 11915 11880
f 11880 11915 11916 11881
f 11881 11916 11917 11882
f 11882 11917 11918 11883
f 11883 11918 11919 11884
f 11884 11919 11920 11885
f 11885 11920 11921 11886
f 11886 11921 11922 11887
f 11887 11922 11923 11888
f 11888 11923 11924 11889
f 11889 11924 11925 11890
f 11890 11925 11926 11891
f 11891 11926 11927 11892
f 11892 11927 11928 11893
f 11893 11928 11929 11894
f 11894 11929 11930 11895
f 11895 11930 11931 11896
f 11896 11931 11932 11897
f 11897 11932 11933 11898
f 11898 11933 11934 11899
f 11899 11934 11935 11900
f 11900 11935 11936 11901
f 11901 11936 11937 11902
f 11902 11937 11938 11904
f 11904 11938 11939 11906
f 11906 11939 11940 11908
f 11596 11908 11941 11600
f 11908 11940 11942 11941
f 11600 11941 11943 11601
f 11601 11943 11944 11602
f 11941 11942 11944 11943
f 11603 11945 11911 11599
f 11603 11604 11946 11945
f 11945 11946 11947 11911
f 11911 11947 11948 11912
f 11912 11948 11949 11913
f 11913 11949 11950 11914
f 11914 11950 11951 11915
f 11915 11951 11952 11916
f 11916 11952 11953 11917
f 11917 11953 11954 11918
f 11918 11954 11955 11919
f 11919 11955 11956 11920
f 11920 11956 11957 11921
f 11921 11957 11958 11922
f 11922 11958 11959 11923
f 11923 11959 11960 11924
f 11924 11960 11961 11925
f 11925 11961 11962 11926
f 11926 11962 11963 11927
f 11927 11963 11964 11928
f 11928 11964 11965 11929
f 11929 11965 11966 11930
f 11930 11966 11967 11931
f 11931 11967 11968 11932
f 11932 11968 11969 11933
f 11933 11969 11970 11934
f 11934 11970 11971 11935
f 11935 11971 11972 11936
f 11936 11972 11973 11937
f 11937 11973 11974 11938
f 11938 11974 11975 11939
f 11939 11975 11976 11940
f 11940 11976 11977 11942
f 11942 11977 11978 11944
f 11602 11944 11979 11605
f 11605 11979 11980 11606
f 11944 11978 11980 11979
f 11607 11981 11982 11608
f 11607 11609 11983 11981
f 11981 11983 11984 11982
f 11608 11982 11946 11604
f 11982 11984 11985 11946
f 11946 11985 11986 11947
f 11947 11986 11987 11948
f 11948 11987 11988 11949
f 11949 11988 11989 11950
f 11950 11989 11990 11951
f 11951 11990 11991 11952
f 11952 11991 11992 11953
f 11953 11992 11993 11954
f 11954 11993 11994 11955
f 11955 11994 11995 11956
f 11956 11995 11996 11957
f 11957 11996 11997 11958
f 11958 11997 11998 11959
f 11959 11998 11999 11960
f 11960 11999 12000 11961
f 11961 12000 12001 11962
f 11962 12001 12002 11963
f 11963 12002 12003 11964
f 11964 12003 12004 11965
f 11965 12004 12005 11966
f 11966 12005 12006 11967
f 11967 12006 12007 11968
f 11968 12007 12008 11969
f 11969 12008 12009 11970
f 11970 12009 12010 11971
f 11971 12010 12011 11972
f 11972 12011 12012 11973
f 11973 12012 12013 11974
f 11974 12013 12014 11975
f 11975 12014 12015 11976
f 11976 12015 12016 11977
f 11977 12016 12017 11978
f 11978 12017 12018 11980
f 11606 11980 12019 11610
f 11980 12018 12020 12019
f 11610 12019 12021 11611
f 11611 12021 12022 11612
f 12019 12020 12022 12021
f 11613 12023 11983 11609
f 11613 11614 12024 12023
f 12023 12024 12025 11983
f 11983 12025 12026 11984
f 11984 12026 12027 11985
f 11985 12027 12028 11986
f 11986 12028 12029 11987
f 11987 12029 12030 11988
f 11988 12030 12031 11989
f 11989 12031 12032 11990
f 11990 12032 12033 11991
f 11991 12033 12034 11992
f 11992 12034 12035 11993
f 11993 12035 12036 11994
f 11994 12036 12037 11995
f 11995 12037 12038 11996
f 11996 12038 12039 11997
f 11997 12039 12040 11998
f 11998 12040 12041 11999
f 11999 12041 12042 12000
f 12000 12042 12043 12001
f 12002 12044 12045 12003
f 12003 12045 12046 12004
f 12004 12046 12047 12005
f 12005 12047 12048 12006
f 12006 12048 12049 12007
f 12007 12049 12050 12008
f 12008 12050 12051 12009
f 12009 12051 12052 12010
f 12010 12052 12053 12011
f 12011 12053 12054 12012
f 12012 12054 12055 12013
f 12013 12055 12056 12014
f 12014 12056 12057 12015
f 12015 12057 12058 12016
f 12016 12058 12059 12017
f 12017 12059 12060 12018
f 12018 12060 12061 12020
f 12020 12061 12062 12022
f 11612 12022 12063 11615
f 11615 12063 12064 11616
f 12022 12062 12064 12063
f 11617 12065 12024 11614
f 11617 11618 12066 12065
f 12065 12066 12067 12024
f 12024 12067 12068 12025
f 12025 12068 12069 12026
f 12026 12069 12070 12027
f 12027 12070 12071 12028
f 12028 12071 12072 12029
f 12029 12072 12073 12030
f 12030 12073 12074 12031
f 12031 12074 12075 12032
f 12032 12075 12076 12033
f 12033 12076 12077 12034
f 12034 12077 12078 12035
f 12035 12078 12079 12036
f 12036 12079 12080 12037
f 12050 12081 12082 12051
f 12051 12082 12083 12052
f 12052 12083 12084 12053
f 12053 12084 12085 12054
f 12054 12085 12086 12055
f 12055 12086 12087 12056
f 12056 12087 12088 12057
f 12057 12088 12089 12058
f 12058 12089 12090 12059
f 12059 12090 12091 12060
f 12060 12091 12092 12061
f 12061 12092 12093 12062
f 12062 12093 12094 12064
f 11616 12064 12095 11619
f 11619 12095 12096 11620
f 12064 12094 12096 12095
f 11621 12097 12066 11618
f 11621 11622 12098 12097
f 12097 12098 12099 12066
f 12066 12099 12100 12067
f 12067 12100 12101 12068
f 12068 12101 12102 12069
f 12069 12102 12103 12070
f 12070 12103 12104 12071
f 12071 12104 12105 12072
f 12072 12105 12106 12073
f 12073 12106 12107 12074
f 12074 12107 12108 12075
f 12075 12108 12109 12076
f 12076 12109 12110 12077
f 12084 12111 12112 12085
f 12085 12112 12113 12086
f 12086 12113 12114 12087
f 12087 12114 12115 12088
f 12088 12115 12116 12089
f 12089 12116 12117 12090
f 12090 12117 12118 12091
f 12091 12118 12119 12092
f 12092 12119 12120 12093
f 12093 12120 12121 12094
f 12094 12121 12122 12096
f 11620 12096 12123 11623
f 11623 12123 12124 11624
f 12096 12122 12124 12123
f 11625 12125 12098 11622
f 11625 11626 12126 12125
f 12125 12126 12127 12098
f 12098 12127 12128 12099
f 12099 12128 12129 12100
f 12100 12129 12130 12101
f 12101 12130 12131 12102
f 12102 12131 12132 12103
f 12103 12132 12133 12104
f 12104 12133 12134 12105
f 12105 12134 12135 12106
f 12106 12135 12136 12107
f 12107 12136 12137 12108
f 12113 12138 12139 12114
f 12114 12139 12140 12115
f 12115 12140 12141 12116
f 12116 12141 12142 12117
f 12117 12142 12143 12118
f 12118 12143 12144 12119
f 12119 12144 12145 12120
f 12120 12145 12146 12121
f 12121 12146 12147 12122
f 12122 12147 12148 12124
f 11624 12124 12149 11627
f 11627 12149 12150 11628
f 12124 12148 12150 12149
f 11629 12151 12126 11626
f 11629 11630 12152 12151
f 12151 12152 12153 12126
f 12126 12153 12154 12127
f 12127 12154 12155 12128
f 12128 12155 12156 12129
f 12129 12156 12157 12130
f 12130 12157 12158 12131
f 12131 12158 12159 12132
f 12132 12159 12160 12133
f 12133 12160 12161 12134
f 12134 12161 12162 12135
f 12140 12163 12164 12141
f 12141 12164 12165 12142
f 12142 12165 12166 12143
f 12143 12166 12167 12144
f 12144 12167 12168 12145
f 12145 12168 12169 12146
f 12146 12169 12170 12147
f 12147 12170 12171 12148
f 12148 12171 12172 12150
f 11628 12150 12173 11631
f 11631 12173 12174 11632
f 12150 12172 12174 12173
f 11633 12175 12152 11630
f 11633 11634 12176 12175
f 12175 12176 12177 12152
f 12152 12177 12178 12153
f 12153 12178 12179 12154
f 12154 12179 12180 12155
f 12155 12180 12181 12156
f 12156 12181 12182 12157
f 12157 12182 12183 12158
f 12158 12183 12184 12159
f 12159 12184 12185 12160
f 12160 12185 12186 12161
f 12164 12187 12188 12165
f 12165 12188 12189 12166
f 12166 12189 12190 12167
f 12167 12190 12191 12168
f 12168 12191 12192 12169
f 12169 12192 12193 12170
f 12170 12193 12194 12171
f 12171 12194 12195 12172
f 12172 12195 12196 12174
f 11632 12174 12197 11635
f 11635 12197 12198 11636
f 12174 12196 12198 12197
f 11637 12199 12176 11634
f 11637 11638 12200 12199
f 12199 12200 12201 12176
f 12176 12201 12202 12177
f 12177 12202 12203 12178
f 12178 12203 12204 12179
f 12179 12204 12205 12180
f 12180 12205 12206 12181
f 12181 12206 12207 12182
f 12182 12207 12208 12183
f 12183 12208 12209 12184
f 12184 12209 12210 12185
f 12188 12211 12212 12189
f 12189 12212 12213 12190
f 12190 12213 12214 12191
f 12191 12214 12215 12192
f 12192 12215 12216 12193
f 12193 12216 12217 12194
f 12194 12217 12218 12195
f 12195 12218 12219 12196
f 12196 12219 12220 12198
f 11636 12198 12221 11639
f 11639 12221 12222 11640
f 12198 12220 12222 12221
f 11638 11641 12223 12200
f 12200 12223 12224 12201
f 12201 12224 12225 12202
f 12202 12225 12226 12203
f 12203 12226 12227 12204
f 12204 12227 12228 12205
f 12205 12228 12229 12206
f 12206 12229 12230 12207
f 12207 12230 12231 12208
f 12208 12231 12232 12209
f 12212 12233 12234 12213
f 12213 12234 12235 12214
f 12214 12235 12236 12215
f 12215 12236 12237 12216
f 12216 12237 12238 12217
f 12217 12238 12239 12218
f 12218 12239 12240 12219
f 12219 12240 12241 12220
f 11640 12222 12242 11642
f 12220 12241 12242 12222
f 11643 12243 12223 11641
f 11643 11644 12244 12243
f 12243 12244 12245 12223
f 12223 12245 12246 12224
f 12224 12246 12247 12225
f 12225 12247 12248 12226
f 12226 12248 12249 12227
f 12227 12249 12250 12228
f 12228 12250 12251 12229
f 12229 12251 12252 12230
f 12230 12252 12253 12231
f 12234 12254 12255 12235
f 12235 12255 12256 12236
f 12236 12256 12257 12237
f 12237 12257 12258 12238
f 12238 12258 12259 12239
f 12239 12259 12260 12240
f 12240 12260 12261 12241
f 12241 12261 12262 12242
f 11642 12242 12263 11645
f 11645 12263 12264 11646
f 12242 12262 12264 12263
f 11647 12265 12244 11644
f 11647 11648 12266 12265
f 12265 12266 12267 12244
f 12244 12267 12268 12245
f 12245 12268 12269 12246
f 12246 12269 12270 12247
f 12247 12270 12271 12248
f 12248 12271 12272 12249
f 12249 12272 12273 12250
f 12250 12273 12274 12251
f 12251 12274 12275 12252
f 12255 12276 12277 12256
f 12256 12277 12278 12257
f 12257 12278 12279 12258
f 12258 12279 12280 12259
f 12259 12280 12281 12260
f 12260 12281 12282 12261
f 12261 12282 12283 12262
f 12262 12283 12284 12264
f 11646 12264 12285 11649
f 11649 12285 12286 11650
f 12264 12284 12286 12285
f 11648 11651 12287 12266
f 12266 12287 12288 12267
f 12267 12288 12289 12268
f 12268 12289 12290 12269
f 12269 12290 12291 12270
f 12270 12291 12292 12271
f 12271 12292 12293 12272
f 12272 12293 12294 12273
f 12273 12294 12295 12274
f 12277 12296 12297 12278
f 12278 12297 12298 12279
f 12279 12298 12299 12280
f 12280 12299 12300 12281
f 12281 12300 12301 12282
f 12282 12301 12302 12283
f 12283 12302 12303 12284
f 11650 12286 12304 11652
f 12284 12303 12304 12286
f 11653 12305 12287 11651
f 11653 11654 12306 12305
f 12305 12306 12307 12287
f 12287 12307 12308 12288
f 12288 12308 12309 12289
f 12289 12309 12310 12290
f 12290 12310 12311 12291
f 12291 12311 12312 12292
f 12292 12312 12313 12293
f 12293 12313 12314 12294
f 12297 12315 12316 12298
f 12298 12316 12317 12299
f 12299 12317 12318 12300
f 12300 12318 12319 12301
f 12301 12319 12320 12302
f 12302 12320 12321 12303
f 12303 12321 12322 12304
f 11652 12304 12323 11655
f 11655 12323 12324 11656
f 12304 12322 12324 12323
f 11654 11657 12325 12306
f 12306 12325 12326 12307
f 12307 12326 12327 12308
f 12308 12327 12328 12309
f 12309 12328 12329 12310
f 12310 12329 12330 12311
f 12311 12330 12331 12312
f 12312 12331 12332 12313
f 12313 12332 12333 12314
f 12315 12334 12335 12316
f 12316 12335 12336 12317
f 12317 12336 12337 12318
f 12318 12337 12338 12319
f 12319 12338 12339 12320
f 12320 12339 12340 12321
f 12321 12340 12341 12322
f 11656 12324 12342 11658
f 12322 12341 12342 12324
f 11657 11659 12343 12325
f 12325 12343 12344 12326
f 12326 12344 12345 12327
f 12327 12345 12346 12328
f 12328 12346 12347 12329
f 12329 12347 12348 12330
f 12330 12348 12349 12331
f 12331 12349 12350 12332
f 12335 12351 12352 12336
f 12336 12352 12353 12337
f 12337 12353 12354 12338
f 12338 12354 12355 12339
f 12339 12355 12356 12340
f 12340 12356 12357 12341
f 11658 12342 12358 11660
f 12341 12357 12358 12342
f 11661 12359 12343 11659
f 11661 11662 12360 12359
f 12359 12360 12361 12343
f 12343 12361 12362 12344
f 12344 12362 12363 12345
f 12345 12363 12364 12346
f 12346 12364 12365 12347
f 12347 12365 12366 12348
f 12348 12366 12367 12349
f 12349 12367 12368 12350
f 12351 12369 12370 12352
f 12352 12370 12371 12353
f 12353 12371 12372 12354
f 12354 12372 12373 12355
f 12355 12373 12374 12356
f 12356 12374 12375 12357
f 12357 12375 12376 12358
f 11660 12358 12377 11663
f 11663 12377 12378 11664
f 12358 12376 12378 12377
f 11662 11665 12379 12360
f 12360 12379 12380 12361
f 12361 12380 12381 12362
f 12362 12381 12382 12363
f 12363 12382 12383 12364
f 12364 12383 12384 12365
f 12365 12384 12385 12366
f 12366 12385 12386 12367
f 12370 12387 12388 12371
f 12371 12388 12389 12372
f 12372 12389 12390 12373
f 12373 12390 12391 12374
f 12374 12391 12392 12375
f 12375 12392 12393 12376
f 11664 12378 12394 11666
f 12376 12393 12394 12378
f 11665 11667 12395 12379
f 12379 12395 12396 12380
f 12380 12396 12397 12381
f 12381 12397 12398 12382
f 12382 12398 12399 12383
f 12383 12399 12400 12384
f 12384 12400 12401 12385
f 12385 12401 12402 12386
f 12387 12403 12404 12388
f 12388 12404 12405 12389
f 12389 12405 12406 12390
f 12390 12406 12407 12391
f 12391 12407 12408 12392
f 12392 12408 12409 12393
f 11666 12394 12410 11668
f 12393 12409 12410 12394
f 11669 12411 12395 11667
f 11669 11670 12412 12411
f 12411 12412 12413 12395
f 12395 12413 12414 12396
f 12396 12414 12415 12397
f 12397 12415 12416 12398
f 12398 12416 12417 12399
f 12399 12417 12418 12400
f 12400 12418 12419 12401
f 12401 12419 12420 12402
f 12403 12421 12422 12404
f 12404 12422 12423 12405
f 12405 12423 12424 12406
f 12406 12424 12425 12407
f 12407 12425 12426 12408
f 12408 12426 12427 12409
f 12409 12427 12428 12410
f 11668 12410 12429 11671
f 11671 12429 12430 11672
f 12410 12428 12430 12429
f 11670 11673 12431 12412
f 12412 12431 12432 12413
f 12413 12432 12433 12414
f 12414 12433 12434 12415
f 12415 12434 12435 12416
f 12416 12435 12436 12417
f 12417 12436 12437 12418
f 12418 12437 12438 12419
f 12422 12439 12440 12423
f 12423 12440 12441 12424
f 12424 12441 12442 12425
f 12425 12442 12443 12426
f 12426 12443 12444 12427
f 12427 12444 12445 12428
f 11672 12430 12446 11674
f 12428 12445 12446 12430
f 11673 11675 12447 12431
f 12431 12447 12448 12432
f 12432 12448 12449 12433
f 12433 12449 12450 12434
f 12434 12450 12451 12435
f 12435 12451 12452 12436
f 12436 12452 12453 12437
f 12437 12453 12454 12438
f 12439 12455 12456 12440
f 12440 12456 12457 12441
f 12441 12457 12458 12442
f 12442 12458 12459 12443
f 12443 12459 12460 12444
f 12444 12460 12461 12445
f 11674 12446 12462 11676
f 12445 12461 12462 12446
f 11675 11677 12463 12447
f 12447 12463 12464 12448
f 12448 12464 12465 12449
f 12449 12465 12466 12450
f 12450 12466 12467 12451
f 12451 12467 12468 12452
f 12452 12468 12469 12453
f 12453 12469 12470 12454
f 12455 12471 12472 12456
f 12456 12472 12473 12457
f 12457 12473 12474 12458
f 12458 12474 12475 12459
f 12459 12475 12476 12460
f 12460 12476 12477 12461
f 11676 12462 12478 11678
f 12461 12477 12478 12462
f 11677 11679 12479 12463
f 12463 12479 12480 12464
f 12464 12480 12481 12465
f 12465 12481 12482 12466
f 12466 12482 12483 12467
f 12467 12483 12484 12468
f 12468 12484 12485 12469
f 12469 12485 12486 12470
f 12471 12487 12488 12472
f 12472 12488 12489 12473
f 12473 12489 12490 12474
f 12474 12490 12491 12475
f 12475 12491 12492 12476
f 12476 12492 12493 12477
f 11678 12478 12494 11680
f 12477 12493 12494 12478
f 11679 11681 12495 12479
f 12479 12495 12496 12480
f 12480 12496 12497 12481
f 12481 12497 12498 12482
f 12482 12498 12499 12483
f 12483 12499 12500 12484
f 12484 12500 12501 12485
f 12485 12501 12502 12486
f 12487 12503 12504 12488
f 12488 12504 12505 12489
f 12489 12505 12506 12490
f 12490 12506 12507 12491
f 12491 12507 12508 12492
f 12492 12508 12509 12493
f 11680 12494 12510 11682
f 12493 12509 12510 12494
f 11681 11683 12511 12495
f 12495 12511 12512 12496
f 12496 12512 12513 12497
f 12497 12513 12514 12498
f 12498 12514 12515 12499
f 12499 12515 12516 12500
f 12500 12516 12517 12501
f 12501 12517 12518 12502
f 12503 12519 12520 12504
f 12504 12520 12521 12505
f 12505 12521 12522 12506
f 12506 12522 12523 12507
f 12507 12523 12524 12508
f 12508 12524 12525 12509
f 11682 12510 12526 11684
f 12509 12525 12526 12510
f 11686 11685 12527 12528
f 11687 12529 12511 11683
f 11687 11686 12528 12529
f 12529 12528 12527 12511
f 12511 12527 12530 12512
f 12512 12530 12531 12513
f 12513 12531 12532 12514
f 12514 12532 12533 12515
f 12515 12533 12534 12516
f 12516 12534 12535 12517
f 12520 12536 12537 12521
f 12521 12537 12538 12522
f 12522 12538 12539 12523
f 12523 12539 12540 12524
f 12524 12540 12541 12525
f 12525 12541 12542 12526
f 11689 11688 12543 12542
f 11684 12526 12544 11690
f 11690 12544 12543 11688
f 12526 12542 12543 12544
f 11685 11691 12545 12527
f 12527 12545 12546 12530
f 12530 12546 12547 12531
f 12531 12547 12548 12532
f 12532 12548 12549 12533
f 12533 12549 12550 12534
f 12534 12550 12551 12535
f 12535 12551 12552 12553
f 12554 12555 12556 12536
f 12536 12556 12557 12537
f 12537 12557 12558 12538
f 12538 12558 12559 12539
f 12539 12559 12560 12540
f 12540 12560 12561 12541
f 11689 12542 12562 11692
f 12541 12561 12562 12542
f 11691 11693 12563 12545
f 12545 12563 12564 12546
f 12546 12564 12565 12547
f 12547 12565 12566 12548
f 12548 12566 12567 12549
f 12549 12567 12568 12550
f 12550 12568 12569 12551
f 12551 12569 12570 12552
f 12555 12571 12572 12556
f 12556 12572 12573 12557
f 12557 12573 12574 12558
f 12558 12574 12575 12559
f 12559 12575 12576 12560
f 12560 12576 12577 12561
f 11692 12562 12578 11694
f 12561 12577 12578 12562
f 11693 11695 12579 12563
f 12563 12579 12580 12564
f 12564 12580 12581 12565
f 12565 12581 12582 12566
f 12566 12582 12583 12567
f 12567 12583 12584 12568
f 12568 12584 12585 12569
f 12569 12585 12586 12570
f 12571 12587 12588 12572
f 12572 12588 12589 12573
f 12573 12589 12590 12574
f 12574 12590 12591 12575
f 12575 12591 12592 12576
f 12576 12592 12593 12577
f 11694 12578 12594 11696
f 12577 12593 12594 12578
f 11695 11697 12595 12579
f 12579 12595 12596 12580
f 12580 12596 12597 12581
f 12581 12597 12598 12582
f 12582 12598 12599 12583
f 12583 12599 12600 12584
f 12584 12600 12601 12585
f 12585 12601 12602 12586
f 12587 12603 12604 12588
f 12588 12604 12605 12589
f 12589 12605 12606 12590
f 12590 12606 12607 12591
f 12591 12607 12608 12592
f 12592 12608 12609 12593
f 11696 12594 12610 11698
f 12593 12609 12610 12594
f 11697 11699 12611 12595
f 12595 12611 12612 12596
f 12596 12612 12613 12597
f 12597 12613 12614 12598
f 12598 12614 12615 12599
f 12599 12615 12616 12600
f 12600 12616 12617 12601
f 12601 12617 12618 12602
f 12603 12619 12620 12604
f 12604 12620 12621 12605
f 12605 12621 12622 12606
f 12606 12622 12623 12607
f 12607 12623 12624 12608
f 12608 12624 12625 12609
f 11698 12610 12626 11700
f 12609 12625 12626 12610
f 11699 11701 12627 12611
f 12611 12627 12628 12612
f 12612 12628 12629 12613
f 12613 12629 12630 12614
f 12614 12630 12631 12615
f 12615 12631 12632 12616
f 12616 12632 12633 12617
f 12617 12633 12634 12618
f 12619 12635 12636 12620
f 12620 12636 12637 12621
f 12621 12637 12638 12622
f 12622 12638 12639 12623
f 12623 12639 12640 12624
f 12624 12640 12641 12625
f 11700 12626 12642 11702
f 12625 12641 12642 12626
f 11704 11703 12643 12644
f 11701 11704 12644 12627
f 12627 12644 12643 12628
f 12628 12643 12645 12629
f 12629 12645 12646 12630
f 12630 12646 12647 12631
f 12631 12647 12648 12632
f 12632 12648 12649 12633
f 12633 12649 12650 12634
f 12634 12650 12651 12652
f 12653 12654 12655 12635
f 12635 12655 12656 12636
f 12636 12656 12657 12637
f 12637 12657 12658 12638
f 12638 12658 12659 12639
f 12639 12659 12660 12640
f 12640 12660 12661 12641
f 11706 11705 12662 12661
f 11702 12642 12662 11705
f 12641 12661 12662 12642
f 11703 11707 12663 12643
f 12643 12663 12664 12645
f 12645 12664 12665 12646
f 12646 12665 12666 12647
f 12647 12666 12667 12648
f 12648 12667 12668 12649
f 12649 12668 12669 12650
f 12650 12669 12670 12651
f 12654 12671 12672 12655
f 12655 12672 12673 12656
f 12656 12673 12674 12657
f 12657 12674 12675 12658
f 12658 12675 12676 12659
f 12659 12676 12677 12660
f 11706 12661 12678 11708
f 12660 12677 12678 12661
f 11707 11709 12679 12663
f 12663 12679 12680 12664
f 12664 12680 12681 12665
f 12665 12681 12682 12666
f 12666 12682 12683 12667
f 12667 12683 12684 12668
f 12668 12684 12685 12669
f 12669 12685 12686 12670
f 12671 12687 12688 12672
f 12672 12688 12689 12673
f 12673 12689 12690 12674
f 12674 12690 12691 12675
f 12675 12691 12692 12676
f 12676 12692 12693 12677
f 11708 12678 12694 11710
f 12677 12693 12694 12678
f 11712 11711 12695 12696
f 11709 11712 12696 12679
f 12679 12696 12695 12680
f 12680 12695 12697 12681
f 12681 12697 12698 12682
f 12682 12698 12699 12683
f 12683 12699 12700 12684
f 12684 12700 12701 12685
f 12685 12701 12702 12686
f 12686 12702 12703 12704
f 12705 12706 12707 12687
f 12687 12707 12708 12688
f 12688 12708 12709 12689
f 12689 12709 12710 12690
f 12690 12710 12711 12691
f 12691 12711 12712 12692
f 12692 12712 12713 12693
f 11714 11713 12714 12713
f 11710 12694 12714 11713
f 12693 12713 12714 12694
f 11711 11715 12715 12695
f 12695 12715 12716 12697
f 12697 12716 12717 12698
f 12698 12717 12718 12699
f 12699 12718 12719 12700
f 12700 12719 12720 12701
f 12701 12720 12721 12702
f 12702 12721 12722 12703
f 12706 12723 12724 12707
f 12707 12724 12725 12708
f 12708 12725 12726 12709
f 12709 12726 12727 12710
f 12710 12727 12728 12711
f 12711 12728 12729 12712
f 11714 12713 12730 11716
f 12712 12729 12730 12713
f 11715 11717 12731 12715
f 12715 12731 12732 12716
f 12716 12732 12733 12717
f 12717 12733 12734 12718
f 12718 12734 12735 12719
f 12719 12735 12736 12720
f 12720 12736 12737 12721
f 12721 12737 12738 12722
f 12722 12738 12739 12740
f 12741 12742 12743 12723
f 12723 12743 12744 12724
f 12724 12744 12745 12725
f 12725 12745 12746 12726
f 12726 12746 12747 12727
f 12727 12747 12748 12728
f 12728 12748 12749 12729
f 11716 12730 12750 11718
f 12729 12749 12750 12730
f 11720 11719 12751 12752
f 11717 11720 12752 12731
f 12731 12752 12751 12732
f 12732 12751 12753 12733
f 12733 12753 12754 12734
f 12734 12754 12755 12735
f 12735 12755 12756 12736
f 12736 12756 12757 12737
f 12737 12757 12758 12738
f 12738 12758 12759 12739
f 12742 12760 12761 12743
f 12743 12761 12762 12744
f 12744 12762 12763 12745
f 12745 12763 12764 12746
f 12746 12764 12765 12747
f 12747 12765 12766 12748
f 12748 12766 12767 12749
f 11722 11721 12768 12767
f 11718 12750 12768 11721
f 12749 12767 12768 12750
f 11719 11723 12769 12751
f 12751 12769 12770 12753
f 12753 12770 12771 12754
f 12754 12771 12772 12755
f 12755 12772 12773 12756
f 12756 12773 12774 12757
f 12757 12774 12775 12758
f 12758 12775 12776 12759
f 12759 12776 12777 12778
f 12779 12780 12781 12760
f 12760 12781 12782 12761
f 12761 12782 12783 12762
f 12762 12783 12784 12763
f 12763 12784 12785 12764
f 12764 12785 12786 12765
f 12765 12786 12787 12766
f 11722 12767 12788 11724
f 12766 12787 12788 12767
f 11726 11725 12789 12790
f 11723 11726 12790 12769
f 12769 12790 12789 12770
f 12770 12789 12791 12771
f 12771 12791 12792 12772
f 12772 12792 12793 12773
f 12773 12793 12794 12774
f 12774 12794 12795 12775
f 12775 12795 12796 12776
f 12776 12796 12797 12777
f 12777 12797 12798 12799
f 12800 12801 12802 12780
f 12780 12802 12803 12781
f 12781 12803 12804 12782
f 12782 12804 12805 12783
f 12783 12805 12806 12784
f 12784 12806 12807 12785
f 12785 12807 12808 12786
f 12786 12808 12809 12787
f 11728 11727 12810 12809
f 11724 12788 12810 11727
f 12787 12809 12810 12788
f 11730 11729 12811 12812
f 11725 11730 12812 12789
f 12789 12812 12811 12791
f 12791 12811 12813 12792
f 12792 12813 12814 12793
f 12793 12814 12815 12794
f 12794 12815 12816 12795
f 12795 12816 12817 12796
f 12796 12817 12818 12797
f 12797 12818 12819 12798
f 12798 12819 12820 12821
f 12822 12823 12824 12801
f 12801 12824 12825 12802
f 12802 12825 12826 12803
f 12803 12826 12827 12804
f 12804 12827 12828 12805
f 12805 12828 12829 12806
f 12806 12829 12830 12807
f 12807 12830 12831 12808
f 11732 11731 12832 12831
f 11728 12809 12832 11731
f 12808 12831 12832 12809
f 11729 11733 12833 12811
f 12811 12833 12834 12813
f 12813 12834 12835 12814
f 12814 12835 12836 12815
f 12815 12836 12837 12816
f 12816 12837 12838 12817
f 12817 12838 12839 12818
f 12818 12839 12840 12819
f 12819 12840 12841 12820
f 12820 12841 12842 12843
f 12844 12845 12846 12823
f 12823 12846 12847 12824
f 12824 12847 12848 12825
f 12825 12848 12849 12826
f 12826 12849 12850 12827
f 12827 12850 12851 12828
f 12828 12851 12852 12829
f 12829 12852 12853 12830
f 11732 12831 12854 11734
f 12830 12853 12854 12831
f 11736 11735 12855 12856
f 11733 11736 12856 12833
f 12833 12856 12855 12834
f 12834 12855 12857 12835
f 12835 12857 12858 12836
f 12836 12858 12859 12837
f 12837 12859 12860 12838
f 12838 12860 12861 12839
f 12839 12861 12862 12840
f 12840 12862 12863 12841
f 12841 12863 12864 12842
f 12842 12864 12865 12866
f 12867 12868 12869 12845
f 12845 12869 12870 12846
f 12846 12870 12871 12847
f 12847 12871 12872 12848
f 12848 12872 12873 12849
f 12849 12873 12874 12850
f 12850 12874 12875 12851
f 12851 12875 12876 12852
f 12852 12876 12877 12853
f 11738 11737 12878 12877
f 11734 12854 12878 11737
f 12853 12877 12878 12854
f 11740 11739 12879 12880
f 11735 11740 12880 12855
f 12855 12880 12879 12857
f 12857 12879 12881 12858
f 12858 12881 12882 12859
f 12859 12882 12883 12860
f 12860 12883 12884 12861
f 12861 12884 12885 12862
f 12862 12885 12886 12863
f 12863 12886 12887 12864
f 12864 12887 12888 12865
f 12865 12888 12889 12890
f 12891 12892 12893 12868
f 12868 12893 12894 12869
f 12869 12894 12895 12870
f 12870 12895 12896 12871
f 12871 12896 12897 12872
f 12872 12897 12898 12873
f 12873 12898 12899 12874
f 12874 12899 12900 12875
f 12875 12900 12901 12876
f 11742 11741 12902 12901
f 11738 12877 12902 11741
f 12876 12901 12902 12877
f 11744 11743 12903 12904
f 11739 11744 12904 12879
f 12879 12904 12903 12881
f 12881 12903 12905 12882
f 12882 12905 12906 12883
f 12883 12906 12907 12884
f 12884 12907 12908 12885
f 12885 12908 12909 12886
f 12886 12909 12910 12887
f 12887 12910 12911 12888
f 12888 12911 12912 12889
f 12889 12912 12913 12914
f 12915 12916 12917 12892
f 12892 12917 12918 12893
f 12893 12918 12919 12894
f 12894 12919 12920 12895
f 12895 12920 12921 12896
f 12896 12921 12922 12897
f 12897 12922 12923 12898
f 12898 12923 12924 12899
f 12899 12924 12925 12900
f 11746 11745 12926 12925
f 11742 12901 12926 11745
f 12900 12925 12926 12901
f 11748 11747 12927 12928
f 11743 11748 12928 12903
f 12903 12928 12927 12905
f 12905 12927 12929 12906
f 12906 12929 12930 12907
f 12907 12930 12931 12908
f 12908 12931 12932 12909
f 12909 12932 12933 12910
f 12910 12933 12934 12911
f 12911 12934 12935 12912
f 12912 12935 12936 12913
f 12913 12936 12937 12938
f 12938 12937 12939 12940
f 12941 12942 12943 12944
f 12944 12943 12945 12916
f 12916 12945 12946 12917
f 12917 12946 12947 12918
f 12918 12947 12948 12919
f 12919 12948 12949 12920
f 12920 12949 12950 12921
f 12921 12950 12951 12922
f 12922 12951 12952 12923
f 12923 12952 12953 12924
f 11750 11749 12954 12953
f 11746 12925 12954 11749
f 12924 12953 12954 12925
f 11752 11751 12955 12956
f 11747 11752 12956 12927
f 12927 12956 12955 12929
f 12929 12955 12957 12930
f 12930 12957 12958 12931
f 12931 12958 12959 12932
f 12932 12959 12960 12933
f 12933 12960 12961 12934
f 12934 12961 12962 12935
f 12935 12962 12963 12936
f 12936 12963 12964 12937
f 12937 12964 12965 12939
f 12939 12965 12966 12967
f 12967 12966 12968 12969
f 12970 12971 12972 12973
f 12973 12972 12974 12942
f 12942 12974 12975 12943
f 12943 12975 12976 12945
f 12945 12976 12977 12946
f 12946 12977 12978 12947
f 12947 12978 12979 12948
f 12948 12979 12980 12949
f 12949 12980 12981 12950
f 12950 12981 12982 12951
f 12951 12982 12983 12952
f 11754 11753 12984 12983
f 11750 12953 12984 11753
f 12952 12983 12984 12953
f 11756 11755 12985 12986
f 11751 11756 12986 12955
f 12955 12986 12985 12957
f 12957 12985 12987 12958
f 12958 12987 12988 12959
f 12959 12988 12989 12960
f 12960 12989 12990 12961
f 12961 12990 12991 12962
f 12962 12991 12992 12963
f 12963 12992 12993 12964
f 12964 12993 12994 12965
f 12965 12994 12995 12966
f 12966 12995 12996 12968
f 12968 12996 12997 12998
f 12998 12997 12999 13000
f 13000 12999 13001 13002
f 13003 13004 13005 13006
f 13006 13005 13007 13008
f 13008 13007 13009 12971
f 12971 13009 13010 12972
f 12972 13010 13011 12974
f 12974 13011 13012 12975
f 12975 13012 13013 12976
f 12976 13013 13014 12977
f 12977 13014 13015 12978
f 12978 13015 13016 12979
f 12979 13016 13017 12980
f 12980 13017 13018 12981
f 12981 13018 13019 12982
f 11758 11757 13020 13019
f 11754 12983 13020 11757
f 12982 13019 13020 12983
f 11760 11759 13021 13022
f 11755 11760 13022 12985
f 12985 13022 13021 12987
f 12987 13021 13023 12988
f 12988 13023 13024 12989
f 12989 13024 13025 12990
f 12990 13025 13026 12991
f 12991 13026 13027 12992
f 12992 13027 13028 12993
f 12993 13028 13029 12994
f 12994 13029 13030 12995
f 12995 13030 13031 12996
f 12996 13031 13032 12997
f 12997 13032 13033 12999
f 12999 13033 13034 13001
f 13001 13034 13035 13036
f 13036 13035 13037 13038
f 13038 13037 13039 13040
f 13040 13039 13041 13042
f 13042 13041 13043 13044
f 13044 13043 13045 13046
f 13047 13048 13049 13050
f 13050 13049 13051 13052
f 13052 13051 13053 13054
f 13054 13053 13055 13056
f 13056 13055 13057 13058
f 13058 13057 13059 13004
f 13004 13059 13060 13005
f 13005 13060 13061 13007
f 13007 13061 13062 13009
f 13009 13062 13063 13010
f 13010 13063 13064 13011
f 13011 13064 13065 13012
f 13012 13065 13066 13013
f 13013 13066 13067 13014
f 13014 13067 13068 13015
f 13015 13068 13069 13016
f 13016 13069 13070 13017
f 13017 13070 13071 13018
f 11762 11761 13072 13071
f 11758 13019 13072 11761
f 13018 13071 13072 13019
f 11764 11763 13073 13074
f 11759 11764 13074 13021
f 13021 13074 13073 13023
f 11763 11765 13075 13073
f 13023 13073 13075 13024
f 13024 13075 13076 13025
f 13025 13076 13077 13026
f 13026 13077 13078 13027
f 13027 13078 13079 13028
f 13028 13079 13080 13029
f 13029 13080 13081 13030
f 13030 13081 13082 13031
f 13031 13082 13083 13032
f 13032 13083 13084 13033
f 13033 13084 13085 13034
f 13034 13085 13086 13035
f 13035 13086 13087 13037
f 13037 13087 13088 13039
f 13039 13088 13089 13041
f 13041 13089 13090 13043
f 13043 13090 13091 13045
f 13045 13091 13092 13048
f 13048 13092 13093 13049
f 13049 13093 13094 13051
f 13051 13094 13095 13053
f 13053 13095 13096 13055
f 13055 13096 13097 13057
f 13057 13097 13098 13059
f 13059 13098 13099 13060
f 13060 13099 13100 13061
f 13061 13100 13101 13062
f 13062 13101 13102 13063
f 13063 13102 13103 13064
f 13064 13103 13104 13065
f 13065 13104 13105 13066
f 13066 13105 13106 13067
f 13067 13106 13107 13068
f 13068 13107 13108 13069
f 11767 11766 13109 13108
f 13069 13108 13109 13070
f 11766 11768 13110 13109
f 11762 13071 13110 11768
f 13070 13109 13110 13071
f 11770 11769 13111 13112
f 11765 11770 13112 13075
f 13075 13112 13111 13076
f 13076 13111 13113 13077
f 13077 13113 13114 13078
f 13078 13114 13115 13079
f 13079 13115 13116 13080
f 13080 13116 13117 13081
f 13081 13117 13118 13082
f 13082 13118 13119 13083
f 13083 13119 13120 13084
f 13084 13120 13121 13085
f 13085 13121 13122 13086
f 13086 13122 13123 13087
f 13087 13123 13124 13088
f 13088 13124 13125 13089
f 13089 13125 13126 13090
f 13090 13126 13127 13091
f 13091 13127 13128 13092
f 13092 13128 13129 13093
f 13093 13129 13130 13094
f 13094 13130 13131 13095
f 13095 13131 13132 13096
f 13096 13132 13133 13097
f 13097 13133 13134 13098
f 13098 13134 13135 13099
f 13099 13135 13136 13100
f 13100 13136 13137 13101
f 13101 13137 13138 13102
f 13102 13138 13139 13103
f 13103 13139 13140 13104
f 13104 13140 13141 13105
f 13105 13141 13142 13106
f 13106 13142 13143 13107
f 11772 11771 13144 13143
f 11767 13108 13144 11771
f 13107 13143 13144 13108
f 11774 11773 13145 13146
f 11769 11774 13146 13111
f 13111 13146 13145 13113
f 11773 11775 13147 13145
f 13113 13145 13147 13114
f 13114 13147 13148 13115
f 13115 13148 13149 13116
f 13116 13149 13150 13117
f 13117 13150 13151 13118
f 13118 13151 13152 13119
f 13119 13152 13153 13120
f 13120 13153 13154 13121
f 13121 13154 13155 13122
f 13122 13155 13156 13123
f 13123 13156 13157 13124
f 13124 13157 13158 13125
f 13125 13158 13159 13126
f 13126 13159 13160 13127
f 13127 13160 13161 13128
f 13128 13161 13162 13129
f 13129 13162 13163 13130
f 13130 13163 13164 13131
f 13131 13164 13165 13132
f 13132 13165 13166 13133
f 13133 13166 13167 13134
f 13134 13167 13168 13135
f 13135 13168 13169 13136
f 13136 13169 13170 13137
f 13137 13170 13171 13138
f 13138 13171 13172 13139
f 13139 13172 13173 13140
f 13140 13173 13174 13141
f 11777 11776 13175 13174
f 13141 13174 13175 13142
f 11776 11778 13176 13175
f 11772 13143 13176 11778
f 13142 13175 13176 13143
f 11780 11779 13177 13178
f 11775 11780 13178 13147
f 13147 13178 13177 13148
f 11779 11781 13179 13177
f 13148 13177 13179 13149
f 11781 11782 13180 13179
f 13149 13179 13180 13150
f 13150 13180 13181 13151
f 13151 13181 13182 13152
f 13152 13182 13183 13153
f 13153 13183 13184 13154
f 13154 13184 13185 13155
f 13155 13185 13186 13156
f 13156 13186 13187 13157
f 13157 13187 13188 13158
f 13158 13188 13189 13159
f 13159 13189 13190 13160
f 13160 13190 13191 13161
f 13161 13191 13192 13162
f 13162 13192 13193 13163
f 13163 13193 13194 13164
f 13164 13194 13195 13165
f 13165 13195 13196 13166
f 13166 13196 13197 13167
f 13167 13197 13198 13168
f 13168 13198 13199 13169
f 13169 13199 13200 13170
f 13170 13200 13201 13171
f 11784 11783 13202 13201
f 13171 13201 13202 13172
f 11783 11785 13203 13202
f 13172 13202 13203 13173
f 11785 11786 13204 13203
f 11777 13174 13204 11786
f 13173 13203 13204 13174
f 11788 11787 13205 13206
f 11782 11788 13206 13180
f 13180 13206 13205 13181
f 11787 11789 13207 13205
f 13181 13205 13207 13182
f 11789 11790 13208 13207
f 13182 13207 13208 13183
f 13183 13208 13209 13184
f 13184 13209 13210 13185
f 13185 13210 13211 13186
f 13186 13211 13212 13187
f 13187 13212 13213 13188
f 13188 13213 13214 13189
f 13189 13214 13215 13190
f 13190 13215 13216 13191
f 13191 13216 13217 13192
f 13192 13217 13218 13193
f 13193 13218 13219 13194
f 13194 13219 13220 13195
f 13195 13220 13221 13196
f 13196 13221 13222 13197
f 13197 13222 13223 13198
f 11792 11791 13224 13223
f 13198 13223 13224 13199
f 11791 11793 13225 13224
f 13199 13224 13225 13200
f 11793 11794 13226 13225
f 11784 13201 13226 11794
f 13200 13225 13226 13201
f 11796 11795 13227 13228
f 11790 11796 13228 13208
f 13208 13228 13227 13209
f 11795 11797 13229 13227
f 13209 13227 13229 13210
f 11797 11798 13230 13229
f 13210 13229 13230 13211
f 11798 11799 13231 13230
f 13211 13230 13231 13212
f 11799 11800 13232 13231
f 13212 13231 13232 13213
f 11800 11801 13233 13232
f 13213 13232 13233 13214
f 11801 11802 13234 13233
f 13214 13233 13234 13215
f 13215 13234 13235 13216
f 11804 11803 13236 13235
f 13216 13235 13236 13217
f 11803 11805 13237 13236
f 13217 13236 13237 13218
f 11805 11806 13238 13237
f 13218 13237 13238 13219
f 11806 11807 13239 13238
f 13219 13238 13239 13220
f 11807 11808 13240 13239
f 13220 13239 13240 13221
f 11808 11809 13241 13240
f 13221 13240 13241 13222
f 11809 11810 13242 13241
f 11792 13223 13242 11810
f 13222 13241 13242 13223
f 11812 11811 13243 13244
f 11804 13235 13243 11811
f 11802 11812 13244 13234
f 13234 13244 13243 13235
f 12001 13245 13246 12002
f 12002 13246 13247 12044
f 12001 12043 13248 13245
f 12037 13249 13250 12038
f 12037 12080 13251 13249
f 12038 13250 13252 12039
f 12039 13252 13253 12040
f 12040 13253 13254 12041
f 12041 13254 13255 12042
f 12042 13255 13248 12043
f 12044 13247 13256 12045
f 12045 13256 13257 12046
f 12046 13257 13258 12047
f 12047 13258 13259 12048
f 12048 13259 13260 12049
f 12049 13260 13261 12050
f 12050 13261 13262 12081
f 12077 13263 13264 12078
f 12077 12110 13265 13263
f 12078 13264 13266 12079
f 12079 13266 13251 12080
f 12081 13262 13267 12082
f 12082 13267 13268 12083
f 12083 13268 13269 12084
f 12084 13269 13270 12111
f 12108 13271 13272 12109
f 12108 12137 13273 13271
f 12109 13272 13265 12110
f 12111 13270 13274 12112
f 12112 13274 13275 12113
f 12113 13275 13276 12138
f 12135 13277 13278 12136
f 12135 12162 13279 13277
f 12136 13278 13273 12137
f 12138 13276 13280 12139
f 12139 13280 13281 12140
f 12140 13281 13282 12163
f 12161 13283 13279 12162
f 12161 12186 13284 13283
f 12163 13282 13285 12164
f 12164 13285 13286 12187
f 12185 13287 13284 12186
f 12185 12210 13288 13287
f 12187 13286 13289 12188
f 12188 13289 13290 12211
f 12209 13291 13288 12210
f 12209 12232 13292 13291
f 12211 13290 13293 12212
f 12212 13293 13294 12233
f 12231 13295 13292 12232
f 12231 12253 13296 13295
f 12233 13294 13297 12234
f 12234 13297 13298 12254
f 12252 13299 13296 12253
f 12252 12275 13300 13299
f 12254 13298 13301 12255
f 12255 13301 13302 12276
f 12274 13303 13300 12275
f 12274 12295 13304 13303
f 12276 13302 13305 12277
f 12277 13305 13306 12296
f 12294 13307 13304 12295
f 12294 12314 13308 13307
f 12296 13306 13309 12297
f 12297 13309 13310 12315
f 12314 12333 13311 13308
f 12315 13310 13312 12334
f 12332 13313 13311 12333
f 12332 12350 13314 13313
f 12334 13312 13315 12335
f 12335 13315 13316 12351
f 12350 12368 13317 13314
f 12351 13316 13318 12369
f 12367 13319 13317 12368
f 12367 12386 13320 13319
f 12369 13318 13321 12370
f 12370 13321 13322 12387
f 12386 12402 13323 13320
f 12387 13322 13324 12403
f 12402 12420 13325 13323
f 12403 13324 13326 12421
f 12419 13327 13325 12420
f 12419 12438 13328 13327
f 12421 13326 13329 12422
f 12422 13329 13330 12439
f 12438 12454 13331 13328
f 12439 13330 13332 12455
f 12454 12470 13333 13331
f 12455 13332 13334 12471
f 12470 12486 13335 13333
f 12471 13334 13336 12487
f 12486 12502 13337 13335
f 12487 13336 13338 12503
f 12502 12518 13339 13337
f 12503 13338 13340 12519
f 12535 12553 13341 13342
f 12517 13343 13339 12518
f 12517 12535 13342 13343
f 12554 12536 13344 13345
f 12519 13340 13346 12520
f 12520 13346 13344 12536
f 12553 12552 13347 13341
f 12554 13345 13348 12555
f 12552 12570 13349 13347
f 12555 13348 13350 12571
f 12570 12586 13351 13349
f 12571 13350 13352 12587
f 12586 12602 13353 13351
f 12587 13352 13354 12603
f 12602 12618 13355 13353
f 12603 13354 13356 12619
f 12634 12652 13357 13358
f 12618 12634 13358 13355
f 12653 12635 13359 13360
f 12619 13356 13359 12635
f 12652 12651 13361 13357
f 12653 13360 13362 12654
f 12651 12670 13363 13361
f 12654 13362 13364 12671
f 12686 12704 13365 13366
f 12670 12686 13366 13363
f 12705 12687 13367 13368
f 12671 13364 13367 12687
f 12704 12703 13369 13365
f 12705 13368 13370 12706
f 12722 12740 13371 13372
f 12703 12722 13372 13369
f 12741 12723 13373 13374
f 12706 13370 13373 12723
f 12740 12739 13375 13371
f 12741 13374 13376 12742
f 12759 12778 13377 13378
f 12739 12759 13378 13375
f 12779 12760 13379 13380
f 12742 13376 13379 12760
f 12777 12799 13381 13382
f 12778 12777 13382 13377
f 12800 12780 13383 13384
f 12779 13380 13383 12780
f 12798 12821 13385 13386
f 12799 12798 13386 13381
f 12822 12801 13387 13388
f 12800 13384 13387 12801
f 12820 12843 13389 13390
f 12821 12820 13390 13385
f 12844 12823 13391 13392
f 12822 13388 13391 12823
f 12842 12866 13393 13394
f 12843 12842 13394 13389
f 12867 12845 13395 13396
f 12844 13392 13395 12845
f 12865 12890 13397 13398
f 12866 12865 13398 13393
f 12891 12868 13399 13400
f 12867 13396 13399 12868
f 12889 12914 13401 13402
f 12890 12889 13402 13397
f 12915 12892 13403 13404
f 12891 13400 13403 12892
f 12913 12938 13405 13406
f 12914 12913 13406 13401
f 12938 12940 13407 13405
f 12941 12944 13408 13409
f 12944 12916 13410 13408
f 12915 13404 13410 12916
f 12939 12967 13411 13412
f 12940 12939 13412 13407
f 12967 12969 13413 13411
f 12970 12973 13414 13415
f 12973 12942 13416 13414
f 12941 13409 13416 12942
f 12968 12998 13417 13418
f 12969 12968 13418 13413
f 12998 13000 13419 13417
f 13000 13002 13420 13419
f 13003 13006 13421 13422
f 13006 13008 13423 13421
f 13008 12971 13424 13423
f 12970 13415 13424 12971
f 13001 13036 13425 13426
f 13002 13001 13426 13420
f 13036 13038 13427 13425
f 13038 13040 13428 13427
f 13040 13042 13429 13428
f 13042 13044 13430 13429
f 13044 13046 13431 13430
f 13047 13050 13432 13433
f 13050 13052 13434 13432
f 13052 13054 13435 13434
f 13054 13056 13436 13435
f 13056 13058 13437 13436
f 13058 13004 13438 13437
f 13003 13422 13438 13004
f 13045 13048 13439 13440
f 13047 13433 13439 13048
f 13046 13045 13440 13431
f 13245 13441 13442 13246
f 13246 13442 13443 13247
f 13245 13248 13444 13441
f 13249 13445 13446 13250
f 13249 13251 13447 13445
f 13250 13446 13448 13252
f 13252 13448 13449 13253
f 13253 13449 13450 13254
f 13254 13450 13451 13255
f 13255 13451 13444 13248
f 13247 13443 13452 13256
f 13256 13452 13453 13257
f 13257 13453 13454 13258
f 13258 13454 13455 13259
f 13259 13455 13456 13260
f 13260 13456 13457 13261
f 13261 13457 13458 13262
f 13263 13459 13460 13264
f 13263 13265 13461 13459
f 13264 13460 13462 13266
f 13266 13462 13447 13251
f 13262 13458 13463 13267
f 13267 13463 13464 13268
f 13268 13464 13465 13269
f 13269 13465 13466 13270
f 13271 13467 13468 13272
f 13271 13273 13469 13467
f 13272 13468 13461 13265
f 13270 13466 13470 13274
f 13274 13470 13471 13275
f 13275 13471 13472 13276
f 13277 13473 13474 13278
f 13277 13279 13475 13473
f 13278 13474 13469 13273
f 13276 13472 13476 13280
f 13280 13476 13477 13281
f 13281 13477 13478 13282
f 13283 13479 13475 13279
f 13283 13284 13480 13479
f 13282 13478 13481 13285
f 13285 13481 13482 13286
f 13287 13483 13480 13284
f 13287 13288 13484 13483
f 13286 13482 13485 13289
f 13289 13485 13486 13290
f 13291 13487 13484 13288
f 13291 13292 13488 13487
f 13290 13486 13489 13293
f 13293 13489 13490 13294
f 13295 13491 13488 13292
f 13295 13296 13492 13491
f 13294 13490 13493 13297
f 13297 13493 13494 13298
f 13299 13495 13492 13296
f 13299 13300 13496 13495
f 13298 13494 13497 13301
f 13301 13497 13498 13302
f 13303 13499 13496 13300
f 13303 13304 13500 13499
f 13302 13498 13501 13305
f 13305 13501 13502 13306
f 13307 13503 13500 13304
f 13307 13308 13504 13503
f 13306 13502 13505 13309
f 13309 13505 13506 13310
f 13308 13311 13507 13504
f 13310 13506 13508 13312
f 13313 13509 13507 13311
f 13313 13314 13510 13509
f 13312 13508 13511 13315
f 13315 13511 13512 13316
f 13314 13317 13513 13510
f 13316 13512 13514 13318
f 13319 13515 13513 13317
f 13319 13320 13516 13515
f 13318 13514 13517 13321
f 13321 13517 13518 13322
f 13320 13323 13519 13516
f 13322 13518 13520 13324
f 13323 13325 13521 13519
f 13324 13520 13522 13326
f 13327 13523 13521 13325
f 13327 13328 13524 13523
f 13326 13522 13525 13329
f 13329 13525 13526 13330
f 13328 13331 13527 13524
f 13330 13526 13528 13332
f 13331 13333 13529 13527
f 13332 13528 13530 13334
f 13333 13335 13531 13529
f 13334 13530 13532 13336
f 13335 13337 13533 13531
f 13336 13532 13534 13338
f 13337 13339 13535 13533
f 13338 13534 13536 13340
f 13342 13341 13537 13538
f 13343 13539 13535 13339
f 13343 13342 13538 13539
f 13345 13344 13540 13541
f 13340 13536 13542 13346
f 13346 13542 13540 13344
f 13341 13347 13543 13537
f 13345 13541 13544 13348
f 13347 13349 13545 13543
f 13348 13544 13546 13350
f 13349 13351 13547 13545
f 13350 13546 13548 13352
f 13351 13353 13549 13547
f 13352 13548 13550 13354
f 13353 13355 13551 13549
f 13354 13550 13552 13356
f 13358 13357 13553 13554
f 13355 13358 13554 13551
f 13360 13359 13555 13556
f 13356 13552 13555 13359
f 13357 13361 13557 13553
f 13360 13556 13558 13362
f 13361 13363 13559 13557
f 13362 13558 13560 13364
f 13366 13365 13561 13562
f 13363 13366 13562 13559
f 13368 13367 13563 13564
f 13364 13560 13563 13367
f 13365 13369 13565 13561
f 13368 13564 13566 13370
f 13372 13371 13567 13568
f 13369 13372 13568 13565
f 13374 13373 13569 13570
f 13370 13566 13569 13373
f 13371 13375 13571 13567
f 13374 13570 13572 13376
f 13378 13377 13573 13574
f 13375 13378 13574 13571
f 13380 13379 13575 13576
f 13376 13572 13575 13379
f 13382 13381 13577 13578
f 13377 13382 13578 13573
f 13384 13383 13579 13580
f 13380 13576 13579 13383
f 13386 13385 13581 13582
f 13381 13386 13582 13577
f 13388 13387 13583 13584
f 13384 13580 13583 13387
f 13390 13389 13585 13586
f 13385 13390 13586 13581
f 13392 13391 13587 13588
f 13388 13584 13587 13391
f 13394 13393 13589 13590
f 13389 13394 13590 13585
f 13396 13395 13591 13592
f 13392 13588 13591 13395
f 13398 13397 13593 13594
f 13393 13398 13594 13589
f 13400 13399 13595 13596
f 13396 13592 13595 13399
f 13402 13401 13597 13598
f 13397 13402 13598 13593
f 13404 13403 13599 13600
f 13400 13596 13599 13403
f 13406 13405 13601 13602
f 13401 13406 13602 13597
f 13405 13407 13603 13601
f 13409 13408 13604 13605
f 13408 13410 13606 13604
f 13404 13600 13606 13410
f 13412 13411 13607 13608
f 13407 13412 13608 13603
f 13411 13413 13609 13607
f 13415 13414 13610 13611
f 13414 13416 13612 13610
f 13409 13605 13612 13416
f 13418 13417 13613 13614
f 13413 13418 13614 13609
f 13417 13419 13615 13613
f 13419 13420 13616 13615
f 13422 13421 13617 13618
f 13421 13423 13619 13617
f 13423 13424 13620 13619
f 13415 13611 13620 13424
f 13426 13425 13621 13622
f 13420 13426 13622 13616
f 13425 13427 13623 13621
f 13427 13428 13624 13623
f 13428 13429 13625 13624
f 13429 13430 13626 13625
f 13430 13431 13627 13626
f 13433 13432 13628 13629
f 13432 13434 13630 13628
f 13434 13435 13631 13630
f 13435 13436 13632 13631
f 13436 13437 13633 13632
f 13437 13438 13634 13633
f 13422 13618 13634 13438
f 13440 13439 13635 13636
f 13433 13629 13635 13439
f 13431 13440 13636 13627
f 13441 13637 13638 13442
f 13442 13638 13639 13443
f 13441 13444 13640 13637
f 13445 13641 13642 13446
f 13445 13447 13643 13641
f 13446 13642 13644 13448
f 13448 13644 13645 13449
f 13449 13645 13646 13450
f 13450 13646 13647 13451
f 13451 13647 13640 13444
f 13443 13639 13648 13452
f 13452 13648 13649 13453
f 13453 13649 13650 13454
f 13454 13650 13651 13455
f 13455 13651 13652 13456
f 13456 13652 13653 13457
f 13457 13653 13654 13458
f 13459 13655 13656 13460
f 13459 13461 13657 13655
f 13460 13656 13658 13462
f 13462 13658 13643 13447
f 13458 13654 13659 13463
f 13463 13659 13660 13464
f 13464 13660 13661 13465
f 13465 13661 13662 13466
f 13467 13663 13664 13468
f 13467 13469 13665 13663
f 13468 13664 13657 13461
f 13466 13662 13666 13470
f 13470 13666 13667 13471
f 13471 13667 13668 13472
f 13473 13669 13670 13474
f 13473 13475 13671 13669
f 13474 13670 13665 13469
f 13472 13668 13672 13476
f 13476 13672 13673 13477
f 13477 13673 13674 13478
f 13479 13675 13671 13475
f 13479 13480 13676 13675
f 13478 13674 13677 13481
f 13481 13677 13678 13482
f 13483 13679 13676 13480
f 13483 13484 13680 13679
f 13482 13678 13681 13485
f 13485 13681 13682 13486
f 13487 13683 13680 13484
f 13487 13488 13684 13683
f 13486 13682 13685 13489
f 13489 13685 13686 13490
f 13491 13687 13684 13488
f 13491 13492 13688 13687
f 13490 13686 13689 13493
f 13493 13689 13690 13494
f 13495 13691 13688 13492
f 13495 13496 13692 13691
f 13494 13690 13693 13497
f 13497 13693 13694 13498
f 13499 13695 13692 13496
f 13499 13500 13696 13695
f 13498 13694 13697 13501
f 13501 13697 13698 13502
f 13503 13699 13696 13500
f 13503 13504 13700 13699
f 13502 13698 13701 13505
f 13505 13701 13702 13506
f 13504 13507 13703 13700
f 13506 13702 13704 13508
f 13509 13705 13703 13507
f 13509 13510 13706 13705
f 13508 13704 13707 13511
f 13511 13707 13708 13512
f 13510 13513 13709 13706
f 13512 13708 13710 13514
f 13515 13711 13709 13513
f 13515 13516 13712 13711
f 13514 13710 13713 13517
f 13517 13713 13714 13518
f 13516 13519 13715 13712
f 13518 13714 13716 13520
f 13519 13521 13717 13715
f 13520 13716 13718 13522
f 13523 13719 13717 13521
f 13523 13524 13720 13719
f 13522 13718 13721 13525
f 13525 13721 13722 13526
f 13524 13527 13723 13720
f 13526 13722 13724 13528
f 13527 13529 13725 13723
f 13528 13724 13726 13530
f 13529 13531 13727 13725
f 13530 13726 13728 13532
f 13531 13533 13729 13727
f 13532 13728 13730 13534
f 13533 13535 13731 13729
f 13534 13730 13732 13536
f 13538 13537 13733 13734
f 13539 13735 13731 13535
f 13539 13538 13734 13735
f 13541 13540 13736 13737
f 13536 13732 13738 13542
f 13542 13738 13736 13540
f 13537 13543 13739 13733
f 13541 13737 13740 13544
f 13543 13545 13741 13739
f 13544 13740 13742 13546
f 13545 13547 13743 13741
f 13546 13742 13744 13548
f 13547 13549 13745 13743
f 13548 13744 13746 13550
f 13549 13551 13747 13745
f 13550 13746 13748 13552
f 13554 13553 13749 13750
f 13551 13554 13750 13747
f 13556 13555 13751 13752
f 13552 13748 13751 13555
f 13553 13557 13753 13749
f 13556 13752 13754 13558
f 13557 13559 13755 13753
f 13558 13754 13756 13560
f 13562 13561 13757 13758
f 13559 13562 13758 13755
f 13564 13563 13759 13760
f 13560 13756 13759 13563
f 13561 13565 13761 13757
f 13564 13760 13762 13566
f 13568 13567 13763 13764
f 13565 13568 13764 13761
f 13570 13569 13765 13766
f 13566 13762 13765 13569
f 13567 13571 13767 13763
f 13570 13766 13768 13572
f 13574 13573 13769 13770
f 13571 13574 13770 13767
f 13576 13575 13771 13772
f 13572 13768 13771 13575
f 13578 13577 13773 13774
f 13573 13578 13774 13769
f 13580 13579 13775 13776
f 13576 13772 13775 13579
f 13582 13581 13777 13778
f 13577 13582 13778 13773
f 13584 13583 13779 13780
f 13580 13776 13779 13583
f 13586 13585 13781 13782
f 13581 13586 13782 13777
f 13588 13587 13783 13784
f 13584 13780 13783 13587
f 13590 13589 13785 13786
f 13585 13590 13786 13781
f 13592 13591 13787 13788
f 13588 13784 13787 13591
f 13594 13593 13789 13790
f 13589 13594 13790 13785
f 13596 13595 13791 13792
f 13592 13788 13791 13595
f 13598 13597 13793 13794
f 13593 13598 13794 13789
f 13600 13599 13795 13796
f 13596 13792 13795 13599
f 13602 13601 13797 13798
f 13597 13602 13798 13793
f 13601 13603 13799 13797
f 13605 13604 13800 13801
f 13604 13606 13802 13800
f 13600 13796 13802 13606
f 13608 13607 13803 13804
f 13603 13608 13804 13799
f 13607 13609 13805 13803
f 13611 13610 13806 13807
f 13610 13612 13808 13806
f 13605 13801 13808 13612
f 13614 13613 13809 13810
f 13609 13614 13810 13805
f 13613 13615 13811 13809
f 13615 13616 13812 13811
f 13618 13617 13813 13814
f 13617 13619 13815 13813
f 13619 13620 13816 13815
f 13611 13807 13816 13620
f 13622 13621 13817 13818
f 13616 13622 13818 13812
f 13621 13623 13819 13817
f 13623 13624 13820 13819
f 13624 13625 13821 13820
f 13625 13626 13822 13821
f 13626 13627 13823 13822
f 13629 13628 13824 13825
f 13628 13630 13826 13824
f 13630 13631 13827 13826
f 13631 13632 13828 13827
f 13632 13633 13829 13828
f 13633 13634 13830 13829
f 13618 13814 13830 13634
f 13636 13635 13831 13832
f 13629 13825 13831 13635
f 13627 13636 13832 13823
f 13637 13833 13834 13638
f 13638 13834 13835 13639
f 13637 13640 13836 13833
f 13641 13837 13838 13642
f 13641 13643 13839 13837
f 13642 13838 13840 13644
f 13644 13840 13841 13645
f 13645 13841 13842 13646
f 13646 13842 13843 13647
f 13647 13843 13836 13640
f 13639 13835 13844 13648
f 13648 13844 13845 13649
f 13649 13845 13846 13650
f 13650 13846 13847 13651
f 13651 13847 13848 13652
f 13652 13848 13849 13653
f 13653 13849 13850 13654
f 13655 13851 13852 13656
f 13655 13657 13853 13851
f 13656 13852 13854 13658
f 13658 13854 13839 13643
f 13654 13850 13855 13659
f 13659 13855 13856 13660
f 13660 13856 13857 13661
f 13661 13857 13858 13662
f 13663 13859 13860 13664
f 13663 13665 13861 13859
f 13664 13860 13853 13657
f 13662 13858 13862 13666
f 13666 13862 13863 13667
f 13667 13863 13864 13668
f 13669 13865 13866 13670
f 13669 13671 13867 13865
f 13670 13866 13861 13665
f 13668 13864 13868 13672
f 13672 13868 13869 13673
f 13673 13869 13870 13674
f 13675 13871 13867 13671
f 13675 13676 13872 13871
f 13674 13870 13873 13677
f 13677 13873 13874 13678
f 13679 13875 13872 13676
f 13679 13680 13876 13875
f 13678 13874 13877 13681
f 13681 13877 13878 13682
f 13683 13879 13876 13680
f 13683 13684 13880 13879
f 13682 13878 13881 13685
f 13685 13881 13882 13686
f 13687 13883 13880 13684
f 13687 13688 13884 13883
f 13686 13882 13885 13689
f 13689 13885 13886 13690
f 13691 13887 13884 13688
f 13691 13692 13888 13887
f 13690 13886 13889 13693
f 13693 13889 13890 13694
f 13695 13891 13888 13692
f 13695 13696 13892 13891
f 13694 13890 13893 13697
f 13697 13893 13894 13698
f 13699 13895 13892 13696
f 13699 13700 13896 13895
f 13698 13894 13897 13701
f 13701 13897 13898 13702
f 13700 13703 13899 13896
f 13702 13898 13900 13704
f 13705 13901 13899 13703
f 13705 13706 13902 13901
f 13704 13900 13903 13707
f 13707 13903 13904 13708
f 13706 13709 13905 13902
f 13708 13904 13906 13710
f 13711 13907 13905 13709
f 13711 13712 13908 13907
f 13710 13906 13909 13713
f 13713 13909 13910 13714
f 13712 13715 13911 13908
f 13714 13910 13912 13716
f 13715 13717 13913 13911
f 13716 13912 13914 13718
f 13719 13915 13913 13717
f 13719 13720 13916 13915
f 13718 13914 13917 13721
f 13721 13917 13918 13722
f 13720 13723 13919 13916
f 13722 13918 13920 13724
f 13723 13725 13921 13919
f 13724 13920 13922 13726
f 13725 13727 13923 13921
f 13726 13922 13924 13728
f 13727 13729 13925 13923
f 13728 13924 13926 13730
f 13729 13731 13927 13925
f 13730 13926 13928 13732
f 13734 13733 13929 13930
f 13735 13931 13927 13731
f 13735 13734 13930 13931
f 13737 13736 13932 13933
f 13732 13928 13934 13738
f 13738 13934 13932 13736
f 13733 13739 13935 13929
f 13737 13933 13936 13740
f 13739 13741 13937 13935
f 13740 13936 13938 13742
f 13741 13743 13939 13937
f 13742 13938 13940 13744
f 13743 13745 13941 13939
f 13744 13940 13942 13746
f 13745 13747 13943 13941
f 13746 13942 13944 13748
f 13750 13749 13945 13946
f 13747 13750 13946 13943
f 13752 13751 13947 13948
f 13748 13944 13947 13751
f 13749 13753 13949 13945
f 13752 13948 13950 13754
f 13753 13755 13951 13949
f 13754 13950 13952 13756
f 13758 13757 13953 13954
f 13755 13758 13954 13951
f 13760 13759 13955 13956
f 13756 13952 13955 13759
f 13757 13761 13957 13953
f 13760 13956 13958 13762
f 13764 13763 13959 13960
f 13761 13764 13960 13957
f 13766 13765 13961 13962
f 13762 13958 13961 13765
f 13763 13767 13963 13959
f 13766 13962 13964 13768
f 13770 13769 13965 13966
f 13767 13770 13966 13963
f 13772 13771 13967 13968
f 13768 13964 13967 13771
f 13774 13773 13969 13970
f 13769 13774 13970 13965
f 13776 13775 13971 13972
f 13772 13968 13971 13775
f 13778 13777 13973 13974
f 13773 13778 13974 13969
f 13780 13779 13975 13976
f 13776 13972 13975 13779
f 13782 13781 13977 13978
f 13777 13782 13978 13973
f 13784 13783 13979 13980
f 13780 13976 13979 13783
f 13786 13785 13981 13982
f 13781 13786 13982 13977
f 13788 13787 13983 13984
f 13784 13980 13983 13787
f 13790 13789 13985 13986
f 13785 13790 13986 13981
f 13792 13791 13987 13988
f 13788 13984 13987 13791
f 13794 13793 13989 13990
f 13789 13794 13990 13985
f 13796 13795 13991 13992
f 13792 13988 13991 13795
f 13798 13797 13993 13994
f 13793 13798 13994 13989
f 13797 13799 13995 13993
f 13801 13800 13996 13997
f 13800 13802 13998 13996
f 13796 13992 13998 13802
f 13804 13803 13999 14000
f 13799 13804 14000 13995
f 13803 13805 14001 13999
f 13807 13806 14002 14003
f 13806 13808 14004 14002
f 13801 13997 14004 13808
f 13810 13809 14005 14006
f 13805 13810 14006 14001
f 13809 13811 14007 14005
f 13811 13812 14008 14007
f 13814 13813 14009 14010
f 13813 13815 14011 14009
f 13815 13816 14012 14011
f 13807 14003 14012 13816
f 13818 13817 14013 14014
f 13812 13818 14014 14008
f 13817 13819 14015 14013
f 13819 13820 14016 14015
f 13820 13821 14017 14016
f 13821 13822 14018 14017
f 13822 13823 14019 14018
f 13825 13824 14020 14021
f 13824 13826 14022 14020
f 13826 13827 14023 14022
f 13827 13828 14024 14023
f 13828 13829 14025 14024
f 13829 13830 14026 14025
f 13814 14010 14026 13830
f 13832 13831 14027 14028
f 13825 14021 14027 13831
f 13823 13832 14028 14019
f 13833 14029 14030 13834
f 13834 14030 14031 13835
f 13833 13836 14032 14029
f 14029 14032 14031 14030
f 13837 14033 14034 13838
f 13837 13839 14035 14033
f 14033 14035 14036 14034
f 13838 14034 14037 13840
f 14034 14036 14038 14037
f 13840 14037 14039 13841
f 14037 14038 14040 14039
f 13841 14039 14041 13842
f 14039 14040 14042 14041
f 13842 14041 14043 13843
f 14041 14042 14044 14043
f 13843 14043 14032 13836
f 14043 14044 14045 14032
f 14032 14045 14046 14031
f 13835 14031 14047 13844
f 14031 14046 14048 14047
f 13844 14047 14049 13845
f 14047 14048 14050 14049
f 13845 14049 14051 13846
f 14049 14050 14052 14051
f 13846 14051 14053 13847
f 14051 14052 14054 14053
f 13847 14053 14055 13848
f 14053 14054 14056 14055
f 13848 14055 14057 13849
f 13849 14057 14058 13850
f 14055 14056 14058 14057
f 13851 14059 14060 13852
f 13851 13853 14061 14059
f 14059 14061 14062 14060
f 13852 14060 14063 13854
f 14060 14062 14064 14063
f 13854 14063 14035 13839
f 14063 14064 14065 14035
f 14035 14065 14066 14036
f 14036 14066 14067 14038
f 14038 14067 14068 14040
f 14040 14068 14069 14042
f 14042 14069 14070 14044
f 14044 14070 14071 14045
f 14045 14071 14072 14046
f 14046 14072 14073 14048
f 14048 14073 14074 14050
f 14050 14074 14075 14052
f 14052 14075 14076 14054
f 14054 14076 14077 14056
f 14056 14077 14078 14058
f 13850 14058 14079 13855
f 14058 14078 14080 14079
f 13855 14079 14081 13856
f 14079 14080 14082 14081
f 13856 14081 14083 13857
f 13857 14083 14084 13858
f 14081 14082 14084 14083
f 13859 14085 14086 13860
f 13859 13861 14087 14085
f 14085 14087 14088 14086
f 13860 14086 14061 13853
f 14086 14088 14089 14061
f 14061 14089 14090 14062
f 14062 14090 14091 14064
f 14064 14091 14092 14065
f 14065 14092 14093 14066
f 14066 14093 14094 14067
f 14067 14094 14095 14068
f 14068 14095 14096 14069
f 14069 14096 14097 14070
f 14070 14097 14098 14071
f 14071 14098 14099 14072
f 14072 14099 14100 14073
f 14073 14100 14101 14074
f 14074 14101 14102 14075
f 14075 14102 14103 14076
f 14076 14103 14104 14077
f 14077 14104 14105 14078
f 14078 14105 14106 14080
f 14080 14106 14107 14082
f 14082 14107 14108 14084
f 13858 14084 14109 13862
f 14084 14108 14110 14109
f 13862 14109 14111 13863
f 13863 14111 14112 13864
f 14109 14110 14112 14111
f 13865 14113 14114 13866
f 13865 13867 14115 14113
f 14113 14115 14116 14114
f 13866 14114 14087 13861
f 14114 14116 14117 14087
f 14087 14117 14118 14088
f 14088 14118 14119 14089
f 14089 14119 14120 14090
f 14090 14120 14121 14091
f 14091 14121 14122 14092
f 14092 14122 14123 14093
f 14093 14123 14124 14094
f 14094 14124 14125 14095
f 14095 14125 14126 14096
f 14096 14126 14127 14097
f 14097 14127 14128 14098
f 14098 14128 14129 14099
f 14099 14129 14130 14100
f 14100 14130 14131 14101
f 14101 14131 14132 14102
f 14102 14132 14133 14103
f 14103 14133 14134 14104
f 14104 14134 14135 14105
f 14105 14135 14136 14106
f 14106 14136 14137 14107
f 14107 14137 14138 14108
f 14108 14138 14139 14110
f 14110 14139 14140 14112
f 13864 14112 14141 13868
f 14112 14140 14142 14141
f 13868 14141 14143 13869
f 13869 14143 14144 13870
f 14141 14142 14144 14143
f 13871 14145 14115 13867
f 13871 13872 14146 14145
f 14145 14146 14147 14115
f 14115 14147 14148 14116
f 14116 14148 14149 14117
f 14117 14149 14150 14118
f 14118 14150 14151 14119
f 14119 14151 14152 14120
f 14120 14152 14153 14121
f 14121 14153 14154 14122
f 14122 14154 14155 14123
f 14123 14155 14156 14124
f 14124 14156 14157 14125
f 14125 14157 14158 14126
f 14126 14158 14159 14127
f 14127 14159 14160 14128
f 14128 14160 14161 14129
f 14129 14161 14162 14130
f 14130 14162 14163 14131
f 14131 14163 14164 14132
f 14132 14164 14165 14133
f 14133 14165 14166 14134
f 14134 14166 14167 14135
f 14135 14167 14168 14136
f 14136 14168 14169 14137
f 14137 14169 14170 14138
f 14138 14170 14171 14139
f 14139 14171 14172 14140
f 14140 14172 14173 14142
f 14142 14173 14174 14144
f 13870 14144 14175 13873
f 13873 14175 14176 13874
f 14144 14174 14176 14175
f 13875 14177 14146 13872
f 13875 13876 14178 14177
f 14177 14178 14179 14146
f 14146 14179 14180 14147
f 14147 14180 14181 14148
f 14148 14181 14182 14149
f 14149 14182 14183 14150
f 14150 14183 14184 14151
f 14151 14184 14185 14152
f 14152 14185 14186 14153
f 14153 14186 14187 14154
f 14154 14187 14188 14155
f 14155 14188 14189 14156
f 14156 14189 14190 14157
f 14157 14190 14191 14158
f 14158 14191 14192 14159
f 14159 14192 14193 14160
f 14160 14193 14194 14161
f 14161 14194 14195 14162
f 14162 14195 14196 14163
f 14163 14196 14197 14164
f 14164 14197 14198 14165
f 14165 14198 14199 14166
f 14166 14199 14200 14167
f 14167 14200 14201 14168
f 14168 14201 14202 14169
f 14169 14202 14203 14170
f 14170 14203 14204 14171
f 14171 14204 14205 14172
f 14172 14205 14206 14173
f 14173 14206 14207 14174
f 14174 14207 14208 14176
f 13874 14176 14209 13877
f 13877 14209 14210 13878
f 14176 14208 14210 14209
f 13879 14211 14178 13876
f 13879 13880 14212 14211
f 14211 14212 14213 14178
f 14178 14213 14214 14179
f 14179 14214 14215 14180
f 14180 14215 14216 14181
f 14181 14216 14217 14182
f 14182 14217 14218 14183
f 14183 14218 14219 14184
f 14184 14219 14220 14185
f 14185 14220 14221 14186
f 14186 14221 14222 14187
f 14187 14222 14223 14188
f 14188 14223 14224 14189
f 14189 14224 14225 14190
f 14190 14225 14226 14191
f 14191 14226 14227 14192
f 14192 14227 14228 14193
f 14193 14228 14229 14194
f 14194 14229 14230 14195
f 14195 14230 14231 14196
f 14196 14231 14232 14197
f 14197 14232 14233 14198
f 14198 14233 14234 14199
f 14199 14234 14235 14200
f 14200 14235 14236 14201
f 14201 14236 14237 14202
f 14202 14237 14238 14203
f 14203 14238 14239 14204
f 14204 14239 14240 14205
f 14205 14240 14241 14206
f 14206 14241 14242 14207
f 14207 14242 14243 14208
f 14208 14243 14244 14210
f 13878 14210 14245 13881
f 13881 14245 14246 13882
f 14210 14244 14246 14245
f 13883 14247 14212 13880
f 13883 13884 14248 14247
f 14247 14248 14249 14212
f 14212 14249 14250 14213
f 14213 14250 14251 14214
f 14214 14251 14252 14215
f 14215 14252 14253 14216
f 14216 14253 14254 14217
f 14217 14254 14255 14218
f 14218 14255 14256 14219
f 14219 14256 14257 14220
f 14220 14257 14258 14221
f 14221 14258 14259 14222
f 14222 14259 14260 14223
f 14223 14260 14261 14224
f 14224 14261 14262 14225
f 14225 14262 14263 14226
f 14226 14263 14264 14227
f 14227 14264 14265 14228
f 14229 14266 14267 14230
f 14230 14267 14268 14231
f 14231 14268 14269 14232
f 14232 14269 14270 14233
f 14233 14270 14271 14234
f 14234 14271 14272 14235
f 14235 14272 14273 14236
f 14236 14273 14274 14237
f 14237 14274 14275 14238
f 14238 14275 14276 14239
f 14239 14276 14277 14240
f 14240 14277 14278 14241
f 14241 14278 14279 14242
f 14242 14279 14280 14243
f 14243 14280 14281 14244
f 14244 14281 14282 14246
f 13882 14246 14283 13885
f 13885 14283 14284 13886
f 14246 14282 14284 14283
f 13887 14285 14248 13884
f 13887 13888 14286 14285
f 14285 14286 14287 14248
f 14248 14287 14288 14249
f 14249 14288 14289 14250
f 14250 14289 14290 14251
f 14251 14290 14291 14252
f 14252 14291 14292 14253
f 14253 14292 14293 14254
f 14254 14293 14294 14255
f 14255 14294 14295 14256
f 14256 14295 14296 14257
f 14257 14296 14297 14258
f 14258 14297 14298 14259
f 14259 14298 14299 14260
f 14271 14300 14301 14272
f 14272 14301 14302 14273
f 14273 14302 14303 14274
f 14274 14303 14304 14275
f 14275 14304 14305 14276
f 14276 14305 14306 14277
f 14277 14306 14307 14278
f 14278 14307 14308 14279
f 14279 14308 14309 14280
f 14280 14309 14310 14281
f 14281 14310 14311 14282
f 14282 14311 14312 14284
f 13886 14284 14313 13889
f 13889 14313 14314 13890
f 14284 14312 14314 14313
f 13891 14315 14286 13888
f 13891 13892 14316 14315
f 14315 14316 14317 14286
f 14286 14317 14318 14287
f 14287 14318 14319 14288
f 14288 14319 14320 14289
f 14289 14320 14321 14290
f 14290 14321 14322 14291
f 14291 14322 14323 14292
f 14292 14323 14324 14293
f 14293 14324 14325 14294
f 14294 14325 14326 14295
f 14295 14326 14327 14296
f 14296 14327 14328 14297
f 14302 14329 14330 14303
f 14303 14330 14331 14304
f 14304 14331 14332 14305
f 14305 14332 14333 14306
f 14306 14333 14334 14307
f 14307 14334 14335 14308
f 14308 14335 14336 14309
f 14309 14336 14337 14310
f 14310 14337 14338 14311
f 14311 14338 14339 14312
f 14312 14339 14340 14314
f 13890 14314 14341 13893
f 13893 14341 14342 13894
f 14314 14340 14342 14341
f 13895 14343 14316 13892
f 13895 13896 14344 14343
f 14343 14344 14345 14316
f 14316 14345 14346 14317
f 14317 14346 14347 14318
f 14318 14347 14348 14319
f 14319 14348 14349 14320
f 14320 14349 14350 14321
f 14321 14350 14351 14322
f 14322 14351 14352 14323
f 14323 14352 14353 14324
f 14324 14353 14354 14325
f 14325 14354 14355 14326
f 14331 14356 14357 14332
f 14332 14357 14358 14333
f 14333 14358 14359 14334
f 14334 14359 14360 14335
f 14335 14360 14361 14336
f 14336 14361 14362 14337
f 14337 14362 14363 14338
f 14338 14363 14364 14339
f 14339 14364 14365 14340
f 14340 14365 14366 14342
f 13894 14342 14367 13897
f 13897 14367 14368 13898
f 14342 14366 14368 14367
f 13896 13899 14369 14344
f 14344 14369 14370 14345
f 14345 14370 14371 14346
f 14346 14371 14372 14347
f 14347 14372 14373 14348
f 14348 14373 14374 14349
f 14349 14374 14375 14350
f 14350 14375 14376 14351
f 14351 14376 14377 14352
f 14352 14377 14378 14353
f 14353 14378 14379 14354
f 14357 14380 14381 14358
f 14358 14381 14382 14359
f 14359 14382 14383 14360
f 14360 14383 14384 14361
f 14361 14384 14385 14362
f 14362 14385 14386 14363
f 14363 14386 14387 14364
f 14364 14387 14388 14365
f 14365 14388 14389 14366
f 13898 14368 14390 13900
f 14366 14389 14390 14368
f 13901 14391 14369 13899
f 13901 13902 14392 14391
f 14391 14392 14393 14369
f 14369 14393 14394 14370
f 14370 14394 14395 14371
f 14371 14395 14396 14372
f 14372 14396 14397 14373
f 14373 14397 14398 14374
f 14374 14398 14399 14375
f 14375 14399 14400 14376
f 14376 14400 14401 14377
f 14377 14401 14402 14378
f 14381 14403 14404 14382
f 14382 14404 14405 14383
f 14383 14405 14406 14384
f 14384 14406 14407 14385
f 14385 14407 14408 14386
f 14386 14408 14409 14387
f 14387 14409 14410 14388
f 14388 14410 14411 14389
f 14389 14411 14412 14390
f 13900 14390 14413 13903
f 13903 14413 14414 13904
f 14390 14412 14414 14413
f 13902 13905 14415 14392
f 14392 14415 14416 14393
f 14393 14416 14417 14394
f 14394 14417 14418 14395
f 14395 14418 14419 14396
f 14396 14419 14420 14397
f 14397 14420 14421 14398
f 14398 14421 14422 14399
f 14399 14422 14423 14400
f 14400 14423 14424 14401
f 14404 14425 14426 14405
f 14405 14426 14427 14406
f 14406 14427 14428 14407
f 14407 14428 14429 14408
f 14408 14429 14430 14409
f 14409 14430 14431 14410
f 14410 14431 14432 14411
f 14411 14432 14433 14412
f 13904 14414 14434 13906
f 14412 14433 14434 14414
f 13907 14435 14415 13905
f 13907 13908 14436 14435
f 14435 14436 14437 14415
f 14415 14437 14438 14416
f 14416 14438 14439 14417
f 14417 14439 14440 14418
f 14418 14440 14441 14419
f 14419 14441 14442 14420
f 14420 14442 14443 14421
f 14421 14443 14444 14422
f 14422 14444 14445 14423
f 14426 14446 14447 14427
f 14427 14447 14448 14428
f 14428 14448 14449 14429
f 14429 14449 14450 14430
f 14430 14450 14451 14431
f 14431 14451 14452 14432
f 14432 14452 14453 14433
f 14433 14453 14454 14434
f 13906 14434 14455 13909
f 13909 14455 14456 13910
f 14434 14454 14456 14455
f 13908 13911 14457 14436
f 14436 14457 14458 14437
f 14437 14458 14459 14438
f 14438 14459 14460 14439
f 14439 14460 14461 14440
f 14440 14461 14462 14441
f 14441 14462 14463 14442
f 14442 14463 14464 14443
f 14443 14464 14465 14444
f 14444 14465 14466 14445
f 14446 14467 14468 14447
f 14447 14468 14469 14448
f 14448 14469 14470 14449
f 14449 14470 14471 14450
f 14450 14471 14472 14451
f 14451 14472 14473 14452
f 14452 14473 14474 14453
f 14453 14474 14475 14454
f 13910 14456 14476 13912
f 14454 14475 14476 14456
f 13911 13913 14477 14457
f 14457 14477 14478 14458
f 14458 14478 14479 14459
f 14459 14479 14480 14460
f 14460 14480 14481 14461
f 14461 14481 14482 14462
f 14462 14482 14483 14463
f 14463 14483 14484 14464
f 14464 14484 14485 14465
f 14468 14486 14487 14469
f 14469 14487 14488 14470
f 14470 14488 14489 14471
f 14471 14489 14490 14472
f 14472 14490 14491 14473
f 14473 14491 14492 14474
f 14474 14492 14493 14475
f 13912 14476 14494 13914
f 14475 14493 14494 14476
f 13915 14495 14477 13913
f 13915 13916 14496 14495
f 14495 14496 14497 14477
f 14477 14497 14498 14478
f 14478 14498 14499 14479
f 14479 14499 14500 14480
f 14480 14500 14501 14481
f 14481 14501 14502 14482
f 14482 14502 14503 14483
f 14483 14503 14504 14484
f 14484 14504 14505 14485
f 14486 14506 14507 14487
f 14487 14507 14508 14488
f 14488 14508 14509 14489
f 14489 14509 14510 14490
f 14490 14510 14511 14491
f 14491 14511 14512 14492
f 14492 14512 14513 14493
f 14493 14513 14514 14494
f 13914 14494 14515 13917
f 13917 14515 14516 13918
f 14494 14514 14516 14515
f 13916 13919 14517 14496
f 14496 14517 14518 14497
f 14497 14518 14519 14498
f 14498 14519 14520 14499
f 14499 14520 14521 14500
f 14500 14521 14522 14501
f 14501 14522 14523 14502
f 14502 14523 14524 14503
f 14503 14524 14525 14504
f 14507 14526 14527 14508
f 14508 14527 14528 14509
f 14509 14528 14529 14510
f 14510 14529 14530 14511
f 14511 14530 14531 14512
f 14512 14531 14532 14513
f 14513 14532 14533 14514
f 13918 14516 14534 13920
f 14514 14533 14534 14516
f 13919 13921 14535 14517
f 14517 14535 14536 14518
f 14518 14536 14537 14519
f 14519 14537 14538 14520
f 14520 14538 14539 14521
f 14521 14539 14540 14522
f 14522 14540 14541 14523
f 14523 14541 14542 14524
f 14524 14542 14543 14525
f 14526 14544 14545 14527
f 14527 14545 14546 14528
f 14528 14546 14547 14529
f 14529 14547 14548 14530
f 14530 14548 14549 14531
f 14531 14549 14550 14532
f 14532 14550 14551 14533
f 13920 14534 14552 13922
f 14533 14551 14552 14534
f 13921 13923 14553 14535
f 14535 14553 14554 14536
f 14536 14554 14555 14537
f 14537 14555 14556 14538
f 14538 14556 14557 14539
f 14539 14557 14558 14540
f 14540 14558 14559 14541
f 14541 14559 14560 14542
f 14542 14560 14561 14543
f 14544 14562 14563 14545
f 14545 14563 14564 14546
f 14546 14564 14565 14547
f 14547 14565 14566 14548
f 14548 14566 14567 14549
f 14549 14567 14568 14550
f 14550 14568 14569 14551
f 13922 14552 14570 13924
f 14551 14569 14570 14552
f 13923 13925 14571 14553
f 14553 14571 14572 14554
f 14554 14572 14573 14555
f 14555 14573 14574 14556
f 14556 14574 14575 14557
f 14557 14575 14576 14558
f 14558 14576 14577 14559
f 14559 14577 14578 14560
f 14560 14578 14579 14561
f 14562 14580 14581 14563
f 14563 14581 14582 14564
f 14564 14582 14583 14565
f 14565 14583 14584 14566
f 14566 14584 14585 14567
f 14567 14585 14586 14568
f 14568 14586 14587 14569
f 13924 14570 14588 13926
f 14569 14587 14588 14570
f 13925 13927 14589 14571
f 14571 14589 14590 14572
f 14572 14590 14591 14573
f 14573 14591 14592 14574
f 14574 14592 14593 14575
f 14575 14593 14594 14576
f 14576 14594 14595 14577
f 14577 14595 14596 14578
f 14578 14596 14597 14579
f 14580 14598 14599 14581
f 14581 14599 14600 14582
f 14582 14600 14601 14583
f 14583 14601 14602 14584
f 14584 14602 14603 14585
f 14585 14603 14604 14586
f 14586 14604 14605 14587
f 13926 14588 14606 13928
f 14587 14605 14606 14588
f 13930 13929 14607 14608
f 13931 14609 14589 13927
f 13931 13930 14608 14609
f 14609 14608 14607 14589
f 14589 14607 14610 14590
f 14590 14610 14611 14591
f 14591 14611 14612 14592
f 14592 14612 14613 14593
f 14593 14613 14614 14594
f 14594 14614 14615 14595
f 14595 14615 14616 14596
f 14599 14617 14618 14600
f 14600 14618 14619 14601
f 14601 14619 14620 14602
f 14602 14620 14621 14603
f 14603 14621 14622 14604
f 14604 14622 14623 14605
f 14605 14623 14624 14606
f 13933 13932 14625 14624
f 13928 14606 14626 13934
f 13934 14626 14625 13932
f 14606 14624 14625 14626
f 13929 13935 14627 14607
f 14607 14627 14628 14610
f 14610 14628 14629 14611
f 14611 14629 14630 14612
f 14612 14630 14631 14613
f 14613 14631 14632 14614
f 14614 14632 14633 14615
f 14615 14633 14634 14616
f 14616 14634 14635 14636
f 14637 14638 14639 14617
f 14617 14639 14640 14618
f 14618 14640 14641 14619
f 14619 14641 14642 14620
f 14620 14642 14643 14621
f 14621 14643 14644 14622
f 14622 14644 14645 14623
f 13933 14624 14646 13936
f 14623 14645 14646 14624
f 13935 13937 14647 14627
f 14627 14647 14648 14628
f 14628 14648 14649 14629
f 14629 14649 14650 14630
f 14630 14650 14651 14631
f 14631 14651 14652 14632
f 14632 14652 14653 14633
f 14633 14653 14654 14634
f 14634 14654 14655 14635
f 14638 14656 14657 14639
f 14639 14657 14658 14640
f 14640 14658 14659 14641
f 14641 14659 14660 14642
f 14642 14660 14661 14643
f 14643 14661 14662 14644
f 14644 14662 14663 14645
f 13936 14646 14664 13938
f 14645 14663 14664 14646
f 13937 13939 14665 14647
f 14647 14665 14666 14648
f 14648 14666 14667 14649
f 14649 14667 14668 14650
f 14650 14668 14669 14651
f 14651 14669 14670 14652
f 14652 14670 14671 14653
f 14653 14671 14672 14654
f 14654 14672 14673 14655
f 14656 14674 14675 14657
f 14657 14675 14676 14658
f 14658 14676 14677 14659
f 14659 14677 14678 14660
f 14660 14678 14679 14661
f 14661 14679 14680 14662
f 14662 14680 14681 14663
f 13938 14664 14682 13940
f 14663 14681 14682 14664
f 13939 13941 14683 14665
f 14665 14683 14684 14666
f 14666 14684 14685 14667
f 14667 14685 14686 14668
f 14668 14686 14687 14669
f 14669 14687 14688 14670
f 14670 14688 14689 14671
f 14671 14689 14690 14672
f 14672 14690 14691 14673
f 14674 14692 14693 14675
f 14675 14693 14694 14676
f 14676 14694 14695 14677
f 14677 14695 14696 14678
f 14678 14696 14697 14679
f 14679 14697 14698 14680
f 14680 14698 14699 14681
f 13940 14682 14700 13942
f 14681 14699 14700 14682
f 13941 13943 14701 14683
f 14683 14701 14702 14684
f 14684 14702 14703 14685
f 14685 14703 14704 14686
f 14686 14704 14705 14687
f 14687 14705 14706 14688
f 14688 14706 14707 14689
f 14689 14707 14708 14690
f 14690 14708 14709 14691
f 14692 14710 14711 14693
f 14693 14711 14712 14694
f 14694 14712 14713 14695
f 14695 14713 14714 14696
f 14696 14714 14715 14697
f 14697 14715 14716 14698
f 14698 14716 14717 14699
f 13942 14700 14718 13944
f 14699 14717 14718 14700
f 13946 13945 14719 14720
f 13943 13946 14720 14701
f 14701 14720 14719 14702
f 14702 14719 14721 14703
f 14703 14721 14722 14704
f 14704 14722 14723 14705
f 14705 14723 14724 14706
f 14706 14724 14725 14707
f 14707 14725 14726 14708
f 14708 14726 14727 14709
f 14709 14727 14728 14729
f 14730 14731 14732 14710
f 14710 14732 14733 14711
f 14711 14733 14734 14712
f 14712 14734 14735 14713
f 14713 14735 14736 14714
f 14714 14736 14737 14715
f 14715 14737 14738 14716
f 14716 14738 14739 14717
f 13948 13947 14740 14739
f 13944 14718 14740 13947
f 14717 14739 14740 14718
f 13945 13949 14741 14719
f 14719 14741 14742 14721
f 14721 14742 14743 14722
f 14722 14743 14744 14723
f 14723 14744 14745 14724
f 14724 14745 14746 14725
f 14725 14746 14747 14726
f 14726 14747 14748 14727
f 14727 14748 14749 14728
f 14731 14750 14751 14732
f 14732 14751 14752 14733
f 14733 14752 14753 14734
f 14734 14753 14754 14735
f 14735 14754 14755 14736
f 14736 14755 14756 14737
f 14737 14756 14757 14738
f 13948 14739 14758 13950
f 14738 14757 14758 14739
f 13949 13951 14759 14741
f 14741 14759 14760 14742
f 14742 14760 14761 14743
f 14743 14761 14762 14744
f 14744 14762 14763 14745
f 14745 14763 14764 14746
f 14746 14764 14765 14747
f 14747 14765 14766 14748
f 14748 14766 14767 14749
f 14749 14767 14768 14769
f 14770 14771 14772 14750
f 14750 14772 14773 14751
f 14751 14773 14774 14752
f 14752 14774 14775 14753
f 14753 14775 14776 14754
f 14754 14776 14777 14755
f 14755 14777 14778 14756
f 14756 14778 14779 14757
f 13950 14758 14780 13952
f 14757 14779 14780 14758
f 13954 13953 14781 14782
f 13951 13954 14782 14759
f 14759 14782 14781 14760
f 14760 14781 14783 14761
f 14761 14783 14784 14762
f 14762 14784 14785 14763
f 14763 14785 14786 14764
f 14764 14786 14787 14765
f 14765 14787 14788 14766
f 14766 14788 14789 14767
f 14767 14789 14790 14768
f 14771 14791 14792 14772
f 14772 14792 14793 14773
f 14773 14793 14794 14774
f 14774 14794 14795 14775
f 14775 14795 14796 14776
f 14776 14796 14797 14777
f 14777 14797 14798 14778
f 14778 14798 14799 14779
f 13956 13955 14800 14799
f 13952 14780 14800 13955
f 14779 14799 14800 14780
f 13953 13957 14801 14781
f 14781 14801 14802 14783
f 14783 14802 14803 14784
f 14784 14803 14804 14785
f 14785 14804 14805 14786
f 14786 14805 14806 14787
f 14787 14806 14807 14788
f 14788 14807 14808 14789
f 14789 14808 14809 14790
f 14790 14809 14810 14811
f 14812 14813 14814 14791
f 14791 14814 14815 14792
f 14792 14815 14816 14793
f 14793 14816 14817 14794
f 14794 14817 14818 14795
f 14795 14818 14819 14796
f 14796 14819 14820 14797
f 14797 14820 14821 14798
f 13956 14799 14822 13958
f 14798 14821 14822 14799
f 13960 13959 14823 14824
f 13957 13960 14824 14801
f 14801 14824 14823 14802
f 14802 14823 14825 14803
f 14803 14825 14826 14804
f 14804 14826 14827 14805
f 14805 14827 14828 14806
f 14806 14828 14829 14807
f 14807 14829 14830 14808
f 14808 14830 14831 14809
f 14809 14831 14832 14810
f 14810 14832 14833 14834
f 14835 14836 14837 14813
f 14813 14837 14838 14814
f 14814 14838 14839 14815
f 14815 14839 14840 14816
f 14816 14840 14841 14817
f 14817 14841 14842 14818
f 14818 14842 14843 14819
f 14819 14843 14844 14820
f 14820 14844 14845 14821
f 13962 13961 14846 14845
f 13958 14822 14846 13961
f 14821 14845 14846 14822
f 13959 13963 14847 14823
f 14823 14847 14848 14825
f 14825 14848 14849 14826
f 14826 14849 14850 14827
f 14827 14850 14851 14828
f 14828 14851 14852 14829
f 14829 14852 14853 14830
f 14830 14853 14854 14831
f 14831 14854 14855 14832
f 14832 14855 14856 14833
f 14833 14856 14857 14858
f 14859 14860 14861 14836
f 14836 14861 14862 14837
f 14837 14862 14863 14838
f 14838 14863 14864 14839
f 14839 14864 14865 14840
f 14840 14865 14866 14841
f 14841 14866 14867 14842
f 14842 14867 14868 14843
f 14843 14868 14869 14844
f 13962 14845 14870 13964
f 14844 14869 14870 14845
f 13966 13965 14871 14872
f 13963 13966 14872 14847
f 14847 14872 14871 14848
f 14848 14871 14873 14849
f 14849 14873 14874 14850
f 14850 14874 14875 14851
f 14851 14875 14876 14852
f 14852 14876 14877 14853
f 14853 14877 14878 14854
f 14854 14878 14879 14855
f 14855 14879 14880 14856
f 14856 14880 14881 14857
f 14857 14881 14882 14883
f 14884 14885 14886 14860
f 14860 14886 14887 14861
f 14861 14887 14888 14862
f 14862 14888 14889 14863
f 14863 14889 14890 14864
f 14864 14890 14891 14865
f 14865 14891 14892 14866
f 14866 14892 14893 14867
f 14867 14893 14894 14868
f 14868 14894 14895 14869
f 13968 13967 14896 14895
f 13964 14870 14896 13967
f 14869 14895 14896 14870
f 13970 13969 14897 14898
f 13965 13970 14898 14871
f 14871 14898 14897 14873
f 14873 14897 14899 14874
f 14874 14899 14900 14875
f 14875 14900 14901 14876
f 14876 14901 14902 14877
f 14877 14902 14903 14878
f 14878 14903 14904 14879
f 14879 14904 14905 14880
f 14880 14905 14906 14881
f 14881 14906 14907 14882
f 14882 14907 14908 14909
f 14909 14908 14910 14911
f 14912 14913 14914 14915
f 14915 14914 14916 14885
f 14885 14916 14917 14886
f 14886 14917 14918 14887
f 14887 14918 14919 14888
f 14888 14919 14920 14889
f 14889 14920 14921 14890
f 14890 14921 14922 14891
f 14891 14922 14923 14892
f 14892 14923 14924 14893
f 14893 14924 14925 14894
f 13972 13971 14926 14925
f 13968 14895 14926 13971
f 14894 14925 14926 14895
f 13974 13973 14927 14928
f 13969 13974 14928 14897
f 14897 14928 14927 14899
f 14899 14927 14929 14900
f 14900 14929 14930 14901
f 14901 14930 14931 14902
f 14902 14931 14932 14903
f 14903 14932 14933 14904
f 14904 14933 14934 14905
f 14905 14934 14935 14906
f 14906 14935 14936 14907
f 14907 14936 14937 14908
f 14908 14937 14938 14910
f 14910 14938 14939 14940
f 14940 14939 14941 14942
f 14943 14944 14945 14946
f 14946 14945 14947 14913
f 14913 14947 14948 14914
f 14914 14948 14949 14916
f 14916 14949 14950 14917
f 14917 14950 14951 14918
f 14918 14951 14952 14919
f 14919 14952 14953 14920
f 14920 14953 14954 14921
f 14921 14954 14955 14922
f 14922 14955 14956 14923
f 14923 14956 14957 14924
f 13976 13975 14958 14957
f 13972 14925 14958 13975
f 14924 14957 14958 14925
f 13978 13977 14959 14960
f 13973 13978 14960 14927
f 14927 14960 14959 14929
f 14929 14959 14961 14930
f 14930 14961 14962 14931
f 14931 14962 14963 14932
f 14932 14963 14964 14933
f 14933 14964 14965 14934
f 14934 14965 14966 14935
f 14935 14966 14967 14936
f 14936 14967 14968 14937
f 14937 14968 14969 14938
f 14938 14969 14970 14939
f 14939 14970 14971 14941
f 14941 14971 14972 14973
f 14973 14972 14974 14975
f 14975 14974 14976 14977
f 14977 14976 14978 14979
f 14979 14978 14980 14981
f 14982 14983 14984 14985
f 14985 14984 14986 14987
f 14987 14986 14988 14989
f 14989 14988 14990 14991
f 14991 14990 14992 14944
f 14944 14992 14993 14945
f 14945 14993 14994 14947
f 14947 14994 14995 14948
f 14948 14995 14996 14949
f 14949 14996 14997 14950
f 14950 14997 14998 14951
f 14951 14998 14999 14952
f 14952 14999 15000 14953
f 14953 15000 15001 14954
f 14954 15001 15002 14955
f 14955 15002 15003 14956
f 13980 13979 15004 15003
f 13976 14957 15004 13979
f 14956 15003 15004 14957
f 13982 13981 15005 15006
f 13977 13982 15006 14959
f 14959 15006 15005 14961
f 14961 15005 15007 14962
f 14962 15007 15008 14963
f 14963 15008 15009 14964
f 14964 15009 15010 14965
f 14965 15010 15011 14966
f 14966 15011 15012 14967
f 14967 15012 15013 14968
f 14968 15013 15014 14969
f 14969 15014 15015 14970
f 14970 15015 15016 14971
f 14971 15016 15017 14972
f 14972 15017 15018 14974
f 14974 15018 15019 14976
f 14976 15019 15020 14978
f 14978 15020 15021 14980
f 14980 15021 15022 14983
f 14983 15022 15023 14984
f 14984 15023 15024 14986
f 14986 15024 15025 14988
f 14988 15025 15026 14990
f 14990 15026 15027 14992
f 14992 15027 15028 14993
f 14993 15028 15029 14994
f 14994 15029 15030 14995
f 14995 15030 15031 14996
f 14996 15031 15032 14997
f 14997 15032 15033 14998
f 14998 15033 15034 14999
f 14999 15034 15035 15000
f 15000 15035 15036 15001
f 15001 15036 15037 15002
f 13984 13983 15038 15037
f 13980 15003 15038 13983
f 15002 15037 15038 15003
f 13986 13985 15039 15040
f 13981 13986 15040 15005
f 15005 15040 15039 15007
f 15007 15039 15041 15008
f 15008 15041 15042 15009
f 15009 15042 15043 15010
f 15010 15043 15044 15011
f 15011 15044 15045 15012
f 15012 15045 15046 15013
f 15013 15046 15047 15014
f 15014 15047 15048 15015
f 15015 15048 15049 15016
f 15016 15049 15050 15017
f 15017 15050 15051 15018
f 15018 15051 15052 15019
f 15019 15052 15053 15020
f 15020 15053 15054 15021
f 15021 15054 15055 15022
f 15022 15055 15056 15023
f 15023 15056 15057 15024
f 15024 15057 15058 15025
f 15025 15058 15059 15026
f 15026 15059 15060 15027
f 15027 15060 15061 15028
f 15028 15061 15062 15029
f 15029 15062 15063 15030
f 15030 15063 15064 15031
f 15031 15064 15065 15032
f 15032 15065 15066 15033
f 15033 15066 15067 15034
f 15034 15067 15068 15035
f 15035 15068 15069 15036
f 13988 13987 15070 15069
f 13984 15037 15070 13987
f 15036 15069 15070 15037
f 13990 13989 15071 15072
f 13985 13990 15072 15039
f 15039 15072 15071 15041
f 15041 15071 15073 15042
f 15042 15073 15074 15043
f 15043 15074 15075 15044
f 15044 15075 15076 15045
f 15045 15076 15077 15046
f 15046 15077 15078 15047
f 15047 15078 15079 15048
f 15048 15079 15080 15049
f 15049 15080 15081 15050
f 15050 15081 15082 15051
f 15051 15082 15083 15052
f 15052 15083 15084 15053
f 15053 15084 15085 15054
f 15054 15085 15086 15055
f 15055 15086 15087 15056
f 15056 15087 15088 15057
f 15057 15088 15089 15058
f 15058 15089 15090 15059
f 15059 15090 15091 15060
f 15060 15091 15092 15061
f 15061 15092 15093 15062
f 15062 15093 15094 15063
f 15063 15094 15095 15064
f 15064 15095 15096 15065
f 15065 15096 15097 15066
f 15066 15097 15098 15067
f 15067 15098 15099 15068
f 13992 13991 15100 15099
f 13988 15069 15100 13991
f 15068 15099 15100 15069
f 13994 13993 15101 15102
f 13989 13994 15102 15071
f 15071 15102 15101 15073
f 13993 13995 15103 15101
f 15073 15101 15103 15074
f 15074 15103 15104 15075
f 15075 15104 15105 15076
f 15076 15105 15106 15077
f 15077 15106 15107 15078
f 15078 15107 15108 15079
f 15079 15108 15109 15080
f 15080 15109 15110 15081
f 15081 15110 15111 15082
f 15082 15111 15112 15083
f 15083 15112 15113 15084
f 15084 15113 15114 15085
f 15085 15114 15115 15086
f 15086 15115 15116 15087
f 15087 15116 15117 15088
f 15088 15117 15118 15089
f 15089 15118 15119 15090
f 15090 15119 15120 15091
f 15091 15120 15121 15092
f 15092 15121 15122 15093
f 15093 15122 15123 15094
f 15094 15123 15124 15095
f 15095 15124 15125 15096
f 15096 15125 15126 15097
f 13997 13996 15127 15126
f 15097 15126 15127 15098
f 13996 13998 15128 15127
f 13992 15099 15128 13998
f 15098 15127 15128 15099
f 14000 13999 15129 15130
f 13995 14000 15130 15103
f 15103 15130 15129 15104
f 13999 14001 15131 15129
f 15104 15129 15131 15105
f 15105 15131 15132 15106
f 15106 15132 15133 15107
f 15107 15133 15134 15108
f 15108 15134 15135 15109
f 15109 15135 15136 15110
f 15110 15136 15137 15111
f 15111 15137 15138 15112
f 15112 15138 15139 15113
f 15113 15139 15140 15114
f 15114 15140 15141 15115
f 15115 15141 15142 15116
f 15116 15142 15143 15117
f 15117 15143 15144 15118
f 15118 15144 15145 15119
f 15119 15145 15146 15120
f 15120 15146 15147 15121
f 15121 15147 15148 15122
f 15122 15148 15149 15123
f 15123 15149 15150 15124
f 14003 14002 15151 15150
f 15124 15150 15151 15125
f 14002 14004 15152 15151
f 13997 15126 15152 14004
f 15125 15151 15152 15126
f 14006 14005 15153 15154
f 14001 14006 15154 15131
f 15131 15154 15153 15132
f 14005 14007 15155 15153
f 15132 15153 15155 15133
f 14007 14008 15156 15155
f 15133 15155 15156 15134
f 15134 15156 15157 15135
f 15135 15157 15158 15136
f 15136 15158 15159 15137
f 15137 15159 15160 15138
f 15138 15160 15161 15139
f 15139 15161 15162 15140
f 15140 15162 15163 15141
f 15141 15163 15164 15142
f 15142 15164 15165 15143
f 15143 15165 15166 15144
f 15144 15166 15167 15145
f 15145 15167 15168 15146
f 15146 15168 15169 15147
f 14010 14009 15170 15169
f 15147 15169 15170 15148
f 14009 14011 15171 15170
f 15148 15170 15171 15149
f 14011 14012 15172 15171
f 14003 15150 15172 14012
f 15149 15171 15172 15150
f 14014 14013 15173 15174
f 14008 14014 15174 15156
f 15156 15174 15173 15157
f 14013 14015 15175 15173
f 15157 15173 15175 15158
f 14015 14016 15176 15175
f 15158 15175 15176 15159
f 14016 14017 15177 15176
f 15159 15176 15177 15160
f 14017 14018 15178 15177
f 15160 15177 15178 15161
f 14018 14019 15179 15178
f 15161 15178 15179 15162
f 15162 15179 15180 15163
f 14021 14020 15181 15180
f 15163 15180 15181 15164
f 14020 14022 15182 15181
f 15164 15181 15182 15165
f 14022 14023 15183 15182
f 15165 15182 15183 15166
f 14023 14024 15184 15183
f 15166 15183 15184 15167
f 14024 14025 15185 15184
f 15167 15184 15185 15168
f 14025 14026 15186 15185
f 14010 15169 15186 14026
f 15168 15185 15186 15169
f 14028 14027 15187 15188
f 14021 15180 15187 14027
f 14019 14028 15188 15179
f 15179 15188 15187 15180
usemtl c10
f 14228 15189 15190 14229
f 14229 15190 15191 14266
f 14228 14265 15192 15189
f 14260 15193 15194 14261
f 14260 14299 15195 15193
f 14261 15194 15196 14262
f 14262 15196 15197 14263
f 14263 15197 15198 14264
f 14264 15198 15192 14265
f 14266 15191 15199 14267
f 14267 15199 15200 14268
f 14268 15200 15201 14269
f 14269 15201 15202 14270
f 14270 15202 15203 14271
f 14271 15203 15204 14300
f 14297 15205 15206 14298
f 14297 14328 15207 15205
f 14298 15206 15195 14299
f 14300 15204 15208 14301
f 14301 15208 15209 14302
f 14302 15209 15210 14329
f 14326 15211 15212 14327
f 14326 14355 15213 15211
f 14327 15212 15207 14328
f 14329 15210 15214 14330
f 14330 15214 15215 14331
f 14331 15215 15216 14356
f 14354 15217 15213 14355
f 14354 14379 15218 15217
f 14356 15216 15219 14357
f 14357 15219 15220 14380
f 14378 15221 15218 14379
f 14378 14402 15222 15221
f 14380 15220 15223 14381
f 14381 15223 15224 14403
f 14401 15225 15222 14402
f 14401 14424 15226 15225
f 14403 15224 15227 14404
f 14404 15227 15228 14425
f 14423 15229 15226 14424
f 14423 14445 15230 15229
f 14425 15228 15231 14426
f 14426 15231 15232 14446
f 14445 14466 15233 15230
f 14446 15232 15234 14467
f 14465 15235 15233 14466
f 14465 14485 15236 15235
f 14467 15234 15237 14468
f 14468 15237 15238 14486
f 14485 14505 15239 15236
f 14486 15238 15240 14506
f 14504 15241 15239 14505
f 14504 14525 15242 15241
f 14506 15240 15243 14507
f 14507 15243 15244 14526
f 14525 14543 15245 15242
f 14526 15244 15246 14544
f 14543 14561 15247 15245
f 14544 15246 15248 14562
f 14561 14579 15249 15247
f 14562 15248 15250 14580
f 14579 14597 15251 15249
f 14580 15250 15252 14598
f 14616 14636 15253 15254
f 14596 15255 15251 14597
f 14596 14616 15254 15255
f 14637 14617 15256 15257
f 14598 15252 15258 14599
f 14599 15258 15256 14617
f 14636 14635 15259 15253
f 14637 15257 15260 14638
f 14635 14655 15261 15259
f 14638 15260 15262 14656
f 14655 14673 15263 15261
f 14656 15262 15264 14674
f 14673 14691 15265 15263
f 14674 15264 15266 14692
f 14709 14729 15267 15268
f 14691 14709 15268 15265
f 14730 14710 15269 15270
f 14692 15266 15269 14710
f 14729 14728 15271 15267
f 14730 15270 15272 14731
f 14749 14769 15273 15274
f 14728 14749 15274 15271
f 14770 14750 15275 15276
f 14731 15272 15275 14750
f 14769 14768 15277 15273
f 14770 15276 15278 14771
f 14790 14811 15279 15280
f 14768 14790 15280 15277
f 14812 14791 15281 15282
f 14771 15278 15281 14791
f 14810 14834 15283 15284
f 14811 14810 15284 15279
f 14835 14813 15285 15286
f 14812 15282 15285 14813
f 14833 14858 15287 15288
f 14834 14833 15288 15283
f 14859 14836 15289 15290
f 14835 15286 15289 14836
f 14857 14883 15291 15292
f 14858 14857 15292 15287
f 14884 14860 15293 15294
f 14859 15290 15293 14860
f 14882 14909 15295 15296
f 14883 14882 15296 15291
f 14909 14911 15297 15295
f 14912 14915 15298 15299
f 14915 14885 15300 15298
f 14884 15294 15300 14885
f 14910 14940 15301 15302
f 14911 14910 15302 15297
f 14940 14942 15303 15301
f 14943 14946 15304 15305
f 14946 14913 15306 15304
f 14912 15299 15306 14913
f 14941 14973 15307 15308
f 14942 14941 15308 15303
f 14973 14975 15309 15307
f 14975 14977 15310 15309
f 14977 14979 15311 15310
f 14979 14981 15312 15311
f 14982 14985 15313 15314
f 14985 14987 15315 15313
f 14987 14989 15316 15315
f 14989 14991 15317 15316
f 14991 14944 15318 15317
f 14943 15305 15318 14944
f 14980 14983 15319 15320
f 14982 15314 15319 14983
f 14981 14980 15320 15312
f 15189 15321 15322 15190
f 15190 15322 15323 15191
f 15189 15192 15324 15321
f 15193 15325 15326 15194
f 15193 15195 15327 15325
f 15194 15326 15328 15196
f 15196 15328 15329 15197
f 15197 15329 15330 15198
f 15198 15330 15324 15192
f 15191 15323 15331 15199
f 15199 15331 15332 15200
f 15200 15332 15333 15201
f 15201 15333 15334 15202
f 15202 15334 15335 15203
f 15203 15335 15336 15204
f 15205 15337 15338 15206
f 15205 15207 15339 15337
f 15206 15338 15327 15195
f 15204 15336 15340 15208
f 15208 15340 15341 15209
f 15209 15341 15342 15210
f 15211 15343 15344 15212
f 15211 15213 15345 15343
f 15212 15344 15339 15207
f 15210 15342 15346 15214
f 15214 15346 15347 15215
f 15215 15347 15348 15216
f 15217 15349 15345 15213
f 15217 15218 15350 15349
f 15216 15348 15351 15219
f 15219 15351 15352 15220
f 15221 15353 15350 15218
f 15221 15222 15354 15353
f 15220 15352 15355 15223
f 15223 15355 15356 15224
f 15225 15357 15354 15222
f 15225 15226 15358 15357
f 15224 15356 15359 15227
f 15227 15359 15360 15228
f 15229 15361 15358 15226
f 15229 15230 15362 15361
f 15228 15360 15363 15231
f 15231 15363 15364 15232
f 15230 15233 15365 15362
f 15232 15364 15366 15234
f 15235 15367 15365 15233
f 15235 15236 15368 15367
f 15234 15366 15369 15237
f 15237 15369 15370 15238
f 15236 15239 15371 15368
f 15238 15370 15372 15240
f 15241 15373 15371 15239
f 15241 15242 15374 15373
f 15240 15372 15375 15243
f 15243 15375 15376 15244
f 15242 15245 15377 15374
f 15244 15376 15378 15246
f 15245 15247 15379 15377
f 15246 15378 15380 15248
f 15247 15249 15381 15379
f 15248 15380 15382 15250
f 15249 15251 15383 15381
f 15250 15382 15384 15252
f 15254 15253 15385 15386
f 15255 15387 15383 15251
f 15255 15254 15386 15387
f 15257 15256 15388 15389
f 15252 15384 15390 15258
f 15258 15390 15388 15256
f 15253 15259 15391 15385
f 15257 15389 15392 15260
f 15259 15261 15393 15391
f 15260 15392 15394 15262
f 15261 15263 15395 15393
f 15262 15394 15396 15264
f 15263 15265 15397 15395
f 15264 15396 15398 15266
f 15268 15267 15399 15400
f 15265 15268 15400 15397
f 15270 15269 15401 15402
f 15266 15398 15401 15269
f 15267 15271 15403 15399
f 15270 15402 15404 15272
f 15274 15273 15405 15406
f 15271 15274 15406 15403
f 15276 15275 15407 15408
f 15272 15404 15407 15275
f 15273 15277 15409 15405
f 15276 15408 15410 15278
f 15280 15279 15411 15412
f 15277 15280 15412 15409
f 15282 15281 15413 15414
f 15278 15410 15413 15281
f 15284 15283 15415 15416
f 15279 15284 15416 15411
f 15286 15285 15417 15418
f 15282 15414 15417 15285
f 15288 15287 15419 15420
f 15283 15288 15420 15415
f 15290 15289 15421 15422
f 15286 15418 15421 15289
f 15292 15291 15423 15424
f 15287 15292 15424 15419
f 15294 15293 15425 15426
f 15290 15422 15425 15293
f 15296 15295 15427 15428
f 15291 15296 15428 15423
f 15295 15297 15429 15427
f 15299 15298 15430 15431
f 15298 15300 15432 15430
f 15294 15426 15432 15300
f 15302 15301 15433 15434
f 15297 15302 15434 15429
f 15301 15303 15435 15433
f 15305 15304 15436 15437
f 15304 15306 15438 15436
f 15299 15431 15438 15306
f 15308 15307 15439 15440
f 15303 15308 15440 15435
f 15307 15309 15441 15439
f 15309 15310 15442 15441
f 15310 15311 15443 15442
f 15311 15312 15444 15443
f 15314 15313 15445 15446
f 15313 15315 15447 15445
f 15315 15316 15448 15447
f 15316 15317 15449 15448
f 15317 15318 15450 15449
f 15305 15437 15450 15318
f 15320 15319 15451 15452
f 15314 15446 15451 15319
f 15312 15320 15452 15444
f 15321 15453 15454 15322
f 15322 15454 15455 15323
f 15321 15324 15456 15453
f 15325 15457 15458 15326
f 15325 15327 15459 15457
f 15326 15458 15460 15328
f 15328 15460 15461 15329
f 15329 15461 15462 15330
f 15330 15462 15456 15324
f 15323 15455 15463 15331
f 15331 15463 15464 15332
f 15332 15464 15465 15333
f 15333 15465 15466 15334
f 15334 15466 15467 15335
f 15335 15467 15468 15336
f 15337 15469 15470 15338
f 15337 15339 15471 15469
f 15338 15470 15459 15327
f 15336 15468 15472 15340
f 15340 15472 15473 15341
f 15341 15473 15474 15342
f 15343 15475 15476 15344
f 15343 15345 15477 15475
f 15344 15476 15471 15339
f 15342 15474 15478 15346
f 15346 15478 15479 15347
f 15347 15479 15480 15348
f 15349 15481 15477 15345
f 15349 15350 15482 15481
f 15348 15480 15483 15351
f 15351 15483 15484 15352
f 15353 15485 15482 15350
f 15353 15354 15486 15485
f 15352 15484 15487 15355
f 15355 15487 15488 15356
f 15357 15489 15486 15354
f 15357 15358 15490 15489
f 15356 15488 15491 15359
f 15359 15491 15492 15360
f 15361 15493 15490 15358
f 15361 15362 15494 15493
f 15360 15492 15495 15363
f 15363 15495 15496 15364
f 15362 15365 15497 15494
f 15364 15496 15498 15366
f 15367 15499 15497 15365
f 15367 15368 15500 15499
f 15366 15498 15501 15369
f 15369 15501 15502 15370
f 15368 15371 15503 15500
f 15370 15502 15504 15372
f 15373 15505 15503 15371
f 15373 15374 15506 15505
f 15372 15504 15507 15375
f 15375 15507 15508 15376
f 15374 15377 15509 15506
f 15376 15508 15510 15378
f 15377 15379 15511 15509
f 15378 15510 15512 15380
f 15379 15381 15513 15511
f 15380 15512 15514 15382
f 15381 15383 15515 15513
f 15382 15514 15516 15384
f 15386 15385 15517 15518
f 15387 15519 15515 15383
f 15387 15386 15518 15519
f 15389 15388 15520 15521
f 15384 15516 15522 15390
f 15390 15522 15520 15388
f 15385 15391 15523 15517
f 15389 15521 15524 15392
f 15391 15393 15525 15523
f 15392 15524 15526 15394
f 15393 15395 15527 15525
f 15394 15526 15528 15396
f 15395 15397 15529 15527
f 15396 15528 15530 15398
f 15400 15399 15531 15532
f 15397 15400 15532 15529
f 15402 15401 15533 15534
f 15398 15530 15533 15401
f 15399 15403 15535 15531
f 15402 15534 15536 15404
f 15406 15405 15537 15538
f 15403 15406 15538 15535
f 15408 15407 15539 15540
f 15404 15536 15539 15407
f 15405 15409 15541 15537
f 15408 15540 15542 15410
f 15412 15411 15543 15544
f 15409 15412 15544 15541
f 15414 15413 15545 15546
f 15410 15542 15545 15413
f 15416 15415 15547 15548
f 15411 15416 15548 15543
f 15418 15417 15549 15550
f 15414 15546 15549 15417
f 15420 15419 15551 15552
f 15415 15420 15552 15547
f 15422 15421 15553 15554
f 15418 15550 15553 15421
f 15424 15423 15555 15556
f 15419 15424 15556 15551
f 15426 15425 15557 15558
f 15422 15554 15557 15425
f 15428 15427 15559 15560
f 15423 15428 15560 15555
f 15427 15429 15561 15559
f 15431 15430 15562 15563
f 15430 15432 15564 15562
f 15426 15558 15564 15432
f 15434 15433 15565 15566
f 15429 15434 15566 15561
f 15433 15435 15567 15565
f 15437 15436 15568 15569
f 15436 15438 15570 15568
f 15431 15563 15570 15438
f 15440 15439 15571 15572
f 15435 15440 15572 15567
f 15439 15441 15573 15571
f 15441 15442 15574 15573
f 15442 15443 15575 15574
f 15443 15444 15576 15575
f 15446 15445 15577 15578
f 15445 15447 15579 15577
f 15447 15448 15580 15579
f 15448 15449 15581 15580
f 15449 15450 15582 15581
f 15437 15569 15582 15450
f 15452 15451 15583 15584
f 15446 15578 15583 15451
f 15444 15452 15584 15576
f 15453 15585 15586 15454
f 15454 15586 15587 15455
f 15453 15456 15588 15585
f 15457 15589 15590 15458
f 15457 15459 15591 15589
f 15458 15590 15592 15460
f 15460 15592 15593 15461
f 15461 15593 15594 15462
f 15462 15594 15588 15456
f 15455 15587 15595 15463
f 15463 15595 15596 15464
f 15464 15596 15597 15465
f 15465 15597 15598 15466
f 15466 15598 15599 15467
f 15467 15599 15600 15468
f 15469 15601 15602 15470
f 15469 15471 15603 15601
f 15470 15602 15591 15459
f 15468 15600 15604 15472
f 15472 15604 15605 15473
f 15473 15605 15606 15474
f 15475 15607 15608 15476
f 15475 15477 15609 15607
f 15476 15608 15603 15471
f 15474 15606 15610 15478
f 15478 15610 15611 15479
f 15479 15611 15612 15480
f 15481 15613 15609 15477
f 15481 15482 15614 15613
f 15480 15612 15615 15483
f 15483 15615 15616 15484
f 15485 15617 15614 15482
f 15485 15486 15618 15617
f 15484 15616 15619 15487
f 15487 15619 15620 15488
f 15489 15621 15618 15486
f 15489 15490 15622 15621
f 15488 15620 15623 15491
f 15491 15623 15624 15492
f 15493 15625 15622 15490
f 15493 15494 15626 15625
f 15492 15624 15627 15495
f 15495 15627 15628 15496
f 15494 15497 15629 15626
f 15496 15628 15630 15498
f 15499 15631 15629 15497
f 15499 15500 15632 15631
f 15498 15630 15633 15501
f 15501 15633 15634 15502
f 15500 15503 15635 15632
f 15502 15634 15636 15504
f 15505 15637 15635 15503
f 15505 15506 15638 15637
f 15504 15636 15639 15507
f 15507 15639 15640 15508
f 15506 15509 15641 15638
f 15508 15640 15642 15510
f 15509 15511 15643 15641
f 15510 15642 15644 15512
f 15511 15513 15645 15643
f 15512 15644 15646 15514
f 15513 15515 15647 15645
f 15514 15646 15648 15516
f 15518 15517 15649 15650
f 15519 15651 15647 15515
f 15519 15518 15650 15651
f 15521 15520 15652 15653
f 15516 15648 15654 15522
f 15522 15654 15652 15520
f 15517 15523 15655 15649
f 15521 15653 15656 15524
f 15523 15525 15657 15655
f 15524 15656 15658 15526
f 15525 15527 15659 15657
f 15526 15658 15660 15528
f 15527 15529 15661 15659
f 15528 15660 15662 15530
f 15532 15531 15663 15664
f 15529 15532 15664 15661
f 15534 15533 15665 15666
f 15530 15662 15665 15533
f 15531 15535 15667 15663
f 15534 15666 15668 15536
f 15538 15537 15669 15670
f 15535 15538 15670 15667
f 15540 15539 15671 15672
f 15536 15668 15671 15539
f 15537 15541 15673 15669
f 15540 15672 15674 15542
f 15544 15543 15675 15676
f 15541 15544 15676 15673
f 15546 15545 15677 15678
f 15542 15674 15677 15545
f 15548 15547 15679 15680
f 15543 15548 15680 15675
f 15550 15549 15681 15682
f 15546 15678 15681 15549
f 15552 15551 15683 15684
f 15547 15552 15684 15679
f 15554 15553 15685 15686
f 15550 15682 15685 15553
f 15556 15555 15687 15688
f 15551 15556 15688 15683
f 15558 15557 15689 15690
f 15554 15686 15689 15557
f 15560 15559 15691 15692
f 15555 15560 15692 15687
f 15559 15561 15693 15691
f 15563 15562 15694 15695
f 15562 15564 15696 15694
f 15558 15690 15696 15564
f 15566 15565 15697 15698
f 15561 15566 15698 15693
f 15565 15567 15699 15697
f 15569 15568 15700 15701
f 15568 15570 15702 15700
f 15563 15695 15702 15570
f 15572 15571 15703 15704
f 15567 15572 15704 15699
f 15571 15573 15705 15703
f 15573 15574 15706 15705
f 15574 15575 15707 15706
f 15575 15576 15708 15707
f 15578 15577 15709 15710
f 15577 15579 15711 15709
f 15579 15580 15712 15711
f 15580 15581 15713 15712
f 15581 15582 15714 15713
f 15569 15701 15714 15582
f 15584 15583 15715 15716
f 15578 15710 15715 15583
f 15576 15584 15716 15708
f 15585 15717 15718 15586
f 15586 15718 15719 15587
f 15585 15588 15720 15717
f 15717 15720 15719 15718
f 15589 15721 15722 15590
f 15589 15591 15723 15721
f 15721 15723 15724 15722
f 15590 15722 15725 15592
f 15722 15724 15726 15725
f 15592 15725 15727 15593
f 15725 15726 15728 15727
f 15593 15727 15729 15594
f 15727 15728 15730 15729
f 15594 15729 15720 15588
f 15729 15730 15731 15720
f 15720 15731 15732 15719
f 15587 15719 15733 15595
f 15719 15732 15734 15733
f 15595 15733 15735 15596
f 15733 15734 15736 15735
f 15596 15735 15737 15597
f 15735 15736 15738 15737
f 15597 15737 15739 15598
f 15737 15738 15740 15739
f 15598 15739 15741 15599
f 15599 15741 15742 15600
f 15739 15740 15742 15741
f 15601 15743 15744 15602
f 15601 15603 15745 15743
f 15743 15745 15746 15744
f 15602 15744 15723 15591
f 15744 15746 15747 15723
f 15723 15747 15748 15724
f 15724 15748 15749 15726
f 15726 15749 15750 15728
f 15728 15750 15751 15730
f 15730 15751 15752 15731
f 15731 15752 15753 15732
f 15732 15753 15754 15734
f 15734 15754 15755 15736
f 15736 15755 15756 15738
f 15738 15756 15757 15740
f 15740 15757 15758 15742
f 15600 15742 15759 15604
f 15742 15758 15760 15759
f 15604 15759 15761 15605
f 15605 15761 15762 15606
f 15759 15760 15762 15761
f 15607 15763 15764 15608
f 15607 15609 15765 15763
f 15763 15765 15766 15764
f 15608 15764 15745 15603
f 15764 15766 15767 15745
f 15745 15767 15768 15746
f 15746 15768 15769 15747
f 15747 15769 15770 15748
f 15748 15770 15771 15749
f 15749 15771 15772 15750
f 15750 15772 15773 15751
f 15751 15773 15774 15752
f 15752 15774 15775 15753
f 15753 15775 15776 15754
f 15754 15776 15777 15755
f 15755 15777 15778 15756
f 15756 15778 15779 15757
f 15757 15779 15780 15758
f 15758 15780 15781 15760
f 15760 15781 15782 15762
f 15606 15762 15783 15610
f 15762 15782 15784 15783
f 15610 15783 15785 15611
f 15611 15785 15786 15612
f 15783 15784 15786 15785
f 15613 15787 15765 15609
f 15613 15614 15788 15787
f 15787 15788 15789 15765
f 15765 15789 15790 15766
f 15766 15790 15791 15767
f 15767 15791 15792 15768
f 15768 15792 15793 15769
f 15769 15793 15794 15770
f 15770 15794 15795 15771
f 15771 15795 15796 15772
f 15772 15796 15797 15773
f 15773 15797 15798 15774
f 15774 15798 15799 15775
f 15775 15799 15800 15776
f 15776 15800 15801 15777
f 15777 15801 15802 15778
f 15778 15802 15803 15779
f 15779 15803 15804 15780
f 15780 15804 15805 15781
f 15781 15805 15806 15782
f 15782 15806 15807 15784
f 15784 15807 15808 15786
f 15612 15786 15809 15615
f 15615 15809 15810 15616
f 15786 15808 15810 15809
f 15617 15811 15788 15614
f 15617 15618 15812 15811
f 15811 15812 15813 15788
f 15788 15813 15814 15789
f 15789 15814 15815 15790
f 15790 15815 15816 15791
f 15791 15816 15817 15792
f 15792 15817 15818 15793
f 15793 15818 15819 15794
f 15794 15819 15820 15795
f 15795 15820 15821 15796
f 15796 15821 15822 15797
f 15797 15822 15823 15798
f 15798 15823 15824 15799
f 15799 15824 15825 15800
f 15800 15825 15826 15801
f 15801 15826 15827 15802
f 15802 15827 15828 15803
f 15803 15828 15829 15804
f 15804 15829 15830 15805
f 15805 15830 15831 15806
f 15806 15831 15832 15807
f 15807 15832 15833 15808
f 15808 15833 15834 15810
f 15616 15810 15835 15619
f 15619 15835 15836 15620
f 15810 15834 15836 15835
f 15621 15837 15812 15618
f 15621 15622 15838 15837
f 15837 15838 15839 15812
f 15812 15839 15840 15813
f 15813 15840 15841 15814
f 15814 15841 15842 15815
f 15815 15842 15843 15816
f 15816 15843 15844 15817
f 15817 15844 15845 15818
f 15818 15845 15846 15819
f 15819 15846 15847 15820
f 15820 15847 15848 15821
f 15821 15848 15849 15822
f 15822 15849 15850 15823
f 15823 15850 15851 15824
f 15824 15851 15852 15825
f 15825 15852 15853 15826
f 15826 15853 15854 15827
f 15827 15854 15855 15828
f 15828 15855 15856 15829
f 15829 15856 15857 15830
f 15830 15857 15858 15831
f 15831 15858 15859 15832
f 15832 15859 15860 15833
f 15833 15860 15861 15834
f 15834 15861 15862 15836
f 15620 15836 15863 15623
f 15623 15863 15864 15624
f 15836 15862 15864 15863
f 15625 15865 15838 15622
f 15625 15626 15866 15865
f 15865 15866 15867 15838
f 15838 15867 15868 15839
f 15839 15868 15869 15840
f 15840 15869 15870 15841
f 15841 15870 15871 15842
f 15842 15871 15872 15843
f 15843 15872 15873 15844
f 15844 15873 15874 15845
f 15845 15874 15875 15846
f 15846 15875 15876 15847
f 15847 15876 15877 15848
f 15848 15877 15878 15849
f 15849 15878 15879 15850
f 15850 15879 15880 15851
f 15851 15880 15881 15852
f 15852 15881 15882 15853
f 15853 15882 15883 15854
f 15854 15883 15884 15855
f 15855 15884 15885 15856
f 15856 15885 15886 15857
f 15857 15886 15887 15858
f 15858 15887 15888 15859
f 15859 15888 15889 15860
f 15860 15889 15890 15861
f 15861 15890 15891 15862
f 15862 15891 15892 15864
f 15624 15864 15893 15627
f 15627 15893 15894 15628
f 15864 15892 15894 15893
f 15626 15629 15895 15866
f 15866 15895 15896 15867
f 15867 15896 15897 15868
f 15868 15897 15898 15869
f 15869 15898 15899 15870
f 15870 15899 15900 15871
f 15871 15900 15901 15872
f 15872 15901 15902 15873
f 15873 15902 15903 15874
f 15874 15903 15904 15875
f 15875 15904 15905 15876
f 15876 15905 15906 15877
f 15877 15906 15907 15878
f 15878 15907 15908 15879
f 15880 15909 15910 15881
f 15881 15910 15911 15882
f 15882 15911 15912 15883
f 15883 15912 15913 15884
f 15884 15913 15914 15885
f 15885 15914 15915 15886
f 15886 15915 15916 15887
f 15887 15916 15917 15888
f 15888 15917 15918 15889
f 15889 15918 15919 15890
f 15890 15919 15920 15891
f 15891 15920 15921 15892
f 15628 15894 15922 15630
f 15892 15921 15922 15894
f 15631 15923 15895 15629
f 15631 15632 15924 15923
f 15923 15924 15925 15895
f 15895 15925 15926 15896
f 15896 15926 15927 15897
f 15897 15927 15928 15898
f 15898 15928 15929 15899
f 15899 15929 15930 15900
f 15900 15930 15931 15901
f 15901 15931 15932 15902
f 15902 15932 15933 15903
f 15903 15933 15934 15904
f 15904 15934 15935 15905
f 15912 15936 15937 15913
f 15913 15937 15938 15914
f 15914 15938 15939 15915
f 15915 15939 15940 15916
f 15916 15940 15941 15917
f 15917 15941 15942 15918
f 15918 15942 15943 15919
f 15919 15943 15944 15920
f 15920 15944 15945 15921
f 15921 15945 15946 15922
f 15630 15922 15947 15633
f 15633 15947 15948 15634
f 15922 15946 15948 15947
f 15632 15635 15949 15924
f 15924 15949 15950 15925
f 15925 15950 15951 15926
f 15926 15951 15952 15927
f 15927 15952 15953 15928
f 15928 15953 15954 15929
f 15929 15954 15955 15930
f 15930 15955 15956 15931
f 15931 15956 15957 15932
f 15932 15957 15958 15933
f 15938 15959 15960 15939
f 15939 15960 15961 15940
f 15940 15961 15962 15941
f 15941 15962 15963 15942
f 15942 15963 15964 15943
f 15943 15964 15965 15944
f 15944 15965 15966 15945
f 15945 15966 15967 15946
f 15634 15948 15968 15636
f 15946 15967 15968 15948
f 15637 15969 15949 15635
f 15637 15638 15970 15969
f 15969 15970 15971 15949
f 15949 15971 15972 15950
f 15950 15972 15973 15951
f 15951 15973 15974 15952
f 15952 15974 15975 15953
f 15953 15975 15976 15954
f 15954 15976 15977 15955
f 15955 15977 15978 15956
f 15956 15978 15979 15957
f 15960 15980 15981 15961
f 15961 15981 15982 15962
f 15962 15982 15983 15963
f 15963 15983 15984 15964
f 15964 15984 15985 15965
f 15965 15985 15986 15966
f 15966 15986 15987 15967
f 15967 15987 15988 15968
f 15636 15968 15989 15639
f 15639 15989 15990 15640
f 15968 15988 15990 15989
f 15638 15641 15991 15970
f 15970 15991 15992 15971
f 15971 15992 15993 15972
f 15972 15993 15994 15973
f 15973 15994 15995 15974
f 15974 15995 15996 15975
f 15975 15996 15997 15976
f 15976 15997 15998 15977
f 15977 15998 15999 15978
f 15978 15999 16000 15979
f 15980 16001 16002 15981
f 15981 16002 16003 15982
f 15982 16003 16004 15983
f 15983 16004 16005 15984
f 15984 16005 16006 15985
f 15985 16006 16007 15986
f 15986 16007 16008 15987
f 15987 16008 16009 15988
f 15640 15990 16010 15642
f 15988 16009 16010 15990
f 15641 15643 16011 15991
f 15991 16011 16012 15992
f 15992 16012 16013 15993
f 15993 16013 16014 15994
f 15994 16014 16015 15995
f 15995 16015 16016 15996
f 15996 16016 16017 15997
f 15997 16017 16018 15998
f 15998 16018 16019 15999
f 16002 16020 16021 16003
f 16003 16021 16022 16004
f 16004 16022 16023 16005
f 16005 16023 16024 16006
f 16006 16024 16025 16007
f 16007 16025 16026 16008
f 16008 16026 16027 16009
f 15642 16010 16028 15644
f 16009 16027 16028 16010
f 15643 15645 16029 16011
f 16011 16029 16030 16012
f 16012 16030 16031 16013
f 16013 16031 16032 16014
f 16014 16032 16033 16015
f 16015 16033 16034 16016
f 16016 16034 16035 16017
f 16017 16035 16036 16018
f 16018 16036 16037 16019
f 16020 16038 16039 16021
f 16021 16039 16040 16022
f 16022 16040 16041 16023
f 16023 16041 16042 16024
f 16024 16042 16043 16025
f 16025 16043 16044 16026
f 16026 16044 16045 16027
f 15644 16028 16046 15646
f 16027 16045 16046 16028
f 15645 15647 16047 16029
f 16029 16047 16048 16030
f 16030 16048 16049 16031
f 16031 16049 16050 16032
f 16032 16050 16051 16033
f 16033 16051 16052 16034
f 16034 16052 16053 16035
f 16035 16053 16054 16036
f 16036 16054 16055 16037
f 16038 16056 16057 16039
f 16039 16057 16058 16040
f 16040 16058 16059 16041
f 16041 16059 16060 16042
f 16042 16060 16061 16043
f 16043 16061 16062 16044
f 16044 16062 16063 16045
f 15646 16046 16064 15648
f 16045 16063 16064 16046
f 15650 15649 16065 16066
f 15651 16067 16047 15647
f 15651 15650 16066 16067
f 16067 16066 16065 16047
f 16047 16065 16068 16048
f 16048 16068 16069 16049
f 16049 16069 16070 16050
f 16050 16070 16071 16051
f 16051 16071 16072 16052
f 16052 16072 16073 16053
f 16053 16073 16074 16054
f 16057 16075 16076 16058
f 16058 16076 16077 16059
f 16059 16077 16078 16060
f 16060 16078 16079 16061
f 16061 16079 16080 16062
f 16062 16080 16081 16063
f 16063 16081 16082 16064
f 15653 15652 16083 16082
f 15648 16064 16084 15654
f 15654 16084 16083 15652
f 16064 16082 16083 16084
f 15649 15655 16085 16065
f 16065 16085 16086 16068
f 16068 16086 16087 16069
f 16069 16087 16088 16070
f 16070 16088 16089 16071
f 16071 16089 16090 16072
f 16072 16090 16091 16073
f 16073 16091 16092 16074
f 16074 16092 16093 16094
f 16095 16096 16097 16075
f 16075 16097 16098 16076
f 16076 16098 16099 16077
f 16077 16099 16100 16078
f 16078 16100 16101 16079
f 16079 16101 16102 16080
f 16080 16102 16103 16081
f 15653 16082 16104 15656
f 16081 16103 16104 16082
f 15655 15657 16105 16085
f 16085 16105 16106 16086
f 16086 16106 16107 16087
f 16087 16107 16108 16088
f 16088 16108 16109 16089
f 16089 16109 16110 16090
f 16090 16110 16111 16091
f 16091 16111 16112 16092
f 16092 16112 16113 16093
f 16096 16114 16115 16097
f 16097 16115 16116 16098
f 16098 16116 16117 16099
f 16099 16117 16118 16100
f 16100 16118 16119 16101
f 16101 16119 16120 16102
f 16102 16120 16121 16103
f 15656 16104 16122 15658
f 16103 16121 16122 16104
f 15657 15659 16123 16105
f 16105 16123 16124 16106
f 16106 16124 16125 16107
f 16107 16125 16126 16108
f 16108 16126 16127 16109
f 16109 16127 16128 16110
f 16110 16128 16129 16111
f 16111 16129 16130 16112
f 16112 16130 16131 16113
f 16114 16132 16133 16115
f 16115 16133 16134 16116
f 16116 16134 16135 16117
f 16117 16135 16136 16118
f 16118 16136 16137 16119
f 16119 16137 16138 16120
f 16120 16138 16139 16121
f 15658 16122 16140 15660
f 16121 16139 16140 16122
f 15659 15661 16141 16123
f 16123 16141 16142 16124
f 16124 16142 16143 16125
f 16125 16143 16144 16126
f 16126 16144 16145 16127
f 16127 16145 16146 16128
f 16128 16146 16147 16129
f 16129 16147 16148 16130
f 16130 16148 16149 16131
f 16131 16149 16150 16151
f 16152 16153 16154 16132
f 16132 16154 16155 16133
f 16133 16155 16156 16134
f 16134 16156 16157 16135
f 16135 16157 16158 16136
f 16136 16158 16159 16137
f 16137 16159 16160 16138
f 16138 16160 16161 16139
f 15660 16140 16162 15662
f 16139 16161 16162 16140
f 15664 15663 16163 16164
f 15661 15664 16164 16141
f 16141 16164 16163 16142
f 16142 16163 16165 16143
f 16143 16165 16166 16144
f 16144 16166 16167 16145
f 16145 16167 16168 16146
f 16146 16168 16169 16147
f 16147 16169 16170 16148
f 16148 16170 16171 16149
f 16149 16171 16172 16150
f 16153 16173 16174 16154
f 16154 16174 16175 16155
f 16155 16175 16176 16156
f 16156 16176 16177 16157
f 16157 16177 16178 16158
f 16158 16178 16179 16159
f 16159 16179 16180 16160
f 16160 16180 16181 16161
f 15666 15665 16182 16181
f 15662 16162 16182 15665
f 16161 16181 16182 16162
f 15663 15667 16183 16163
f 16163 16183 16184 16165
f 16165 16184 16185 16166
f 16166 16185 16186 16167
f 16167 16186 16187 16168
f 16168 16187 16188 16169
f 16169 16188 16189 16170
f 16170 16189 16190 16171
f 16171 16190 16191 16172
f 16172 16191 16192 16193
f 16194 16195 16196 16173
f 16173 16196 16197 16174
f 16174 16197 16198 16175
f 16175 16198 16199 16176
f 16176 16199 16200 16177
f 16177 16200 16201 16178
f 16178 16201 16202 16179
f 16179 16202 16203 16180
f 15666 16181 16204 15668
f 16180 16203 16204 16181
f 15670 15669 16205 16206
f 15667 15670 16206 16183
f 16183 16206 16205 16184
f 16184 16205 16207 16185
f 16185 16207 16208 16186
f 16186 16208 16209 16187
f 16187 16209 16210 16188
f 16188 16210 16211 16189
f 16189 16211 16212 16190
f 16190 16212 16213 16191
f 16191 16213 16214 16192
f 16192 16214 16215 16216
f 16216 16215 16217 16218
f 16219 16220 16221 16222
f 16222 16221 16223 16195
f 16195 16223 16224 16196
f 16196 16224 16225 16197
f 16197 16225 16226 16198
f 16198 16226 16227 16199
f 16199 16227 16228 16200
f 16200 16228 16229 16201
f 16201 16229 16230 16202
f 16202 16230 16231 16203
f 15672 15671 16232 16231
f 15668 16204 16232 15671
f 16203 16231 16232 16204
f 15669 15673 16233 16205
f 16205 16233 16234 16207
f 16207 16234 16235 16208
f 16208 16235 16236 16209
f 16209 16236 16237 16210
f 16210 16237 16238 16211
f 16211 16238 16239 16212
f 16212 16239 16240 16213
f 16213 16240 16241 16214
f 16214 16241 16242 16215
f 16215 16242 16243 16217
f 16217 16243 16244 16245
f 16245 16244 16246 16247
f 16247 16246 16248 16249
f 16250 16251 16252 16253
f 16253 16252 16254 16255
f 16255 16254 16256 16220
f 16220 16256 16257 16221
f 16221 16257 16258 16223
f 16223 16258 16259 16224
f 16224 16259 16260 16225
f 16225 16260 16261 16226
f 16226 16261 16262 16227
f 16227 16262 16263 16228
f 16228 16263 16264 16229
f 16229 16264 16265 16230
f 15672 16231 16266 15674
f 16230 16265 16266 16231
f 15676 15675 16267 16268
f 15673 15676 16268 16233
f 16233 16268 16267 16234
f 16234 16267 16269 16235
f 16235 16269 16270 16236
f 16236 16270 16271 16237
f 16237 16271 16272 16238
f 16238 16272 16273 16239
f 16239 16273 16274 16240
f 16240 16274 16275 16241
f 16241 16275 16276 16242
f 16242 16276 16277 16243
f 16243 16277 16278 16244
f 16244 16278 16279 16246
f 16246 16279 16280 16248
f 16248 16280 16281 16251
f 16251 16281 16282 16252
f 16252 16282 16283 16254
f 16254 16283 16284 16256
f 16256 16284 16285 16257
f 16257 16285 16286 16258
f 16258 16286 16287 16259
f 16259 16287 16288 16260
f 16260 16288 16289 16261
f 16261 16289 16290 16262
f 16262 16290 16291 16263
f 16263 16291 16292 16264
f 16264 16292 16293 16265
f 15678 15677 16294 16293
f 15674 16266 16294 15677
f 16265 16293 16294 16266
f 15680 15679 16295 16296
f 15675 15680 16296 16267
f 16267 16296 16295 16269
f 16269 16295 16297 16270
f 16270 16297 16298 16271
f 16271 16298 16299 16272
f 16272 16299 16300 16273
f 16273 16300 16301 16274
f 16274 16301 16302 16275
f 16275 16302 16303 16276
f 16276 16303 16304 16277
f 16277 16304 16305 16278
f 16278 16305 16306 16279
f 16279 16306 16307 16280
f 16280 16307 16308 16281
f 16281 16308 16309 16282
f 16282 16309 16310 16283
f 16283 16310 16311 16284
f 16284 16311 16312 16285
f 16285 16312 16313 16286
f 16286 16313 16314 16287
f 16287 16314 16315 16288
f 16288 16315 16316 16289
f 16289 16316 16317 16290
f 16290 16317 16318 16291
f 16291 16318 16319 16292
f 15682 15681 16320 16319
f 15678 16293 16320 15681
f 16292 16319 16320 16293
f 15684 15683 16321 16322
f 15679 15684 16322 16295
f 16295 16322 16321 16297
f 16297 16321 16323 16298
f 16298 16323 16324 16299
f 16299 16324 16325 16300
f 16300 16325 16326 16301
f 16301 16326 16327 16302
f 16302 16327 16328 16303
f 16303 16328 16329 16304
f 16304 16329 16330 16305
f 16305 16330 16331 16306
f 16306 16331 16332 16307
f 16307 16332 16333 16308
f 16308 16333 16334 16309
f 16309 16334 16335 16310
f 16310 16335 16336 16311
f 16311 16336 16337 16312
f 16312 16337 16338 16313
f 16313 16338 16339 16314
f 16314 16339 16340 16315
f 16315 16340 16341 16316
f 16316 16341 16342 16317
f 16317 16342 16343 16318
f 15686 15685 16344 16343
f 15682 16319 16344 15685
f 16318 16343 16344 16319
f 15688 15687 16345 16346
f 15683 15688 16346 16321
f 16321 16346 16345 16323
f 16323 16345 16347 16324
f 16324 16347 16348 16325
f 16325 16348 16349 16326
f 16326 16349 16350 16327
f 16327 16350 16351 16328
f 16328 16351 16352 16329
f 16329 16352 16353 16330
f 16330 16353 16354 16331
f 16331 16354 16355 16332
f 16332 16355 16356 16333
f 16333 16356 16357 16334
f 16334 16357 16358 16335
f 16335 16358 16359 16336
f 16336 16359 16360 16337
f 16337 16360 16361 16338
f 16338 16361 16362 16339
f 16339 16362 16363 16340
f 16340 16363 16364 16341
f 16341 16364 16365 16342
f 15690 15689 16366 16365
f 15686 16343 16366 15689
f 16342 16365 16366 16343
f 15692 15691 16367 16368
f 15687 15692 16368 16345
f 16345 16368 16367 16347
f 15691 15693 16369 16367
f 16347 16367 16369 16348
f 16348 16369 16370 16349
f 16349 16370 16371 16350
f 16350 16371 16372 16351
f 16351 16372 16373 16352
f 16352 16373 16374 16353
f 16353 16374 16375 16354
f 16354 16375 16376 16355
f 16355 16376 16377 16356
f 16356 16377 16378 16357
f 16357 16378 16379 16358
f 16358 16379 16380 16359
f 16359 16380 16381 16360
f 16360 16381 16382 16361
f 16361 16382 16383 16362
f 16362 16383 16384 16363
f 15695 15694 16385 16384
f 16363 16384 16385 16364
f 15694 15696 16386 16385
f 15690 16365 16386 15696
f 16364 16385 16386 16365
f 15698 15697 16387 16388
f 15693 15698 16388 16369
f 16369 16388 16387 16370
f 15697 15699 16389 16387
f 16370 16387 16389 16371
f 16371 16389 16390 16372
f 16372 16390 16391 16373
f 16373 16391 16392 16374
f 16374 16392 16393 16375
f 16375 16393 16394 16376
f 16376 16394 16395 16377
f 16377 16395 16396 16378
f 16378 16396 16397 16379
f 16379 16397 16398 16380
f 16380 16398 16399 16381
f 16381 16399 16400 16382
f 15701 15700 16401 16400
f 16382 16400 16401 16383
f 15700 15702 16402 16401
f 15695 16384 16402 15702
f 16383 16401 16402 16384
f 15704 15703 16403 16404
f 15699 15704 16404 16389
f 16389 16404 16403 16390
f 15703 15705 16405 16403
f 16390 16403 16405 16391
f 15705 15706 16406 16405
f 16391 16405 16406 16392
f 15706 15707 16407 16406
f 16392 16406 16407 16393
f 15707 15708 16408 16407
f 16393 16407 16408 16394
f 16394 16408 16409 16395
f 15710 15709 16410 16409
f 16395 16409 16410 16396
f 15709 15711 16411 16410
f 16396 16410 16411 16397
f 15711 15712 16412 16411
f 16397 16411 16412 16398
f 15712 15713 16413 16412
f 16398 16412 16413 16399
f 15713 15714 16414 16413
f 15701 16400 16414 15714
f 16399 16413 16414 16400
f 15716 15715 16415 16416
f 15710 16409 16415 15715
f 15708 15716 16416 16408
f 16408 16416 16415 16409
f 15879 16417 16418 15880
f 15880 16418 16419 15909
f 15879 15908 16420 16417
f 15905 16421 16422 15906
f 15905 15935 16423 16421
f 15906 16422 16424 15907
f 15907 16424 16420 15908
f 15909 16419 16425 15910
f 15910 16425 16426 15911
f 15911 16426 16427 15912
f 15912 16427 16428 15936
f 15933 16429 16430 15934
f 15933 15958 16431 16429
f 15934 16430 16423 15935
f 15936 16428 16432 15937
f 15937 16432 16433 15938
f 15938 16433 16434 15959
f 15957 16435 16431 15958
f 15957 15979 16436 16435
f 15959 16434 16437 15960
f 15960 16437 16438 15980
f 15979 16000 16439 16436
f 15980 16438 16440 16001
f 15999 16441 16439 16000
f 15999 16019 16442 16441
f 16001 16440 16443 16002
f 16002 16443 16444 16020
f 16019 16037 16445 16442
f 16020 16444 16446 16038
f 16037 16055 16447 16445
f 16038 16446 16448 16056
f 16074 16094 16449 16450
f 16054 16451 16447 16055
f 16054 16074 16450 16451
f 16095 16075 16452 16453
f 16056 16448 16454 16057
f 16057 16454 16452 16075
f 16094 16093 16455 16449
f 16095 16453 16456 16096
f 16093 16113 16457 16455
f 16096 16456 16458 16114
f 16131 16151 16459 16460
f 16113 16131 16460 16457
f 16152 16132 16461 16462
f 16114 16458 16461 16132
f 16151 16150 16463 16459
f 16152 16462 16464 16153
f 16172 16193 16465 16466
f 16150 16172 16466 16463
f 16194 16173 16467 16468
f 16153 16464 16467 16173
f 16192 16216 16469 16470
f 16193 16192 16470 16465
f 16216 16218 16471 16469
f 16219 16222 16472 16473
f 16222 16195 16474 16472
f 16194 16468 16474 16195
f 16217 16245 16475 16476
f 16218 16217 16476 16471
f 16245 16247 16477 16475
f 16247 16249 16478 16477
f 16250 16253 16479 16480
f 16253 16255 16481 16479
f 16255 16220 16482 16481
f 16219 16473 16482 16220
f 16248 16251 16483 16484
f 16250 16480 16483 16251
f 16249 16248 16484 16478
f 16417 16485 16486 16418
f 16418 16486 16487 16419
f 16417 16420 16488 16485
f 16421 16489 16490 16422
f 16421 16423 16491 16489
f 16422 16490 16492 16424
f 16424 16492 16488 16420
f 16419 16487 16493 16425
f 16425 16493 16494 16426
f 16426 16494 16495 16427
f 16427 16495 16496 16428
f 16429 16497 16498 16430
f 16429 16431 16499 16497
f 16430 16498 16491 16423
f 16428 16496 16500 16432
f 16432 16500 16501 16433
f 16433 16501 16502 16434
f 16435 16503 16499 16431
f 16435 16436 16504 16503
f 16434 16502 16505 16437
f 16437 16505 16506 16438
f 16436 16439 16507 16504
f 16438 16506 16508 16440
f 16441 16509 16507 16439
f 16441 16442 16510 16509
f 16440 16508 16511 16443
f 16443 16511 16512 16444
f 16442 16445 16513 16510
f 16444 16512 16514 16446
f 16445 16447 16515 16513
f 16446 16514 16516 16448
f 16450 16449 16517 16518
f 16451 16519 16515 16447
f 16451 16450 16518 16519
f 16453 16452 16520 16521
f 16448 16516 16522 16454
f 16454 16522 16520 16452
f 16449 16455 16523 16517
f 16453 16521 16524 16456
f 16455 16457 16525 16523
f 16456 16524 16526 16458
f 16460 16459 16527 16528
f 16457 16460 16528 16525
f 16462 16461 16529 16530
f 16458 16526 16529 16461
f 16459 16463 16531 16527
f 16462 16530 16532 16464
f 16466 16465 16533 16534
f 16463 16466 16534 16531
f 16468 16467 16535 16536
f 16464 16532 16535 16467
f 16470 16469 16537 16538
f 16465 16470 16538 16533
f 16469 16471 16539 16537
f 16473 16472 16540 16541
f 16472 16474 16542 16540
f 16468 16536 16542 16474
f 16476 16475 16543 16544
f 16471 16476 16544 16539
f 16475 16477 16545 16543
f 16477 16478 16546 16545
f 16480 16479 16547 16548
f 16479 16481 16549 16547
f 16481 16482 16550 16549
f 16473 16541 16550 16482
f 16484 16483 16551 16552
f 16480 16548 16551 16483
f 16478 16484 16552 16546
f 16485 16553 16554 16486
f 16486 16554 16555 16487
f 16485 16488 16556 16553
f 16489 16557 16558 16490
f 16489 16491 16559 16557
f 16490 16558 16560 16492
f 16492 16560 16556 16488
f 16487 16555 16561 16493
f 16493 16561 16562 16494
f 16494 16562 16563 16495
f 16495 16563 16564 16496
f 16497 16565 16566 16498
f 16497 16499 16567 16565
f 16498 16566 16559 16491
f 16496 16564 16568 16500
f 16500 16568 16569 16501
f 16501 16569 16570 16502
f 16503 16571 16567 16499
f 16503 16504 16572 16571
f 16502 16570 16573 16505
f 16505 16573 16574 16506
f 16504 16507 16575 16572
f 16506 16574 16576 16508
f 16509 16577 16575 16507
f 16509 16510 16578 16577
f 16508 16576 16579 16511
f 16511 16579 16580 16512
f 16510 16513 16581 16578
f 16512 16580 16582 16514
f 16513 16515 16583 16581
f 16514 16582 16584 16516
f 16518 16517 16585 16586
f 16519 16587 16583 16515
f 16519 16518 16586 16587
f 16521 16520 16588 16589
f 16516 16584 16590 16522
f 16522 16590 16588 16520
f 16517 16523 16591 16585
f 16521 16589 16592 16524
f 16523 16525 16593 16591
f 16524 16592 16594 16526
f 16528 16527 16595 16596
f 16525 16528 16596 16593
f 16530 16529 16597 16598
f 16526 16594 16597 16529
f 16527 16531 16599 16595
f 16530 16598 16600 16532
f 16534 16533 16601 16602
f 16531 16534 16602 16599
f 16536 16535 16603 16604
f 16532 16600 16603 16535
f 16538 16537 16605 16606
f 16533 16538 16606 16601
f 16537 16539 16607 16605
f 16541 16540 16608 16609
f 16540 16542 16610 16608
f 16536 16604 16610 16542
f 16544 16543 16611 16612
f 16539 16544 16612 16607
f 16543 16545 16613 16611
f 16545 16546 16614 16613
f 16548 16547 16615 16616
f 16547 16549 16617 16615
f 16549 16550 16618 16617
f 16541 16609 16618 16550
f 16552 16551 16619 16620
f 16548 16616 16619 16551
f 16546 16552 16620 16614
f 16553 16621 16622 16554
f 16554 16622 16623 16555
f 16553 16556 16624 16621
f 16621 16624 16623 16622
f 16557 16625 16626 16558
f 16557 16559 16627 16625
f 16625 16627 16628 16626
f 16558 16626 16629 16560
f 16626 16628 16630 16629
f 16560 16629 16624 16556
f 16629 16630 16631 16624
f 16624 16631 16632 16623
f 16555 16623 16633 16561
f 16623 16632 16634 16633
f 16561 16633 16635 16562
f 16633 16634 16636 16635
f 16562 16635 16637 16563
f 16563 16637 16638 16564
f 16635 16636 16638 16637
f 16565 16639 16640 16566
f 16565 16567 16641 16639
f 16639 16641 16642 16640
f 16566 16640 16627 16559
f 16640 16642 16643 16627
f 16627 16643 16644 16628
f 16628 16644 16645 16630
f 16630 16645 16646 16631
f 16631 16646 16647 16632
f 16632 16647 16648 16634
f 16634 16648 16649 16636
f 16636 16649 16650 16638
f 16564 16638 16651 16568
f 16638 16650 16652 16651
f 16568 16651 16653 16569
f 16569 16653 16654 16570
f 16651 16652 16654 16653
f 16571 16655 16641 16567
f 16571 16572 16656 16655
f 16655 16656 16657 16641
f 16641 16657 16658 16642
f 16642 16658 16659 16643
f 16643 16659 16660 16644
f 16644 16660 16661 16645
f 16645 16661 16662 16646
f 16646 16662 16663 16647
f 16647 16663 16664 16648
f 16648 16664 16665 16649
f 16649 16665 16666 16650
f 16650 16666 16667 16652
f 16652 16667 16668 16654
f 16570 16654 16669 16573
f 16573 16669 16670 16574
f 16654 16668 16670 16669
f 16572 16575 16671 16656
f 16656 16671 16672 16657
f 16657 16672 16673 16658
f 16658 16673 16674 16659
f 16659 16674 16675 16660
f 16660 16675 16676 16661
f 16661 16676 16677 16662
f 16662 16677 16678 16663
f 16663 16678 16679 16664
f 16664 16679 16680 16665
f 16665 16680 16681 16666
f 16666 16681 16682 16667
f 16667 16682 16683 16668
f 16574 16670 16684 16576
f 16668 16683 16684 16670
f 16577 16685 16671 16575
f 16577 16578 16686 16685
f 16685 16686 16687 16671
f 16671 16687 16688 16672
f 16672 16688 16689 16673
f 16673 16689 16690 16674
f 16674 16690 16691 16675
f 16675 16691 16692 16676
f 16676 16692 16693 16677
f 16677 16693 16694 16678
f 16678 16694 16695 16679
f 16679 16695 16696 16680
f 16680 16696 16697 16681
f 16681 16697 16698 16682
f 16682 16698 16699 16683
f 16683 16699 16700 16684
f 16576 16684 16701 16579
f 16579 16701 16702 16580
f 16684 16700 16702 16701
f 16578 16581 16703 16686
f 16686 16703 16704 16687
f 16687 16704 16705 16688
f 16688 16705 16706 16689
f 16689 16706 16707 16690
f 16690 16707 16708 16691
f 16691 16708 16709 16692
f 16692 16709 16710 16693
f 16693 16710 16711 16694
f 16694 16711 16712 16695
f 16695 16712 16713 16696
f 16696 16713 16714 16697
f 16697 16714 16715 16698
f 16698 16715 16716 16699
f 16699 16716 16717 16700
f 16580 16702 16718 16582
f 16700 16717 16718 16702
f 16581 16583 16719 16703
f 16703 16719 16720 16704
f 16704 16720 16721 16705
f 16705 16721 16722 16706
f 16706 16722 16723 16707
f 16707 16723 16724 16708
f 16708 16724 16725 16709
f 16709 16725 16726 16710
f 16710 16726 16727 16711
f 16711 16727 16728 16712
f 16712 16728 16729 16713
f 16713 16729 16730 16714
f 16714 16730 16731 16715
f 16715 16731 16732 16716
f 16716 16732 16733 16717
f 16582 16718 16734 16584
f 16717 16733 16734 16718
f 16586 16585 16735 16736
f 16587 16737 16719 16583
f 16587 16586 16736 16737
f 16737 16736 16735 16719
f 16719 16735 16738 16720
f 16720 16738 16739 16721
f 16721 16739 16740 16722
f 16722 16740 16741 16723
f 16723 16741 16742 16724
f 16724 16742 16743 16725
f 16725 16743 16744 16726
f 16727 16745 16746 16728
f 16728 16746 16747 16729
f 16729 16747 16748 16730
f 16730 16748 16749 16731
f 16731 16749 16750 16732
f 16732 16750 16751 16733
f 16733 16751 16752 16734
f 16589 16588 16753 16752
f 16584 16734 16754 16590
f 16590 16754 16753 16588
f 16734 16752 16753 16754
f 16585 16591 16755 16735
f 16735 16755 16756 16738
f 16738 16756 16757 16739
f 16739 16757 16758 16740
f 16740 16758 16759 16741
f 16741 16759 16760 16742
f 16742 16760 16761 16743
f 16743 16761 16762 16744
f 16744 16762 16763 16745
f 16745 16763 16764 16746
f 16746 16764 16765 16747
f 16747 16765 16766 16748
f 16748 16766 16767 16749
f 16749 16767 16768 16750
f 16750 16768 16769 16751
f 16589 16752 16770 16592
f 16751 16769 16770 16752
f 16591 16593 16771 16755
f 16755 16771 16772 16756
f 16756 16772 16773 16757
f 16757 16773 16774 16758
f 16758 16774 16775 16759
f 16759 16775 16776 16760
f 16760 16776 16777 16761
f 16761 16777 16778 16762
f 16762 16778 16779 16763
f 16763 16779 16780 16764
f 16764 16780 16781 16765
f 16765 16781 16782 16766
f 16766 16782 16783 16767
f 16767 16783 16784 16768
f 16768 16784 16785 16769
f 16592 16770 16786 16594
f 16769 16785 16786 16770
f 16596 16595 16787 16788
f 16593 16596 16788 16771
f 16771 16788 16787 16772
f 16772 16787 16789 16773
f 16773 16789 16790 16774
f 16774 16790 16791 16775
f 16775 16791 16792 16776
f 16776 16792 16793 16777
f 16777 16793 16794 16778
f 16778 16794 16795 16779
f 16779 16795 16796 16780
f 16780 16796 16797 16781
f 16781 16797 16798 16782
f 16782 16798 16799 16783
f 16783 16799 16800 16784
f 16784 16800 16801 16785
f 16598 16597 16802 16801
f 16594 16786 16802 16597
f 16785 16801 16802 16786
f 16595 16599 16803 16787
f 16787 16803 16804 16789
f 16789 16804 16805 16790
f 16790 16805 16806 16791
f 16791 16806 16807 16792
f 16792 16807 16808 16793
f 16793 16808 16809 16794
f 16794 16809 16810 16795
f 16795 16810 16811 16796
f 16796 16811 16812 16797
f 16797 16812 16813 16798
f 16798 16813 16814 16799
f 16799 16814 16815 16800
f 16598 16801 16816 16600
f 16800 16815 16816 16801
f 16602 16601 16817 16818
f 16599 16602 16818 16803
f 16803 16818 16817 16804
f 16804 16817 16819 16805
f 16805 16819 16820 16806
f 16806 16820 16821 16807
f 16807 16821 16822 16808
f 16808 16822 16823 16809
f 16809 16823 16824 16810
f 16810 16824 16825 16811
f 16811 16825 16826 16812
f 16812 16826 16827 16813
f 16813 16827 16828 16814
f 16814 16828 16829 16815
f 16604 16603 16830 16829
f 16600 16816 16830 16603
f 16815 16829 16830 16816
f 16606 16605 16831 16832
f 16601 16606 16832 16817
f 16817 16832 16831 16819
f 16605 16607 16833 16831
f 16819 16831 16833 16820
f 16820 16833 16834 16821
f 16821 16834 16835 16822
f 16822 16835 16836 16823
f 16823 16836 16837 16824
f 16824 16837 16838 16825
f 16825 16838 16839 16826
f 16826 16839 16840 16827
f 16609 16608 16841 16840
f 16827 16840 16841 16828
f 16608 16610 16842 16841
f 16604 16829 16842 16610
f 16828 16841 16842 16829
f 16612 16611 16843 16844
f 16607 16612 16844 16833
f 16833 16844 16843 16834
f 16611 16613 16845 16843
f 16834 16843 16845 16835
f 16613 16614 16846 16845
f 16835 16845 16846 16836
f 16836 16846 16847 16837
f 16616 16615 16848 16847
f 16837 16847 16848 16838
f 16615 16617 16849 16848
f 16838 16848 16849 16839
f 16617 16618 16850 16849
f 16609 16840 16850 16618
f 16839 16849 16850 16840
f 16620 16619 16851 16852
f 16616 16847 16851 16619
f 16614 16620 16852 16846
f 16846 16852 16851 16847
usemtl c11
f 1520 1519 1548 1547
f 1526 1528 1588 1587
f 1528 1531 1589 1588
f 1531 1534 1590 1589
f 1534 1537 1591 1590
f 1537 1540 1592 1591
f 1540 1543 1593 1592
f 1543 1546 1594 1593
f 1546 1547 1595 1594
f 1547 1548 1596 1595
f 1548 1551 1597 1596
f 1551 1554 1598 1597
f 1554 1557 1599 1598
f 1557 1560 1600 1599
f 1560 1563 1601 1600
f 1563 1566 1602 1601
f 1566 1569 1603 1602
f 1569 1573 1604 1603
f 1578 1580 1626 1625
f 1580 1583 1627 1626
f 1583 1586 1628 1627
f 1586 1587 1629 1628
f 1587 1588 1630 1629
f 1588 1589 1631 1630
f 1589 1590 1632 1631
f 1590 1591 1633 1632
f 1591 1592 1634 1633
f 1592 1593 1635 1634
f 1593 1594 1636 1635
f 1594 1595 1637 1636
f 1595 1596 1638 1637
f 1596 1597 1639 1638
f 1597 1598 1640 1639
f 1598 1599 1641 1640
f 1599 1600 1642 1641
f 1600 1601 1643 1642
f 1601 1602 1644 1643
f 1602 1603 1645 1644
f 1603 1604 1646 1645
f 1604 1607 1647 1646
f 1607 1610 1648 1647
f 1610 1613 1649 1648
f 1613 1617 1650 1649
f 1622 1624 1666 1665
f 1624 1625 1667 1666
f 1625 1626 1668 1667
f 1626 1627 1669 1668
f 1627 1628 1670 1669
f 1628 1629 1671 1670
f 1629 1630 1672 1671
f 1630 1631 1673 1672
f 1631 1632 1674 1673
f 1632 1633 1675 1674
f 1633 1634 1676 1675
f 1634 1635 1677 1676
f 1635 1636 1678 1677
f 1636 1637 1679 1678
f 1637 1638 1680 1679
f 1638 1639 1681 1680
f 1639 1640 1682 1681
f 1640 1641 1683 1682
f 1641 1642 1684 1683
f 1642 1643 1685 1684
f 1643 1644 1686 1685
f 1644 1645 1687 1686
f 1645 1646 1688 1687
f 1646 1647 1689 1688
f 1647 1648 1690 1689
f 1648 1649 1691 1690
f 1649 1650 1692 1691
f 1650 1653 1693 1692
f 1653 1657 1694 1693
f 1662 1664 1710 1709
f 1664 1665 1711 1710
f 1665 1666 1712 1711
f 1666 1667 1713 1712
f 1667 1668 1714 1713
f 1668 1669 1715 1714
f 1669 1670 1716 1715
f 1670 1671 1717 1716
f 1671 1672 1718 1717
f 1672 1673 1719 1718
f 1673 1674 1720 1719
f 1674 1675 1721 1720
f 1675 1676 1722 1721
f 1676 1677 1723 1722
f 1677 1678 1724 1723
f 1678 1679 1725 1724
f 1679 1680 1726 1725
f 1680 1681 1727 1726
f 1681 1682 1728 1727
f 1682 1683 1729 1728
f 1683 1684 1730 1729
f 1684 1685 1731 1730
f 1685 1686 1732 1731
f 1686 1687 1733 1732
f 1687 1688 1734 1733
f 1688 1689 1735 1734
f 1689 1690 1736 1735
f 1690 1691 1737 1736
f 1691 1692 1738 1737
f 1692 1693 1739 1738
f 1693 1694 1740 1739
f 1694 1697 1741 1740
f 1697 1701 1742 1741
f 1706 1708 1758 1757
f 1708 1709 1759 1758
f 1709 1710 1760 1759
f 1710 1711 1761 1760
f 1711 1712 1762 1761
f 1712 1713 1763 1762
f 1713 1714 1764 1763
f 1714 1715 1765 1764
f 1715 1716 1766 1765
f 1716 1717 1767 1766
f 1717 1718 1768 1767
f 1718 1719 1769 1768
f 1719 1720 1770 1769
f 1720 1721 1771 1770
f 1721 1722 1772 1771
f 1722 1723 1773 1772
f 1723 1724 1774 1773
f 1724 1725 1775 1774
f 1725 1726 1776 1775
f 1726 1727 1777 1776
f 1727 1728 1778 1777
f 1728 1729 1779 1778
f 1729 1730 1780 1779
f 1730 1731 1781 1780
f 1731 1732 1782 1781
f 1732 1733 1783 1782
f 1733 1734 1784 1783
f 1734 1735 1785 1784
f 1735 1736 1786 1785
f 1736 1737 1787 1786
f 1737 1738 1788 1787
f 1738 1739 1789 1788
f 1739 1740 1790 1789
f 1740 1741 1791 1790
f 1741 1742 1792 1791
f 1742 1745 1793 1792
f 1745 1749 1794 1793
f 1754 1756 1807 1806
f 1756 1757 1808 1807
f 1757 1758 1809 1808
f 1758 1759 1810 1809
f 1759 1760 1811 1810
f 1760 1761 1812 1811
f 1761 1762 1813 1812
f 1762 1763 1814 1813
f 1763 1764 1815 1814
f 1764 1765 1816 1815
f 1765 1766 1817 1816
f 1766 1767 1818 1817
f 1767 1768 1819 1818
f 1768 1769 1820 1819
f 1769 1770 1821 1820
f 1770 1771 1822 1821
f 1771 1772 1823 1822
f 1772 1773 1824 1823
f 1773 1774 1825 1824
f 1774 1775 1826 1825
f 1775 1776 1827 1826
f 1776 1777 1828 1827
f 1777 1778 1829 1828
f 1778 1779 1830 1829
f 1779 1780 1831 1830
f 1780 1781 1832 1831
f 1781 1782 1833 1832
f 1782 1783 1834 1833
f 1783 1784 1835 1834
f 1784 1785 1836 1835
f 1785 1786 1837 1836
f 1786 1787 1838 1837
f 1787 1788 1839 1838
f 1788 1789 1840 1839
f 1789 1790 1841 1840
f 1790 1791 1842 1841
f 1791 1792 1843 1842
f 1792 1793 1844 1843
f 1793 1794 1845 1844
f 1794 1797 1846 1845
f 1797 1801 1847 1846
f 1804 1806 1860 1859
f 1806 1807 1861 1860
f 1807 1808 1862 1861
f 1808 1809 1863 1862
f 1809 1810 1864 1863
f 1810 1811 1865 1864
f 1811 1812 1866 1865
f 1812 1813 1867 1866
f 1813 1814 1868 1867
f 1814 1815 1869 1868
f 1815 1816 1870 1869
f 1816 1817 1871 1870
f 1817 1818 1872 1871
f 1818 1819 1873 1872
f 1819 1820 1874 1873
f 1820 1821 1875 1874
f 1821 1822 1876 1875
f 1822 1823 1877 1876
f 1823 1824 1878 1877
f 1824 1825 1879 1878
f 1825 1826 1880 1879
f 1826 1827 1881 1880
f 1827 1828 1882 1881
f 1828 1829 1883 1882
f 1829 1830 1884 1883
f 1830 1831 1885 1884
f 1831 1832 1886 1885
f 1832 1833 1887 1886
f 1833 1834 1888 1887
f 1834 1835 1889 1888
f 1835 1836 1890 1889
f 1836 1837 1891 1890
f 1837 1838 1892 1891
f 1838 1839 1893 1892
f 1839 1840 1894 1893
f 1840 1841 1895 1894
f 1841 1842 1896 1895
f 1842 1843 1897 1896
f 1843 1844 1898 1897
f 1844 1845 1899 1898
f 1845 1846 1900 1899
f 1846 1847 1901 1900
f 1847 1851 1902 1901
f 1858 1859 1916 1915
f 1859 1860 1917 1916
f 1860 1861 1918 1917
f 1861 1862 1919 1918
f 1862 1863 1920 1919
f 1863 1864 1921 1920
f 1864 1865 1922 1921
f 1865 1866 1923 1922
f 1866 1867 1924 1923
f 1867 1868 1925 1924
f 1868 1869 1926 1925
f 1869 1870 1927 1926
f 1870 1871 1928 1927
f 1871 1872 1929 1928
f 1872 1873 1930 1929
f 1873 1874 1931 1930
f 1874 1875 1932 1931
f 1875 1876 1933 1932
f 1876 1877 1934 1933
f 1877 1878 1935 1934
f 1878 1879 1936 1935
f 1879 1880 1937 1936
f 1880 1881 1938 1937
f 1881 1882 1939 1938
f 1882 1883 1940 1939
f 1883 1884 1941 1940
f 1884 1885 1942 1941
f 1885 1886 1943 1942
f 1886 1887 1944 1943
f 1887 1888 1945 1944
f 1888 1889 1946 1945
f 1889 1890 1947 1946
f 1890 1891 1948 1947
f 1891 1892 1949 1948
f 1892 1893 1950 1949
f 1893 1894 1951 1950
f 1894 1895 1952 1951
f 1895 1896 1953 1952
f 1896 1897 1954 1953
f 1897 1898 1955 1954
f 1898 1899 1956 1955
f 1899 1900 1957 1956
f 1900 1901 1958 1957
f 1901 1902 1959 1958
f 1902 1905 1960 1959
f 1912 1914 1971 1970
f 1914 1915 1972 1971
f 1915 1916 1973 1972
f 1916 1917 1974 1973
f 1917 1918 1975 1974
f 1918 1919 1976 1975
f 1919 1920 1977 1976
f 1920 1921 1978 1977
f 1921 1922 1979 1978
f 1922 1923 1980 1979
f 1923 1924 1981 1980
f 1924 1925 1982 1981
f 1925 1926 1983 1982
f 1926 1927 1984 1983
f 1927 1928 1985 1984
f 1928 1929 1986 1985
f 1929 1930 1987 1986
f 1930 1931 1988 1987
f 1931 1932 1989 1988
f 1932 1933 1990 1989
f 1933 1934 1991 1990
f 1934 1935 1992 1991
f 1935 1936 1993 1992
f 1936 1937 1994 1993
f 1937 1938 1995 1994
f 1938 1939 1996 1995
f 1939 1940 1997 1996
f 1940 1941 1998 1997
f 1941 1942 1999 1998
f 1942 1943 2000 1999
f 1943 1944 2001 2000
f 1944 1945 2002 2001
f 1945 1946 2003 2002
f 1946 1947 2004 2003
f 1947 1948 2005 2004
f 1948 1949 2006 2005
f 1949 1950 2007 2006
f 1950 1951 2008 2007
f 1951 1952 2009 2008
f 1952 1953 2010 2009
f 1953 1954 2011 2010
f 1954 1955 2012 2011
f 1955 1956 2013 2012
f 1956 1957 2014 2013
f 1957 1958 2015 2014
f 1958 1959 2016 2015
f 1959 1960 2017 2016
f 1960 1961 2018 2017
f 1961 1965 2019 2018
f 1968 1970 2029 2028
f 1970 1971 2030 2029
f 1971 1972 2031 2030
f 1972 1973 2032 2031
f 1973 1974 2033 2032
f 1974 1975 2034 2033
f 1975 1976 2035 2034
f 1976 1977 2036 2035
f 1977 1978 2037 2036
f 1978 1979 2038 2037
f 1979 1980 2039 2038
f 1980 1981 2040 2039
f 1981 1982 2041 2040
f 1982 1983 2042 2041
f 1983 1984 2043 2042
f 1984 1985 2044 2043
f 1985 1986 2045 2044
f 1986 1987 2046 2045
f 1987 1988 2047 2046
f 1988 1989 2048 2047
f 1989 1990 2049 2048
f 1990 1991 2050 2049
f 1991 1992 2051 2050
f 1992 1993 2052 2051
f 1993 1994 2053 2052
f 1994 1995 2054 2053
f 1995 1996 2055 2054
f 1996 1997 2056 2055
f 1997 1998 2057 2056
f 1998 1999 2058 2057
f 1999 2000 2059 2058
f 2000 2001 2060 2059
f 2001 2002 2061 2060
f 2002 2003 2062 2061
f 2003 2004 2063 2062
f 2004 2005 2064 2063
f 2005 2006 2065 2064
f 2006 2007 2066 2065
f 2007 2008 2067 2066
f 2008 2009 2068 2067
f 2009 2010 2069 2068
f 2010 2011 2070 2069
f 2011 2012 2071 2070
f 2012 2013 2072 2071
f 2013 2014 2073 2072
f 2014 2015 2074 2073
f 2015 2016 2075 2074
f 2016 2017 2076 2075
f 2017 2018 2077 2076
f 2018 2019 2078 2077
f 2019 2023 2079 2078
f 2026 2028 2089 2088
f 2028 2029 2090 2089
f 2029 2030 2091 2090
f 2030 2031 2092 2091
f 2031 2032 2093 2092
f 2032 2033 2094 2093
f 2033 2034 2095 2094
f 2034 2035 2096 2095
f 2035 2036 2097 2096
f 2036 2037 2098 2097
f 2037 2038 2099 2098
f 2038 2039 2100 2099
f 2039 2040 2101 2100
f 2040 2041 2102 2101
f 2041 2042 2103 2102
f 2042 2043 2104 2103
f 2043 2044 2105 2104
f 2044 2045 2106 2105
f 2045 2046 2107 2106
f 2046 2047 2108 2107
f 2047 2048 2109 2108
f 2048 2049 2110 2109
f 2049 2050 2111 2110
f 2050 2051 2112 2111
f 2051 2052 2113 2112
f 2052 2053 2114 2113
f 2053 2054 2115 2114
f 2054 2055 2116 2115
f 2055 2056 2117 2116
f 2056 2057 2118 2117
f 2057 2058 2119 2118
f 2058 2059 2120 2119
f 2059 2060 2121 2120
f 2060 2061 2122 2121
f 2061 2062 2123 2122
f 2062 2063 2124 2123
f 2063 2064 2125 2124
f 2064 2065 2126 2125
f 2065 2066 2127 2126
f 2066 2067 2128 2127
f 2067 2068 2129 2128
f 2068 2069 2130 2129
f 2069 2070 2131 2130
f 2070 2071 2132 2131
f 2071 2072 2133 2132
f 2072 2073 2134 2133
f 2073 2074 2135 2134
f 2074 2075 2136 2135
f 2075 2076 2137 2136
f 2076 2077 2138 2137
f 2077 2078 2139 2138
f 2078 2079 2140 2139
f 2079 2083 2141 2140
f 2086 2088 2151 2150
f 2088 2089 2152 2151
f 2089 2090 2153 2152
f 2090 2091 2154 2153
f 2091 2092 2155 2154
f 2092 2093 2156 2155
f 2093 2094 2157 2156
f 2094 2095 2158 2157
f 2095 2096 2159 2158
f 2096 2097 2160 2159
f 2097 2098 2161 2160
f 2098 2099 2162 2161
f 2099 2100 2163 2162
f 2100 2101 2164 2163
f 2101 2102 2165 2164
f 2102 2103 2166 2165
f 2103 2104 2167 2166
f 2104 2105 2168 2167
f 2105 2106 2169 2168
f 2106 2107 2170 2169
f 2107 2108 2171 2170
f 2108 2109 2172 2171
f 2109 2110 2173 2172
f 2110 2111 2174 2173
f 2111 2112 2175 2174
f 2112 2113 2176 2175
f 2113 2114 2177 2176
f 2114 2115 2178 2177
f 2115 2116 2179 2178
f 2116 2117 2180 2179
f 2117 2118 2181 2180
f 2118 2119 2182 2181
f 2119 2120 2183 2182
f 2120 2121 2184 2183
f 2121 2122 2185 2184
f 2122 2123 2186 2185
f 2123 2124 2187 2186
f 2124 2125 2188 2187
f 2125 2126 2189 2188
f 2126 2127 2190 2189
f 2127 2128 2191 2190
f 2128 2129 2192 2191
f 2129 2130 2193 2192
f 2130 2131 2194 2193
f 2131 2132 2195 2194
f 2132 2133 2196 2195
f 2133 2134 2197 2196
f 2134 2135 2198 2197
f 2135 2136 2199 2198
f 2136 2137 2200 2199
f 2137 2138 2201 2200
f 2138 2139 2202 2201
f 2139 2140 2203 2202
f 2140 2141 2204 2203
f 2141 2145 2205 2204
f 2148 2150 2215 2214
f 2150 2151 2216 2215
f 2151 2152 2217 2216
f 2152 2153 2218 2217
f 2153 2154 2219 2218
f 2154 2155 2220 2219
f 2155 2156 2221 2220
f 2156 2157 2222 2221
f 2157 2158 2223 2222
f 2158 2159 2224 2223
f 2159 2160 2225 2224
f 2160 2161 2226 2225
f 2161 2162 2227 2226
f 2162 2163 2228 2227
f 2163 2164 2229 2228
f 2164 2165 2230 2229
f 2165 2166 2231 2230
f 2166 2167 2232 2231
f 2167 2168 2233 2232
f 2168 2169 2234 2233
f 2169 2170 2235 2234
f 2170 2171 2236 2235
f 2171 2172 2237 2236
f 2172 2173 2238 2237
f 2173 2174 2239 2238
f 2174 2175 2240 2239
f 2175 2176 2241 2240
f 2176 2177 2242 2241
f 2177 2178 2243 2242
f 2178 2179 2244 2243
f 2179 2180 2245 2244
f 2180 2181 2246 2245
f 2181 2182 2247 2246
f 2182 2183 2248 2247
f 2183 2184 2249 2248
f 2184 2185 2250 2249
f 2185 2186 2251 2250
f 2186 2187 2252 2251
f 2187 2188 2253 2252
f 2188 2189 2254 2253
f 2189 2190 2255 2254
f 2190 2191 2256 2255
f 2191 2192 2257 2256
f 2192 2193 2258 2257
f 2193 2194 2259 2258
f 2194 2195 2260 2259
f 2195 2196 2261 2260
f 2196 2197 2262 2261
f 2197 2198 2263 2262
f 2198 2199 2264 2263
f 2199 2200 2265 2264
f 2200 2201 2266 2265
f 2201 2202 2267 2266
f 2202 2203 2268 2267
f 2203 2204 2269 2268
f 2204 2205 2270 2269
f 2205 2209 2271 2270
f 2214 2215 2282 2281
f 2215 2216 2283 2282
f 2216 2217 2284 2283
f 2217 2218 2285 2284
f 2218 2219 2286 2285
f 2219 2220 2287 2286
f 2220 2221 2288 2287
f 2221 2222 2289 2288
f 2222 2223 2290 2289
f 2223 2224 2291 2290
f 2224 2225 2292 2291
f 2225 2226 2293 2292
f 2226 2227 2294 2293
f 2227 2228 2295 2294
f 2228 2229 2296 2295
f 2229 2230 2297 2296
f 2230 2231 2298 2297
f 2231 2232 2299 2298
f 2232 2233 2300 2299
f 2233 2234 2301 2300
f 2234 2235 2302 2301
f 2235 2236 2303 2302
f 2236 2237 2304 2303
f 2237 2238 2305 2304
f 2238 2239 2306 2305
f 2239 2240 2307 2306
f 2240 2241 2308 2307
f 2241 2242 2309 2308
f 2242 2243 2310 2309
f 2243 2244 2311 2310
f 2244 2245 2312 2311
f 2245 2246 2313 2312
f 2246 2247 2314 2313
f 2247 2248 2315 2314
f 2248 2249 2316 2315
f 2249 2250 2317 2316
f 2250 2251 2318 2317
f 2251 2252 2319 2318
f 2252 2253 2320 2319
f 2253 2254 2321 2320
f 2254 2255 2322 2321
f 2255 2256 2323 2322
f 2256 2257 2324 2323
f 2257 2258 2325 2324
f 2258 2259 2326 2325
f 2259 2260 2327 2326
f 2260 2261 2328 2327
f 2261 2262 2329 2328
f 2262 2263 2330 2329
f 2263 2264 2331 2330
f 2264 2265 2332 2331
f 2265 2266 2333 2332
f 2266 2267 2334 2333
f 2267 2268 2335 2334
f 2268 2269 2336 2335
f 2269 2270 2337 2336
f 2270 2271 2338 2337
f 2280 2281 2347 2346
f 2281 2282 2348 2347
f 2282 2283 2349 2348
f 2283 2284 2350 2349
f 2284 2285 2351 2350
f 2285 2286 2352 2351
f 2286 2287 2353 2352
f 2287 2288 2354 2353
f 2288 2289 2355 2354
f 2289 2290 2356 2355
f 2290 2291 2357 2356
f 2291 2292 2358 2357
f 2292 2293 2359 2358
f 2293 2294 2360 2359
f 2294 2295 2361 2360
f 2295 2296 2362 2361
f 2296 2297 2363 2362
f 2297 2298 2364 2363
f 2298 2299 2365 2364
f 2299 2300 2366 2365
f 2300 2301 2367 2366
f 2301 2302 2368 2367
f 2302 2303 2369 2368
f 2303 2304 2370 2369
f 2304 2305 2371 2370
f 2305 2306 2372 2371
f 2306 2307 2373 2372
f 2307 2308 2374 2373
f 2308 2309 2375 2374
f 2309 2310 2376 2375
f 2310 2311 2377 2376
f 2311 2312 2378 2377
f 2312 2313 2379 2378
f 2313 2314 2380 2379
f 2314 2315 2381 2380
f 2315 2316 2382 2381
f 2316 2317 2383 2382
f 2317 2318 2384 2383
f 2318 2319 2385 2384
f 2319 2320 2386 2385
f 2320 2321 2387 2386
f 2321 2322 2388 2387
f 2322 2323 2389 2388
f 2323 2324 2390 2389
f 2324 2325 2391 2390
f 2325 2326 2392 2391
f 2326 2327 2393 2392
f 2327 2328 2394 2393
f 2328 2329 2395 2394
f 2329 2330 2396 2395
f 2330 2331 2397 2396
f 2331 2332 2398 2397
f 2332 2333 2399 2398
f 2333 2334 2400 2399
f 2334 2335 2401 2400
f 2335 2336 2402 2401
f 2336 2337 2403 2402
f 2337 2338 2404 2403
f 2338 2339 2405 2404
f 2344 2346 2413 2412
f 2346 2347 2414 2413
f 2347 2348 2415 2414
f 2348 2349 2416 2415
f 2349 2350 2417 2416
f 2350 2351 2418 2417
f 2351 2352 2419 2418
f 2352 2353 2420 2419
f 2353 2354 2421 2420
f 2354 2355 2422 2421
f 2355 2356 2423 2422
f 2356 2357 2424 2423
f 2357 2358 2425 2424
f 2358 2359 2426 2425
f 2359 2360 2427 2426
f 2360 2361 2428 2427
f 2361 2362 2429 2428
f 2362 2363 2430 2429
f 2363 2364 2431 2430
f 2364 2365 2432 2431
f 2365 2366 2433 2432
f 2366 2367 2434 2433
f 2367 2368 2435 2434
f 2368 2369 2436 2435
f 2369 2370 2437 2436
f 2370 2371 2438 2437
f 2371 2372 2439 2438
f 2372 2373 2440 2439
f 2373 2374 2441 2440
f 2374 2375 2442 2441
f 2375 2376 2443 2442
f 2376 2377 2444 2443
f 2377 2378 2445 2444
f 2378 2379 2446 2445
f 2379 2380 2447 2446
f 2380 2381 2448 2447
f 2381 2382 2449 2448
f 2382 2383 2450 2449
f 2383 2384 2451 2450
f 2384 2385 2452 2451
f 2385 2386 2453 2452
f 2386 2387 2454 2453
f 2387 2388 2455 2454
f 2388 2389 2456 2455
f 2389 2390 2457 2456
f 2390 2391 2458 2457
f 2391 2392 2459 2458
f 2392 2393 2460 2459
f 2393 2394 2461 2460
f 2394 2395 2462 2461
f 2395 2396 2463 2462
f 2396 2397 2464 2463
f 2397 2398 2465 2464
f 2398 2399 2466 2465
f 2399 2400 2467 2466
f 2400 2401 2468 2467
f 2401 2402 2469 2468
f 2402 2403 2470 2469
f 2403 2404 2471 2470
f 2404 2405 2472 2471
f 2405 2407 2473 2472
f 2410 2412 2483 2482
f 2412 2413 2484 2483
f 2413 2414 2485 2484
f 2414 2415 2486 2485
f 2415 2416 2487 2486
f 2416 2417 2488 2487
f 2417 2418 2489 2488
f 2418 2419 2490 2489
f 2419 2420 2491 2490
f 2420 2421 2492 2491
f 2421 2422 2493 2492
f 2422 2423 2494 2493
f 2423 2424 2495 2494
f 2424 2425 2496 2495
f 2425 2426 2497 2496
f 2426 2427 2498 2497
f 2427 2428 2499 2498
f 2428 2429 2500 2499
f 2429 2430 2501 2500
f 2430 2431 2502 2501
f 2431 2432 2503 2502
f 2432 2433 2504 2503
f 2433 2434 2505 2504
f 2434 2435 2506 2505
f 2435 2436 2507 2506
f 2436 2437 2508 2507
f 2437 2438 2509 2508
f 2438 2439 2510 2509
f 2439 2440 2511 2510
f 2440 2441 2512 2511
f 2441 2442 2513 2512
f 2442 2443 2514 2513
f 2443 2444 2515 2514
f 2444 2445 2516 2515
f 2445 2446 2517 2516
f 2446 2447 2518 2517
f 2447 2448 2519 2518
f 2448 2449 2520 2519
f 2449 2450 2521 2520
f 2450 2451 2522 2521
f 2451 2452 2523 2522
f 2452 2453 2524 2523
f 2453 2454 2525 2524
f 2454 2455 2526 2525
f 2455 2456 2527 2526
f 2456 2457 2528 2527
f 2457 2458 2529 2528
f 2458 2459 2530 2529
f 2459 2460 2531 2530
f 2460 2461 2532 2531
f 2461 2462 2533 2532
f 2462 2463 2534 2533
f 2463 2464 2535 2534
f 2464 2465 2536 2535
f 2465 2466 2537 2536
f 2466 2467 2538 2537
f 2467 2468 2539 2538
f 2468 2469 2540 2539
f 2469 2470 2541 2540
f 2470 2471 2542 2541
f 2471 2472 2543 2542
f 2472 2473 2544 2543
f 2473 2477 2545 2544
f 2482 2483 2553 2552
f 2483 2484 2554 2553
f 2484 2485 2555 2554
f 2485 2486 2556 2555
f 2486 2487 2557 2556
f 2487 2488 2558 2557
f 2488 2489 2559 2558
f 2489 2490 2560 2559
f 2490 2491 2561 2560
f 2491 2492 2562 2561
f 2492 2493 2563 2562
f 2493 2494 2564 2563
f 2494 2495 2565 2564
f 2495 2496 2566 2565
f 2496 2497 2567 2566
f 2497 2498 2568 2567
f 2498 2499 2569 2568
f 2499 2500 2570 2569
f 2500 2501 2571 2570
f 2501 2502 2572 2571
f 2502 2503 2573 2572
f 2503 2504 2574 2573
f 2504 2505 2575 2574
f 2505 2506 2576 2575
f 2506 2507 2577 2576
f 2507 2508 2578 2577
f 2508 2509 2579 2578
f 2509 2510 2580 2579
f 2510 2511 2581 2580
f 2511 2512 2582 2581
f 2512 2513 2583 2582
f 2513 2514 2584 2583
f 2514 2515 2585 2584
f 2515 2516 2586 2585
f 2516 2517 2587 2586
f 2517 2518 2588 2587
f 2518 2519 2589 2588
f 2519 2520 2590 2589
f 2520 2521 2591 2590
f 2521 2522 2592 2591
f 2522 2523 2593 2592
f 2523 2524 2594 2593
f 2524 2525 2595 2594
f 2525 2526 2596 2595
f 2526 2527 2597 2596
f 2527 2528 2598 2597
f 2528 2529 2599 2598
f 2529 2530 2600 2599
f 2530 2531 2601 2600
f 2531 2532 2602 2601
f 2532 2533 2603 2602
f 2533 2534 2604 2603
f 2534 2535 2605 2604
f 2535 2536 2606 2605
f 2536 2537 2607 2606
f 2537 2538 2608 2607
f 2538 2539 2609 2608
f 2539 2540 2610 2609
f 2540 2541 2611 2610
f 2541 2542 2612 2611
f 2542 2543 2613 2612
f 2543 2544 2614 2613
f 2544 2545 2615 2614
f 2550 2552 2623 2622
f 2552 2553 2624 2623
f 2553 2554 2625 2624
f 2554 2555 2626 2625
f 2555 2556 2627 2626
f 2556 2557 2628 2627
f 2557 2558 2629 2628
f 2558 2559 2630 2629
f 2559 2560 2631 2630
f 2560 2561 2632 2631
f 2561 2562 2633 2632
f 2562 2563 2634 2633
f 2563 2564 2635 2634
f 2564 2565 2636 2635
f 2565 2566 2637 2636
f 2566 2567 2638 2637
f 2567 2568 2639 2638
f 2568 2569 2640 2639
f 2569 2570 2641 2640
f 2570 2571 2642 2641
f 2571 2572 2643 2642
f 2572 2573 2644 2643
f 2573 2574 2645 2644
f 2574 2575 2646 2645
f 2575 2576 2647 2646
f 2576 2577 2648 2647
f 2577 2578 2649 2648
f 2578 2579 2650 2649
f 2579 2580 2651 2650
f 2580 2581 2652 2651
f 2581 2582 2653 2652
f 2582 2583 2654 2653
f 2583 2584 2655 2654
f 2584 2585 2656 2655
f 2585 2586 2657 2656
f 2586 2587 2658 2657
f 2587 2588 2659 2658
f 2588 2589 2660 2659
f 2589 2590 2661 2660
f 2590 2591 2662 2661
f 2591 2592 2663 2662
f 2592 2593 2664 2663
f 2593 2594 2665 2664
f 2594 2595 2666 2665
f 2595 2596 2667 2666
f 2596 2597 2668 2667
f 2597 2598 2669 2668
f 2598 2599 2670 2669
f 2599 2600 2671 2670
f 2600 2601 2672 2671
f 2601 2602 2673 2672
f 2602 2603 2674 2673
f 2603 2604 2675 2674
f 2604 2605 2676 2675
f 2605 2606 2677 2676
f 2606 2607 2678 2677
f 2607 2608 2679 2678
f 2608 2609 2680 2679
f 2609 2610 2681 2680
f 2610 2611 2682 2681
f 2611 2612 2683 2682
f 2612 2613 2684 2683
f 2613 2614 2685 2684
f 2614 2615 2686 2685
f 2615 2617 2687 2686
f 2622 2623 2695 2694
f 2623 2624 2696 2695
f 2624 2625 2697 2696
f 2625 2626 2698 2697
f 2626 2627 2699 2698
f 2627 2628 2700 2699
f 2628 2629 2701 2700
f 2629 2630 2702 2701
f 2630 2631 2703 2702
f 2631 2632 2704 2703
f 2632 2633 2705 2704
f 2633 2634 2706 2705
f 2634 2635 2707 2706
f 2635 2636 2708 2707
f 2636 2637 2709 2708
f 2637 2638 2710 2709
f 2638 2639 2711 2710
f 2639 2640 2712 2711
f 2640 2641 2713 2712
f 2641 2642 2714 2713
f 2642 2643 2715 2714
f 2643 2644 2716 2715
f 2644 2645 2717 2716
f 2645 2646 2718 2717
f 2646 2647 2719 2718
f 2647 2648 2720 2719
f 2648 2649 2721 2720
f 2649 2650 2722 2721
f 2650 2651 2723 2722
f 2651 2652 2724 2723
f 2652 2653 2725 2724
f 2653 2654 2726 2725
f 2654 2655 2727 2726
f 2655 2656 2728 2727
f 2656 2657 2729 2728
f 2657 2658 2730 2729
f 2658 2659 2731 2730
f 2659 2660 2732 2731
f 2660 2661 2733 2732
f 2661 2662 2734 2733
f 2662 2663 2735 2734
f 2663 2664 2736 2735
f 2664 2665 2737 2736
f 2665 2666 2738 2737
f 2666 2667 2739 2738
f 2667 2668 2740 2739
f 2668 2669 2741 2740
f 2669 2670 2742 2741
f 2670 2671 2743 2742
f 2671 2672 2744 2743
f 2672 2673 2745 2744
f 2673 2674 2746 2745
f 2674 2675 2747 2746
f 2675 2676 2748 2747
f 2676 2677 2749 2748
f 2677 2678 2750 2749
f 2678 2679 2751 2750
f 2679 2680 2752 2751
f 2680 2681 2753 2752
f 2681 2682 2754 2753
f 2682 2683 2755 2754
f 2683 2684 2756 2755
f 2684 2685 2757 2756
f 2685 2686 2758 2757
f 2686 2687 2759 2758
f 2692 2694 2767 2766
f 2694 2695 2768 2767
f 2695 2696 2769 2768
f 2696 2697 2770 2769
f 2697 2698 2771 2770
f 2698 2699 2772 2771
f 2699 2700 2773 2772
f 2700 2701 2774 2773
f 2701 2702 2775 2774
f 2702 2703 2776 2775
f 2703 2704 2777 2776
f 2704 2705 2778 2777
f 2705 2706 2779 2778
f 2706 2707 2780 2779
f 2707 2708 2781 2780
f 2708 2709 2782 2781
f 2709 2710 2783 2782
f 2710 2711 2784 2783
f 2711 2712 2785 2784
f 2712 2713 2786 2785
f 2713 2714 2787 2786
f 2714 2715 2788 2787
f 2715 2716 2789 2788
f 2716 2717 2790 2789
f 2717 2718 2791 2790
f 2718 2719 2792 2791
f 2719 2720 2793 2792
f 2720 2721 2794 2793
f 2721 2722 2795 2794
f 2722 2723 2796 2795
f 2723 2724 2797 2796
f 2724 2725 2798 2797
f 2725 2726 2799 2798
f 2726 2727 2800 2799
f 2727 2728 2801 2800
f 2728 2729 2802 2801
f 2729 2730 2803 2802
f 2730 2731 2804 2803
f 2731 2732 2805 2804
f 2732 2733 2806 2805
f 2733 2734 2807 2806
f 2734 2735 2808 2807
f 2735 2736 2809 2808
f 2736 2737 2810 2809
f 2737 2738 2811 2810
f 2738 2739 2812 2811
f 2739 2740 2813 2812
f 2740 2741 2814 2813
f 2741 2742 2815 2814
f 2742 2743 2816 2815
f 2743 2744 2817 2816
f 2744 2745 2818 2817
f 2745 2746 2819 2818
f 2746 2747 2820 2819
f 2747 2748 2821 2820
f 2748 2749 2822 2821
f 2749 2750 2823 2822
f 2750 2751 2824 2823
f 2751 2752 2825 2824
f 2752 2753 2826 2825
f 2753 2754 2827 2826
f 2754 2755 2828 2827
f 2755 2756 2829 2828
f 2756 2757 2830 2829
f 2757 2758 2831 2830
f 2758 2759 2832 2831
f 2759 2761 2833 2832
f 2766 2767 2841 2840
f 2767 2768 2842 2841
f 2768 2769 2843 2842
f 2769 2770 2844 2843
f 2770 2771 2845 2844
f 2771 2772 2846 2845
f 2772 2773 2847 2846
f 2773 2774 2848 2847
f 2774 2775 2849 2848
f 2775 2776 2850 2849
f 2776 2777 2851 2850
f 2777 2778 2852 2851
f 2778 2779 2853 2852
f 2779 2780 2854 2853
f 2780 2781 2855 2854
f 2781 2782 2856 2855
f 2782 2783 2857 2856
f 2783 2784 2858 2857
f 2784 2785 2859 2858
f 2785 2786 2860 2859
f 2786 2787 2861 2860
f 2787 2788 2862 2861
f 2788 2789 2863 2862
f 2789 2790 2864 2863
f 2790 2791 2865 2864
f 2791 2792 2866 2865
f 2792 2793 2867 2866
f 2793 2794 2868 2867
f 2794 2795 2869 2868
f 2795 2796 2870 2869
f 2796 2797 2871 2870
f 2797 2798 2872 2871
f 2798 2799 2873 2872
f 2799 2800 2874 2873
f 2800 2801 2875 2874
f 2801 2802 2876 2875
f 2802 2803 2877 2876
f 2803 2804 2878 2877
f 2804 2805 2879 2878
f 2805 2806 2880 2879
f 2806 2807 2881 2880
f 2807 2808 2882 2881
f 2808 2809 2883 2882
f 2809 2810 2884 2883
f 2810 2811 2885 2884
f 2811 2812 2886 2885
f 2812 2813 2887 2886
f 2813 2814 2888 2887
f 2814 2815 2889 2888
f 2815 2816 2890 2889
f 2816 2817 2891 2890
f 2817 2818 2892 2891
f 2818 2819 2893 2892
f 2819 2820 2894 2893
f 2820 2821 2895 2894
f 2821 2822 2896 2895
f 2822 2823 2897 2896
f 2823 2824 2898 2897
f 2824 2825 2899 2898
f 2825 2826 2900 2899
f 2826 2827 2901 2900
f 2827 2828 2902 2901
f 2828 2829 2903 2902
f 2829 2830 2904 2903
f 2830 2831 2905 2904
f 2831 2832 2906 2905
f 2832 2833 2907 2906
f 2838 2840 2915 2914
f 2840 2841 2916 2915
f 2841 2842 2917 2916
f 2842 2843 2918 2917
f 2843 2844 2919 2918
f 2844 2845 2920 2919
f 2845 2846 2921 2920
f 2846 2847 2922 2921
f 2847 2848 2923 2922
f 2848 2849 2924 2923
f 2849 2850 2925 2924
f 2850 2851 2926 2925
f 2851 2852 2927 2926
f 2852 2853 2928 2927
f 2853 2854 2929 2928
f 2854 2855 2930 2929
f 2855 2856 2931 2930
f 2856 2857 2932 2931
f 2857 2858 2933 2932
f 2858 2859 2934 2933
f 2859 2860 2935 2934
f 2860 2861 2936 2935
f 2861 2862 2937 2936
f 2862 2863 2938 2937
f 2863 2864 2939 2938
f 2864 2865 2940 2939
f 2865 2866 2941 2940
f 2866 2867 2942 2941
f 2867 2868 2943 2942
f 2868 2869 2944 2943
f 2869 2870 2945 2944
f 2870 2871 2946 2945
f 2871 2872 2947 2946
f 2872 2873 2948 2947
f 2873 2874 2949 2948
f 2874 2875 2950 2949
f 2875 2876 2951 2950
f 2876 2877 2952 2951
f 2877 2878 2953 2952
f 2878 2879 2954 2953
f 2879 2880 2955 2954
f 2880 2881 2956 2955
f 2881 2882 2957 2956
f 2882 2883 2958 2957
f 2883 2884 2959 2958
f 2884 2885 2960 2959
f 2885 2886 2961 2960
f 2886 2887 2962 2961
f 2887 2888 2963 2962
f 2888 2889 2964 2963
f 2889 2890 2965 2964
f 2890 2891 2966 2965
f 2891 2892 2967 2966
f 2892 2893 2968 2967
f 2893 2894 2969 2968
f 2894 2895 2970 2969
f 2895 2896 2971 2970
f 2896 2897 2972 2971
f 2897 2898 2973 2972
f 2898 2899 2974 2973
f 2899 2900 2975 2974
f 2900 2901 2976 2975
f 2901 2902 2977 2976
f 2902 2903 2978 2977
f 2903 2904 2979 2978
f 2904 2905 2980 2979
f 2905 2906 2981 2980
f 2906 2907 2982 2981
f 2907 2909 2983 2982
f 2914 2915 2991 2990
f 2915 2916 2992 2991
f 2916 2917 2993 2992
f 2917 2918 2994 2993
f 2918 2919 2995 2994
f 2919 2920 2996 2995
f 2920 2921 2997 2996
f 2921 2922 2998 2997
f 2922 2923 2999 2998
f 2923 2924 3000 2999
f 2924 2925 3001 3000
f 2925 2926 3002 3001
f 2926 2927 3003 3002
f 2927 2928 3004 3003
f 2928 2929 3005 3004
f 2929 2930 3006 3005
f 2930 2931 3007 3006
f 2931 2932 3008 3007
f 2932 2933 3009 3008
f 2933 2934 3010 3009
f 2934 2935 3011 3010
f 2935 2936 3012 3011
f 2936 2937 3013 3012
f 2937 2938 3014 3013
f 2938 2939 3015 3014
f 2939 2940 3016 3015
f 2940 2941 3017 3016
f 2941 2942 3018 3017
f 2942 2943 3019 3018
f 2943 2944 3020 3019
f 2944 2945 3021 3020
f 2945 2946 3022 3021
f 2946 2947 3023 3022
f 2947 2948 3024 3023
f 2948 2949 3025 3024
f 2949 2950 3026 3025
f 2950 2951 3027 3026
f 2951 2952 3028 3027
f 2952 2953 3029 3028
f 2953 2954 3030 3029
f 2954 2955 3031 3030
f 2955 2956 3032 3031
f 2956 2957 3033 3032
f 2957 2958 3034 3033
f 2958 2959 3035 3034
f 2959 2960 3036 3035
f 2960 2961 3037 3036
f 2961 2962 3038 3037
f 2962 2963 3039 3038
f 2963 2964 3040 3039
f 2964 2965 3041 3040
f 2965 2966 3042 3041
f 2966 2967 3043 3042
f 2967 2968 3044 3043
f 2968 2969 3045 3044
f 2969 2970 3046 3045
f 2970 2971 3047 3046
f 2971 2972 3048 3047
f 2972 2973 3049 3048
f 2973 2974 3050 3049
f 2974 2975 3051 3050
f 2975 2976 3052 3051
f 2976 2977 3053 3052
f 2977 2978 3054 3053
f 2978 2979 3055 3054
f 2979 2980 3056 3055
f 2980 2981 3057 3056
f 2981 2982 3058 3057
f 2982 2983 3059 3058
f 2988 2990 3067 3066
f 2990 2991 3068 3067
f 2991 2992 3069 3068
f 2992 2993 3070 3069
f 2993 2994 3071 3070
f 2994 2995 3072 3071
f 2995 2996 3073 3072
f 2996 2997 3074 3073
f 2997 2998 3075 3074
f 2998 2999 3076 3075
f 2999 3000 3077 3076
f 3000 3001 3078 3077
f 3001 3002 3079 3078
f 3002 3003 3080 3079
f 3003 3004 3081 3080
f 3004 3005 3082 3081
f 3005 3006 3083 3082
f 3006 3007 3084 3083
f 3007 3008 3085 3084
f 3008 3009 3086 3085
f 3009 3010 3087 3086
f 3010 3011 3088 3087
f 3011 3012 3089 3088
f 3012 3013 3090 3089
f 3013 3014 3091 3090
f 3014 3015 3092 3091
f 3015 3016 3093 3092
f 3016 3017 3094 3093
f 3017 3018 3095 3094
f 3018 3019 3096 3095
f 3019 3020 3097 3096
f 3020 3021 3098 3097
f 3021 3022 3099 3098
f 3022 3023 3100 3099
f 3023 3024 3101 3100
f 3024 3025 3102 3101
f 3025 3026 3103 3102
f 3026 3027 3104 3103
f 3027 3028 3105 3104
f 3028 3029 3106 3105
f 3029 3030 3107 3106
f 3030 3031 3108 3107
f 3031 3032 3109 3108
f 3032 3033 3110 3109
f 3033 3034 3111 3110
f 3034 3035 3112 3111
f 3035 3036 3113 3112
f 3036 3037 3114 3113
f 3037 3038 3115 3114
f 3038 3039 3116 3115
f 3039 3040 3117 3116
f 3040 3041 3118 3117
f 3041 3042 3119 3118
f 3042 3043 3120 3119
f 3043 3044 3121 3120
f 3044 3045 3122 3121
f 3045 3046 3123 3122
f 3046 3047 3124 3123
f 3047 3048 3125 3124
f 3048 3049 3126 3125
f 3049 3050 3127 3126
f 3050 3051 3128 3127
f 3051 3052 3129 3128
f 3052 3053 3130 3129
f 3053 3054 3131 3130
f 3054 3055 3132 3131
f 3055 3056 3133 3132
f 3056 3057 3134 3133
f 3057 3058 3135 3134
f 3058 3059 3136 3135
f 3059 3061 3137 3136
f 3066 3067 3145 3144
f 3067 3068 3146 3145
f 3068 3069 3147 3146
f 3069 3070 3148 3147
f 3070 3071 3149 3148
f 3071 3072 3150 3149
f 3072 3073 3151 3150
f 3073 3074 3152 3151
f 3074 3075 3153 3152
f 3075 3076 3154 3153
f 3076 3077 3155 3154
f 3077 3078 3156 3155
f 3078 3079 3157 3156
f 3079 3080 3158 3157
f 3080 3081 3159 3158
f 3081 3082 3160 3159
f 3082 3083 3161 3160
f 3083 3084 3162 3161
f 3084 3085 3163 3162
f 3085 3086 3164 3163
f 3086 3087 3165 3164
f 3087 3088 3166 3165
f 3088 3089 3167 3166
f 3089 3090 3168 3167
f 3090 3091 3169 3168
f 3091 3092 3170 3169
f 3092 3093 3171 3170
f 3093 3094 3172 3171
f 3094 3095 3173 3172
f 3095 3096 3174 3173
f 3096 3097 3175 3174
f 3097 3098 3176 3175
f 3098 3099 3177 3176
f 3099 3100 3178 3177
f 3100 3101 3179 3178
f 3101 3102 3180 3179
f 3102 3103 3181 3180
f 3103 3104 3182 3181
f 3104 3105 3183 3182
f 3105 3106 3184 3183
f 3106 3107 3185 3184
f 3107 3108 3186 3185
f 3108 3109 3187 3186
f 3109 3110 3188 3187
f 3110 3111 3189 3188
f 3111 3112 3190 3189
f 3112 3113 3191 3190
f 3113 3114 3192 3191
f 3114 3115 3193 3192
f 3115 3116 3194 3193
f 3116 3117 3195 3194
f 3117 3118 3196 3195
f 3118 3119 3197 3196
f 3119 3120 3198 3197
f 3120 3121 3199 3198
f 3121 3122 3200 3199
f 3122 3123 3201 3200
f 3123 3124 3202 3201
f 3124 3125 3203 3202
f 3125 3126 3204 3203
f 3126 3127 3205 3204
f 3127 3128 3206 3205
f 3128 3129 3207 3206
f 3129 3130 3208 3207
f 3130 3131 3209 3208
f 3131 3132 3210 3209
f 3132 3133 3211 3210
f 3133 3134 3212 3211
f 3134 3135 3213 3212
f 3135 3136 3214 3213
f 3136 3137 3215 3214
f 3144 3145 3221 3220
f 3145 3146 3222 3221
f 3146 3147 3223 3222
f 3147 3148 3224 3223
f 3148 3149 3225 3224
f 3149 3150 3226 3225
f 3150 3151 3227 3226
f 3151 3152 3228 3227
f 3152 3153 3229 3228
f 3153 3154 3230 3229
f 3154 3155 3231 3230
f 3155 3156 3232 3231
f 3156 3157 3233 3232
f 3157 3158 3234 3233
f 3158 3159 3235 3234
f 3159 3160 3236 3235
f 3160 3161 3237 3236
f 3161 3162 3238 3237
f 3162 3163 3239 3238
f 3163 3164 3240 3239
f 3164 3165 3241 3240
f 3165 3166 3242 3241
f 3166 3167 3243 3242
f 3167 3168 3244 3243
f 3168 3169 3245 3244
f 3169 3170 3246 3245
f 3170 3171 3247 3246
f 3171 3172 3248 3247
f 3172 3173 3249 3248
f 3173 3174 3250 3249
f 3174 3175 3251 3250
f 3175 3176 3252 3251
f 3176 3177 3253 3252
f 3177 3178 3254 3253
f 3178 3179 3255 3254
f 3179 3180 3256 3255
f 3180 3181 3257 3256
f 3181 3182 3258 3257
f 3182 3183 3259 3258
f 3183 3184 3260 3259
f 3184 3185 3261 3260
f 3185 3186 3262 3261
f 3186 3187 3263 3262
f 3187 3188 3264 3263
f 3188 3189 3265 3264
f 3189 3190 3266 3265
f 3190 3191 3267 3266
f 3191 3192 3268 3267
f 3192 3193 3269 3268
f 3193 3194 3270 3269
f 3194 3195 3271 3270
f 3195 3196 3272 3271
f 3196 3197 3273 3272
f 3197 3198 3274 3273
f 3198 3199 3275 3274
f 3199 3200 3276 3275
f 3200 3201 3277 3276
f 3201 3202 3278 3277
f 3202 3203 3279 3278
f 3203 3204 3280 3279
f 3204 3205 3281 3280
f 3205 3206 3282 3281
f 3206 3207 3283 3282
f 3207 3208 3284 3283
f 3208 3209 3285 3284
f 3209 3210 3286 3285
f 3210 3211 3287 3286
f 3211 3212 3288 3287
f 3212 3213 3289 3288
f 3213 3214 3290 3289
f 3214 3215 3291 3290
f 3220 3221 3297 3296
f 3221 3222 3298 3297
f 3222 3223 3299 3298
f 3223 3224 3300 3299
f 3224 3225 3301 3300
f 3225 3226 3302 3301
f 3226 3227 3303 3302
f 3227 3228 3304 3303
f 3228 3229 3305 3304
f 3229 3230 3306 3305
f 3230 3231 3307 3306
f 3231 3232 3308 3307
f 3232 3233 3309 3308
f 3233 3234 3310 3309
f 3234 3235 3311 3310
f 3235 3236 3312 3311
f 3236 3237 3313 3312
f 3237 3238 3314 3313
f 3238 3239 3315 3314
f 3239 3240 3316 3315
f 3240 3241 3317 3316
f 3241 3242 3318 3317
f 3242 3243 3319 3318
f 3243 3244 3320 3319
f 3244 3245 3321 3320
f 3245 3246 3322 3321
f 3246 3247 3323 3322
f 3247 3248 3324 3323
f 3248 3249 3325 3324
f 3249 3250 3326 3325
f 3250 3251 3327 3326
f 3251 3252 3328 3327
f 3252 3253 3329 3328
f 3253 3254 3330 3329
f 3254 3255 3331 3330
f 3255 3256 3332 3331
f 3256 3257 3333 3332
f 3257 3258 3334 3333
f 3258 3259 3335 3334
f 3259 3260 3336 3335
f 3260 3261 3337 3336
f 3261 3262 3338 3337
f 3262 3263 3339 3338
f 3263 3264 3340 3339
f 3264 3265 3341 3340
f 3265 3266 3342 3341
f 3266 3267 3343 3342
f 3267 3268 3344 3343
f 3268 3269 3345 3344
f 3269 3270 3346 3345
f 3270 3271 3347 3346
f 3271 3272 3348 3347
f 3272 3273 3349 3348
f 3273 3274 3350 3349
f 3274 3275 3351 3350
f 3275 3276 3352 3351
f 3276 3277 3353 3352
f 3277 3278 3354 3353
f 3278 3279 3355 3354
f 3279 3280 3356 3355
f 3280 3281 3357 3356
f 3281 3282 3358 3357
f 3282 3283 3359 3358
f 3283 3284 3360 3359
f 3284 3285 3361 3360
f 3285 3286 3362 3361
f 3286 3287 3363 3362
f 3287 3288 3364 3363
f 3288 3289 3365 3364
f 3289 3290 3366 3365
f 3290 3291 3367 3366
f 3294 3296 3375 3374
f 3296 3297 3376 3375
f 3297 3298 3377 3376
f 3298 3299 3378 3377
f 3299 3300 3379 3378
f 3300 3301 3380 3379
f 3301 3302 3381 3380
f 3302 3303 3382 3381
f 3303 3304 3383 3382
f 3304 3305 3384 3383
f 3305 3306 3385 3384
f 3306 3307 3386 3385
f 3307 3308 3387 3386
f 3308 3309 3388 3387
f 3309 3310 3389 3388
f 3310 3311 3390 3389
f 3311 3312 3391 3390
f 3312 3313 3392 3391
f 3313 3314 3393 3392
f 3314 3315 3394 3393
f 3315 3316 3395 3394
f 3316 3317 3396 3395
f 3317 3318 3397 3396
f 3318 3319 3398 3397
f 3319 3320 3399 3398
f 3320 3321 3400 3399
f 3321 3322 3401 3400
f 3322 3323 3402 3401
f 3323 3324 3403 3402
f 3324 3325 3404 3403
f 3325 3326 3405 3404
f 3326 3327 3406 3405
f 3327 3328 3407 3406
f 3328 3329 3408 3407
f 3329 3330 3409 3408
f 3330 3331 3410 3409
f 3331 3332 3411 3410
f 3332 3333 3412 3411
f 3333 3334 3413 3412
f 3334 3335 3414 3413
f 3335 3336 3415 3414
f 3336 3337 3416 3415
f 3337 3338 3417 3416
f 3338 3339 3418 3417
f 3339 3340 3419 3418
f 3340 3341 3420 3419
f 3341 3342 3421 3420
f 3342 3343 3422 3421
f 3343 3344 3423 3422
f 3344 3345 3424 3423
f 3345 3346 3425 3424
f 3346 3347 3426 3425
f 3347 3348 3427 3426
f 3348 3349 3428 3427
f 3349 3350 3429 3428
f 3350 3351 3430 3429
f 3351 3352 3431 3430
f 3352 3353 3432 3431
f 3353 3354 3433 3432
f 3354 3355 3434 3433
f 3355 3356 3435 3434
f 3356 3357 3436 3435
f 3357 3358 3437 3436
f 3358 3359 3438 3437
f 3359 3360 3439 3438
f 3360 3361 3440 3439
f 3361 3362 3441 3440
f 3362 3363 3442 3441
f 3363 3364 3443 3442
f 3364 3365 3444 3443
f 3365 3366 3445 3444
f 3366 3367 3446 3445
f 3367 3369 3447 3446
f 3374 3375 3455 3454
f 3375 3376 3456 3455
f 3376 3377 3457 3456
f 3377 3378 3458 3457
f 3378 3379 3459 3458
f 3379 3380 3460 3459
f 3380 3381 3461 3460
f 3381 3382 3462 3461
f 3382 3383 3463 3462
f 3383 3384 3464 3463
f 3384 3385 3465 3464
f 3385 3386 3466 3465
f 3386 3387 3467 3466
f 3387 3388 3468 3467
f 3388 3389 3469 3468
f 3389 3390 3470 3469
f 3390 3391 3471 3470
f 3391 3392 3472 3471
f 3392 3393 3473 3472
f 3393 3394 3474 3473
f 3394 3395 3475 3474
f 3395 3396 3476 3475
f 3396 3397 3477 3476
f 3397 3398 3478 3477
f 3398 3399 3479 3478
f 3399 3400 3480 3479
f 3400 3401 3481 3480
f 3401 3402 3482 3481
f 3402 3403 3483 3482
f 3403 3404 86 3483
f 3404 3405 87 86
f 3405 3406 118 87
f 3406 3407 148 118
f 3407 3408 178 148
f 3408 3409 208 178
f 3409 3410 238 208
f 3410 3411 268 238
f 3411 3412 298 268
f 3412 3413 328 298
f 3413 3414 358 328
f 3414 3415 388 358
f 3415 3416 445 388
f 3416 3417 3484 445
f 3417 3418 3485 3484
f 3418 3419 3486 3485
f 3419 3420 3487 3486
f 3420 3421 3488 3487
f 3421 3422 3489 3488
f 3422 3423 3490 3489
f 3423 3424 3491 3490
f 3424 3425 3492 3491
f 3425 3426 3493 3492
f 3426 3427 3494 3493
f 3427 3428 3495 3494
f 3428 3429 3496 3495
f 3429 3430 3497 3496
f 3430 3431 3498 3497
f 3431 3432 3499 3498
f 3432 3433 3500 3499
f 3433 3434 3501 3500
f 3434 3435 3502 3501
f 3435 3436 3503 3502
f 3436 3437 3504 3503
f 3437 3438 3505 3504
f 3438 3439 3506 3505
f 3439 3440 3507 3506
f 3440 3441 3508 3507
f 3441 3442 3509 3508
f 3442 3443 3510 3509
f 3443 3444 3511 3510
f 3444 3445 3512 3511
f 3445 3446 3513 3512
f 3446 3447 3514 3513
f 3454 3455 3520 3519
f 3455 3456 3521 3520
f 3456 3457 3522 3521
f 3457 3458 3523 3522
f 3458 3459 3524 3523
f 3459 3460 3525 3524
f 3460 3461 3526 3525
f 3461 3462 3527 3526
f 3462 3463 3528 3527
f 3463 3464 3529 3528
f 3464 3465 3530 3529
f 3465 3466 3531 3530
f 3466 3467 3532 3531
f 3467 3468 3533 3532
f 3468 3469 3534 3533
f 3469 3470 3535 3534
f 3470 3471 3536 3535
f 3471 3472 3537 3536
f 3472 3473 3538 3537
f 3473 3474 3539 3538
f 3474 3475 3540 3539
f 3475 3476 3541 3540
f 3476 3477 3542 3541
f 3477 3478 3543 3542
f 3478 3479 3544 3543
f 3479 3480 3545 3544
f 3480 3481 3546 3545
f 3481 3482 3547 3546
f 3482 3483 3548 3547
f 3483 86 88 3548
f 445 3484 3549 446
f 3484 3485 3550 3549
f 3485 3486 3551 3550
f 3486 3487 3552 3551
f 3487 3488 3553 3552
f 3488 3489 3554 3553
f 3489 3490 3555 3554
f 3490 3491 3556 3555
f 3491 3492 3557 3556
f 3492 3493 3558 3557
f 3493 3494 3559 3558
f 3494 3495 3560 3559
f 3495 3496 3561 3560
f 3496 3497 3562 3561
f 3497 3498 3563 3562
f 3498 3499 3564 3563
f 3499 3500 3565 3564
f 3500 3501 3566 3565
f 3501 3502 3567 3566
f 3502 3503 3568 3567
f 3503 3504 3569 3568
f 3504 3505 3570 3569
f 3505 3506 3571 3570
f 3506 3507 3572 3571
f 3507 3508 3573 3572
f 3508 3509 3574 3573
f 3509 3510 3575 3574
f 3510 3511 3576 3575
f 3511 3512 3577 3576
f 3512 3513 3578 3577
f 3513 3514 3579 3578
f 3519 3520 3585 3584
f 3520 3521 3586 3585
f 3521 3522 3587 3586
f 3522 3523 3588 3587
f 3523 3524 3589 3588
f 3524 3525 3590 3589
f 3525 3526 3591 3590
f 3526 3527 3592 3591
f 3527 3528 3593 3592
f 3528 3529 3594 3593
f 3529 3530 3595 3594
f 3530 3531 3596 3595
f 3531 3532 3597 3596
f 3532 3533 3598 3597
f 3533 3534 3599 3598
f 3534 3535 3600 3599
f 3535 3536 3601 3600
f 3536 3537 3602 3601
f 3537 3538 3603 3602
f 3538 3539 3604 3603
f 3539 3540 3605 3604
f 3540 3541 3606 3605
f 3541 3542 3607 3606
f 3542 3543 3608 3607
f 3543 3544 3609 3608
f 3544 3545 3610 3609
f 3545 3546 3611 3610
f 3546 3547 3612 3611
f 3547 3548 3613 3612
f 3548 88 476 3613
f 446 3549 3614 515
f 3549 3550 3615 3614
f 3550 3551 3616 3615
f 3551 3552 3617 3616
f 3552 3553 3618 3617
f 3553 3554 3619 3618
f 3554 3555 3620 3619
f 3555 3556 3621 3620
f 3556 3557 3622 3621
f 3557 3558 3623 3622
f 3558 3559 3624 3623
f 3559 3560 3625 3624
f 3560 3561 3626 3625
f 3561 3562 3627 3626
f 3562 3563 3628 3627
f 3563 3564 3629 3628
f 3564 3565 3630 3629
f 3565 3566 3631 3630
f 3566 3567 3632 3631
f 3567 3568 3633 3632
f 3568 3569 3634 3633
f 3569 3570 3635 3634
f 3570 3571 3636 3635
f 3571 3572 3637 3636
f 3572 3573 3638 3637
f 3573 3574 3639 3638
f 3574 3575 3640 3639
f 3575 3576 3641 3640
f 3576 3577 3642 3641
f 3577 3578 3643 3642
f 3578 3579 3644 3643
f 3584 3585 3650 3649
f 3585 3586 3651 3650
f 3586 3587 3652 3651
f 3587 3588 3653 3652
f 3588 3589 3654 3653
f 3589 3590 3655 3654
f 3590 3591 3656 3655
f 3591 3592 3657 3656
f 3592 3593 3658 3657
f 3593 3594 3659 3658
f 3594 3595 3660 3659
f 3595 3596 3661 3660
f 3596 3597 3662 3661
f 3597 3598 3663 3662
f 3598 3599 3664 3663
f 3599 3600 3665 3664
f 3600 3601 3666 3665
f 3601 3602 3667 3666
f 3602 3603 3668 3667
f 3603 3604 3669 3668
f 3604 3605 3670 3669
f 3605 3606 3671 3670
f 3606 3607 3672 3671
f 3607 3608 3673 3672
f 3608 3609 3674 3673
f 3609 3610 3675 3674
f 3610 3611 3676 3675
f 3611 3612 3677 3676
f 3612 3613 3678 3677
f 3613 476 545 3678
f 515 3614 3679 584
f 3614 3615 3680 3679
f 3615 3616 3681 3680
f 3616 3617 3682 3681
f 3617 3618 3683 3682
f 3618 3619 3684 3683
f 3619 3620 3685 3684
f 3620 3621 3686 3685
f 3621 3622 3687 3686
f 3622 3623 3688 3687
f 3623 3624 3689 3688
f 3624 3625 3690 3689
f 3625 3626 3691 3690
f 3626 3627 3692 3691
f 3627 3628 3693 3692
f 3628 3629 3694 3693
f 3629 3630 3695 3694
f 3630 3631 3696 3695
f 3631 3632 3697 3696
f 3632 3633 3698 3697
f 3633 3634 3699 3698
f 3634 3635 3700 3699
f 3635 3636 3701 3700
f 3636 3637 3702 3701
f 3637 3638 3703 3702
f 3638 3639 3704 3703
f 3639 3640 3705 3704
f 3640 3641 3706 3705
f 3641 3642 3707 3706
f 3642 3643 3708 3707
f 3643 3644 3709 3708
f 3649 3650 3715 3714
f 3650 3651 3716 3715
f 3651 3652 3717 3716
f 3652 3653 3718 3717
f 3653 3654 3719 3718
f 3654 3655 3720 3719
f 3655 3656 3721 3720
f 3656 3657 3722 3721
f 3657 3658 3723 3722
f 3658 3659 3724 3723
f 3659 3660 3725 3724
f 3660 3661 3726 3725
f 3661 3662 3727 3726
f 3662 3663 3728 3727
f 3663 3664 3729 3728
f 3664 3665 3730 3729
f 3665 3666 3731 3730
f 3666 3667 3732 3731
f 3667 3668 3733 3732
f 3668 3669 3734 3733
f 3669 3670 3735 3734
f 3670 3671 3736 3735
f 3671 3672 3737 3736
f 3672 3673 3738 3737
f 3673 3674 3739 3738
f 3674 3675 3740 3739
f 3675 3676 3741 3740
f 3676 3677 3742 3741
f 3677 3678 3743 3742
f 3678 545 614 3743
f 584 3679 3744 653
f 3679 3680 3745 3744
f 3680 3681 3746 3745
f 3681 3682 3747 3746
f 3682 3683 3748 3747
f 3683 3684 3749 3748
f 3684 3685 3750 3749
f 3685 3686 3751 3750
f 3686 3687 3752 3751
f 3687 3688 3753 3752
f 3688 3689 3754 3753
f 3689 3690 3755 3754
f 3690 3691 3756 3755
f 3691 3692 3757 3756
f 3692 3693 3758 3757
f 3693 3694 3759 3758
f 3694 3695 3760 3759
f 3695 3696 3761 3760
f 3696 3697 3762 3761
f 3697 3698 3763 3762
f 3698 3699 3764 3763
f 3699 3700 3765 3764
f 3700 3701 3766 3765
f 3701 3702 3767 3766
f 3702 3703 3768 3767
f 3703 3704 3769 3768
f 3704 3705 3770 3769
f 3705 3706 3771 3770
f 3706 3707 3772 3771
f 3707 3708 3773 3772
f 3708 3709 3774 3773
f 3714 3715 3780 3779
f 3715 3716 3781 3780
f 3716 3717 3782 3781
f 3717 3718 3783 3782
f 3718 3719 3784 3783
f 3719 3720 3785 3784
f 3720 3721 3786 3785
f 3721 3722 3787 3786
f 3722 3723 3788 3787
f 3723 3724 3789 3788
f 3724 3725 3790 3789
f 3725 3726 3791 3790
f 3726 3727 3792 3791
f 3727 3728 3793 3792
f 3728 3729 3794 3793
f 3729 3730 3795 3794
f 3730 3731 3796 3795
f 3731 3732 3797 3796
f 3732 3733 3798 3797
f 3733 3734 3799 3798
f 3734 3735 3800 3799
f 3735 3736 3801 3800
f 3736 3737 3802 3801
f 3737 3738 3803 3802
f 3738 3739 3804 3803
f 3739 3740 3805 3804
f 3740 3741 3806 3805
f 3741 3742 3807 3806
f 3742 3743 3808 3807
f 3743 614 683 3808
f 653 3744 3809 722
f 3744 3745 3810 3809
f 3745 3746 3811 3810
f 3746 3747 3812 3811
f 3747 3748 3813 3812
f 3748 3749 3814 3813
f 3749 3750 3815 3814
f 3750 3751 3816 3815
f 3751 3752 3817 3816
f 3752 3753 3818 3817
f 3753 3754 3819 3818
f 3754 3755 3820 3819
f 3755 3756 3821 3820
f 3756 3757 3822 3821
f 3757 3758 3823 3822
f 3758 3759 3824 3823
f 3759 3760 3825 3824
f 3760 3761 3826 3825
f 3761 3762 3827 3826
f 3762 3763 3828 3827
f 3763 3764 3829 3828
f 3764 3765 3830 3829
f 3765 3766 3831 3830
f 3766 3767 3832 3831
f 3767 3768 3833 3832
f 3768 3769 3834 3833
f 3769 3770 3835 3834
f 3770 3771 3836 3835
f 3771 3772 3837 3836
f 3772 3773 3838 3837
f 3773 3774 3839 3838
f 3779 3780 3845 3844
f 3780 3781 3846 3845
f 3781 3782 3847 3846
f 3782 3783 3848 3847
f 3783 3784 3849 3848
f 3784 3785 3850 3849
f 3785 3786 3851 3850
f 3786 3787 3852 3851
f 3787 3788 3853 3852
f 3788 3789 3854 3853
f 3789 3790 3855 3854
f 3790 3791 3856 3855
f 3791 3792 3857 3856
f 3792 3793 3858 3857
f 3793 3794 3859 3858
f 3794 3795 3860 3859
f 3795 3796 3861 3860
f 3796 3797 3862 3861
f 3797 3798 3863 3862
f 3798 3799 3864 3863
f 3799 3800 3865 3864
f 3800 3801 3866 3865
f 3801 3802 3867 3866
f 3802 3803 3868 3867
f 3803 3804 3869 3868
f 3804 3805 3870 3869
f 3805 3806 3871 3870
f 3806 3807 3872 3871
f 3807 3808 3873 3872
f 3808 683 752 3873
f 722 3809 3874 791
f 3809 3810 3875 3874
f 3810 3811 3876 3875
f 3811 3812 3877 3876
f 3812 3813 3878 3877
f 3813 3814 3879 3878
f 3814 3815 3880 3879
f 3815 3816 3881 3880
f 3816 3817 3882 3881
f 3817 3818 3883 3882
f 3818 3819 3884 3883
f 3819 3820 3885 3884
f 3820 3821 3886 3885
f 3821 3822 3887 3886
f 3822 3823 3888 3887
f 3823 3824 3889 3888
f 3824 3825 3890 3889
f 3825 3826 3891 3890
f 3826 3827 3892 3891
f 3827 3828 3893 3892
f 3828 3829 3894 3893
f 3829 3830 3895 3894
f 3830 3831 3896 3895
f 3831 3832 3897 3896
f 3832 3833 3898 3897
f 3833 3834 3899 3898
f 3834 3835 3900 3899
f 3835 3836 3901 3900
f 3836 3837 3902 3901
f 3837 3838 3903 3902
f 3838 3839 3904 3903
f 3842 3844 3913 3908
f 3844 3845 3914 3913
f 3845 3846 3915 3914
f 3846 3847 3916 3915
f 3847 3848 3917 3916
f 3848 3849 3918 3917
f 3849 3850 3919 3918
f 3850 3851 3920 3919
f 3851 3852 3921 3920
f 3852 3853 3922 3921
f 3853 3854 3923 3922
f 3854 3855 3924 3923
f 3855 3856 3925 3924
f 3856 3857 3926 3925
f 3857 3858 3927 3926
f 3858 3859 3928 3927
f 3859 3860 3929 3928
f 3860 3861 3930 3929
f 3861 3862 3931 3930
f 3862 3863 3932 3931
f 3863 3864 3933 3932
f 3864 3865 3934 3933
f 3865 3866 3935 3934
f 3866 3867 3936 3935
f 3867 3868 3937 3936
f 3868 3869 3938 3937
f 3869 3870 3939 3938
f 3870 3871 3940 3939
f 3871 3872 3941 3940
f 3872 3873 3942 3941
f 3873 752 821 3942
f 791 3874 3943 860
f 3874 3875 3944 3943
f 3875 3876 3945 3944
f 3876 3877 3946 3945
f 3877 3878 3947 3946
f 3878 3879 3948 3947
f 3879 3880 3949 3948
f 3880 3881 3950 3949
f 3881 3882 3951 3950
f 3882 3883 3952 3951
f 3883 3884 3953 3952
f 3884 3885 3954 3953
f 3885 3886 3955 3954
f 3886 3887 3956 3955
f 3887 3888 3957 3956
f 3888 3889 3958 3957
f 3889 3890 3959 3958
f 3890 3891 3960 3959
f 3891 3892 3961 3960
f 3892 3893 3962 3961
f 3893 3894 3963 3962
f 3894 3895 3964 3963
f 3895 3896 3965 3964
f 3896 3897 3966 3965
f 3897 3898 3967 3966
f 3898 3899 3968 3967
f 3899 3900 3969 3968
f 3900 3901 3970 3969
f 3901 3902 3971 3970
f 3902 3903 3972 3971
f 3903 3904 3973 3972
f 3904 3906 3974 3973
f 3913 3914 3983 3982
f 3914 3915 3984 3983
f 3915 3916 3985 3984
f 3916 3917 3986 3985
f 3917 3918 3987 3986
f 3918 3919 3988 3987
f 3919 3920 3989 3988
f 3920 3921 3990 3989
f 3921 3922 3991 3990
f 3922 3923 3992 3991
f 3923 3924 3993 3992
f 3924 3925 3994 3993
f 3925 3926 3995 3994
f 3926 3927 3996 3995
f 3927 3928 3997 3996
f 3928 3929 3998 3997
f 3929 3930 3999 3998
f 3930 3931 4000 3999
f 3931 3932 4001 4000
f 3932 3933 4002 4001
f 3933 3934 4003 4002
f 3934 3935 4004 4003
f 3935 3936 4005 4004
f 3936 3937 4006 4005
f 3937 3938 4007 4006
f 3938 3939 4008 4007
f 3939 3940 4009 4008
f 3940 3941 4010 4009
f 3941 3942 4011 4010
f 3942 821 890 4011
f 860 3943 4012 929
f 3943 3944 4013 4012
f 3944 3945 4014 4013
f 3945 3946 4015 4014
f 3946 3947 4016 4015
f 3947 3948 4017 4016
f 3948 3949 4018 4017
f 3949 3950 4019 4018
f 3950 3951 4020 4019
f 3951 3952 4021 4020
f 3952 3953 4022 4021
f 3953 3954 4023 4022
f 3954 3955 4024 4023
f 3955 3956 4025 4024
f 3956 3957 4026 4025
f 3957 3958 4027 4026
f 3958 3959 4028 4027
f 3959 3960 4029 4028
f 3960 3961 4030 4029
f 3961 3962 4031 4030
f 3962 3963 4032 4031
f 3963 3964 4033 4032
f 3964 3965 4034 4033
f 3965 3966 4035 4034
f 3966 3967 4036 4035
f 3967 3968 4037 4036
f 3968 3969 4038 4037
f 3969 3970 4039 4038
f 3970 3971 4040 4039
f 3971 3972 4041 4040
f 3972 3973 4042 4041
f 3982 3983 4048 4047
f 3983 3984 4049 4048
f 3984 3985 4050 4049
f 3985 3986 4051 4050
f 3986 3987 4052 4051
f 3987 3988 4053 4052
f 3988 3989 4054 4053
f 3989 3990 4055 4054
f 3990 3991 4056 4055
f 3991 3992 4057 4056
f 3992 3993 4058 4057
f 3993 3994 4059 4058
f 3994 3995 4060 4059
f 3995 3996 4061 4060
f 3996 3997 4062 4061
f 3997 3998 4063 4062
f 3998 3999 4064 4063
f 3999 4000 4065 4064
f 4000 4001 4066 4065
f 4001 4002 4067 4066
f 4002 4003 4068 4067
f 4003 4004 4069 4068
f 4004 4005 4070 4069
f 4005 4006 4071 4070
f 4006 4007 4072 4071
f 4007 4008 4073 4072
f 4008 4009 4074 4073
f 4009 4010 4075 4074
f 4010 4011 4076 4075
f 4011 890 959 4076
f 929 4012 4077 998
f 4012 4013 4078 4077
f 4013 4014 4079 4078
f 4014 4015 4080 4079
f 4015 4016 4081 4080
f 4016 4017 4082 4081
f 4017 4018 4083 4082
f 4018 4019 4084 4083
f 4019 4020 4085 4084
f 4020 4021 4086 4085
f 4021 4022 4087 4086
f 4022 4023 4088 4087
f 4023 4024 4089 4088
f 4024 4025 4090 4089
f 4025 4026 4091 4090
f 4026 4027 4092 4091
f 4027 4028 4093 4092
f 4028 4029 4094 4093
f 4029 4030 4095 4094
f 4030 4031 4096 4095
f 4031 4032 4097 4096
f 4032 4033 4098 4097
f 4033 4034 4099 4098
f 4034 4035 4100 4099
f 4035 4036 4101 4100
f 4036 4037 4102 4101
f 4037 4038 4103 4102
f 4038 4039 4104 4103
f 4039 4040 4105 4104
f 4040 4041 4106 4105
f 4041 4042 4107 4106
f 4047 4048 4113 4112
f 4048 4049 4114 4113
f 4049 4050 4115 4114
f 4050 4051 4116 4115
f 4051 4052 4117 4116
f 4052 4053 4118 4117
f 4053 4054 4119 4118
f 4054 4055 4120 4119
f 4055 4056 4121 4120
f 4056 4057 4122 4121
f 4057 4058 4123 4122
f 4058 4059 4124 4123
f 4059 4060 4125 4124
f 4060 4061 4126 4125
f 4061 4062 4127 4126
f 4062 4063 4128 4127
f 4063 4064 4129 4128
f 4064 4065 4130 4129
f 4065 4066 4131 4130
f 4066 4067 4132 4131
f 4067 4068 4133 4132
f 4068 4069 4134 4133
f 4069 4070 4135 4134
f 4070 4071 4136 4135
f 4071 4072 4137 4136
f 4072 4073 4138 4137
f 4073 4074 4139 4138
f 4074 4075 4140 4139
f 4075 4076 4141 4140
f 4076 959 1028 4141
f 998 4077 4142 1067
f 4077 4078 4143 4142
f 4078 4079 4144 4143
f 4079 4080 4145 4144
f 4080 4081 4146 4145
f 4081 4082 4147 4146
f 4082 4083 4148 4147
f 4083 4084 4149 4148
f 4084 4085 4150 4149
f 4085 4086 4151 4150
f 4086 4087 4152 4151
f 4087 4088 4153 4152
f 4088 4089 4154 4153
f 4089 4090 4155 4154
f 4090 4091 4156 4155
f 4091 4092 4157 4156
f 4092 4093 4158 4157
f 4093 4094 4159 4158
f 4094 4095 4160 4159
f 4095 4096 4161 4160
f 4096 4097 4162 4161
f 4097 4098 4163 4162
f 4098 4099 4164 4163
f 4099 4100 4165 4164
f 4100 4101 4166 4165
f 4101 4102 4167 4166
f 4102 4103 4168 4167
f 4103 4104 4169 4168
f 4104 4105 4170 4169
f 4105 4106 4171 4170
f 4106 4107 4172 4171
f 4112 4113 4178 4177
f 4113 4114 4179 4178
f 4114 4115 4180 4179
f 4115 4116 4181 4180
f 4116 4117 4182 4181
f 4117 4118 4183 4182
f 4118 4119 4184 4183
f 4119 4120 4185 4184
f 4120 4121 4186 4185
f 4121 4122 4187 4186
f 4122 4123 4188 4187
f 4123 4124 4189 4188
f 4124 4125 4190 4189
f 4125 4126 4191 4190
f 4126 4127 4192 4191
f 4127 4128 4193 4192
f 4128 4129 4194 4193
f 4129 4130 4195 4194
f 4130 4131 4196 4195
f 4131 4132 4197 4196
f 4132 4133 4198 4197
f 4133 4134 4199 4198
f 4134 4135 4200 4199
f 4135 4136 4201 4200
f 4136 4137 4202 4201
f 4137 4138 4203 4202
f 4138 4139 4204 4203
f 4139 4140 4205 4204
f 4140 4141 4206 4205
f 4141 1028 1097 4206
f 1067 4142 4207 1136
f 4142 4143 4208 4207
f 4143 4144 4209 4208
f 4144 4145 4210 4209
f 4145 4146 4211 4210
f 4146 4147 4212 4211
f 4147 4148 4213 4212
f 4148 4149 4214 4213
f 4149 4150 4215 4214
f 4150 4151 4216 4215
f 4151 4152 4217 4216
f 4152 4153 4218 4217
f 4153 4154 4219 4218
f 4154 4155 4220 4219
f 4155 4156 4221 4220
f 4156 4157 4222 4221
f 4157 4158 4223 4222
f 4158 4159 4224 4223
f 4159 4160 4225 4224
f 4160 4161 4226 4225
f 4161 4162 4227 4226
f 4162 4163 4228 4227
f 4163 4164 4229 4228
f 4164 4165 4230 4229
f 4165 4166 4231 4230
f 4166 4167 4232 4231
f 4167 4168 4233 4232
f 4168 4169 4234 4233
f 4169 4170 4235 4234
f 4170 4171 4236 4235
f 4171 4172 4237 4236
f 4177 4178 4243 4242
f 4178 4179 4244 4243
f 4179 4180 4245 4244
f 4180 4181 4246 4245
f 4181 4182 4247 4246
f 4182 4183 4248 4247
f 4183 4184 4249 4248
f 4184 4185 4250 4249
f 4185 4186 4251 4250
f 4186 4187 4252 4251
f 4187 4188 4253 4252
f 4188 4189 4254 4253
f 4189 4190 4255 4254
f 4190 4191 4256 4255
f 4191 4192 4257 4256
f 4192 4193 4258 4257
f 4193 4194 4259 4258
f 4194 4195 4260 4259
f 4195 4196 4261 4260
f 4196 4197 4262 4261
f 4197 4198 4263 4262
f 4198 4199 4264 4263
f 4199 4200 4265 4264
f 4200 4201 4266 4265
f 4201 4202 4267 4266
f 4202 4203 4268 4267
f 4203 4204 4269 4268
f 4204 4205 4270 4269
f 4205 4206 4271 4270
f 4206 1097 1194 4271
f 1136 4207 4272 1513
f 4207 4208 4273 4272
f 4208 4209 4274 4273
f 4209 4210 4275 4274
f 4210 4211 4276 4275
f 4211 4212 4277 4276
f 4212 4213 4278 4277
f 4213 4214 4279 4278
f 4214 4215 4280 4279
f 4215 4216 4281 4280
f 4216 4217 4282 4281
f 4217 4218 4283 4282
f 4218 4219 4284 4283
f 4219 4220 4285 4284
f 4220 4221 4286 4285
f 4221 4222 4287 4286
f 4222 4223 4288 4287
f 4223 4224 4289 4288
f 4224 4225 4290 4289
f 4225 4226 4291 4290
f 4226 4227 4292 4291
f 4227 4228 4293 4292
f 4228 4229 4294 4293
f 4229 4230 4295 4294
f 4230 4231 4296 4295
f 4231 4232 4297 4296
f 4232 4233 4298 4297
f 4233 4234 4299 4298
f 4234 4235 4300 4299
f 4235 4236 4301 4300
f 4236 4237 4302 4301
f 4242 4243 4308 4307
f 4243 4244 4309 4308
f 4244 4245 4310 4309
f 4245 4246 4311 4310
f 4246 4247 4312 4311
f 4247 4248 4313 4312
f 4248 4249 4314 4313
f 4249 4250 4315 4314
f 4250 4251 4316 4315
f 4251 4252 4317 4316
f 4252 4253 4318 4317
f 4253 4254 4319 4318
f 4254 4255 4320 4319
f 4255 4256 4321 4320
f 4256 4257 4322 4321
f 4257 4258 4323 4322
f 4258 4259 4324 4323
f 4259 4260 4325 4324
f 4260 4261 4326 4325
f 4261 4262 4327 4326
f 4262 4263 4328 4327
f 4263 4264 4329 4328
f 4264 4265 4330 4329
f 4265 4266 4331 4330
f 4266 4267 4332 4331
f 4267 4268 4333 4332
f 4268 4269 4334 4333
f 4269 4270 4335 4334
f 4270 4271 4336 4335
f 4271 1194 4337 4336
f 1194 1193 4338 4337
f 1193 1223 4339 4338
f 1223 1252 4340 4339
f 1252 1281 4341 4340
f 1281 1310 4342 4341
f 1310 1339 4343 4342
f 1339 1368 4344 4343
f 1368 1397 4345 4344
f 1397 1426 4346 4345
f 1426 1455 4347 4346
f 1455 1484 4348 4347
f 1484 1513 4349 4348
f 1513 4272 4350 4349
f 4272 4273 4351 4350
f 4273 4274 4352 4351
f 4274 4275 4353 4352
f 4275 4276 4354 4353
f 4276 4277 4355 4354
f 4277 4278 4356 4355
f 4278 4279 4357 4356
f 4279 4280 4358 4357
f 4280 4281 4359 4358
f 4281 4282 4360 4359
f 4282 4283 4361 4360
f 4283 4284 4362 4361
f 4284 4285 4363 4362
f 4285 4286 4364 4363
f 4286 4287 4365 4364
f 4287 4288 4366 4365
f 4288 4289 4367 4366
f 4289 4290 4368 4367
f 4290 4291 4369 4368
f 4291 4292 4370 4369
f 4292 4293 4371 4370
f 4293 4294 4372 4371
f 4294 4295 4373 4372
f 4295 4296 4374 4373
f 4296 4297 4375 4374
f 4297 4298 4376 4375
f 4298 4299 4377 4376
f 4299 4300 4378 4377
f 4300 4301 4379 4378
f 4301 4302 4380 4379
f 4307 4308 4386 4385
f 4308 4309 4387 4386
f 4309 4310 4388 4387
f 4310 4311 4389 4388
f 4311 4312 4390 4389
f 4312 4313 4391 4390
f 4313 4314 4392 4391
f 4314 4315 4393 4392
f 4315 4316 4394 4393
f 4316 4317 4395 4394
f 4317 4318 4396 4395
f 4318 4319 4397 4396
f 4319 4320 4398 4397
f 4320 4321 4399 4398
f 4321 4322 4400 4399
f 4322 4323 4401 4400
f 4323 4324 4402 4401
f 4324 4325 4403 4402
f 4325 4326 4404 4403
f 4326 4327 4405 4404
f 4327 4328 4406 4405
f 4328 4329 4407 4406
f 4329 4330 4408 4407
f 4330 4331 4409 4408
f 4331 4332 4410 4409
f 4332 4333 4411 4410
f 4333 4334 4412 4411
f 4334 4335 4413 4412
f 4335 4336 4414 4413
f 4336 4337 4415 4414
f 4337 4338 4416 4415
f 4338 4339 4417 4416
f 4339 4340 4418 4417
f 4340 4341 4419 4418
f 4341 4342 4420 4419
f 4342 4343 4421 4420
f 4343 4344 4422 4421
f 4344 4345 4423 4422
f 4345 4346 4424 4423
f 4346 4347 4425 4424
f 4347 4348 4426 4425
f 4348 4349 4427 4426
f 4349 4350 4428 4427
f 4350 4351 4429 4428
f 4351 4352 4430 4429
f 4352 4353 4431 4430
f 4353 4354 4432 4431
f 4354 4355 4433 4432
f 4355 4356 4434 4433
f 4356 4357 4435 4434
f 4357 4358 4436 4435
f 4358 4359 4437 4436
f 4359 4360 4438 4437
f 4360 4361 4439 4438
f 4361 4362 4440 4439
f 4362 4363 4441 4440
f 4363 4364 4442 4441
f 4364 4365 4443 4442
f 4365 4366 4444 4443
f 4366 4367 4445 4444
f 4367 4368 4446 4445
f 4368 4369 4447 4446
f 4369 4370 4448 4447
f 4370 4371 4449 4448
f 4371 4372 4450 4449
f 4372 4373 4451 4450
f 4373 4374 4452 4451
f 4374 4375 4453 4452
f 4375 4376 4454 4453
f 4376 4377 4455 4454
f 4377 4378 4456 4455
f 4378 4379 4457 4456
f 4379 4380 4458 4457
f 4385 4386 4465 4462
f 4386 4387 4466 4465
f 4387 4388 4467 4466
f 4388 4389 4468 4467
f 4389 4390 4469 4468
f 4390 4391 4470 4469
f 4391 4392 4471 4470
f 4392 4393 4472 4471
f 4393 4394 4473 4472
f 4394 4395 4474 4473
f 4395 4396 4475 4474
f 4396 4397 4476 4475
f 4397 4398 4477 4476
f 4398 4399 4478 4477
f 4399 4400 4479 4478
f 4400 4401 4480 4479
f 4401 4402 4481 4480
f 4402 4403 4482 4481
f 4403 4404 4483 4482
f 4404 4405 4484 4483
f 4405 4406 4485 4484
f 4406 4407 4486 4485
f 4407 4408 4487 4486
f 4408 4409 4488 4487
f 4409 4410 4489 4488
f 4410 4411 4490 4489
f 4411 4412 4491 4490
f 4412 4413 4492 4491
f 4413 4414 4493 4492
f 4414 4415 4494 4493
f 4415 4416 4495 4494
f 4416 4417 4496 4495
f 4417 4418 4497 4496
f 4418 4419 4498 4497
f 4419 4420 4499 4498
f 4420 4421 4500 4499
f 4421 4422 4501 4500
f 4422 4423 4502 4501
f 4423 4424 4503 4502
f 4424 4425 4504 4503
f 4425 4426 4505 4504
f 4426 4427 4506 4505
f 4427 4428 4507 4506
f 4428 4429 4508 4507
f 4429 4430 4509 4508
f 4430 4431 4510 4509
f 4431 4432 4511 4510
f 4432 4433 4512 4511
f 4433 4434 4513 4512
f 4434 4435 4514 4513
f 4435 4436 4515 4514
f 4436 4437 4516 4515
f 4437 4438 4517 4516
f 4438 4439 4518 4517
f 4439 4440 4519 4518
f 4440 4441 4520 4519
f 4441 4442 4521 4520
f 4442 4443 4522 4521
f 4443 4444 4523 4522
f 4444 4445 4524 4523
f 4445 4446 4525 4524
f 4446 4447 4526 4525
f 4447 4448 4527 4526
f 4448 4449 4528 4527
f 4449 4450 4529 4528
f 4450 4451 4530 4529
f 4451 4452 4531 4530
f 4452 4453 4532 4531
f 4453 4454 4533 4532
f 4454 4455 4534 4533
f 4455 4456 4535 4534
f 4456 4457 4536 4535
f 4457 4458 4537 4536
f 4465 4466 4544 4543
f 4466 4467 4545 4544
f 4467 4468 4546 4545
f 4468 4469 4547 4546
f 4469 4470 4548 4547
f 4470 4471 4549 4548
f 4471 4472 4550 4549
f 4472 4473 4551 4550
f 4473 4474 4552 4551
f 4474 4475 4553 4552
f 4475 4476 4554 4553
f 4476 4477 4555 4554
f 4477 4478 4556 4555
f 4478 4479 4557 4556
f 4479 4480 4558 4557
f 4480 4481 4559 4558
f 4481 4482 4560 4559
f 4482 4483 4561 4560
f 4483 4484 4562 4561
f 4484 4485 4563 4562
f 4485 4486 4564 4563
f 4486 4487 4565 4564
f 4487 4488 4566 4565
f 4488 4489 4567 4566
f 4489 4490 4568 4567
f 4490 4491 4569 4568
f 4491 4492 4570 4569
f 4492 4493 4571 4570
f 4493 4494 4572 4571
f 4494 4495 4573 4572
f 4495 4496 4574 4573
f 4496 4497 4575 4574
f 4497 4498 4576 4575
f 4498 4499 4577 4576
f 4499 4500 4578 4577
f 4500 4501 4579 4578
f 4501 4502 4580 4579
f 4502 4503 4581 4580
f 4503 4504 4582 4581
f 4504 4505 4583 4582
f 4505 4506 4584 4583
f 4506 4507 4585 4584
f 4507 4508 4586 4585
f 4508 4509 4587 4586
f 4509 4510 4588 4587
f 4510 4511 4589 4588
f 4511 4512 4590 4589
f 4512 4513 4591 4590
f 4513 4514 4592 4591
f 4514 4515 4593 4592
f 4515 4516 4594 4593
f 4516 4517 4595 4594
f 4517 4518 4596 4595
f 4518 4519 4597 4596
f 4519 4520 4598 4597
f 4520 4521 4599 4598
f 4521 4522 4600 4599
f 4522 4523 4601 4600
f 4523 4524 4602 4601
f 4524 4525 4603 4602
f 4525 4526 4604 4603
f 4526 4527 4605 4604
f 4527 4528 4606 4605
f 4528 4529 4607 4606
f 4529 4530 4608 4607
f 4530 4531 4609 4608
f 4531 4532 4610 4609
f 4532 4533 4611 4610
f 4533 4534 4612 4611
f 4534 4535 4613 4612
f 4535 4536 4614 4613
f 4543 4544 4620 4619
f 4544 4545 4621 4620
f 4545 4546 4622 4621
f 4546 4547 4623 4622
f 4547 4548 4624 4623
f 4548 4549 4625 4624
f 4549 4550 4626 4625
f 4550 4551 4627 4626
f 4551 4552 4628 4627
f 4552 4553 4629 4628
f 4553 4554 4630 4629
f 4554 4555 4631 4630
f 4555 4556 4632 4631
f 4556 4557 4633 4632
f 4557 4558 4634 4633
f 4558 4559 4635 4634
f 4559 4560 4636 4635
f 4560 4561 4637 4636
f 4561 4562 4638 4637
f 4562 4563 4639 4638
f 4563 4564 4640 4639
f 4564 4565 4641 4640
f 4565 4566 4642 4641
f 4566 4567 4643 4642
f 4567 4568 4644 4643
f 4568 4569 4645 4644
f 4569 4570 4646 4645
f 4570 4571 4647 4646
f 4571 4572 4648 4647
f 4572 4573 4649 4648
f 4573 4574 4650 4649
f 4574 4575 4651 4650
f 4575 4576 4652 4651
f 4576 4577 4653 4652
f 4577 4578 4654 4653
f 4578 4579 4655 4654
f 4579 4580 4656 4655
f 4580 4581 4657 4656
f 4581 4582 4658 4657
f 4582 4583 4659 4658
f 4583 4584 4660 4659
f 4584 4585 4661 4660
f 4585 4586 4662 4661
f 4586 4587 4663 4662
f 4587 4588 4664 4663
f 4588 4589 4665 4664
f 4589 4590 4666 4665
f 4590 4591 4667 4666
f 4591 4592 4668 4667
f 4592 4593 4669 4668
f 4593 4594 4670 4669
f 4594 4595 4671 4670
f 4595 4596 4672 4671
f 4596 4597 4673 4672
f 4597 4598 4674 4673
f 4598 4599 4675 4674
f 4599 4600 4676 4675
f 4600 4601 4677 4676
f 4601 4602 4678 4677
f 4602 4603 4679 4678
f 4603 4604 4680 4679
f 4604 4605 4681 4680
f 4605 4606 4682 4681
f 4606 4607 4683 4682
f 4607 4608 4684 4683
f 4608 4609 4685 4684
f 4609 4610 4686 4685
f 4610 4611 4687 4686
f 4611 4612 4688 4687
f 4612 4613 4689 4688
f 4613 4614 4690 4689
f 4619 4620 4696 4695
f 4620 4621 4697 4696
f 4621 4622 4698 4697
f 4622 4623 4699 4698
f 4623 4624 4700 4699
f 4624 4625 4701 4700
f 4625 4626 4702 4701
f 4626 4627 4703 4702
f 4627 4628 4704 4703
f 4628 4629 4705 4704
f 4629 4630 4706 4705
f 4630 4631 4707 4706
f 4631 4632 4708 4707
f 4632 4633 4709 4708
f 4633 4634 4710 4709
f 4634 4635 4711 4710
f 4635 4636 4712 4711
f 4636 4637 4713 4712
f 4637 4638 4714 4713
f 4638 4639 4715 4714
f 4639 4640 4716 4715
f 4640 4641 4717 4716
f 4641 4642 4718 4717
f 4642 4643 4719 4718
f 4643 4644 4720 4719
f 4644 4645 4721 4720
f 4645 4646 4722 4721
f 4646 4647 4723 4722
f 4647 4648 4724 4723
f 4648 4649 4725 4724
f 4649 4650 4726 4725
f 4650 4651 4727 4726
f 4651 4652 4728 4727
f 4652 4653 4729 4728
f 4653 4654 4730 4729
f 4654 4655 4731 4730
f 4655 4656 4732 4731
f 4656 4657 4733 4732
f 4657 4658 4734 4733
f 4658 4659 4735 4734
f 4659 4660 4736 4735
f 4660 4661 4737 4736
f 4661 4662 4738 4737
f 4662 4663 4739 4738
f 4663 4664 4740 4739
f 4664 4665 4741 4740
f 4665 4666 4742 4741
f 4666 4667 4743 4742
f 4667 4668 4744 4743
f 4668 4669 4745 4744
f 4669 4670 4746 4745
f 4670 4671 4747 4746
f 4671 4672 4748 4747
f 4672 4673 4749 4748
f 4673 4674 4750 4749
f 4674 4675 4751 4750
f 4675 4676 4752 4751
f 4676 4677 4753 4752
f 4677 4678 4754 4753
f 4678 4679 4755 4754
f 4679 4680 4756 4755
f 4680 4681 4757 4756
f 4681 4682 4758 4757
f 4682 4683 4759 4758
f 4683 4684 4760 4759
f 4684 4685 4761 4760
f 4685 4686 4762 4761
f 4686 4687 4763 4762
f 4687 4688 4764 4763
f 4688 4689 4765 4764
f 4689 4690 4766 4765
f 4695 4696 4773 4770
f 4696 4697 4774 4773
f 4697 4698 4775 4774
f 4698 4699 4776 4775
f 4699 4700 4777 4776
f 4700 4701 4778 4777
f 4701 4702 4779 4778
f 4702 4703 4780 4779
f 4703 4704 4781 4780
f 4704 4705 4782 4781
f 4705 4706 4783 4782
f 4706 4707 4784 4783
f 4707 4708 4785 4784
f 4708 4709 4786 4785
f 4709 4710 4787 4786
f 4710 4711 4788 4787
f 4711 4712 4789 4788
f 4712 4713 4790 4789
f 4713 4714 4791 4790
f 4714 4715 4792 4791
f 4715 4716 4793 4792
f 4716 4717 4794 4793
f 4717 4718 4795 4794
f 4718 4719 4796 4795
f 4719 4720 4797 4796
f 4720 4721 4798 4797
f 4721 4722 4799 4798
f 4722 4723 4800 4799
f 4723 4724 4801 4800
f 4724 4725 4802 4801
f 4725 4726 4803 4802
f 4726 4727 4804 4803
f 4727 4728 4805 4804
f 4728 4729 4806 4805
f 4729 4730 4807 4806
f 4730 4731 4808 4807
f 4731 4732 4809 4808
f 4732 4733 4810 4809
f 4733 4734 4811 4810
f 4734 4735 4812 4811
f 4735 4736 4813 4812
f 4736 4737 4814 4813
f 4737 4738 4815 4814
f 4738 4739 4816 4815
f 4739 4740 4817 4816
f 4740 4741 4818 4817
f 4741 4742 4819 4818
f 4742 4743 4820 4819
f 4743 4744 4821 4820
f 4744 4745 4822 4821
f 4745 4746 4823 4822
f 4746 4747 4824 4823
f 4747 4748 4825 4824
f 4748 4749 4826 4825
f 4749 4750 4827 4826
f 4750 4751 4828 4827
f 4751 4752 4829 4828
f 4752 4753 4830 4829
f 4753 4754 4831 4830
f 4754 4755 4832 4831
f 4755 4756 4833 4832
f 4756 4757 4834 4833
f 4757 4758 4835 4834
f 4758 4759 4836 4835
f 4759 4760 4837 4836
f 4760 4761 4838 4837
f 4761 4762 4839 4838
f 4762 4763 4840 4839
f 4763 4764 4841 4840
f 4764 4765 4842 4841
f 4765 4766 4843 4842
f 4773 4774 4850 4849
f 4774 4775 4851 4850
f 4775 4776 4852 4851
f 4776 4777 4853 4852
f 4777 4778 4854 4853
f 4778 4779 4855 4854
f 4779 4780 4856 4855
f 4780 4781 4857 4856
f 4781 4782 4858 4857
f 4782 4783 4859 4858
f 4783 4784 4860 4859
f 4784 4785 4861 4860
f 4785 4786 4862 4861
f 4786 4787 4863 4862
f 4787 4788 4864 4863
f 4788 4789 4865 4864
f 4789 4790 4866 4865
f 4790 4791 4867 4866
f 4791 4792 4868 4867
f 4792 4793 4869 4868
f 4793 4794 4870 4869
f 4794 4795 4871 4870
f 4795 4796 4872 4871
f 4796 4797 4873 4872
f 4797 4798 4874 4873
f 4798 4799 4875 4874
f 4799 4800 4876 4875
f 4800 4801 4877 4876
f 4801 4802 4878 4877
f 4802 4803 4879 4878
f 4803 4804 4880 4879
f 4804 4805 4881 4880
f 4805 4806 4882 4881
f 4806 4807 4883 4882
f 4807 4808 4884 4883
f 4808 4809 4885 4884
f 4809 4810 4886 4885
f 4810 4811 4887 4886
f 4811 4812 4888 4887
f 4812 4813 4889 4888
f 4813 4814 4890 4889
f 4814 4815 4891 4890
f 4815 4816 4892 4891
f 4816 4817 4893 4892
f 4817 4818 4894 4893
f 4818 4819 4895 4894
f 4819 4820 4896 4895
f 4820 4821 4897 4896
f 4821 4822 4898 4897
f 4822 4823 4899 4898
f 4823 4824 4900 4899
f 4824 4825 4901 4900
f 4825 4826 4902 4901
f 4826 4827 4903 4902
f 4827 4828 4904 4903
f 4828 4829 4905 4904
f 4829 4830 4906 4905
f 4830 4831 4907 4906
f 4831 4832 4908 4907
f 4832 4833 4909 4908
f 4833 4834 4910 4909
f 4834 4835 4911 4910
f 4835 4836 4912 4911
f 4836 4837 4913 4912
f 4837 4838 4914 4913
f 4838 4839 4915 4914
f 4839 4840 4916 4915
f 4840 4841 4917 4916
f 4841 4842 4918 4917
f 4849 4850 4925 4922
f 4850 4851 4926 4925
f 4851 4852 4927 4926
f 4852 4853 4928 4927
f 4853 4854 4929 4928
f 4854 4855 4930 4929
f 4855 4856 4931 4930
f 4856 4857 4932 4931
f 4857 4858 4933 4932
f 4858 4859 4934 4933
f 4859 4860 4935 4934
f 4860 4861 4936 4935
f 4861 4862 4937 4936
f 4862 4863 4938 4937
f 4863 4864 4939 4938
f 4864 4865 4940 4939
f 4865 4866 4941 4940
f 4866 4867 4942 4941
f 4867 4868 4943 4942
f 4868 4869 4944 4943
f 4869 4870 4945 4944
f 4870 4871 4946 4945
f 4871 4872 4947 4946
f 4872 4873 4948 4947
f 4873 4874 4949 4948
f 4874 4875 4950 4949
f 4875 4876 4951 4950
f 4876 4877 4952 4951
f 4877 4878 4953 4952
f 4878 4879 4954 4953
f 4879 4880 4955 4954
f 4880 4881 4956 4955
f 4881 4882 4957 4956
f 4882 4883 4958 4957
f 4883 4884 4959 4958
f 4884 4885 4960 4959
f 4885 4886 4961 4960
f 4886 4887 4962 4961
f 4887 4888 4963 4962
f 4888 4889 4964 4963
f 4889 4890 4965 4964
f 4890 4891 4966 4965
f 4891 4892 4967 4966
f 4892 4893 4968 4967
f 4893 4894 4969 4968
f 4894 4895 4970 4969
f 4895 4896 4971 4970
f 4896 4897 4972 4971
f 4897 4898 4973 4972
f 4898 4899 4974 4973
f 4899 4900 4975 4974
f 4900 4901 4976 4975
f 4901 4902 4977 4976
f 4902 4903 4978 4977
f 4903 4904 4979 4978
f 4904 4905 4980 4979
f 4905 4906 4981 4980
f 4906 4907 4982 4981
f 4907 4908 4983 4982
f 4908 4909 4984 4983
f 4909 4910 4985 4984
f 4910 4911 4986 4985
f 4911 4912 4987 4986
f 4912 4913 4988 4987
f 4913 4914 4989 4988
f 4914 4915 4990 4989
f 4915 4916 4991 4990
f 4916 4917 4992 4991
f 4917 4918 4993 4992
f 4925 4926 5000 4999
f 4926 4927 5001 5000
f 4927 4928 5002 5001
f 4928 4929 5003 5002
f 4929 4930 5004 5003
f 4930 4931 5005 5004
f 4931 4932 5006 5005
f 4932 4933 5007 5006
f 4933 4934 5008 5007
f 4934 4935 5009 5008
f 4935 4936 5010 5009
f 4936 4937 5011 5010
f 4937 4938 5012 5011
f 4938 4939 5013 5012
f 4939 4940 5014 5013
f 4940 4941 5015 5014
f 4941 4942 5016 5015
f 4942 4943 5017 5016
f 4943 4944 5018 5017
f 4944 4945 5019 5018
f 4945 4946 5020 5019
f 4946 4947 5021 5020
f 4947 4948 5022 5021
f 4948 4949 5023 5022
f 4949 4950 5024 5023
f 4950 4951 5025 5024
f 4951 4952 5026 5025
f 4952 4953 5027 5026
f 4953 4954 5028 5027
f 4954 4955 5029 5028
f 4955 4956 5030 5029
f 4956 4957 5031 5030
f 4957 4958 5032 5031
f 4958 4959 5033 5032
f 4959 4960 5034 5033
f 4960 4961 5035 5034
f 4961 4962 5036 5035
f 4962 4963 5037 5036
f 4963 4964 5038 5037
f 4964 4965 5039 5038
f 4965 4966 5040 5039
f 4966 4967 5041 5040
f 4967 4968 5042 5041
f 4968 4969 5043 5042
f 4969 4970 5044 5043
f 4970 4971 5045 5044
f 4971 4972 5046 5045
f 4972 4973 5047 5046
f 4973 4974 5048 5047
f 4974 4975 5049 5048
f 4975 4976 5050 5049
f 4976 4977 5051 5050
f 4977 4978 5052 5051
f 4978 4979 5053 5052
f 4979 4980 5054 5053
f 4980 4981 5055 5054
f 4981 4982 5056 5055
f 4982 4983 5057 5056
f 4983 4984 5058 5057
f 4984 4985 5059 5058
f 4985 4986 5060 5059
f 4986 4987 5061 5060
f 4987 4988 5062 5061
f 4988 4989 5063 5062
f 4989 4990 5064 5063
f 4990 4991 5065 5064
f 4991 4992 5066 5065
f 4999 5000 5073 5070
f 5000 5001 5074 5073
f 5001 5002 5075 5074
f 5002 5003 5076 5075
f 5003 5004 5077 5076
f 5004 5005 5078 5077
f 5005 5006 5079 5078
f 5006 5007 5080 5079
f 5007 5008 5081 5080
f 5008 5009 5082 5081
f 5009 5010 5083 5082
f 5010 5011 5084 5083
f 5011 5012 5085 5084
f 5012 5013 5086 5085
f 5013 5014 5087 5086
f 5014 5015 5088 5087
f 5015 5016 5089 5088
f 5016 5017 5090 5089
f 5017 5018 5091 5090
f 5018 5019 5092 5091
f 5019 5020 5093 5092
f 5020 5021 5094 5093
f 5021 5022 5095 5094
f 5022 5023 5096 5095
f 5023 5024 5097 5096
f 5024 5025 5098 5097
f 5025 5026 5099 5098
f 5026 5027 5100 5099
f 5027 5028 5101 5100
f 5028 5029 5102 5101
f 5029 5030 5103 5102
f 5030 5031 5104 5103
f 5031 5032 5105 5104
f 5032 5033 5106 5105
f 5033 5034 5107 5106
f 5034 5035 5108 5107
f 5035 5036 5109 5108
f 5036 5037 5110 5109
f 5037 5038 5111 5110
f 5038 5039 5112 5111
f 5039 5040 5113 5112
f 5040 5041 5114 5113
f 5041 5042 5115 5114
f 5042 5043 5116 5115
f 5043 5044 5117 5116
f 5044 5045 5118 5117
f 5045 5046 5119 5118
f 5046 5047 5120 5119
f 5047 5048 5121 5120
f 5048 5049 5122 5121
f 5049 5050 5123 5122
f 5050 5051 5124 5123
f 5051 5052 5125 5124
f 5052 5053 5126 5125
f 5053 5054 5127 5126
f 5054 5055 5128 5127
f 5055 5056 5129 5128
f 5056 5057 5130 5129
f 5057 5058 5131 5130
f 5058 5059 5132 5131
f 5059 5060 5133 5132
f 5060 5061 5134 5133
f 5061 5062 5135 5134
f 5062 5063 5136 5135
f 5063 5064 5137 5136
f 5064 5065 5138 5137
f 5065 5066 5139 5138
f 5073 5074 5146 5145
f 5074 5075 5147 5146
f 5075 5076 5148 5147
f 5076 5077 5149 5148
f 5077 5078 5150 5149
f 5078 5079 5151 5150
f 5079 5080 5152 5151
f 5080 5081 5153 5152
f 5081 5082 5154 5153
f 5082 5083 5155 5154
f 5083 5084 5156 5155
f 5084 5085 5157 5156
f 5085 5086 5158 5157
f 5086 5087 5159 5158
f 5087 5088 5160 5159
f 5088 5089 5161 5160
f 5089 5090 5162 5161
f 5090 5091 5163 5162
f 5091 5092 5164 5163
f 5092 5093 5165 5164
f 5093 5094 5166 5165
f 5094 5095 5167 5166
f 5095 5096 5168 5167
f 5096 5097 5169 5168
f 5097 5098 5170 5169
f 5098 5099 5171 5170
f 5099 5100 5172 5171
f 5100 5101 5173 5172
f 5101 5102 5174 5173
f 5102 5103 5175 5174
f 5103 5104 5176 5175
f 5104 5105 5177 5176
f 5105 5106 5178 5177
f 5106 5107 5179 5178
f 5107 5108 5180 5179
f 5108 5109 5181 5180
f 5109 5110 5182 5181
f 5110 5111 5183 5182
f 5111 5112 5184 5183
f 5112 5113 5185 5184
f 5113 5114 5186 5185
f 5114 5115 5187 5186
f 5115 5116 5188 5187
f 5116 5117 5189 5188
f 5117 5118 5190 5189
f 5118 5119 5191 5190
f 5119 5120 5192 5191
f 5120 5121 5193 5192
f 5121 5122 5194 5193
f 5122 5123 5195 5194
f 5123 5124 5196 5195
f 5124 5125 5197 5196
f 5125 5126 5198 5197
f 5126 5127 5199 5198
f 5127 5128 5200 5199
f 5128 5129 5201 5200
f 5129 5130 5202 5201
f 5130 5131 5203 5202
f 5131 5132 5204 5203
f 5132 5133 5205 5204
f 5133 5134 5206 5205
f 5134 5135 5207 5206
f 5135 5136 5208 5207
f 5136 5137 5209 5208
f 5137 5138 5210 5209
f 5145 5146 5217 5214
f 5146 5147 5218 5217
f 5147 5148 5219 5218
f 5148 5149 5220 5219
f 5149 5150 5221 5220
f 5150 5151 5222 5221
f 5151 5152 5223 5222
f 5152 5153 5224 5223
f 5153 5154 5225 5224
f 5154 5155 5226 5225
f 5155 5156 5227 5226
f 5156 5157 5228 5227
f 5157 5158 5229 5228
f 5158 5159 5230 5229
f 5159 5160 5231 5230
f 5160 5161 5232 5231
f 5161 5162 5233 5232
f 5162 5163 5234 5233
f 5163 5164 5235 5234
f 5164 5165 5236 5235
f 5165 5166 5237 5236
f 5166 5167 5238 5237
f 5167 5168 5239 5238
f 5168 5169 5240 5239
f 5169 5170 5241 5240
f 5170 5171 5242 5241
f 5171 5172 5243 5242
f 5172 5173 5244 5243
f 5173 5174 5245 5244
f 5174 5175 5246 5245
f 5175 5176 5247 5246
f 5176 5177 5248 5247
f 5177 5178 5249 5248
f 5178 5179 5250 5249
f 5179 5180 5251 5250
f 5180 5181 5252 5251
f 5181 5182 5253 5252
f 5182 5183 5254 5253
f 5183 5184 5255 5254
f 5184 5185 5256 5255
f 5185 5186 5257 5256
f 5186 5187 5258 5257
f 5187 5188 5259 5258
f 5188 5189 5260 5259
f 5189 5190 5261 5260
f 5190 5191 5262 5261
f 5191 5192 5263 5262
f 5192 5193 5264 5263
f 5193 5194 5265 5264
f 5194 5195 5266 5265
f 5195 5196 5267 5266
f 5196 5197 5268 5267
f 5197 5198 5269 5268
f 5198 5199 5270 5269
f 5199 5200 5271 5270
f 5200 5201 5272 5271
f 5201 5202 5273 5272
f 5202 5203 5274 5273
f 5203 5204 5275 5274
f 5204 5205 5276 5275
f 5205 5206 5277 5276
f 5206 5207 5278 5277
f 5207 5208 5279 5278
f 5208 5209 5280 5279
f 5209 5210 5281 5280
f 5217 5218 5288 5287
f 5218 5219 5289 5288
f 5219 5220 5290 5289
f 5220 5221 5291 5290
f 5221 5222 5292 5291
f 5222 5223 5293 5292
f 5223 5224 5294 5293
f 5224 5225 5295 5294
f 5225 5226 5296 5295
f 5226 5227 5297 5296
f 5227 5228 5298 5297
f 5228 5229 5299 5298
f 5229 5230 5300 5299
f 5230 5231 5301 5300
f 5231 5232 5302 5301
f 5232 5233 5303 5302
f 5233 5234 5304 5303
f 5234 5235 5305 5304
f 5235 5236 5306 5305
f 5236 5237 5307 5306
f 5237 5238 5308 5307
f 5238 5239 5309 5308
f 5239 5240 5310 5309
f 5240 5241 5311 5310
f 5241 5242 5312 5311
f 5242 5243 5313 5312
f 5243 5244 5314 5313
f 5244 5245 5315 5314
f 5245 5246 5316 5315
f 5246 5247 5317 5316
f 5247 5248 5318 5317
f 5248 5249 5319 5318
f 5249 5250 5320 5319
f 5250 5251 5321 5320
f 5251 5252 5322 5321
f 5252 5253 5323 5322
f 5253 5254 5324 5323
f 5254 5255 5325 5324
f 5255 5256 5326 5325
f 5256 5257 5327 5326
f 5257 5258 5328 5327
f 5258 5259 5329 5328
f 5259 5260 5330 5329
f 5260 5261 5331 5330
f 5261 5262 5332 5331
f 5262 5263 5333 5332
f 5263 5264 5334 5333
f 5264 5265 5335 5334
f 5265 5266 5336 5335
f 5266 5267 5337 5336
f 5267 5268 5338 5337
f 5268 5269 5339 5338
f 5269 5270 5340 5339
f 5270 5271 5341 5340
f 5271 5272 5342 5341
f 5272 5273 5343 5342
f 5273 5274 5344 5343
f 5274 5275 5345 5344
f 5275 5276 5346 5345
f 5276 5277 5347 5346
f 5277 5278 5348 5347
f 5278 5279 5349 5348
f 5279 5280 5350 5349
f 5287 5288 5357 5354
f 5288 5289 5358 5357
f 5289 5290 5359 5358
f 5290 5291 5360 5359
f 5291 5292 5361 5360
f 5292 5293 5362 5361
f 5293 5294 5363 5362
f 5294 5295 5364 5363
f 5295 5296 5365 5364
f 5296 5297 5366 5365
f 5297 5298 5367 5366
f 5298 5299 5368 5367
f 5299 5300 5369 5368
f 5300 5301 5370 5369
f 5301 5302 5371 5370
f 5302 5303 5372 5371
f 5303 5304 5373 5372
f 5304 5305 5374 5373
f 5305 5306 5375 5374
f 5306 5307 5376 5375
f 5307 5308 5377 5376
f 5308 5309 5378 5377
f 5309 5310 5379 5378
f 5310 5311 5380 5379
f 5311 5312 5381 5380
f 5312 5313 5382 5381
f 5313 5314 5383 5382
f 5314 5315 5384 5383
f 5315 5316 5385 5384
f 5316 5317 5386 5385
f 5317 5318 5387 5386
f 5318 5319 5388 5387
f 5319 5320 5389 5388
f 5320 5321 5390 5389
f 5321 5322 5391 5390
f 5322 5323 5392 5391
f 5323 5324 5393 5392
f 5324 5325 5394 5393
f 5325 5326 5395 5394
f 5326 5327 5396 5395
f 5327 5328 5397 5396
f 5328 5329 5398 5397
f 5329 5330 5399 5398
f 5330 5331 5400 5399
f 5331 5332 5401 5400
f 5332 5333 5402 5401
f 5333 5334 5403 5402
f 5334 5335 5404 5403
f 5335 5336 5405 5404
f 5336 5337 5406 5405
f 5337 5338 5407 5406
f 5338 5339 5408 5407
f 5339 5340 5409 5408
f 5340 5341 5410 5409
f 5341 5342 5411 5410
f 5342 5343 5412 5411
f 5343 5344 5413 5412
f 5344 5345 5414 5413
f 5345 5346 5415 5414
f 5346 5347 5416 5415
f 5347 5348 5417 5416
f 5348 5349 5418 5417
f 5349 5350 5419 5418
f 5357 5358 5427 5424
f 5358 5359 5428 5427
f 5359 5360 5429 5428
f 5360 5361 5430 5429
f 5361 5362 5431 5430
f 5362 5363 5432 5431
f 5363 5364 5433 5432
f 5364 5365 5434 5433
f 5365 5366 5435 5434
f 5366 5367 5436 5435
f 5367 5368 5437 5436
f 5368 5369 5438 5437
f 5369 5370 5439 5438
f 5370 5371 5440 5439
f 5371 5372 5441 5440
f 5372 5373 5442 5441
f 5373 5374 5443 5442
f 5374 5375 5444 5443
f 5375 5376 5445 5444
f 5376 5377 5446 5445
f 5377 5378 5447 5446
f 5378 5379 5448 5447
f 5379 5380 5449 5448
f 5380 5381 5450 5449
f 5381 5382 5451 5450
f 5382 5383 5452 5451
f 5383 5384 5453 5452
f 5384 5385 5454 5453
f 5385 5386 5455 5454
f 5386 5387 5456 5455
f 5387 5388 5457 5456
f 5388 5389 5458 5457
f 5389 5390 5459 5458
f 5390 5391 5460 5459
f 5391 5392 5461 5460
f 5392 5393 5462 5461
f 5393 5394 5463 5462
f 5394 5395 5464 5463
f 5395 5396 5465 5464
f 5396 5397 5466 5465
f 5397 5398 5467 5466
f 5398 5399 5468 5467
f 5399 5400 5469 5468
f 5400 5401 5470 5469
f 5401 5402 5471 5470
f 5402 5403 5472 5471
f 5403 5404 5473 5472
f 5404 5405 5474 5473
f 5405 5406 5475 5474
f 5406 5407 5476 5475
f 5407 5408 5477 5476
f 5408 5409 5478 5477
f 5409 5410 5479 5478
f 5410 5411 5480 5479
f 5411 5412 5481 5480
f 5412 5413 5482 5481
f 5413 5414 5483 5482
f 5414 5415 5484 5483
f 5415 5416 5485 5484
f 5416 5417 5486 5485
f 5417 5418 5487 5486
f 5427 5428 5494 5493
f 5428 5429 5495 5494
f 5429 5430 5496 5495
f 5430 5431 5497 5496
f 5431 5432 5498 5497
f 5432 5433 5499 5498
f 5433 5434 5500 5499
f 5434 5435 5501 5500
f 5435 5436 5502 5501
f 5436 5437 5503 5502
f 5437 5438 5504 5503
f 5438 5439 5505 5504
f 5439 5440 5506 5505
f 5440 5441 5507 5506
f 5441 5442 5508 5507
f 5442 5443 5509 5508
f 5443 5444 5510 5509
f 5444 5445 5511 5510
f 5445 5446 5512 5511
f 5446 5447 5513 5512
f 5447 5448 5514 5513
f 5448 5449 5515 5514
f 5449 5450 5516 5515
f 5450 5451 5517 5516
f 5451 5452 5518 5517
f 5452 5453 5519 5518
f 5453 5454 5520 5519
f 5454 5455 5521 5520
f 5455 5456 5522 5521
f 5456 5457 5523 5522
f 5457 5458 5524 5523
f 5458 5459 5525 5524
f 5459 5460 5526 5525
f 5460 5461 5527 5526
f 5461 5462 5528 5527
f 5462 5463 5529 5528
f 5463 5464 5530 5529
f 5464 5465 5531 5530
f 5465 5466 5532 5531
f 5466 5467 5533 5532
f 5467 5468 5534 5533
f 5468 5469 5535 5534
f 5469 5470 5536 5535
f 5470 5471 5537 5536
f 5471 5472 5538 5537
f 5472 5473 5539 5538
f 5473 5474 5540 5539
f 5474 5475 5541 5540
f 5475 5476 5542 5541
f 5476 5477 5543 5542
f 5477 5478 5544 5543
f 5478 5479 5545 5544
f 5479 5480 5546 5545
f 5480 5481 5547 5546
f 5481 5482 5548 5547
f 5482 5483 5549 5548
f 5483 5484 5550 5549
f 5484 5485 5551 5550
f 5485 5486 5552 5551
f 5494 5495 5560 5559
f 5495 5496 5561 5560
f 5496 5497 5562 5561
f 5497 5498 5563 5562
f 5498 5499 5564 5563
f 5499 5500 5565 5564
f 5500 5501 5566 5565
f 5501 5502 5567 5566
f 5502 5503 5568 5567
f 5503 5504 5569 5568
f 5504 5505 5570 5569
f 5505 5506 5571 5570
f 5506 5507 5572 5571
f 5507 5508 5573 5572
f 5508 5509 5574 5573
f 5509 5510 5575 5574
f 5510 5511 5576 5575
f 5511 5512 5577 5576
f 5512 5513 5578 5577
f 5513 5514 5579 5578
f 5514 5515 5580 5579
f 5515 5516 5581 5580
f 5516 5517 5582 5581
f 5517 5518 5583 5582
f 5518 5519 5584 5583
f 5519 5520 5585 5584
f 5520 5521 5586 5585
f 5521 5522 5587 5586
f 5522 5523 5588 5587
f 5523 5524 5589 5588
f 5524 5525 5590 5589
f 5525 5526 5591 5590
f 5526 5527 5592 5591
f 5527 5528 5593 5592
f 5528 5529 5594 5593
f 5529 5530 5595 5594
f 5530 5531 5596 5595
f 5531 5532 5597 5596
f 5532 5533 5598 5597
f 5533 5534 5599 5598
f 5534 5535 5600 5599
f 5535 5536 5601 5600
f 5536 5537 5602 5601
f 5537 5538 5603 5602
f 5538 5539 5604 5603
f 5539 5540 5605 5604
f 5540 5541 5606 5605
f 5541 5542 5607 5606
f 5542 5543 5608 5607
f 5543 5544 5609 5608
f 5544 5545 5610 5609
f 5545 5546 5611 5610
f 5546 5547 5612 5611
f 5547 5548 5613 5612
f 5548 5549 5614 5613
f 5549 5550 5615 5614
f 5550 5551 5616 5615
f 5559 5560 5625 5622
f 5560 5561 5626 5625
f 5561 5562 5627 5626
f 5562 5563 5628 5627
f 5563 5564 5629 5628
f 5564 5565 5630 5629
f 5565 5566 5631 5630
f 5566 5567 5632 5631
f 5567 5568 5633 5632
f 5568 5569 5634 5633
f 5569 5570 5635 5634
f 5570 5571 5636 5635
f 5571 5572 5637 5636
f 5572 5573 5638 5637
f 5573 5574 5639 5638
f 5574 5575 5640 5639
f 5575 5576 5641 5640
f 5576 5577 5642 5641
f 5577 5578 5643 5642
f 5578 5579 5644 5643
f 5579 5580 5645 5644
f 5580 5581 5646 5645
f 5581 5582 5647 5646
f 5582 5583 5648 5647
f 5583 5584 5649 5648
f 5584 5585 5650 5649
f 5585 5586 5651 5650
f 5586 5587 5652 5651
f 5587 5588 5653 5652
f 5588 5589 5654 5653
f 5589 5590 5655 5654
f 5590 5591 5656 5655
f 5591 5592 5657 5656
f 5592 5593 5658 5657
f 5593 5594 5659 5658
f 5594 5595 5660 5659
f 5595 5596 5661 5660
f 5596 5597 5662 5661
f 5597 5598 5663 5662
f 5598 5599 5664 5663
f 5599 5600 5665 5664
f 5600 5601 5666 5665
f 5601 5602 5667 5666
f 5602 5603 5668 5667
f 5603 5604 5669 5668
f 5604 5605 5670 5669
f 5605 5606 5671 5670
f 5606 5607 5672 5671
f 5607 5608 5673 5672
f 5608 5609 5674 5673
f 5609 5610 5675 5674
f 5610 5611 5676 5675
f 5611 5612 5677 5676
f 5612 5613 5678 5677
f 5613 5614 5679 5678
f 5614 5615 5680 5679
f 5615 5616 5681 5680
f 5625 5626 5689 5686
f 5626 5627 5690 5689
f 5627 5628 5691 5690
f 5628 5629 5692 5691
f 5629 5630 5693 5692
f 5630 5631 5694 5693
f 5631 5632 5695 5694
f 5632 5633 5696 5695
f 5633 5634 5697 5696
f 5634 5635 5698 5697
f 5635 5636 5699 5698
f 5636 5637 5700 5699
f 5637 5638 5701 5700
f 5638 5639 5702 5701
f 5639 5640 5703 5702
f 5640 5641 5704 5703
f 5641 5642 5705 5704
f 5642 5643 5706 5705
f 5643 5644 5707 5706
f 5644 5645 5708 5707
f 5645 5646 5709 5708
f 5646 5647 5710 5709
f 5647 5648 5711 5710
f 5648 5649 5712 5711
f 5649 5650 5713 5712
f 5650 5651 5714 5713
f 5651 5652 5715 5714
f 5652 5653 5716 5715
f 5653 5654 5717 5716
f 5654 5655 5718 5717
f 5655 5656 5719 5718
f 5656 5657 5720 5719
f 5657 5658 5721 5720
f 5658 5659 5722 5721
f 5659 5660 5723 5722
f 5660 5661 5724 5723
f 5661 5662 5725 5724
f 5662 5663 5726 5725
f 5663 5664 5727 5726
f 5664 5665 5728 5727
f 5665 5666 5729 5728
f 5666 5667 5730 5729
f 5667 5668 5731 5730
f 5668 5669 5732 5731
f 5669 5670 5733 5732
f 5670 5671 5734 5733
f 5671 5672 5735 5734
f 5672 5673 5736 5735
f 5673 5674 5737 5736
f 5674 5675 5738 5737
f 5675 5676 5739 5738
f 5676 5677 5740 5739
f 5677 5678 5741 5740
f 5678 5679 5742 5741
f 5679 5680 5743 5742
f 5689 5690 5751 5748
f 5690 5691 5752 5751
f 5691 5692 5753 5752
f 5692 5693 5754 5753
f 5693 5694 5755 5754
f 5694 5695 5756 5755
f 5695 5696 5757 5756
f 5696 5697 5758 5757
f 5697 5698 5759 5758
f 5698 5699 5760 5759
f 5699 5700 5761 5760
f 5700 5701 5762 5761
f 5701 5702 5763 5762
f 5702 5703 5764 5763
f 5703 5704 5765 5764
f 5704 5705 5766 5765
f 5705 5706 5767 5766
f 5706 5707 5768 5767
f 5707 5708 5769 5768
f 5708 5709 5770 5769
f 5709 5710 5771 5770
f 5710 5711 5772 5771
f 5711 5712 5773 5772
f 5712 5713 5774 5773
f 5713 5714 5775 5774
f 5714 5715 5776 5775
f 5715 5716 5777 5776
f 5716 5717 5778 5777
f 5717 5718 5779 5778
f 5718 5719 5780 5779
f 5719 5720 5781 5780
f 5720 5721 5782 5781
f 5721 5722 5783 5782
f 5722 5723 5784 5783
f 5723 5724 5785 5784
f 5724 5725 5786 5785
f 5725 5726 5787 5786
f 5726 5727 5788 5787
f 5727 5728 5789 5788
f 5728 5729 5790 5789
f 5729 5730 5791 5790
f 5730 5731 5792 5791
f 5731 5732 5793 5792
f 5732 5733 5794 5793
f 5733 5734 5795 5794
f 5734 5735 5796 5795
f 5735 5736 5797 5796
f 5736 5737 5798 5797
f 5737 5738 5799 5798
f 5738 5739 5800 5799
f 5739 5740 5801 5800
f 5740 5741 5802 5801
f 5741 5742 5803 5802
f 5751 5752 5811 5808
f 5752 5753 5812 5811
f 5753 5754 5813 5812
f 5754 5755 5814 5813
f 5755 5756 5815 5814
f 5756 5757 5816 5815
f 5757 5758 5817 5816
f 5758 5759 5818 5817
f 5759 5760 5819 5818
f 5760 5761 5820 5819
f 5761 5762 5821 5820
f 5762 5763 5822 5821
f 5763 5764 5823 5822
f 5764 5765 5824 5823
f 5765 5766 5825 5824
f 5766 5767 5826 5825
f 5767 5768 5827 5826
f 5768 5769 5828 5827
f 5769 5770 5829 5828
f 5770 5771 5830 5829
f 5771 5772 5831 5830
f 5772 5773 5832 5831
f 5773 5774 5833 5832
f 5774 5775 5834 5833
f 5775 5776 5835 5834
f 5776 5777 5836 5835
f 5777 5778 5837 5836
f 5778 5779 5838 5837
f 5779 5780 5839 5838
f 5780 5781 5840 5839
f 5781 5782 5841 5840
f 5782 5783 5842 5841
f 5783 5784 5843 5842
f 5784 5785 5844 5843
f 5785 5786 5845 5844
f 5786 5787 5846 5845
f 5787 5788 5847 5846
f 5788 5789 5848 5847
f 5789 5790 5849 5848
f 5790 5791 5850 5849
f 5791 5792 5851 5850
f 5792 5793 5852 5851
f 5793 5794 5853 5852
f 5794 5795 5854 5853
f 5795 5796 5855 5854
f 5796 5797 5856 5855
f 5797 5798 5857 5856
f 5798 5799 5858 5857
f 5799 5800 5859 5858
f 5800 5801 5860 5859
f 5801 5802 5861 5860
f 5811 5812 5869 5866
f 5812 5813 5870 5869
f 5813 5814 5871 5870
f 5814 5815 5872 5871
f 5815 5816 5873 5872
f 5816 5817 5874 5873
f 5817 5818 5875 5874
f 5818 5819 5876 5875
f 5819 5820 5877 5876
f 5820 5821 5878 5877
f 5821 5822 5879 5878
f 5822 5823 5880 5879
f 5823 5824 5881 5880
f 5824 5825 5882 5881
f 5825 5826 5883 5882
f 5826 5827 5884 5883
f 5827 5828 5885 5884
f 5828 5829 5886 5885
f 5829 5830 5887 5886
f 5830 5831 5888 5887
f 5831 5832 5889 5888
f 5832 5833 5890 5889
f 5833 5834 5891 5890
f 5834 5835 5892 5891
f 5835 5836 5893 5892
f 5836 5837 5894 5893
f 5837 5838 5895 5894
f 5838 5839 5896 5895
f 5839 5840 5897 5896
f 5840 5841 5898 5897
f 5841 5842 5899 5898
f 5842 5843 5900 5899
f 5843 5844 5901 5900
f 5844 5845 5902 5901
f 5845 5846 5903 5902
f 5846 5847 5904 5903
f 5847 5848 5905 5904
f 5848 5849 5906 5905
f 5849 5850 5907 5906
f 5850 5851 5908 5907
f 5851 5852 5909 5908
f 5852 5853 5910 5909
f 5853 5854 5911 5910
f 5854 5855 5912 5911
f 5855 5856 5913 5912
f 5856 5857 5914 5913
f 5857 5858 5915 5914
f 5858 5859 5916 5915
f 5859 5860 5917 5916
f 5870 5871 5926 5925
f 5871 5872 5927 5926
f 5872 5873 5928 5927
f 5873 5874 5929 5928
f 5874 5875 5930 5929
f 5875 5876 5931 5930
f 5876 5877 5932 5931
f 5877 5878 5933 5932
f 5878 5879 5934 5933
f 5879 5880 5935 5934
f 5880 5881 5936 5935
f 5881 5882 5937 5936
f 5882 5883 5938 5937
f 5883 5884 5939 5938
f 5884 5885 5940 5939
f 5885 5886 5941 5940
f 5886 5887 5942 5941
f 5887 5888 5943 5942
f 5888 5889 5944 5943
f 5889 5890 5945 5944
f 5890 5891 5946 5945
f 5891 5892 5947 5946
f 5892 5893 5948 5947
f 5893 5894 5949 5948
f 5894 5895 5950 5949
f 5895 5896 5951 5950
f 5896 5897 5952 5951
f 5897 5898 5953 5952
f 5898 5899 5954 5953
f 5899 5900 5955 5954
f 5900 5901 5956 5955
f 5901 5902 5957 5956
f 5902 5903 5958 5957
f 5903 5904 5959 5958
f 5904 5905 5960 5959
f 5905 5906 5961 5960
f 5906 5907 5962 5961
f 5907 5908 5963 5962
f 5908 5909 5964 5963
f 5909 5910 5965 5964
f 5910 5911 5966 5965
f 5911 5912 5967 5966
f 5912 5913 5968 5967
f 5913 5914 5969 5968
f 5914 5915 5970 5969
f 5926 5927 5981 5979
f 5927 5928 5982 5981
f 5928 5929 5983 5982
f 5929 5930 5984 5983
f 5930 5931 5985 5984
f 5931 5932 5986 5985
f 5932 5933 5987 5986
f 5933 5934 5988 5987
f 5934 5935 5989 5988
f 5935 5936 5990 5989
f 5936 5937 5991 5990
f 5937 5938 5992 5991
f 5938 5939 5993 5992
f 5939 5940 5994 5993
f 5940 5941 5995 5994
f 5941 5942 5996 5995
f 5942 5943 5997 5996
f 5943 5944 5998 5997
f 5944 5945 5999 5998
f 5945 5946 6000 5999
f 5946 5947 6001 6000
f 5947 5948 6002 6001
f 5948 5949 6003 6002
f 5949 5950 6004 6003
f 5950 5951 6005 6004
f 5951 5952 6006 6005
f 5952 5953 6007 6006
f 5953 5954 6008 6007
f 5954 5955 6009 6008
f 5955 5956 6010 6009
f 5956 5957 6011 6010
f 5957 5958 6012 6011
f 5958 5959 6013 6012
f 5959 5960 6014 6013
f 5960 5961 6015 6014
f 5961 5962 6016 6015
f 5962 5963 6017 6016
f 5963 5964 6018 6017
f 5964 5965 6019 6018
f 5965 5966 6020 6019
f 5966 5967 6021 6020
f 5967 5968 6022 6021
f 5968 5969 6023 6022
f 5981 5982 6033 6030
f 5982 5983 6034 6033
f 5983 5984 6035 6034
f 5984 5985 6036 6035
f 5985 5986 6037 6036
f 5986 5987 6038 6037
f 5987 5988 6039 6038
f 5988 5989 6040 6039
f 5989 5990 6041 6040
f 5990 5991 6042 6041
f 5991 5992 6043 6042
f 5992 5993 6044 6043
f 5993 5994 6045 6044
f 5994 5995 6046 6045
f 5995 5996 6047 6046
f 5996 5997 6048 6047
f 5997 5998 6049 6048
f 5998 5999 6050 6049
f 5999 6000 6051 6050
f 6000 6001 6052 6051
f 6001 6002 6053 6052
f 6002 6003 6054 6053
f 6003 6004 6055 6054
f 6004 6005 6056 6055
f 6005 6006 6057 6056
f 6006 6007 6058 6057
f 6007 6008 6059 6058
f 6008 6009 6060 6059
f 6009 6010 6061 6060
f 6010 6011 6062 6061
f 6011 6012 6063 6062
f 6012 6013 6064 6063
f 6013 6014 6065 6064
f 6014 6015 6066 6065
f 6015 6016 6067 6066
f 6016 6017 6068 6067
f 6017 6018 6069 6068
f 6018 6019 6070 6069
f 6019 6020 6071 6070
f 6020 6021 6072 6071
f 6021 6022 6073 6072
f 6034 6035 6083 6081
f 6035 6036 6084 6083
f 6036 6037 6085 6084
f 6037 6038 6086 6085
f 6038 6039 6087 6086
f 6039 6040 6088 6087
f 6040 6041 6089 6088
f 6041 6042 6090 6089
f 6042 6043 6091 6090
f 6043 6044 6092 6091
f 6044 6045 6093 6092
f 6045 6046 6094 6093
f 6046 6047 6095 6094
f 6047 6048 6096 6095
f 6048 6049 6097 6096
f 6049 6050 6098 6097
f 6050 6051 6099 6098
f 6051 6052 6100 6099
f 6052 6053 6101 6100
f 6053 6054 6102 6101
f 6054 6055 6103 6102
f 6055 6056 6104 6103
f 6056 6057 6105 6104
f 6057 6058 6106 6105
f 6058 6059 6107 6106
f 6059 6060 6108 6107
f 6060 6061 6109 6108
f 6061 6062 6110 6109
f 6062 6063 6111 6110
f 6063 6064 6112 6111
f 6064 6065 6113 6112
f 6065 6066 6114 6113
f 6066 6067 6115 6114
f 6067 6068 6116 6115
f 6068 6069 6117 6116
f 6069 6070 6118 6117
f 6070 6071 6119 6118
f 6084 6085 6131 6129
f 6085 6086 6132 6131
f 6086 6087 6133 6132
f 6087 6088 6134 6133
f 6088 6089 6135 6134
f 6089 6090 6136 6135
f 6090 6091 6137 6136
f 6091 6092 6138 6137
f 6092 6093 6139 6138
f 6093 6094 6140 6139
f 6094 6095 6141 6140
f 6095 6096 6142 6141
f 6096 6097 6143 6142
f 6097 6098 6144 6143
f 6098 6099 6145 6144
f 6099 6100 6146 6145
f 6100 6101 6147 6146
f 6101 6102 6148 6147
f 6102 6103 6149 6148
f 6103 6104 6150 6149
f 6104 6105 6151 6150
f 6105 6106 6152 6151
f 6106 6107 6153 6152
f 6107 6108 6154 6153
f 6108 6109 6155 6154
f 6109 6110 6156 6155
f 6110 6111 6157 6156
f 6111 6112 6158 6157
f 6112 6113 6159 6158
f 6113 6114 6160 6159
f 6114 6115 6161 6160
f 6115 6116 6162 6161
f 6116 6117 6163 6162
f 6132 6133 6175 6173
f 6133 6134 6176 6175
f 6134 6135 6177 6176
f 6135 6136 6178 6177
f 6136 6137 6179 6178
f 6137 6138 6180 6179
f 6138 6139 6181 6180
f 6139 6140 6182 6181
f 6140 6141 6183 6182
f 6141 6142 6184 6183
f 6142 6143 6185 6184
f 6143 6144 6186 6185
f 6144 6145 6187 6186
f 6145 6146 6188 6187
f 6146 6147 6189 6188
f 6147 6148 6190 6189
f 6148 6149 6191 6190
f 6149 6150 6192 6191
f 6150 6151 6193 6192
f 6151 6152 6194 6193
f 6152 6153 6195 6194
f 6153 6154 6196 6195
f 6154 6155 6197 6196
f 6155 6156 6198 6197
f 6156 6157 6199 6198
f 6157 6158 6200 6199
f 6158 6159 6201 6200
f 6159 6160 6202 6201
f 6160 6161 6203 6202
f 6176 6177 6215 6213
f 6177 6178 6216 6215
f 6178 6179 6217 6216
f 6179 6180 6218 6217
f 6180 6181 6219 6218
f 6181 6182 6220 6219
f 6182 6183 6221 6220
f 6183 6184 6222 6221
f 6184 6185 6223 6222
f 6185 6186 6224 6223
f 6186 6187 6225 6224
f 6187 6188 6226 6225
f 6188 6189 6227 6226
f 6189 6190 6228 6227
f 6190 6191 6229 6228
f 6191 6192 6230 6229
f 6192 6193 6231 6230
f 6193 6194 6232 6231
f 6194 6195 6233 6232
f 6195 6196 6234 6233
f 6196 6197 6235 6234
f 6197 6198 6236 6235
f 6198 6199 6237 6236
f 6199 6200 6238 6237
f 6200 6201 6239 6238
f 6218 6219 6255 6253
f 6219 6220 6256 6255
f 6220 6221 6257 6256
f 6221 6222 6258 6257
f 6222 6223 6259 6258
f 6223 6224 6260 6259
f 6224 6225 6261 6260
f 6225 6226 6262 6261
f 6226 6227 6263 6262
f 6227 6228 6264 6263
f 6228 6229 6265 6264
f 6229 6230 6266 6265
f 6230 6231 6267 6266
f 6231 6232 6268 6267
f 6232 6233 6269 6268
f 6233 6234 6270 6269
f 6234 6235 6271 6270
f 6262 6263 6299 6297
usemtl c12
f 16726 16744 16745 16727
