# generado por tools/vox_to_obj.py desde cacao_v3.vox
mtllib cacao_v3.mtl
v -2.0000 0.0000 2.0000
v -2.0000 1.0000 2.0000
v -2.0000 1.0000 1.0000
v -2.0000 0.0000 1.0000
v -1.0000 0.0000 2.0000
v -1.0000 1.0000 2.0000
v -1.0000 0.0000 1.0000
v -2.0000 2.0000 2.0000
v -2.0000 2.0000 1.0000
v -1.0000 2.0000 2.0000
v -2.0000 3.0000 2.0000
v -2.0000 3.0000 1.0000
v -1.0000 3.0000 2.0000
v -2.0000 4.0000 2.0000
v -2.0000 4.0000 1.0000
v -1.0000 4.0000 2.0000
v -2.0000 5.0000 2.0000
v -2.0000 5.0000 1.0000
v -1.0000 5.0000 2.0000
v -1.0000 6.0000 2.0000
v -2.0000 6.0000 2.0000
v -2.0000 10.0000 2.0000
v -2.0000 11.0000 2.0000
v -2.0000 11.0000 1.0000
v -2.0000 10.0000 1.0000
v -2.0000 12.0000 2.0000
v -2.0000 12.0000 1.0000
v -1.0000 11.0000 2.0000
v -1.0000 12.0000 2.0000
v -2.0000 13.0000 2.0000
v -2.0000 13.0000 1.0000
v -1.0000 13.0000 2.0000
v -2.0000 14.0000 2.0000
v -2.0000 14.0000 1.0000
v -1.0000 14.0000 2.0000
v -1.0000 14.0000 1.0000
v -2.0000 1.0000 0.0000
v -2.0000 0.0000 0.0000
v -1.0000 0.0000 0.0000
v -2.0000 2.0000 0.0000
v -2.0000 3.0000 0.0000
v -2.0000 4.0000 0.0000
v -2.0000 5.0000 0.0000
v -2.0000 11.0000 0.0000
v -2.0000 10.0000 0.0000
v -2.0000 12.0000 0.0000
v -1.0000 14.0000 0.0000
v -2.0000 14.0000 0.0000
v -2.0000 1.0000 -1.0000
v -2.0000 0.0000 -1.0000
v -1.0000 1.0000 -1.0000
v -1.0000 0.0000 -1.0000
v -2.0000 2.0000 -1.0000
v -1.0000 2.0000 -1.0000
v -2.0000 3.0000 -1.0000
v -1.0000 3.0000 -1.0000
v -2.0000 4.0000 -1.0000
v -1.0000 4.0000 -1.0000
v -2.0000 5.0000 -1.0000
v -1.0000 5.0000 -1.0000
v -2.0000 11.0000 -1.0000
v -2.0000 10.0000 -1.0000
v -1.0000 11.0000 -1.0000
v -1.0000 10.0000 -1.0000
v -2.0000 12.0000 -1.0000
v -1.0000 12.0000 -1.0000
v -2.0000 13.0000 0.0000
v -2.0000 13.0000 -1.0000
v -1.0000 13.0000 -1.0000
v -2.0000 14.0000 -1.0000
v -1.0000 14.0000 -1.0000
v 0.0000 0.0000 2.0000
v 0.0000 1.0000 2.0000
v 0.0000 0.0000 1.0000
v 0.0000 2.0000 2.0000
v 0.0000 3.0000 2.0000
v 0.0000 4.0000 2.0000
v 0.0000 5.0000 2.0000
v 0.0000 6.0000 2.0000
v 0.0000 11.0000 2.0000
v 0.0000 12.0000 2.0000
v 0.0000 14.0000 2.0000
v 0.0000 14.0000 1.0000
v 0.0000 0.0000 0.0000
v 0.0000 14.0000 0.0000
v 0.0000 1.0000 -1.0000
v 0.0000 0.0000 -1.0000
v 0.0000 2.0000 -1.0000
v 0.0000 3.0000 -1.0000
v 0.0000 4.0000 -1.0000
v 0.0000 5.0000 -1.0000
v 0.0000 11.0000 -1.0000
v 0.0000 10.0000 -1.0000
v 0.0000 12.0000 -1.0000
v 0.0000 14.0000 -1.0000
v 1.0000 0.0000 2.0000
v 1.0000 0.0000 1.0000
v 1.0000 1.0000 1.0000
v 1.0000 1.0000 2.0000
v 1.0000 2.0000 1.0000
v 1.0000 2.0000 2.0000
v 1.0000 3.0000 1.0000
v 1.0000 3.0000 2.0000
v 1.0000 4.0000 1.0000
v 1.0000 4.0000 2.0000
v 1.0000 5.0000 2.0000
v 1.0000 6.0000 2.0000
v 1.0000 9.0000 2.0000
v 1.0000 9.0000 1.0000
v 1.0000 10.0000 1.0000
v 1.0000 10.0000 2.0000
v 1.0000 11.0000 1.0000
v 1.0000 11.0000 2.0000
v 1.0000 12.0000 1.0000
v 1.0000 12.0000 2.0000
v 1.0000 13.0000 1.0000
v 1.0000 13.0000 2.0000
v 0.0000 13.0000 2.0000
v 1.0000 14.0000 1.0000
v 1.0000 14.0000 2.0000
v 1.0000 0.0000 0.0000
v 1.0000 1.0000 0.0000
v 1.0000 2.0000 0.0000
v 1.0000 3.0000 0.0000
v 1.0000 4.0000 0.0000
v 1.0000 9.0000 0.0000
v 1.0000 10.0000 0.0000
v 1.0000 11.0000 0.0000
v 1.0000 12.0000 0.0000
v 1.0000 14.0000 0.0000
v 1.0000 0.0000 -1.0000
v 1.0000 1.0000 -1.0000
v 1.0000 2.0000 -1.0000
v 1.0000 3.0000 -1.0000
v 1.0000 4.0000 -1.0000
v 1.0000 5.0000 -1.0000
v 1.0000 9.0000 -1.0000
v 1.0000 10.0000 -1.0000
v 1.0000 11.0000 -1.0000
v 1.0000 12.0000 -1.0000
v 1.0000 13.0000 -1.0000
v 1.0000 13.0000 0.0000
v 0.0000 13.0000 -1.0000
v 1.0000 14.0000 -1.0000
v 2.0000 13.0000 0.0000
v 2.0000 12.0000 0.0000
v 2.0000 12.0000 1.0000
v 2.0000 13.0000 1.0000
v 2.0000 14.0000 0.0000
v 2.0000 14.0000 1.0000
v 3.0000 13.0000 0.0000
v 3.0000 12.0000 0.0000
v 3.0000 12.0000 1.0000
v 3.0000 13.0000 1.0000
v 3.0000 14.0000 0.0000
v 3.0000 14.0000 1.0000
v 4.0000 13.0000 0.0000
v 4.0000 12.0000 0.0000
v 4.0000 12.0000 1.0000
v 4.0000 13.0000 1.0000
v 4.0000 14.0000 0.0000
v 4.0000 14.0000 1.0000
v 5.0000 13.0000 0.0000
v 5.0000 12.0000 0.0000
v 5.0000 12.0000 1.0000
v 5.0000 13.0000 1.0000
v 5.0000 14.0000 0.0000
v 5.0000 14.0000 1.0000
v 6.0000 13.0000 0.0000
v 6.0000 12.0000 0.0000
v 6.0000 12.0000 1.0000
v 6.0000 13.0000 1.0000
v 6.0000 14.0000 0.0000
v 6.0000 14.0000 1.0000
v 7.0000 13.0000 0.0000
v 7.0000 12.0000 0.0000
v 7.0000 12.0000 1.0000
v 7.0000 13.0000 1.0000
v 7.0000 14.0000 0.0000
v 7.0000 14.0000 1.0000
v 8.0000 12.0000 1.0000
v 8.0000 12.0000 0.0000
v 8.0000 13.0000 0.0000
v 8.0000 13.0000 1.0000
v 8.0000 14.0000 0.0000
v 8.0000 14.0000 1.0000
v -9.0000 12.0000 1.0000
v -9.0000 13.0000 1.0000
v -9.0000 13.0000 0.0000
v -9.0000 12.0000 0.0000
v -8.0000 13.0000 0.0000
v -8.0000 12.0000 0.0000
v -8.0000 12.0000 1.0000
v -8.0000 13.0000 1.0000
v -9.0000 14.0000 1.0000
v -9.0000 14.0000 0.0000
v -8.0000 14.0000 0.0000
v -8.0000 14.0000 1.0000
v -7.0000 13.0000 0.0000
v -7.0000 12.0000 0.0000
v -7.0000 12.0000 1.0000
v -7.0000 13.0000 1.0000
v -7.0000 14.0000 0.0000
v -7.0000 14.0000 1.0000
v -6.0000 13.0000 0.0000
v -6.0000 12.0000 0.0000
v -6.0000 12.0000 1.0000
v -6.0000 13.0000 1.0000
v -6.0000 14.0000 0.0000
v -6.0000 14.0000 1.0000
v -5.0000 13.0000 0.0000
v -5.0000 12.0000 0.0000
v -5.0000 12.0000 1.0000
v -5.0000 13.0000 1.0000
v -5.0000 14.0000 0.0000
v -5.0000 14.0000 1.0000
v -4.0000 13.0000 0.0000
v -4.0000 12.0000 0.0000
v -4.0000 12.0000 1.0000
v -4.0000 13.0000 1.0000
v -4.0000 14.0000 0.0000
v -4.0000 14.0000 1.0000
v -3.0000 13.0000 0.0000
v -3.0000 12.0000 0.0000
v -3.0000 12.0000 1.0000
v -3.0000 13.0000 1.0000
v -3.0000 14.0000 0.0000
v -3.0000 14.0000 1.0000
v 0.0000 12.0000 -2.0000
v 0.0000 13.0000 -2.0000
v -1.0000 13.0000 -2.0000
v -1.0000 12.0000 -2.0000
v 0.0000 14.0000 -2.0000
v -1.0000 14.0000 -2.0000
v 0.0000 12.0000 -3.0000
v 0.0000 13.0000 -3.0000
v -1.0000 13.0000 -3.0000
v -1.0000 12.0000 -3.0000
v 0.0000 14.0000 -3.0000
v -1.0000 14.0000 -3.0000
v 0.0000 12.0000 -4.0000
v 0.0000 13.0000 -4.0000
v -1.0000 13.0000 -4.0000
v -1.0000 12.0000 -4.0000
v 0.0000 14.0000 -4.0000
v -1.0000 14.0000 -4.0000
v 0.0000 12.0000 -5.0000
v 0.0000 13.0000 -5.0000
v -1.0000 13.0000 -5.0000
v -1.0000 12.0000 -5.0000
v 0.0000 14.0000 -5.0000
v -1.0000 14.0000 -5.0000
v 0.0000 12.0000 -6.0000
v 0.0000 13.0000 -6.0000
v -1.0000 13.0000 -6.0000
v -1.0000 12.0000 -6.0000
v 0.0000 14.0000 -6.0000
v -1.0000 14.0000 -6.0000
v 0.0000 12.0000 -7.0000
v 0.0000 13.0000 -7.0000
v -1.0000 13.0000 -7.0000
v -1.0000 12.0000 -7.0000
v 0.0000 14.0000 -7.0000
v -1.0000 14.0000 -7.0000
v 0.0000 12.0000 -8.0000
v 0.0000 13.0000 -8.0000
v -1.0000 13.0000 -8.0000
v -1.0000 12.0000 -8.0000
v 0.0000 14.0000 -8.0000
v -1.0000 14.0000 -8.0000
v 0.0000 12.0000 9.0000
v 0.0000 12.0000 8.0000
v 0.0000 13.0000 8.0000
v 0.0000 13.0000 9.0000
v -1.0000 12.0000 9.0000
v -1.0000 13.0000 9.0000
v -1.0000 13.0000 8.0000
v -1.0000 12.0000 8.0000
v 0.0000 14.0000 8.0000
v 0.0000 14.0000 9.0000
v -1.0000 14.0000 9.0000
v -1.0000 14.0000 8.0000
v 0.0000 12.0000 7.0000
v 0.0000 13.0000 7.0000
v -1.0000 13.0000 7.0000
v -1.0000 12.0000 7.0000
v 0.0000 14.0000 7.0000
v -1.0000 14.0000 7.0000
v 0.0000 12.0000 6.0000
v 0.0000 13.0000 6.0000
v -1.0000 13.0000 6.0000
v -1.0000 12.0000 6.0000
v 0.0000 14.0000 6.0000
v -1.0000 14.0000 6.0000
v 0.0000 12.0000 5.0000
v 0.0000 13.0000 5.0000
v -1.0000 13.0000 5.0000
v -1.0000 12.0000 5.0000
v 0.0000 14.0000 5.0000
v -1.0000 14.0000 5.0000
v 0.0000 12.0000 4.0000
v 0.0000 13.0000 4.0000
v -1.0000 13.0000 4.0000
v -1.0000 12.0000 4.0000
v 0.0000 14.0000 4.0000
v -1.0000 14.0000 4.0000
v 0.0000 12.0000 3.0000
v 0.0000 13.0000 3.0000
v -1.0000 13.0000 3.0000
v -1.0000 12.0000 3.0000
v 0.0000 14.0000 3.0000
v -1.0000 14.0000 3.0000
v 2.0000 13.0000 -2.0000
v 2.0000 14.0000 -2.0000
v 2.0000 14.0000 -3.0000
v 2.0000 13.0000 -3.0000
v 3.0000 13.0000 -2.0000
v 3.0000 14.0000 -2.0000
v 3.0000 14.0000 -3.0000
v 3.0000 13.0000 -3.0000
v 2.0000 14.0000 -4.0000
v 2.0000 13.0000 -4.0000
v 3.0000 14.0000 -4.0000
v 3.0000 13.0000 -4.0000
v 2.0000 14.0000 -5.0000
v 2.0000 13.0000 -5.0000
v 3.0000 14.0000 -5.0000
v 3.0000 13.0000 -5.0000
v 2.0000 14.0000 -6.0000
v 2.0000 13.0000 -6.0000
v 3.0000 14.0000 -6.0000
v 3.0000 13.0000 -6.0000
v 4.0000 13.0000 -2.0000
v 4.0000 14.0000 -2.0000
v 4.0000 14.0000 -3.0000
v 4.0000 13.0000 -3.0000
v 4.0000 14.0000 -4.0000
v 4.0000 13.0000 -4.0000
v 4.0000 14.0000 -5.0000
v 4.0000 13.0000 -5.0000
v 4.0000 14.0000 -6.0000
v 4.0000 13.0000 -6.0000
v 5.0000 13.0000 -2.0000
v 5.0000 14.0000 -2.0000
v 5.0000 14.0000 -3.0000
v 5.0000 13.0000 -3.0000
v 5.0000 14.0000 -4.0000
v 5.0000 13.0000 -4.0000
v 5.0000 14.0000 -5.0000
v 5.0000 13.0000 -5.0000
v 5.0000 14.0000 -6.0000
v 5.0000 13.0000 -6.0000
v 6.0000 13.0000 -2.0000
v 6.0000 14.0000 -2.0000
v 6.0000 14.0000 -3.0000
v 6.0000 13.0000 -3.0000
v 6.0000 14.0000 -4.0000
v 6.0000 13.0000 -4.0000
v 6.0000 14.0000 -5.0000
v 6.0000 13.0000 -5.0000
v 6.0000 14.0000 -6.0000
v 6.0000 13.0000 -6.0000
v 7.0000 13.0000 -2.0000
v 7.0000 13.0000 -3.0000
v 7.0000 14.0000 -3.0000
v 7.0000 14.0000 -2.0000
v 7.0000 13.0000 -4.0000
v 7.0000 14.0000 -4.0000
v 7.0000 13.0000 -5.0000
v 7.0000 14.0000 -5.0000
v 7.0000 13.0000 -6.0000
v 7.0000 14.0000 -6.0000
v -10.0000 15.0000 8.0000
v -10.0000 16.0000 8.0000
v -10.0000 16.0000 7.0000
v -10.0000 15.0000 7.0000
v -9.0000 15.0000 7.0000
v -9.0000 15.0000 8.0000
v -10.0000 17.0000 8.0000
v -10.0000 17.0000 7.0000
v -9.0000 17.0000 8.0000
v -9.0000 17.0000 7.0000
v -10.0000 16.0000 6.0000
v -10.0000 15.0000 6.0000
v -9.0000 15.0000 6.0000
v -10.0000 17.0000 6.0000
v -9.0000 17.0000 6.0000
v -10.0000 16.0000 5.0000
v -10.0000 15.0000 5.0000
v -9.0000 15.0000 5.0000
v -10.0000 17.0000 5.0000
v -9.0000 17.0000 5.0000
v -10.0000 16.0000 4.0000
v -10.0000 15.0000 4.0000
v -9.0000 15.0000 4.0000
v -10.0000 17.0000 4.0000
v -9.0000 17.0000 4.0000
v -10.0000 16.0000 3.0000
v -10.0000 15.0000 3.0000
v -9.0000 15.0000 3.0000
v -10.0000 17.0000 3.0000
v -9.0000 17.0000 3.0000
v -10.0000 16.0000 2.0000
v -10.0000 15.0000 2.0000
v -9.0000 15.0000 2.0000
v -10.0000 17.0000 2.0000
v -9.0000 17.0000 2.0000
v -10.0000 16.0000 1.0000
v -10.0000 15.0000 1.0000
v -9.0000 15.0000 1.0000
v -10.0000 17.0000 1.0000
v -9.0000 17.0000 1.0000
v -10.0000 16.0000 0.0000
v -10.0000 15.0000 0.0000
v -9.0000 15.0000 0.0000
v -10.0000 17.0000 0.0000
v -9.0000 17.0000 0.0000
v -10.0000 16.0000 -1.0000
v -10.0000 15.0000 -1.0000
v -9.0000 15.0000 -1.0000
v -10.0000 17.0000 -1.0000
v -9.0000 17.0000 -1.0000
v -10.0000 16.0000 -2.0000
v -10.0000 15.0000 -2.0000
v -9.0000 15.0000 -2.0000
v -10.0000 17.0000 -2.0000
v -9.0000 17.0000 -2.0000
v -10.0000 16.0000 -3.0000
v -10.0000 15.0000 -3.0000
v -9.0000 15.0000 -3.0000
v -10.0000 17.0000 -3.0000
v -9.0000 17.0000 -3.0000
v -10.0000 16.0000 -4.0000
v -10.0000 15.0000 -4.0000
v -9.0000 15.0000 -4.0000
v -10.0000 17.0000 -4.0000
v -9.0000 17.0000 -4.0000
v -10.0000 16.0000 -5.0000
v -10.0000 15.0000 -5.0000
v -9.0000 15.0000 -5.0000
v -10.0000 17.0000 -5.0000
v -9.0000 17.0000 -5.0000
v -10.0000 16.0000 -6.0000
v -10.0000 15.0000 -6.0000
v -9.0000 15.0000 -6.0000
v -10.0000 17.0000 -6.0000
v -9.0000 17.0000 -6.0000
v -10.0000 16.0000 -7.0000
v -10.0000 15.0000 -7.0000
v -9.0000 15.0000 -7.0000
v -10.0000 17.0000 -7.0000
v -9.0000 17.0000 -7.0000
v -10.0000 16.0000 -8.0000
v -10.0000 15.0000 -8.0000
v -9.0000 15.0000 -8.0000
v -10.0000 17.0000 -8.0000
v -9.0000 17.0000 -8.0000
v -10.0000 16.0000 -9.0000
v -10.0000 15.0000 -9.0000
v -9.0000 15.0000 -9.0000
v -10.0000 17.0000 -9.0000
v -9.0000 17.0000 -9.0000
v -10.0000 16.0000 -10.0000
v -10.0000 15.0000 -10.0000
v -9.0000 16.0000 -10.0000
v -9.0000 15.0000 -10.0000
v -10.0000 17.0000 -10.0000
v -9.0000 17.0000 -10.0000
v -8.0000 15.0000 7.0000
v -8.0000 15.0000 8.0000
v -8.0000 17.0000 8.0000
v -8.0000 17.0000 7.0000
v -8.0000 15.0000 6.0000
v -8.0000 17.0000 6.0000
v -8.0000 15.0000 5.0000
v -8.0000 17.0000 5.0000
v -8.0000 15.0000 4.0000
v -8.0000 17.0000 4.0000
v -8.0000 15.0000 3.0000
v -8.0000 17.0000 3.0000
v -8.0000 15.0000 2.0000
v -8.0000 17.0000 2.0000
v -8.0000 15.0000 1.0000
v -8.0000 17.0000 1.0000
v -8.0000 15.0000 0.0000
v -8.0000 17.0000 0.0000
v -8.0000 15.0000 -1.0000
v -8.0000 17.0000 -1.0000
v -8.0000 15.0000 -2.0000
v -8.0000 17.0000 -2.0000
v -8.0000 15.0000 -3.0000
v -8.0000 17.0000 -3.0000
v -8.0000 15.0000 -4.0000
v -8.0000 17.0000 -4.0000
v -8.0000 15.0000 -5.0000
v -8.0000 17.0000 -5.0000
v -8.0000 15.0000 -6.0000
v -8.0000 17.0000 -6.0000
v -8.0000 15.0000 -7.0000
v -8.0000 17.0000 -7.0000
v -8.0000 15.0000 -8.0000
v -8.0000 17.0000 -8.0000
v -8.0000 15.0000 -9.0000
v -8.0000 17.0000 -9.0000
v -8.0000 16.0000 -10.0000
v -8.0000 15.0000 -10.0000
v -8.0000 17.0000 -10.0000
v -8.0000 15.0000 10.0000
v -7.0000 15.0000 10.0000
v -7.0000 16.0000 10.0000
v -8.0000 16.0000 10.0000
v -8.0000 15.0000 9.0000
v -7.0000 15.0000 9.0000
v -7.0000 17.0000 10.0000
v -8.0000 17.0000 10.0000
v -7.0000 17.0000 9.0000
v -8.0000 17.0000 9.0000
v -7.0000 15.0000 8.0000
v -7.0000 17.0000 8.0000
v -7.0000 15.0000 7.0000
v -7.0000 15.0000 6.0000
v -7.0000 15.0000 5.0000
v -7.0000 15.0000 4.0000
v -7.0000 15.0000 3.0000
v -7.0000 15.0000 2.0000
v -7.0000 15.0000 1.0000
v -7.0000 15.0000 0.0000
v -7.0000 15.0000 -1.0000
v -7.0000 15.0000 -2.0000
v -7.0000 15.0000 -3.0000
v -7.0000 15.0000 -4.0000
v -7.0000 15.0000 -5.0000
v -7.0000 15.0000 -6.0000
v -7.0000 15.0000 -7.0000
v -7.0000 15.0000 -8.0000
v -7.0000 15.0000 -9.0000
v -7.0000 17.0000 -8.0000
v -7.0000 17.0000 -9.0000
v -7.0000 16.0000 -10.0000
v -7.0000 15.0000 -10.0000
v -7.0000 17.0000 -10.0000
v -6.0000 15.0000 10.0000
v -6.0000 16.0000 10.0000
v -6.0000 15.0000 9.0000
v -6.0000 17.0000 10.0000
v -6.0000 17.0000 9.0000
v -6.0000 15.0000 8.0000
v -6.0000 17.0000 8.0000
v -6.0000 15.0000 7.0000
v -6.0000 15.0000 6.0000
v -6.0000 15.0000 5.0000
v -6.0000 15.0000 4.0000
v -6.0000 15.0000 3.0000
v -6.0000 15.0000 2.0000
v -6.0000 15.0000 1.0000
v -6.0000 15.0000 0.0000
v -6.0000 15.0000 -1.0000
v -6.0000 15.0000 -2.0000
v -6.0000 15.0000 -3.0000
v -6.0000 15.0000 -4.0000
v -6.0000 15.0000 -5.0000
v -6.0000 15.0000 -6.0000
v -6.0000 15.0000 -7.0000
v -6.0000 15.0000 -8.0000
v -6.0000 15.0000 -9.0000
v -6.0000 17.0000 -8.0000
v -6.0000 17.0000 -9.0000
v -6.0000 16.0000 -10.0000
v -6.0000 15.0000 -10.0000
v -6.0000 17.0000 -10.0000
v -5.0000 15.0000 10.0000
v -5.0000 16.0000 10.0000
v -5.0000 15.0000 9.0000
v -5.0000 17.0000 10.0000
v -5.0000 17.0000 9.0000
v -5.0000 15.0000 8.0000
v -5.0000 17.0000 8.0000
v -5.0000 15.0000 7.0000
v -5.0000 15.0000 6.0000
v -5.0000 15.0000 5.0000
v -5.0000 15.0000 4.0000
v -5.0000 15.0000 3.0000
v -5.0000 15.0000 2.0000
v -5.0000 15.0000 1.0000
v -5.0000 15.0000 0.0000
v -5.0000 15.0000 -1.0000
v -5.0000 15.0000 -2.0000
v -5.0000 15.0000 -3.0000
v -5.0000 15.0000 -4.0000
v -5.0000 15.0000 -5.0000
v -5.0000 15.0000 -6.0000
v -5.0000 15.0000 -7.0000
v -5.0000 15.0000 -8.0000
v -5.0000 15.0000 -9.0000
v -5.0000 17.0000 -8.0000
v -5.0000 17.0000 -9.0000
v -5.0000 16.0000 -10.0000
v -5.0000 15.0000 -10.0000
v -5.0000 17.0000 -10.0000
v -4.0000 15.0000 10.0000
v -4.0000 16.0000 10.0000
v -4.0000 15.0000 9.0000
v -4.0000 17.0000 10.0000
v -4.0000 17.0000 9.0000
v -4.0000 15.0000 8.0000
v -4.0000 17.0000 8.0000
v -4.0000 15.0000 7.0000
v -4.0000 15.0000 6.0000
v -4.0000 15.0000 5.0000
v -4.0000 15.0000 4.0000
v -4.0000 15.0000 3.0000
v -4.0000 15.0000 2.0000
v -4.0000 15.0000 1.0000
v -4.0000 15.0000 0.0000
v -4.0000 15.0000 -1.0000
v -4.0000 15.0000 -2.0000
v -4.0000 15.0000 -3.0000
v -4.0000 15.0000 -4.0000
v -4.0000 15.0000 -5.0000
v -4.0000 15.0000 -6.0000
v -4.0000 15.0000 -7.0000
v -4.0000 15.0000 -8.0000
v -4.0000 15.0000 -9.0000
v -4.0000 17.0000 -8.0000
v -4.0000 17.0000 -9.0000
v -4.0000 16.0000 -10.0000
v -4.0000 15.0000 -10.0000
v -4.0000 17.0000 -10.0000
v -3.0000 15.0000 10.0000
v -3.0000 16.0000 10.0000
v -3.0000 15.0000 9.0000
v -3.0000 17.0000 10.0000
v -3.0000 17.0000 9.0000
v -3.0000 15.0000 8.0000
v -3.0000 17.0000 8.0000
v -3.0000 15.0000 7.0000
v -3.0000 15.0000 6.0000
v -3.0000 15.0000 5.0000
v -3.0000 15.0000 4.0000
v -3.0000 15.0000 3.0000
v -3.0000 15.0000 2.0000
v -3.0000 15.0000 1.0000
v -3.0000 15.0000 0.0000
v -3.0000 15.0000 -1.0000
v -3.0000 15.0000 -2.0000
v -3.0000 15.0000 -3.0000
v -3.0000 15.0000 -4.0000
v -3.0000 15.0000 -5.0000
v -3.0000 15.0000 -6.0000
v -3.0000 15.0000 -7.0000
v -3.0000 15.0000 -8.0000
v -3.0000 15.0000 -9.0000
v -3.0000 17.0000 -8.0000
v -3.0000 17.0000 -9.0000
v -3.0000 16.0000 -10.0000
v -3.0000 15.0000 -10.0000
v -3.0000 17.0000 -10.0000
v -2.0000 15.0000 10.0000
v -2.0000 16.0000 10.0000
v -2.0000 15.0000 9.0000
v -2.0000 17.0000 10.0000
v -2.0000 17.0000 9.0000
v -2.0000 15.0000 8.0000
v -2.0000 17.0000 8.0000
v -2.0000 15.0000 7.0000
v -2.0000 15.0000 6.0000
v -2.0000 15.0000 5.0000
v -2.0000 15.0000 4.0000
v -2.0000 15.0000 3.0000
v -2.0000 15.0000 2.0000
v -2.0000 15.0000 1.0000
v -2.0000 15.0000 0.0000
v -2.0000 15.0000 -1.0000
v -2.0000 15.0000 -2.0000
v -2.0000 15.0000 -3.0000
v -2.0000 15.0000 -4.0000
v -2.0000 15.0000 -5.0000
v -2.0000 15.0000 -6.0000
v -2.0000 15.0000 -7.0000
v -2.0000 15.0000 -8.0000
v -2.0000 15.0000 -9.0000
v -2.0000 17.0000 -8.0000
v -2.0000 17.0000 -9.0000
v -2.0000 16.0000 -10.0000
v -2.0000 15.0000 -10.0000
v -2.0000 17.0000 -10.0000
v -1.0000 15.0000 10.0000
v -1.0000 16.0000 10.0000
v -1.0000 15.0000 9.0000
v -1.0000 17.0000 10.0000
v -1.0000 17.0000 9.0000
v -1.0000 15.0000 8.0000
v -1.0000 17.0000 8.0000
v -1.0000 15.0000 7.0000
v -1.0000 15.0000 6.0000
v -1.0000 15.0000 5.0000
v -1.0000 15.0000 4.0000
v -1.0000 15.0000 3.0000
v -1.0000 15.0000 2.0000
v -1.0000 15.0000 1.0000
v -1.0000 15.0000 0.0000
v -1.0000 15.0000 -1.0000
v -1.0000 15.0000 -2.0000
v -1.0000 15.0000 -3.0000
v -1.0000 15.0000 -4.0000
v -1.0000 15.0000 -5.0000
v -1.0000 15.0000 -6.0000
v -1.0000 15.0000 -7.0000
v -1.0000 15.0000 -8.0000
v -1.0000 15.0000 -9.0000
v -1.0000 17.0000 -8.0000
v -1.0000 17.0000 -9.0000
v -1.0000 16.0000 -10.0000
v -1.0000 15.0000 -10.0000
v -1.0000 17.0000 -10.0000
v 0.0000 15.0000 10.0000
v 0.0000 16.0000 10.0000
v 0.0000 15.0000 9.0000
v 0.0000 17.0000 10.0000
v 0.0000 17.0000 9.0000
v 0.0000 15.0000 8.0000
v 0.0000 17.0000 8.0000
v 0.0000 15.0000 7.0000
v 0.0000 15.0000 6.0000
v 0.0000 15.0000 5.0000
v 0.0000 15.0000 4.0000
v 0.0000 15.0000 3.0000
v 0.0000 15.0000 2.0000
v 0.0000 15.0000 1.0000
v 0.0000 15.0000 0.0000
v 0.0000 15.0000 -1.0000
v 0.0000 15.0000 -2.0000
v 0.0000 15.0000 -3.0000
v 0.0000 15.0000 -4.0000
v 0.0000 15.0000 -5.0000
v 0.0000 15.0000 -6.0000
v 0.0000 15.0000 -7.0000
v 0.0000 15.0000 -8.0000
v 0.0000 15.0000 -9.0000
v 0.0000 17.0000 -8.0000
v 0.0000 17.0000 -9.0000
v 0.0000 16.0000 -10.0000
v 0.0000 15.0000 -10.0000
v 0.0000 17.0000 -10.0000
v 1.0000 15.0000 10.0000
v 1.0000 16.0000 10.0000
v 1.0000 15.0000 9.0000
v 1.0000 17.0000 10.0000
v 1.0000 17.0000 9.0000
v 1.0000 15.0000 8.0000
v 1.0000 17.0000 8.0000
v 1.0000 15.0000 7.0000
v 1.0000 15.0000 6.0000
v 1.0000 15.0000 5.0000
v 1.0000 15.0000 4.0000
v 1.0000 15.0000 3.0000
v 1.0000 15.0000 2.0000
v 1.0000 15.0000 1.0000
v 1.0000 15.0000 0.0000
v 1.0000 15.0000 -1.0000
v 1.0000 15.0000 -2.0000
v 1.0000 15.0000 -3.0000
v 1.0000 15.0000 -4.0000
v 1.0000 15.0000 -5.0000
v 1.0000 15.0000 -6.0000
v 1.0000 15.0000 -7.0000
v 1.0000 15.0000 -8.0000
v 1.0000 15.0000 -9.0000
v 1.0000 17.0000 -8.0000
v 1.0000 17.0000 -9.0000
v 1.0000 16.0000 -10.0000
v 1.0000 15.0000 -10.0000
v 1.0000 17.0000 -10.0000
v 2.0000 15.0000 10.0000
v 2.0000 16.0000 10.0000
v 2.0000 15.0000 9.0000
v 2.0000 17.0000 10.0000
v 2.0000 17.0000 9.0000
v 2.0000 15.0000 8.0000
v 2.0000 17.0000 8.0000
v 2.0000 15.0000 7.0000
v 2.0000 15.0000 6.0000
v 2.0000 15.0000 5.0000
v 2.0000 15.0000 4.0000
v 2.0000 15.0000 3.0000
v 2.0000 15.0000 2.0000
v 2.0000 15.0000 1.0000
v 2.0000 15.0000 0.0000
v 2.0000 15.0000 -1.0000
v 2.0000 15.0000 -2.0000
v 2.0000 15.0000 -3.0000
v 2.0000 15.0000 -4.0000
v 2.0000 15.0000 -5.0000
v 2.0000 15.0000 -6.0000
v 2.0000 15.0000 -7.0000
v 2.0000 15.0000 -8.0000
v 2.0000 15.0000 -9.0000
v 2.0000 17.0000 -8.0000
v 2.0000 17.0000 -9.0000
v 2.0000 16.0000 -10.0000
v 2.0000 15.0000 -10.0000
v 2.0000 17.0000 -10.0000
v 3.0000 15.0000 10.0000
v 3.0000 16.0000 10.0000
v 3.0000 15.0000 9.0000
v 3.0000 17.0000 10.0000
v 3.0000 17.0000 9.0000
v 3.0000 15.0000 8.0000
v 3.0000 17.0000 8.0000
v 3.0000 15.0000 7.0000
v 3.0000 15.0000 6.0000
v 3.0000 15.0000 5.0000
v 3.0000 15.0000 4.0000
v 3.0000 15.0000 3.0000
v 3.0000 15.0000 2.0000
v 3.0000 15.0000 1.0000
v 3.0000 15.0000 0.0000
v 3.0000 15.0000 -1.0000
v 3.0000 15.0000 -2.0000
v 3.0000 15.0000 -3.0000
v 3.0000 15.0000 -4.0000
v 3.0000 15.0000 -5.0000
v 3.0000 15.0000 -6.0000
v 3.0000 15.0000 -7.0000
v 3.0000 15.0000 -8.0000
v 3.0000 15.0000 -9.0000
v 3.0000 17.0000 -8.0000
v 3.0000 17.0000 -9.0000
v 3.0000 16.0000 -10.0000
v 3.0000 15.0000 -10.0000
v 3.0000 17.0000 -10.0000
v 4.0000 15.0000 10.0000
v 4.0000 16.0000 10.0000
v 4.0000 15.0000 9.0000
v 4.0000 17.0000 10.0000
v 4.0000 17.0000 9.0000
v 4.0000 15.0000 8.0000
v 4.0000 17.0000 8.0000
v 4.0000 15.0000 7.0000
v 4.0000 15.0000 6.0000
v 4.0000 15.0000 5.0000
v 4.0000 15.0000 4.0000
v 4.0000 15.0000 3.0000
v 4.0000 15.0000 2.0000
v 4.0000 15.0000 1.0000
v 4.0000 15.0000 0.0000
v 4.0000 15.0000 -1.0000
v 4.0000 15.0000 -2.0000
v 4.0000 15.0000 -3.0000
v 4.0000 15.0000 -4.0000
v 4.0000 15.0000 -5.0000
v 4.0000 15.0000 -6.0000
v 4.0000 15.0000 -7.0000
v 4.0000 15.0000 -8.0000
v 4.0000 15.0000 -9.0000
v 4.0000 17.0000 -8.0000
v 4.0000 17.0000 -9.0000
v 4.0000 16.0000 -10.0000
v 4.0000 15.0000 -10.0000
v 4.0000 17.0000 -10.0000
v 5.0000 15.0000 10.0000
v 5.0000 16.0000 10.0000
v 5.0000 15.0000 9.0000
v 5.0000 17.0000 10.0000
v 5.0000 17.0000 9.0000
v 5.0000 15.0000 8.0000
v 5.0000 17.0000 8.0000
v 5.0000 15.0000 7.0000
v 5.0000 15.0000 6.0000
v 5.0000 15.0000 5.0000
v 5.0000 15.0000 4.0000
v 5.0000 15.0000 3.0000
v 5.0000 15.0000 2.0000
v 5.0000 15.0000 1.0000
v 5.0000 15.0000 0.0000
v 5.0000 15.0000 -1.0000
v 5.0000 15.0000 -2.0000
v 5.0000 15.0000 -3.0000
v 5.0000 15.0000 -4.0000
v 5.0000 15.0000 -5.0000
v 5.0000 15.0000 -6.0000
v 5.0000 15.0000 -7.0000
v 5.0000 15.0000 -8.0000
v 5.0000 15.0000 -9.0000
v 5.0000 17.0000 -8.0000
v 5.0000 17.0000 -9.0000
v 5.0000 16.0000 -10.0000
v 5.0000 15.0000 -10.0000
v 5.0000 17.0000 -10.0000
v 6.0000 15.0000 10.0000
v 6.0000 16.0000 10.0000
v 6.0000 15.0000 9.0000
v 6.0000 17.0000 10.0000
v 6.0000 17.0000 9.0000
v 6.0000 15.0000 8.0000
v 6.0000 17.0000 8.0000
v 6.0000 15.0000 7.0000
v 6.0000 15.0000 6.0000
v 6.0000 15.0000 5.0000
v 6.0000 15.0000 4.0000
v 6.0000 15.0000 3.0000
v 6.0000 15.0000 2.0000
v 6.0000 15.0000 1.0000
v 6.0000 15.0000 0.0000
v 6.0000 15.0000 -1.0000
v 6.0000 15.0000 -2.0000
v 6.0000 15.0000 -3.0000
v 6.0000 15.0000 -4.0000
v 6.0000 15.0000 -5.0000
v 6.0000 15.0000 -6.0000
v 6.0000 15.0000 -7.0000
v 6.0000 15.0000 -8.0000
v 6.0000 15.0000 -9.0000
v 6.0000 17.0000 -8.0000
v 6.0000 17.0000 -9.0000
v 6.0000 16.0000 -10.0000
v 6.0000 15.0000 -10.0000
v 6.0000 17.0000 -10.0000
v 7.0000 15.0000 10.0000
v 7.0000 16.0000 10.0000
v 7.0000 15.0000 9.0000
v 7.0000 17.0000 10.0000
v 7.0000 17.0000 9.0000
v 7.0000 15.0000 8.0000
v 7.0000 17.0000 8.0000
v 7.0000 15.0000 7.0000
v 7.0000 15.0000 6.0000
v 7.0000 15.0000 5.0000
v 7.0000 15.0000 4.0000
v 7.0000 15.0000 3.0000
v 7.0000 15.0000 2.0000
v 7.0000 15.0000 1.0000
v 7.0000 15.0000 0.0000
v 7.0000 15.0000 -1.0000
v 7.0000 15.0000 -2.0000
v 7.0000 15.0000 -3.0000
v 7.0000 15.0000 -4.0000
v 7.0000 15.0000 -5.0000
v 7.0000 15.0000 -6.0000
v 7.0000 15.0000 -7.0000
v 7.0000 15.0000 -8.0000
v 7.0000 15.0000 -9.0000
v 7.0000 17.0000 -8.0000
v 7.0000 17.0000 -9.0000
v 7.0000 16.0000 -10.0000
v 7.0000 15.0000 -10.0000
v 7.0000 17.0000 -10.0000
v 8.0000 15.0000 10.0000
v 8.0000 16.0000 10.0000
v 8.0000 15.0000 9.0000
v 8.0000 17.0000 10.0000
v 8.0000 17.0000 9.0000
v 8.0000 15.0000 8.0000
v 8.0000 17.0000 8.0000
v 8.0000 15.0000 7.0000
v 8.0000 15.0000 6.0000
v 8.0000 15.0000 5.0000
v 8.0000 15.0000 4.0000
v 8.0000 15.0000 3.0000
v 8.0000 15.0000 2.0000
v 8.0000 15.0000 1.0000
v 8.0000 15.0000 0.0000
v 8.0000 15.0000 -1.0000
v 8.0000 15.0000 -2.0000
v 8.0000 15.0000 -3.0000
v 8.0000 15.0000 -4.0000
v 8.0000 15.0000 -5.0000
v 8.0000 15.0000 -6.0000
v 8.0000 15.0000 -7.0000
v 8.0000 15.0000 -8.0000
v 8.0000 15.0000 -9.0000
v 8.0000 17.0000 -8.0000
v 8.0000 17.0000 -9.0000
v 8.0000 16.0000 -10.0000
v 8.0000 15.0000 -10.0000
v 8.0000 17.0000 -10.0000
v 9.0000 15.0000 10.0000
v 9.0000 16.0000 10.0000
v 9.0000 15.0000 9.0000
v 9.0000 17.0000 10.0000
v 9.0000 17.0000 9.0000
v 9.0000 15.0000 8.0000
v 9.0000 17.0000 8.0000
v 9.0000 15.0000 7.0000
v 9.0000 17.0000 7.0000
v 8.0000 17.0000 7.0000
v 9.0000 15.0000 6.0000
v 9.0000 17.0000 6.0000
v 8.0000 17.0000 6.0000
v 9.0000 15.0000 5.0000
v 9.0000 17.0000 5.0000
v 8.0000 17.0000 5.0000
v 9.0000 15.0000 4.0000
v 9.0000 17.0000 4.0000
v 8.0000 17.0000 4.0000
v 9.0000 15.0000 3.0000
v 9.0000 17.0000 3.0000
v 8.0000 17.0000 3.0000
v 9.0000 15.0000 2.0000
v 9.0000 17.0000 2.0000
v 8.0000 17.0000 2.0000
v 9.0000 15.0000 1.0000
v 9.0000 17.0000 1.0000
v 8.0000 17.0000 1.0000
v 9.0000 15.0000 0.0000
v 9.0000 17.0000 0.0000
v 8.0000 17.0000 0.0000
v 9.0000 15.0000 -1.0000
v 9.0000 17.0000 -1.0000
v 8.0000 17.0000 -1.0000
v 9.0000 15.0000 -2.0000
v 9.0000 17.0000 -2.0000
v 8.0000 17.0000 -2.0000
v 9.0000 15.0000 -3.0000
v 9.0000 17.0000 -3.0000
v 8.0000 17.0000 -3.0000
v 9.0000 15.0000 -4.0000
v 9.0000 17.0000 -4.0000
v 8.0000 17.0000 -4.0000
v 9.0000 15.0000 -5.0000
v 9.0000 17.0000 -5.0000
v 8.0000 17.0000 -5.0000
v 9.0000 15.0000 -6.0000
v 9.0000 17.0000 -6.0000
v 8.0000 17.0000 -6.0000
v 9.0000 15.0000 -7.0000
v 9.0000 17.0000 -7.0000
v 8.0000 17.0000 -7.0000
v 9.0000 15.0000 -8.0000
v 9.0000 17.0000 -8.0000
v 10.0000 15.0000 10.0000
v 10.0000 15.0000 9.0000
v 10.0000 16.0000 9.0000
v 10.0000 16.0000 10.0000
v 10.0000 17.0000 9.0000
v 10.0000 17.0000 10.0000
v 10.0000 15.0000 8.0000
v 10.0000 16.0000 8.0000
v 10.0000 17.0000 8.0000
v 10.0000 15.0000 7.0000
v 10.0000 16.0000 7.0000
v 10.0000 17.0000 7.0000
v 10.0000 15.0000 6.0000
v 10.0000 16.0000 6.0000
v 10.0000 17.0000 6.0000
v 10.0000 15.0000 5.0000
v 10.0000 16.0000 5.0000
v 10.0000 17.0000 5.0000
v 10.0000 15.0000 4.0000
v 10.0000 16.0000 4.0000
v 10.0000 17.0000 4.0000
v 10.0000 15.0000 3.0000
v 10.0000 16.0000 3.0000
v 10.0000 17.0000 3.0000
v 10.0000 15.0000 2.0000
v 10.0000 16.0000 2.0000
v 10.0000 17.0000 2.0000
v 10.0000 15.0000 1.0000
v 10.0000 16.0000 1.0000
v 10.0000 17.0000 1.0000
v 10.0000 15.0000 0.0000
v 10.0000 16.0000 0.0000
v 10.0000 17.0000 0.0000
v 10.0000 15.0000 -1.0000
v 10.0000 16.0000 -1.0000
v 10.0000 17.0000 -1.0000
v 10.0000 15.0000 -2.0000
v 10.0000 16.0000 -2.0000
v 10.0000 17.0000 -2.0000
v 10.0000 15.0000 -3.0000
v 10.0000 16.0000 -3.0000
v 10.0000 17.0000 -3.0000
v 10.0000 15.0000 -4.0000
v 10.0000 16.0000 -4.0000
v 10.0000 17.0000 -4.0000
v 10.0000 15.0000 -5.0000
v 10.0000 16.0000 -5.0000
v 10.0000 17.0000 -5.0000
v 10.0000 15.0000 -6.0000
v 10.0000 16.0000 -6.0000
v 10.0000 17.0000 -6.0000
v 10.0000 15.0000 -7.0000
v 10.0000 16.0000 -7.0000
v 10.0000 17.0000 -7.0000
v 10.0000 15.0000 -8.0000
v 10.0000 16.0000 -8.0000
v 10.0000 17.0000 -8.0000
v -8.0000 18.0000 8.0000
v -8.0000 18.0000 7.0000
v -7.0000 18.0000 8.0000
v -8.0000 19.0000 8.0000
v -8.0000 19.0000 7.0000
v -7.0000 19.0000 8.0000
v -7.0000 19.0000 7.0000
v -8.0000 18.0000 6.0000
v -8.0000 19.0000 6.0000
v -7.0000 19.0000 6.0000
v -8.0000 18.0000 5.0000
v -8.0000 19.0000 5.0000
v -7.0000 19.0000 5.0000
v -8.0000 18.0000 4.0000
v -8.0000 19.0000 4.0000
v -7.0000 19.0000 4.0000
v -8.0000 18.0000 3.0000
v -8.0000 19.0000 3.0000
v -7.0000 19.0000 3.0000
v -8.0000 18.0000 2.0000
v -8.0000 19.0000 2.0000
v -7.0000 19.0000 2.0000
v -8.0000 18.0000 1.0000
v -8.0000 19.0000 1.0000
v -7.0000 19.0000 1.0000
v -8.0000 18.0000 0.0000
v -8.0000 19.0000 0.0000
v -7.0000 19.0000 0.0000
v -8.0000 18.0000 -1.0000
v -8.0000 19.0000 -1.0000
v -7.0000 19.0000 -1.0000
v -8.0000 18.0000 -2.0000
v -8.0000 19.0000 -2.0000
v -7.0000 19.0000 -2.0000
v -8.0000 18.0000 -3.0000
v -8.0000 19.0000 -3.0000
v -7.0000 19.0000 -3.0000
v -8.0000 18.0000 -4.0000
v -8.0000 19.0000 -4.0000
v -7.0000 19.0000 -4.0000
v -8.0000 18.0000 -5.0000
v -8.0000 19.0000 -5.0000
v -7.0000 19.0000 -5.0000
v -8.0000 18.0000 -6.0000
v -8.0000 19.0000 -6.0000
v -7.0000 19.0000 -6.0000
v -8.0000 18.0000 -7.0000
v -8.0000 19.0000 -7.0000
v -7.0000 19.0000 -7.0000
v -8.0000 18.0000 -8.0000
v -7.0000 18.0000 -8.0000
v -8.0000 19.0000 -8.0000
v -7.0000 19.0000 -8.0000
v -6.0000 18.0000 8.0000
v -6.0000 19.0000 8.0000
v -6.0000 19.0000 7.0000
v -6.0000 19.0000 6.0000
v -6.0000 19.0000 5.0000
v -6.0000 19.0000 4.0000
v -6.0000 19.0000 3.0000
v -6.0000 19.0000 2.0000
v -6.0000 19.0000 1.0000
v -6.0000 19.0000 0.0000
v -6.0000 19.0000 -1.0000
v -6.0000 19.0000 -2.0000
v -6.0000 19.0000 -3.0000
v -6.0000 19.0000 -4.0000
v -6.0000 19.0000 -5.0000
v -6.0000 19.0000 -6.0000
v -6.0000 19.0000 -7.0000
v -6.0000 18.0000 -8.0000
v -6.0000 19.0000 -8.0000
v -5.0000 18.0000 8.0000
v -5.0000 19.0000 8.0000
v -5.0000 19.0000 7.0000
v -5.0000 19.0000 6.0000
v -5.0000 19.0000 5.0000
v -5.0000 19.0000 4.0000
v -5.0000 19.0000 3.0000
v -5.0000 19.0000 2.0000
v -5.0000 19.0000 1.0000
v -5.0000 19.0000 0.0000
v -5.0000 19.0000 -1.0000
v -5.0000 19.0000 -2.0000
v -5.0000 19.0000 -3.0000
v -5.0000 19.0000 -4.0000
v -5.0000 19.0000 -5.0000
v -5.0000 19.0000 -6.0000
v -5.0000 19.0000 -7.0000
v -5.0000 18.0000 -8.0000
v -5.0000 19.0000 -8.0000
v -4.0000 18.0000 8.0000
v -4.0000 19.0000 8.0000
v -4.0000 19.0000 7.0000
v -4.0000 19.0000 6.0000
v -4.0000 19.0000 5.0000
v -4.0000 19.0000 -5.0000
v -4.0000 19.0000 -6.0000
v -4.0000 19.0000 -7.0000
v -4.0000 18.0000 -8.0000
v -4.0000 19.0000 -8.0000
v -3.0000 18.0000 8.0000
v -3.0000 19.0000 8.0000
v -3.0000 19.0000 7.0000
v -3.0000 19.0000 6.0000
v -3.0000 19.0000 5.0000
v -3.0000 19.0000 -5.0000
v -3.0000 19.0000 -6.0000
v -3.0000 19.0000 -7.0000
v -3.0000 18.0000 -8.0000
v -3.0000 19.0000 -8.0000
v -2.0000 18.0000 8.0000
v -2.0000 19.0000 8.0000
v -2.0000 19.0000 7.0000
v -2.0000 19.0000 6.0000
v -2.0000 19.0000 5.0000
v -2.0000 19.0000 -5.0000
v -2.0000 19.0000 -6.0000
v -2.0000 19.0000 -7.0000
v -2.0000 18.0000 -8.0000
v -2.0000 19.0000 -8.0000
v -1.0000 18.0000 8.0000
v -1.0000 19.0000 8.0000
v -1.0000 19.0000 7.0000
v -1.0000 19.0000 6.0000
v -1.0000 19.0000 5.0000
v -1.0000 19.0000 -5.0000
v -1.0000 19.0000 -6.0000
v -1.0000 19.0000 -7.0000
v -1.0000 18.0000 -8.0000
v -1.0000 19.0000 -8.0000
v 0.0000 18.0000 8.0000
v 0.0000 19.0000 8.0000
v 0.0000 19.0000 7.0000
v 0.0000 19.0000 6.0000
v 0.0000 19.0000 5.0000
v 0.0000 19.0000 -5.0000
v 0.0000 19.0000 -6.0000
v 0.0000 19.0000 -7.0000
v 0.0000 18.0000 -8.0000
v 0.0000 19.0000 -8.0000
v 1.0000 18.0000 8.0000
v 1.0000 19.0000 8.0000
v 1.0000 19.0000 7.0000
v 1.0000 19.0000 6.0000
v 1.0000 19.0000 5.0000
v 1.0000 19.0000 -5.0000
v 1.0000 19.0000 -6.0000
v 1.0000 19.0000 -7.0000
v 1.0000 18.0000 -8.0000
v 1.0000 19.0000 -8.0000
v 2.0000 18.0000 8.0000
v 2.0000 19.0000 8.0000
v 2.0000 19.0000 7.0000
v 2.0000 19.0000 6.0000
v 2.0000 19.0000 5.0000
v 2.0000 19.0000 -5.0000
v 2.0000 19.0000 -6.0000
v 2.0000 19.0000 -7.0000
v 2.0000 18.0000 -8.0000
v 2.0000 19.0000 -8.0000
v 3.0000 18.0000 8.0000
v 3.0000 19.0000 8.0000
v 3.0000 19.0000 7.0000
v 3.0000 19.0000 6.0000
v 3.0000 19.0000 5.0000
v 3.0000 19.0000 -5.0000
v 3.0000 19.0000 -6.0000
v 3.0000 19.0000 -7.0000
v 3.0000 18.0000 -8.0000
v 3.0000 19.0000 -8.0000
v 4.0000 18.0000 8.0000
v 4.0000 19.0000 8.0000
v 4.0000 19.0000 7.0000
v 4.0000 19.0000 6.0000
v 4.0000 19.0000 5.0000
v 4.0000 19.0000 -5.0000
v 4.0000 19.0000 -6.0000
v 4.0000 19.0000 -7.0000
v 4.0000 18.0000 -8.0000
v 4.0000 19.0000 -8.0000
v 5.0000 18.0000 8.0000
v 5.0000 19.0000 8.0000
v 5.0000 19.0000 7.0000
v 5.0000 19.0000 6.0000
v 5.0000 19.0000 5.0000
v 5.0000 19.0000 -5.0000
v 5.0000 19.0000 -6.0000
v 5.0000 19.0000 -7.0000
v 5.0000 18.0000 -8.0000
v 5.0000 19.0000 -8.0000
v 6.0000 18.0000 8.0000
v 6.0000 19.0000 8.0000
v 6.0000 19.0000 7.0000
v 6.0000 19.0000 6.0000
v 6.0000 19.0000 5.0000
v 6.0000 19.0000 4.0000
v 5.0000 19.0000 4.0000
v 6.0000 19.0000 3.0000
v 5.0000 19.0000 3.0000
v 6.0000 19.0000 2.0000
v 5.0000 19.0000 2.0000
v 6.0000 19.0000 1.0000
v 5.0000 19.0000 1.0000
v 6.0000 19.0000 0.0000
v 5.0000 19.0000 0.0000
v 6.0000 19.0000 -1.0000
v 5.0000 19.0000 -1.0000
v 6.0000 19.0000 -2.0000
v 5.0000 19.0000 -2.0000
v 6.0000 19.0000 -3.0000
v 5.0000 19.0000 -3.0000
v 6.0000 19.0000 -4.0000
v 5.0000 19.0000 -4.0000
v 6.0000 19.0000 -5.0000
v 6.0000 19.0000 -6.0000
v 6.0000 19.0000 -7.0000
v 6.0000 18.0000 -8.0000
v 6.0000 19.0000 -8.0000
v 7.0000 18.0000 8.0000
v 7.0000 19.0000 8.0000
v 7.0000 19.0000 7.0000
v 7.0000 19.0000 6.0000
v 7.0000 19.0000 5.0000
v 7.0000 19.0000 4.0000
v 7.0000 19.0000 3.0000
v 7.0000 19.0000 2.0000
v 7.0000 19.0000 1.0000
v 7.0000 19.0000 0.0000
v 7.0000 19.0000 -1.0000
v 7.0000 19.0000 -2.0000
v 7.0000 19.0000 -3.0000
v 7.0000 19.0000 -4.0000
v 7.0000 19.0000 -5.0000
v 7.0000 19.0000 -6.0000
v 7.0000 19.0000 -7.0000
v 7.0000 18.0000 -8.0000
v 7.0000 19.0000 -8.0000
v 8.0000 18.0000 7.0000
v 8.0000 18.0000 8.0000
v 8.0000 19.0000 7.0000
v 8.0000 19.0000 8.0000
v 8.0000 18.0000 6.0000
v 8.0000 19.0000 6.0000
v 8.0000 18.0000 5.0000
v 8.0000 19.0000 5.0000
v 8.0000 18.0000 4.0000
v 8.0000 19.0000 4.0000
v 8.0000 18.0000 3.0000
v 8.0000 19.0000 3.0000
v 8.0000 18.0000 2.0000
v 8.0000 19.0000 2.0000
v 8.0000 18.0000 1.0000
v 8.0000 19.0000 1.0000
v 8.0000 18.0000 0.0000
v 8.0000 19.0000 0.0000
v 8.0000 18.0000 -1.0000
v 8.0000 19.0000 -1.0000
v 8.0000 18.0000 -2.0000
v 8.0000 19.0000 -2.0000
v 8.0000 18.0000 -3.0000
v 8.0000 19.0000 -3.0000
v 8.0000 18.0000 -4.0000
v 8.0000 19.0000 -4.0000
v 8.0000 18.0000 -5.0000
v 8.0000 19.0000 -5.0000
v 8.0000 18.0000 -6.0000
v 8.0000 19.0000 -6.0000
v 8.0000 18.0000 -7.0000
v 8.0000 19.0000 -7.0000
v 8.0000 18.0000 -8.0000
v 8.0000 19.0000 -8.0000
v -5.0000 20.0000 5.0000
v -5.0000 20.0000 4.0000
v -4.0000 20.0000 5.0000
v -5.0000 21.0000 5.0000
v -5.0000 21.0000 4.0000
v -4.0000 21.0000 5.0000
v -4.0000 21.0000 4.0000
v -5.0000 20.0000 3.0000
v -5.0000 21.0000 3.0000
v -4.0000 21.0000 3.0000
v -5.0000 20.0000 2.0000
v -5.0000 21.0000 2.0000
v -4.0000 21.0000 2.0000
v -5.0000 20.0000 1.0000
v -5.0000 21.0000 1.0000
v -4.0000 21.0000 1.0000
v -5.0000 20.0000 0.0000
v -5.0000 21.0000 0.0000
v -4.0000 21.0000 0.0000
v -5.0000 20.0000 -1.0000
v -5.0000 21.0000 -1.0000
v -4.0000 21.0000 -1.0000
v -5.0000 20.0000 -2.0000
v -5.0000 21.0000 -2.0000
v -4.0000 21.0000 -2.0000
v -5.0000 20.0000 -3.0000
v -5.0000 21.0000 -3.0000
v -4.0000 21.0000 -3.0000
v -5.0000 20.0000 -4.0000
v -5.0000 21.0000 -4.0000
v -4.0000 21.0000 -4.0000
v -5.0000 20.0000 -5.0000
v -4.0000 20.0000 -5.0000
v -5.0000 21.0000 -5.0000
v -4.0000 21.0000 -5.0000
v -3.0000 20.0000 5.0000
v -3.0000 21.0000 5.0000
v -3.0000 21.0000 4.0000
v -3.0000 21.0000 3.0000
v -3.0000 21.0000 2.0000
v -3.0000 21.0000 1.0000
v -3.0000 21.0000 0.0000
v -3.0000 21.0000 -1.0000
v -3.0000 21.0000 -2.0000
v -3.0000 21.0000 -3.0000
v -3.0000 21.0000 -4.0000
v -3.0000 20.0000 -5.0000
v -3.0000 21.0000 -5.0000
v -2.0000 20.0000 5.0000
v -2.0000 21.0000 5.0000
v -2.0000 21.0000 4.0000
v -2.0000 21.0000 3.0000
v -2.0000 21.0000 2.0000
v -2.0000 21.0000 1.0000
v -2.0000 21.0000 0.0000
v -2.0000 21.0000 -1.0000
v -2.0000 21.0000 -2.0000
v -2.0000 21.0000 -3.0000
v -2.0000 21.0000 -4.0000
v -2.0000 20.0000 -5.0000
v -2.0000 21.0000 -5.0000
v -1.0000 20.0000 5.0000
v -1.0000 21.0000 5.0000
v -1.0000 21.0000 4.0000
v -1.0000 21.0000 3.0000
v -1.0000 21.0000 2.0000
v -1.0000 21.0000 1.0000
v -1.0000 21.0000 0.0000
v -1.0000 21.0000 -1.0000
v -1.0000 21.0000 -2.0000
v -1.0000 21.0000 -3.0000
v -1.0000 21.0000 -4.0000
v -1.0000 20.0000 -5.0000
v -1.0000 21.0000 -5.0000
v 0.0000 20.0000 5.0000
v 0.0000 21.0000 5.0000
v 0.0000 21.0000 4.0000
v 0.0000 21.0000 3.0000
v 0.0000 21.0000 2.0000
v 0.0000 21.0000 1.0000
v 0.0000 21.0000 0.0000
v 0.0000 21.0000 -1.0000
v 0.0000 21.0000 -2.0000
v 0.0000 21.0000 -3.0000
v 0.0000 21.0000 -4.0000
v 0.0000 20.0000 -5.0000
v 0.0000 21.0000 -5.0000
v 1.0000 20.0000 5.0000
v 1.0000 21.0000 5.0000
v 1.0000 21.0000 4.0000
v 1.0000 21.0000 3.0000
v 1.0000 21.0000 2.0000
v 1.0000 21.0000 1.0000
v 1.0000 21.0000 0.0000
v 1.0000 21.0000 -1.0000
v 1.0000 21.0000 -2.0000
v 1.0000 21.0000 -3.0000
v 1.0000 21.0000 -4.0000
v 1.0000 20.0000 -5.0000
v 1.0000 21.0000 -5.0000
v 2.0000 20.0000 5.0000
v 2.0000 21.0000 5.0000
v 2.0000 21.0000 4.0000
v 2.0000 21.0000 3.0000
v 2.0000 21.0000 2.0000
v 2.0000 21.0000 1.0000
v 2.0000 21.0000 0.0000
v 2.0000 21.0000 -1.0000
v 2.0000 21.0000 -2.0000
v 2.0000 21.0000 -3.0000
v 2.0000 21.0000 -4.0000
v 2.0000 20.0000 -5.0000
v 2.0000 21.0000 -5.0000
v 3.0000 20.0000 5.0000
v 3.0000 21.0000 5.0000
v 3.0000 21.0000 4.0000
v 3.0000 21.0000 3.0000
v 3.0000 21.0000 2.0000
v 3.0000 21.0000 1.0000
v 3.0000 21.0000 0.0000
v 3.0000 21.0000 -1.0000
v 3.0000 21.0000 -2.0000
v 3.0000 21.0000 -3.0000
v 3.0000 21.0000 -4.0000
v 3.0000 20.0000 -5.0000
v 3.0000 21.0000 -5.0000
v 4.0000 20.0000 5.0000
v 4.0000 21.0000 5.0000
v 4.0000 21.0000 4.0000
v 4.0000 21.0000 3.0000
v 4.0000 21.0000 2.0000
v 4.0000 21.0000 1.0000
v 4.0000 21.0000 0.0000
v 4.0000 21.0000 -1.0000
v 4.0000 21.0000 -2.0000
v 4.0000 21.0000 -3.0000
v 4.0000 21.0000 -4.0000
v 4.0000 20.0000 -5.0000
v 4.0000 21.0000 -5.0000
v 5.0000 20.0000 4.0000
v 5.0000 20.0000 5.0000
v 5.0000 21.0000 4.0000
v 5.0000 21.0000 5.0000
v 5.0000 20.0000 3.0000
v 5.0000 21.0000 3.0000
v 5.0000 20.0000 2.0000
v 5.0000 21.0000 2.0000
v 5.0000 20.0000 1.0000
v 5.0000 21.0000 1.0000
v 5.0000 20.0000 0.0000
v 5.0000 21.0000 0.0000
v 5.0000 20.0000 -1.0000
v 5.0000 21.0000 -1.0000
v 5.0000 20.0000 -2.0000
v 5.0000 21.0000 -2.0000
v 5.0000 20.0000 -3.0000
v 5.0000 21.0000 -3.0000
v 5.0000 20.0000 -4.0000
v 5.0000 21.0000 -4.0000
v 5.0000 20.0000 -5.0000
v 5.0000 21.0000 -5.0000
v -3.0000 5.0000 2.0000
v -3.0000 6.0000 2.0000
v -3.0000 6.0000 1.0000
v -3.0000 5.0000 1.0000
v -3.0000 7.0000 2.0000
v -3.0000 7.0000 1.0000
v -2.0000 7.0000 2.0000
v -3.0000 8.0000 2.0000
v -3.0000 8.0000 1.0000
v -2.0000 8.0000 2.0000
v -3.0000 9.0000 2.0000
v -3.0000 9.0000 1.0000
v -2.0000 9.0000 2.0000
v -3.0000 10.0000 2.0000
v -3.0000 10.0000 1.0000
v -3.0000 6.0000 0.0000
v -3.0000 5.0000 0.0000
v -3.0000 7.0000 0.0000
v -3.0000 8.0000 0.0000
v -3.0000 9.0000 0.0000
v -3.0000 10.0000 0.0000
v -3.0000 6.0000 -1.0000
v -3.0000 5.0000 -1.0000
v -2.0000 6.0000 -1.0000
v -3.0000 7.0000 -1.0000
v -2.0000 7.0000 -1.0000
v -3.0000 8.0000 -1.0000
v -2.0000 8.0000 -1.0000
v -3.0000 9.0000 -1.0000
v -2.0000 9.0000 -1.0000
v -3.0000 10.0000 -1.0000
v 2.0000 4.0000 2.0000
v 2.0000 4.0000 1.0000
v 2.0000 5.0000 1.0000
v 2.0000 5.0000 2.0000
v 2.0000 6.0000 1.0000
v 2.0000 6.0000 2.0000
v 2.0000 7.0000 1.0000
v 2.0000 7.0000 2.0000
v 1.0000 7.0000 2.0000
v 2.0000 8.0000 1.0000
v 2.0000 8.0000 2.0000
v 1.0000 8.0000 2.0000
v 2.0000 9.0000 1.0000
v 2.0000 9.0000 2.0000
v 2.0000 4.0000 0.0000
v 2.0000 5.0000 0.0000
v 2.0000 6.0000 0.0000
v 2.0000 7.0000 0.0000
v 2.0000 8.0000 0.0000
v 2.0000 9.0000 0.0000
v 2.0000 4.0000 -1.0000
v 2.0000 5.0000 -1.0000
v 2.0000 6.0000 -1.0000
v 1.0000 6.0000 -1.0000
v 2.0000 7.0000 -1.0000
v 1.0000 7.0000 -1.0000
v 2.0000 8.0000 -1.0000
v 1.0000 8.0000 -1.0000
v 2.0000 9.0000 -1.0000
v -2.0000 6.0000 3.0000
v -2.0000 7.0000 3.0000
v -1.0000 6.0000 3.0000
v -1.0000 7.0000 3.0000
v -2.0000 8.0000 3.0000
v -1.0000 8.0000 3.0000
v -2.0000 9.0000 3.0000
v -1.0000 9.0000 3.0000
v -2.0000 10.0000 3.0000
v -1.0000 10.0000 3.0000
v -2.0000 11.0000 3.0000
v -1.0000 11.0000 3.0000
v 0.0000 6.0000 3.0000
v 0.0000 7.0000 3.0000
v 0.0000 8.0000 3.0000
v 0.0000 9.0000 3.0000
v 0.0000 10.0000 3.0000
v 0.0000 11.0000 3.0000
v 1.0000 6.0000 3.0000
v 1.0000 7.0000 3.0000
v 1.0000 8.0000 3.0000
v 1.0000 9.0000 3.0000
v 1.0000 10.0000 3.0000
v 1.0000 11.0000 3.0000
v -2.0000 6.0000 -2.0000
v -2.0000 5.0000 -2.0000
v -1.0000 6.0000 -2.0000
v -1.0000 5.0000 -2.0000
v -2.0000 7.0000 -2.0000
v -1.0000 7.0000 -2.0000
v -2.0000 8.0000 -2.0000
v -1.0000 8.0000 -2.0000
v -2.0000 9.0000 -2.0000
v -1.0000 9.0000 -2.0000
v -2.0000 10.0000 -2.0000
v -1.0000 10.0000 -2.0000
v 0.0000 6.0000 -2.0000
v 0.0000 5.0000 -2.0000
v 0.0000 7.0000 -2.0000
v 0.0000 8.0000 -2.0000
v 0.0000 9.0000 -2.0000
v 0.0000 10.0000 -2.0000
v 1.0000 5.0000 -2.0000
v 1.0000 6.0000 -2.0000
v 1.0000 7.0000 -2.0000
v 1.0000 8.0000 -2.0000
v 1.0000 9.0000 -2.0000
v 1.0000 10.0000 -2.0000
v 0.0000 8.0000 6.0000
v 0.0000 8.0000 5.0000
v 0.0000 9.0000 5.0000
v 0.0000 9.0000 6.0000
v -1.0000 8.0000 6.0000
v -1.0000 9.0000 6.0000
v -1.0000 9.0000 5.0000
v -1.0000 8.0000 5.0000
v 0.0000 10.0000 5.0000
v 0.0000 10.0000 6.0000
v -1.0000 10.0000 6.0000
v -1.0000 10.0000 5.0000
v 0.0000 11.0000 5.0000
v 0.0000 11.0000 6.0000
v -1.0000 11.0000 6.0000
v -1.0000 11.0000 5.0000
v 5.0000 8.0000 1.0000
v 5.0000 8.0000 0.0000
v 5.0000 9.0000 0.0000
v 5.0000 9.0000 1.0000
v 4.0000 8.0000 1.0000
v 4.0000 9.0000 1.0000
v 4.0000 9.0000 0.0000
v 4.0000 8.0000 0.0000
v 5.0000 10.0000 0.0000
v 5.0000 10.0000 1.0000
v 4.0000 10.0000 1.0000
v 4.0000 10.0000 0.0000
v 5.0000 11.0000 0.0000
v 5.0000 11.0000 1.0000
v 4.0000 11.0000 1.0000
v 4.0000 11.0000 0.0000
v -3.0000 7.0000 4.0000
v -3.0000 7.0000 3.0000
v -3.0000 8.0000 3.0000
v -3.0000 8.0000 4.0000
v -4.0000 7.0000 4.0000
v -4.0000 8.0000 4.0000
v -4.0000 8.0000 3.0000
v -4.0000 7.0000 3.0000
v -3.0000 9.0000 3.0000
v -3.0000 9.0000 4.0000
v -4.0000 9.0000 4.0000
v -4.0000 9.0000 3.0000
v -3.0000 10.0000 3.0000
v -3.0000 10.0000 4.0000
v -4.0000 10.0000 4.0000
v -4.0000 10.0000 3.0000
v -3.0000 11.0000 3.0000
v -3.0000 11.0000 4.0000
v -4.0000 11.0000 4.0000
v -4.0000 11.0000 3.0000
v 3.0000 8.0000 -2.0000
v 3.0000 8.0000 -3.0000
v 3.0000 9.0000 -3.0000
v 3.0000 9.0000 -2.0000
v 2.0000 8.0000 -2.0000
v 2.0000 9.0000 -2.0000
v 2.0000 9.0000 -3.0000
v 2.0000 8.0000 -3.0000
v 3.0000 10.0000 -3.0000
v 3.0000 10.0000 -2.0000
v 2.0000 10.0000 -2.0000
v 2.0000 10.0000 -3.0000
v 3.0000 11.0000 -3.0000
v 3.0000 11.0000 -2.0000
v 2.0000 11.0000 -2.0000
v 2.0000 11.0000 -3.0000
v 3.0000 12.0000 -3.0000
v 3.0000 12.0000 -2.0000
v 2.0000 12.0000 -2.0000
v 2.0000 12.0000 -3.0000
v -4.0000 6.0000 -2.0000
v -4.0000 6.0000 -3.0000
v -4.0000 7.0000 -3.0000
v -4.0000 7.0000 -2.0000
v -5.0000 6.0000 -2.0000
v -5.0000 7.0000 -2.0000
v -5.0000 7.0000 -3.0000
v -5.0000 6.0000 -3.0000
v -4.0000 8.0000 -3.0000
v -4.0000 8.0000 -2.0000
v -5.0000 8.0000 -2.0000
v -5.0000 8.0000 -3.0000
v -4.0000 9.0000 -3.0000
v -4.0000 9.0000 -2.0000
v -5.0000 9.0000 -2.0000
v -5.0000 9.0000 -3.0000
v -4.0000 10.0000 -3.0000
v -4.0000 10.0000 -2.0000
v -5.0000 10.0000 -2.0000
v -5.0000 10.0000 -3.0000
v -4.0000 6.0000 -4.0000
v -4.0000 6.0000 -5.0000
v -4.0000 7.0000 -5.0000
v -4.0000 7.0000 -4.0000
v -5.0000 6.0000 -4.0000
v -5.0000 7.0000 -4.0000
v -5.0000 7.0000 -5.0000
v -5.0000 6.0000 -5.0000
v -4.0000 8.0000 -5.0000
v -4.0000 8.0000 -4.0000
v -5.0000 8.0000 -4.0000
v -5.0000 8.0000 -5.0000
v -4.0000 9.0000 -5.0000
v -4.0000 9.0000 -4.0000
v -5.0000 9.0000 -4.0000
v -5.0000 9.0000 -5.0000
v -4.0000 10.0000 -5.0000
v -4.0000 10.0000 -4.0000
v -5.0000 10.0000 -4.0000
v -5.0000 10.0000 -5.0000
v -13.0000 0.0000 13.0000
v -13.0000 1.0000 13.0000
v -13.0000 1.0000 12.0000
v -13.0000 0.0000 12.0000
v -12.0000 0.0000 13.0000
v -12.0000 1.0000 13.0000
v -12.0000 0.0000 12.0000
v -13.0000 2.0000 13.0000
v -13.0000 2.0000 12.0000
v -12.0000 2.0000 13.0000
v -13.0000 3.0000 13.0000
v -13.0000 3.0000 12.0000
v -12.0000 3.0000 13.0000
v -13.0000 4.0000 13.0000
v -13.0000 4.0000 12.0000
v -12.0000 4.0000 13.0000
v -13.0000 5.0000 13.0000
v -13.0000 5.0000 12.0000
v -12.0000 5.0000 13.0000
v -13.0000 6.0000 13.0000
v -13.0000 6.0000 12.0000
v -12.0000 6.0000 13.0000
v -13.0000 7.0000 13.0000
v -13.0000 7.0000 12.0000
v -12.0000 7.0000 13.0000
v -13.0000 8.0000 13.0000
v -13.0000 8.0000 12.0000
v -12.0000 8.0000 13.0000
v -13.0000 9.0000 13.0000
v -13.0000 9.0000 12.0000
v -12.0000 9.0000 13.0000
v -13.0000 10.0000 13.0000
v -13.0000 10.0000 12.0000
v -12.0000 10.0000 13.0000
v -13.0000 11.0000 13.0000
v -13.0000 11.0000 12.0000
v -12.0000 11.0000 13.0000
v -13.0000 12.0000 13.0000
v -13.0000 12.0000 12.0000
v -12.0000 12.0000 13.0000
v -13.0000 1.0000 11.0000
v -13.0000 0.0000 11.0000
v -12.0000 1.0000 11.0000
v -12.0000 0.0000 11.0000
v -13.0000 2.0000 11.0000
v -12.0000 2.0000 11.0000
v -13.0000 3.0000 11.0000
v -12.0000 3.0000 11.0000
v -13.0000 4.0000 11.0000
v -12.0000 4.0000 11.0000
v -13.0000 5.0000 11.0000
v -12.0000 5.0000 11.0000
v -13.0000 6.0000 11.0000
v -12.0000 6.0000 11.0000
v -13.0000 7.0000 11.0000
v -12.0000 7.0000 11.0000
v -13.0000 8.0000 11.0000
v -12.0000 8.0000 11.0000
v -13.0000 9.0000 11.0000
v -12.0000 9.0000 11.0000
v -13.0000 10.0000 11.0000
v -12.0000 10.0000 11.0000
v -13.0000 11.0000 11.0000
v -12.0000 11.0000 11.0000
v -13.0000 12.0000 11.0000
v -12.0000 12.0000 11.0000
v -11.0000 0.0000 13.0000
v -11.0000 0.0000 12.0000
v -11.0000 1.0000 12.0000
v -11.0000 1.0000 13.0000
v -11.0000 2.0000 12.0000
v -11.0000 2.0000 13.0000
v -11.0000 3.0000 12.0000
v -11.0000 3.0000 13.0000
v -11.0000 4.0000 12.0000
v -11.0000 4.0000 13.0000
v -11.0000 5.0000 12.0000
v -11.0000 5.0000 13.0000
v -11.0000 6.0000 12.0000
v -11.0000 6.0000 13.0000
v -11.0000 7.0000 12.0000
v -11.0000 7.0000 13.0000
v -11.0000 8.0000 12.0000
v -11.0000 8.0000 13.0000
v -11.0000 9.0000 12.0000
v -11.0000 9.0000 13.0000
v -11.0000 10.0000 12.0000
v -11.0000 10.0000 13.0000
v -11.0000 11.0000 12.0000
v -11.0000 11.0000 13.0000
v -11.0000 12.0000 12.0000
v -11.0000 12.0000 13.0000
v -11.0000 0.0000 11.0000
v -11.0000 1.0000 11.0000
v -11.0000 2.0000 11.0000
v -11.0000 3.0000 11.0000
v -11.0000 4.0000 11.0000
v -11.0000 5.0000 11.0000
v -11.0000 6.0000 11.0000
v -11.0000 7.0000 11.0000
v -11.0000 8.0000 11.0000
v -11.0000 9.0000 11.0000
v -11.0000 10.0000 11.0000
v -11.0000 11.0000 11.0000
v -11.0000 12.0000 11.0000
v -14.0000 12.0000 14.0000
v -14.0000 13.0000 14.0000
v -14.0000 13.0000 13.0000
v -14.0000 12.0000 13.0000
v -13.0000 12.0000 14.0000
v -13.0000 13.0000 14.0000
v -14.0000 14.0000 14.0000
v -14.0000 14.0000 13.0000
v -13.0000 14.0000 14.0000
v -14.0000 15.0000 14.0000
v -14.0000 15.0000 13.0000
v -13.0000 15.0000 14.0000
v -14.0000 16.0000 14.0000
v -14.0000 16.0000 13.0000
v -13.0000 16.0000 14.0000
v -14.0000 17.0000 14.0000
v -14.0000 17.0000 13.0000
v -13.0000 17.0000 14.0000
v -14.0000 18.0000 14.0000
v -14.0000 18.0000 13.0000
v -13.0000 18.0000 14.0000
v -13.0000 18.0000 13.0000
v -14.0000 13.0000 12.0000
v -14.0000 12.0000 12.0000
v -14.0000 14.0000 12.0000
v -14.0000 15.0000 12.0000
v -14.0000 16.0000 12.0000
v -14.0000 17.0000 12.0000
v -14.0000 18.0000 12.0000
v -13.0000 18.0000 12.0000
v -14.0000 13.0000 11.0000
v -14.0000 12.0000 11.0000
v -14.0000 14.0000 11.0000
v -14.0000 15.0000 11.0000
v -14.0000 16.0000 11.0000
v -14.0000 17.0000 11.0000
v -14.0000 18.0000 11.0000
v -13.0000 18.0000 11.0000
v -14.0000 13.0000 10.0000
v -14.0000 12.0000 10.0000
v -13.0000 12.0000 10.0000
v -14.0000 14.0000 10.0000
v -14.0000 15.0000 10.0000
v -14.0000 16.0000 10.0000
v -14.0000 17.0000 10.0000
v -14.0000 18.0000 10.0000
v -13.0000 18.0000 10.0000
v -14.0000 13.0000 9.0000
v -14.0000 12.0000 9.0000
v -13.0000 12.0000 9.0000
v -14.0000 14.0000 9.0000
v -14.0000 15.0000 9.0000
v -14.0000 16.0000 9.0000
v -14.0000 17.0000 9.0000
v -14.0000 18.0000 9.0000
v -13.0000 18.0000 9.0000
v -14.0000 13.0000 8.0000
v -14.0000 12.0000 8.0000
v -13.0000 13.0000 8.0000
v -13.0000 12.0000 8.0000
v -14.0000 14.0000 8.0000
v -13.0000 14.0000 8.0000
v -14.0000 15.0000 8.0000
v -13.0000 15.0000 8.0000
v -14.0000 16.0000 8.0000
v -13.0000 16.0000 8.0000
v -14.0000 17.0000 8.0000
v -13.0000 17.0000 8.0000
v -14.0000 18.0000 8.0000
v -13.0000 18.0000 8.0000
v -12.0000 12.0000 14.0000
v -12.0000 13.0000 14.0000
v -12.0000 14.0000 14.0000
v -12.0000 15.0000 14.0000
v -12.0000 16.0000 14.0000
v -12.0000 17.0000 14.0000
v -12.0000 18.0000 14.0000
v -12.0000 18.0000 13.0000
v -12.0000 18.0000 12.0000
v -12.0000 18.0000 11.0000
v -12.0000 12.0000 10.0000
v -12.0000 18.0000 10.0000
v -12.0000 12.0000 9.0000
v -12.0000 18.0000 9.0000
v -12.0000 13.0000 8.0000
v -12.0000 12.0000 8.0000
v -12.0000 14.0000 8.0000
v -12.0000 15.0000 8.0000
v -12.0000 16.0000 8.0000
v -12.0000 17.0000 8.0000
v -12.0000 18.0000 8.0000
v -11.0000 12.0000 14.0000
v -11.0000 13.0000 14.0000
v -11.0000 14.0000 14.0000
v -11.0000 15.0000 14.0000
v -11.0000 16.0000 14.0000
v -11.0000 17.0000 14.0000
v -11.0000 18.0000 14.0000
v -11.0000 18.0000 13.0000
v -11.0000 18.0000 12.0000
v -11.0000 18.0000 11.0000
v -11.0000 12.0000 10.0000
v -11.0000 18.0000 10.0000
v -11.0000 12.0000 9.0000
v -11.0000 18.0000 9.0000
v -11.0000 13.0000 8.0000
v -11.0000 12.0000 8.0000
v -11.0000 14.0000 8.0000
v -11.0000 15.0000 8.0000
v -11.0000 16.0000 8.0000
v -11.0000 17.0000 8.0000
v -11.0000 18.0000 8.0000
v -10.0000 12.0000 14.0000
v -10.0000 13.0000 14.0000
v -10.0000 12.0000 13.0000
v -10.0000 14.0000 14.0000
v -10.0000 15.0000 14.0000
v -10.0000 16.0000 14.0000
v -10.0000 17.0000 14.0000
v -10.0000 18.0000 14.0000
v -10.0000 18.0000 13.0000
v -10.0000 12.0000 12.0000
v -10.0000 18.0000 12.0000
v -10.0000 12.0000 11.0000
v -10.0000 18.0000 11.0000
v -10.0000 12.0000 10.0000
v -10.0000 18.0000 10.0000
v -10.0000 12.0000 9.0000
v -10.0000 18.0000 9.0000
v -10.0000 13.0000 8.0000
v -10.0000 12.0000 8.0000
v -10.0000 14.0000 8.0000
v -10.0000 18.0000 8.0000
v -9.0000 12.0000 14.0000
v -9.0000 13.0000 14.0000
v -9.0000 12.0000 13.0000
v -9.0000 14.0000 14.0000
v -9.0000 15.0000 14.0000
v -9.0000 16.0000 14.0000
v -9.0000 17.0000 14.0000
v -9.0000 18.0000 14.0000
v -9.0000 18.0000 13.0000
v -9.0000 12.0000 12.0000
v -9.0000 18.0000 12.0000
v -9.0000 12.0000 11.0000
v -9.0000 18.0000 11.0000
v -9.0000 12.0000 10.0000
v -9.0000 18.0000 10.0000
v -9.0000 12.0000 9.0000
v -9.0000 18.0000 9.0000
v -9.0000 13.0000 8.0000
v -9.0000 12.0000 8.0000
v -9.0000 14.0000 8.0000
v -9.0000 18.0000 8.0000
v -8.0000 12.0000 14.0000
v -8.0000 12.0000 13.0000
v -8.0000 13.0000 13.0000
v -8.0000 13.0000 14.0000
v -8.0000 14.0000 13.0000
v -8.0000 14.0000 14.0000
v -8.0000 15.0000 13.0000
v -8.0000 15.0000 14.0000
v -8.0000 16.0000 13.0000
v -8.0000 16.0000 14.0000
v -8.0000 17.0000 13.0000
v -8.0000 17.0000 14.0000
v -8.0000 18.0000 13.0000
v -8.0000 18.0000 14.0000
v -8.0000 12.0000 12.0000
v -8.0000 13.0000 12.0000
v -8.0000 14.0000 12.0000
v -8.0000 15.0000 12.0000
v -8.0000 16.0000 12.0000
v -8.0000 17.0000 12.0000
v -8.0000 18.0000 12.0000
v -8.0000 12.0000 11.0000
v -8.0000 13.0000 11.0000
v -8.0000 14.0000 11.0000
v -8.0000 15.0000 11.0000
v -8.0000 16.0000 11.0000
v -8.0000 17.0000 11.0000
v -8.0000 18.0000 11.0000
v -8.0000 12.0000 10.0000
v -8.0000 13.0000 10.0000
v -8.0000 14.0000 10.0000
v -8.0000 18.0000 10.0000
v -8.0000 12.0000 9.0000
v -8.0000 13.0000 9.0000
v -8.0000 14.0000 9.0000
v -8.0000 18.0000 9.0000
v -8.0000 12.0000 8.0000
v -8.0000 13.0000 8.0000
v -8.0000 14.0000 8.0000
v 11.0000 0.0000 -11.0000
v 11.0000 1.0000 -11.0000
v 11.0000 1.0000 -12.0000
v 11.0000 0.0000 -12.0000
v 12.0000 0.0000 -11.0000
v 12.0000 1.0000 -11.0000
v 12.0000 0.0000 -12.0000
v 11.0000 2.0000 -11.0000
v 11.0000 2.0000 -12.0000
v 12.0000 2.0000 -11.0000
v 11.0000 3.0000 -11.0000
v 11.0000 3.0000 -12.0000
v 12.0000 3.0000 -11.0000
v 11.0000 4.0000 -11.0000
v 11.0000 4.0000 -12.0000
v 12.0000 4.0000 -11.0000
v 11.0000 5.0000 -11.0000
v 11.0000 5.0000 -12.0000
v 12.0000 5.0000 -11.0000
v 11.0000 6.0000 -11.0000
v 11.0000 6.0000 -12.0000
v 12.0000 6.0000 -11.0000
v 11.0000 7.0000 -11.0000
v 11.0000 7.0000 -12.0000
v 12.0000 7.0000 -11.0000
v 11.0000 8.0000 -11.0000
v 11.0000 8.0000 -12.0000
v 12.0000 8.0000 -11.0000
v 11.0000 9.0000 -11.0000
v 11.0000 9.0000 -12.0000
v 12.0000 9.0000 -11.0000
v 11.0000 10.0000 -11.0000
v 11.0000 10.0000 -12.0000
v 12.0000 10.0000 -11.0000
v 11.0000 11.0000 -11.0000
v 11.0000 11.0000 -12.0000
v 12.0000 11.0000 -11.0000
v 11.0000 12.0000 -11.0000
v 11.0000 12.0000 -12.0000
v 12.0000 12.0000 -11.0000
v 11.0000 1.0000 -13.0000
v 11.0000 0.0000 -13.0000
v 12.0000 1.0000 -13.0000
v 12.0000 0.0000 -13.0000
v 11.0000 2.0000 -13.0000
v 12.0000 2.0000 -13.0000
v 11.0000 3.0000 -13.0000
v 12.0000 3.0000 -13.0000
v 11.0000 4.0000 -13.0000
v 12.0000 4.0000 -13.0000
v 11.0000 5.0000 -13.0000
v 12.0000 5.0000 -13.0000
v 11.0000 6.0000 -13.0000
v 12.0000 6.0000 -13.0000
v 11.0000 7.0000 -13.0000
v 12.0000 7.0000 -13.0000
v 11.0000 8.0000 -13.0000
v 12.0000 8.0000 -13.0000
v 11.0000 9.0000 -13.0000
v 12.0000 9.0000 -13.0000
v 11.0000 10.0000 -13.0000
v 12.0000 10.0000 -13.0000
v 11.0000 11.0000 -13.0000
v 12.0000 11.0000 -13.0000
v 11.0000 12.0000 -13.0000
v 12.0000 12.0000 -13.0000
v 13.0000 0.0000 -11.0000
v 13.0000 0.0000 -12.0000
v 13.0000 1.0000 -12.0000
v 13.0000 1.0000 -11.0000
v 13.0000 2.0000 -12.0000
v 13.0000 2.0000 -11.0000
v 13.0000 3.0000 -12.0000
v 13.0000 3.0000 -11.0000
v 13.0000 4.0000 -12.0000
v 13.0000 4.0000 -11.0000
v 13.0000 5.0000 -12.0000
v 13.0000 5.0000 -11.0000
v 13.0000 6.0000 -12.0000
v 13.0000 6.0000 -11.0000
v 13.0000 7.0000 -12.0000
v 13.0000 7.0000 -11.0000
v 13.0000 8.0000 -12.0000
v 13.0000 8.0000 -11.0000
v 13.0000 9.0000 -12.0000
v 13.0000 9.0000 -11.0000
v 13.0000 10.0000 -12.0000
v 13.0000 10.0000 -11.0000
v 13.0000 11.0000 -12.0000
v 13.0000 11.0000 -11.0000
v 13.0000 12.0000 -12.0000
v 13.0000 12.0000 -11.0000
v 13.0000 0.0000 -13.0000
v 13.0000 1.0000 -13.0000
v 13.0000 2.0000 -13.0000
v 13.0000 3.0000 -13.0000
v 13.0000 4.0000 -13.0000
v 13.0000 5.0000 -13.0000
v 13.0000 6.0000 -13.0000
v 13.0000 7.0000 -13.0000
v 13.0000 8.0000 -13.0000
v 13.0000 9.0000 -13.0000
v 13.0000 10.0000 -13.0000
v 13.0000 11.0000 -13.0000
v 13.0000 12.0000 -13.0000
v 8.0000 12.0000 -8.0000
v 8.0000 13.0000 -8.0000
v 8.0000 13.0000 -9.0000
v 8.0000 12.0000 -9.0000
v 9.0000 12.0000 -8.0000
v 9.0000 13.0000 -8.0000
v 9.0000 12.0000 -9.0000
v 8.0000 14.0000 -8.0000
v 8.0000 14.0000 -9.0000
v 9.0000 14.0000 -8.0000
v 8.0000 18.0000 -9.0000
v 9.0000 18.0000 -8.0000
v 9.0000 18.0000 -9.0000
v 8.0000 13.0000 -10.0000
v 8.0000 12.0000 -10.0000
v 9.0000 12.0000 -10.0000
v 8.0000 14.0000 -10.0000
v 8.0000 18.0000 -10.0000
v 9.0000 18.0000 -10.0000
v 8.0000 13.0000 -11.0000
v 8.0000 12.0000 -11.0000
v 9.0000 12.0000 -11.0000
v 8.0000 14.0000 -11.0000
v 8.0000 15.0000 -11.0000
v 8.0000 16.0000 -11.0000
v 8.0000 17.0000 -11.0000
v 8.0000 18.0000 -11.0000
v 9.0000 18.0000 -11.0000
v 8.0000 13.0000 -12.0000
v 8.0000 12.0000 -12.0000
v 9.0000 12.0000 -12.0000
v 8.0000 14.0000 -12.0000
v 8.0000 15.0000 -12.0000
v 8.0000 16.0000 -12.0000
v 8.0000 17.0000 -12.0000
v 8.0000 18.0000 -12.0000
v 9.0000 18.0000 -12.0000
v 8.0000 13.0000 -13.0000
v 8.0000 12.0000 -13.0000
v 9.0000 12.0000 -13.0000
v 8.0000 14.0000 -13.0000
v 8.0000 15.0000 -13.0000
v 8.0000 16.0000 -13.0000
v 8.0000 17.0000 -13.0000
v 8.0000 18.0000 -13.0000
v 9.0000 18.0000 -13.0000
v 8.0000 13.0000 -14.0000
v 8.0000 12.0000 -14.0000
v 9.0000 13.0000 -14.0000
v 9.0000 12.0000 -14.0000
v 8.0000 14.0000 -14.0000
v 9.0000 14.0000 -14.0000
v 8.0000 15.0000 -14.0000
v 9.0000 15.0000 -14.0000
v 8.0000 16.0000 -14.0000
v 9.0000 16.0000 -14.0000
v 8.0000 17.0000 -14.0000
v 9.0000 17.0000 -14.0000
v 8.0000 18.0000 -14.0000
v 9.0000 18.0000 -14.0000
v 10.0000 12.0000 -8.0000
v 10.0000 13.0000 -8.0000
v 10.0000 12.0000 -9.0000
v 10.0000 14.0000 -8.0000
v 10.0000 18.0000 -8.0000
v 10.0000 18.0000 -9.0000
v 10.0000 12.0000 -10.0000
v 10.0000 18.0000 -10.0000
v 10.0000 12.0000 -11.0000
v 10.0000 18.0000 -11.0000
v 10.0000 12.0000 -12.0000
v 10.0000 18.0000 -12.0000
v 10.0000 12.0000 -13.0000
v 10.0000 18.0000 -13.0000
v 10.0000 13.0000 -14.0000
v 10.0000 12.0000 -14.0000
v 10.0000 14.0000 -14.0000
v 10.0000 15.0000 -14.0000
v 10.0000 16.0000 -14.0000
v 10.0000 17.0000 -14.0000
v 10.0000 18.0000 -14.0000
v 11.0000 12.0000 -8.0000
v 11.0000 13.0000 -8.0000
v 11.0000 12.0000 -9.0000
v 11.0000 14.0000 -8.0000
v 11.0000 15.0000 -8.0000
v 11.0000 16.0000 -8.0000
v 11.0000 17.0000 -8.0000
v 11.0000 18.0000 -8.0000
v 11.0000 18.0000 -9.0000
v 11.0000 12.0000 -10.0000
v 11.0000 18.0000 -10.0000
v 11.0000 18.0000 -11.0000
v 11.0000 18.0000 -12.0000
v 11.0000 18.0000 -13.0000
v 11.0000 13.0000 -14.0000
v 11.0000 12.0000 -14.0000
v 11.0000 14.0000 -14.0000
v 11.0000 15.0000 -14.0000
v 11.0000 16.0000 -14.0000
v 11.0000 17.0000 -14.0000
v 11.0000 18.0000 -14.0000
v 12.0000 12.0000 -8.0000
v 12.0000 13.0000 -8.0000
v 12.0000 12.0000 -9.0000
v 12.0000 14.0000 -8.0000
v 12.0000 15.0000 -8.0000
v 12.0000 16.0000 -8.0000
v 12.0000 17.0000 -8.0000
v 12.0000 18.0000 -8.0000
v 12.0000 18.0000 -9.0000
v 12.0000 12.0000 -10.0000
v 12.0000 18.0000 -10.0000
v 12.0000 18.0000 -11.0000
v 12.0000 18.0000 -12.0000
v 12.0000 18.0000 -13.0000
v 12.0000 13.0000 -14.0000
v 12.0000 12.0000 -14.0000
v 12.0000 14.0000 -14.0000
v 12.0000 15.0000 -14.0000
v 12.0000 16.0000 -14.0000
v 12.0000 17.0000 -14.0000
v 12.0000 18.0000 -14.0000
v 13.0000 12.0000 -8.0000
v 13.0000 13.0000 -8.0000
v 13.0000 12.0000 -9.0000
v 13.0000 14.0000 -8.0000
v 13.0000 15.0000 -8.0000
v 13.0000 16.0000 -8.0000
v 13.0000 17.0000 -8.0000
v 13.0000 18.0000 -8.0000
v 13.0000 18.0000 -9.0000
v 13.0000 12.0000 -10.0000
v 13.0000 18.0000 -10.0000
v 13.0000 18.0000 -11.0000
v 13.0000 18.0000 -12.0000
v 13.0000 18.0000 -13.0000
v 13.0000 13.0000 -14.0000
v 13.0000 12.0000 -14.0000
v 13.0000 14.0000 -14.0000
v 13.0000 15.0000 -14.0000
v 13.0000 16.0000 -14.0000
v 13.0000 17.0000 -14.0000
v 13.0000 18.0000 -14.0000
v 14.0000 12.0000 -8.0000
v 14.0000 12.0000 -9.0000
v 14.0000 13.0000 -9.0000
v 14.0000 13.0000 -8.0000
v 14.0000 14.0000 -9.0000
v 14.0000 14.0000 -8.0000
v 14.0000 15.0000 -9.0000
v 14.0000 15.0000 -8.0000
v 14.0000 16.0000 -9.0000
v 14.0000 16.0000 -8.0000
v 14.0000 17.0000 -9.0000
v 14.0000 17.0000 -8.0000
v 14.0000 18.0000 -9.0000
v 14.0000 18.0000 -8.0000
v 14.0000 12.0000 -10.0000
v 14.0000 13.0000 -10.0000
v 14.0000 14.0000 -10.0000
v 14.0000 15.0000 -10.0000
v 14.0000 16.0000 -10.0000
v 14.0000 17.0000 -10.0000
v 14.0000 18.0000 -10.0000
v 14.0000 12.0000 -11.0000
v 14.0000 13.0000 -11.0000
v 14.0000 14.0000 -11.0000
v 14.0000 15.0000 -11.0000
v 14.0000 16.0000 -11.0000
v 14.0000 17.0000 -11.0000
v 14.0000 18.0000 -11.0000
v 14.0000 12.0000 -12.0000
v 14.0000 13.0000 -12.0000
v 14.0000 14.0000 -12.0000
v 14.0000 15.0000 -12.0000
v 14.0000 16.0000 -12.0000
v 14.0000 17.0000 -12.0000
v 14.0000 18.0000 -12.0000
v 14.0000 12.0000 -13.0000
v 14.0000 13.0000 -13.0000
v 14.0000 14.0000 -13.0000
v 14.0000 15.0000 -13.0000
v 14.0000 16.0000 -13.0000
v 14.0000 17.0000 -13.0000
v 14.0000 18.0000 -13.0000
v 14.0000 12.0000 -14.0000
v 14.0000 13.0000 -14.0000
v 14.0000 14.0000 -14.0000
v 14.0000 15.0000 -14.0000
v 14.0000 16.0000 -14.0000
v 14.0000 17.0000 -14.0000
v 14.0000 18.0000 -14.0000
usemtl c5
f 1 2 3 4
f 1 5 6 2
f 1 4 7 5
f 2 8 9 3
f 2 6 10 8
f 8 11 12 9
f 8 10 13 11
f 11 14 15 12
f 11 13 16 14
f 14 17 18 15
f 14 16 19 17
f 17 19 20 21
f 22 23 24 25
f 23 26 27 24
f 23 28 29 26
f 26 30 31 27
f 26 29 32 30
f 30 33 34 31
f 30 32 35 33
f 33 35 36 34
f 4 3 37 38
f 4 38 39 7
f 3 9 40 37
f 9 12 41 40
f 12 15 42 41
f 15 18 43 42
f 25 24 44 45
f 24 27 46 44
f 34 36 47 48
f 5 72 73 6
f 5 7 74 72
f 6 73 75 10
f 10 75 76 13
f 13 76 77 16
f 16 77 78 19
f 19 78 79 20
f 28 80 81 29
f 35 82 83 36
f 7 39 84 74
f 36 83 85 47
f 52 51 86 87
f 39 52 87 84
f 51 54 88 86
f 54 56 89 88
f 56 58 90 89
f 58 60 91 90
f 64 63 92 93
f 63 66 94 92
f 47 85 95 71
f 97 121 122 98
f 74 84 121 97
f 98 122 123 100
f 100 123 124 102
f 102 124 125 104
f 109 126 127 110
f 110 127 128 112
f 112 128 129 114
f 83 119 130 85
f 121 131 132 122
f 87 86 132 131
f 84 87 131 121
f 122 132 133 123
f 86 88 133 132
f 123 133 134 124
f 88 89 134 133
f 124 134 135 125
f 89 90 135 134
f 90 91 136 135
f 126 137 138 127
f 127 138 139 128
f 93 92 139 138
f 128 139 140 129
f 92 94 140 139
f 129 140 141 142
f 94 143 141 140
f 142 141 144 130
f 143 95 144 141
f 85 130 144 95
f 129 142 145 146
f 114 147 148 116
f 114 129 146 147
f 142 130 149 145
f 116 148 150 119
f 119 150 149 130
f 146 145 151 152
f 147 153 154 148
f 147 146 152 153
f 145 149 155 151
f 148 154 156 150
f 150 156 155 149
f 152 151 157 158
f 153 159 160 154
f 153 152 158 159
f 151 155 161 157
f 154 160 162 156
f 156 162 161 155
f 157 161 167 163
f 160 166 168 162
f 162 168 167 161
f 164 163 169 170
f 165 171 172 166
f 165 164 170 171
f 163 167 173 169
f 166 172 174 168
f 168 174 173 167
f 170 169 175 176
f 171 177 178 172
f 171 170 176 177
f 169 173 179 175
f 172 178 180 174
f 174 180 179 173
f 181 182 183 184
f 176 175 183 182
f 177 181 184 178
f 177 176 182 181
f 184 183 185 186
f 175 179 185 183
f 178 184 186 180
f 180 186 185 179
f 187 188 189 190
f 190 189 191 192
f 187 193 194 188
f 187 190 192 193
f 188 195 196 189
f 189 196 197 191
f 188 194 198 195
f 195 198 197 196
f 192 191 199 200
f 193 201 202 194
f 193 192 200 201
f 191 197 203 199
f 194 202 204 198
f 198 204 203 197
f 200 199 205 206
f 201 207 208 202
f 201 200 206 207
f 199 203 209 205
f 202 208 210 204
f 204 210 209 203
f 206 205 211 212
f 207 213 214 208
f 207 206 212 213
f 205 209 215 211
f 208 214 216 210
f 210 216 215 209
f 212 211 217 218
f 213 219 220 214
f 213 212 218 219
f 211 215 221 217
f 214 220 222 216
f 216 222 221 215
f 218 217 223 224
f 219 225 226 220
f 219 218 224 225
f 217 221 227 223
f 220 226 228 222
f 222 228 227 221
f 224 223 67 46
f 225 27 31 226
f 225 224 46 27
f 223 227 48 67
f 226 31 34 228
f 228 34 48 227
f 94 229 230 143
f 66 69 231 232
f 66 232 229 94
f 143 230 233 95
f 69 71 234 231
f 71 95 233 234
f 229 235 236 230
f 232 231 237 238
f 232 238 235 229
f 230 236 239 233
f 231 234 240 237
f 234 233 239 240
f 235 241 242 236
f 238 237 243 244
f 238 244 241 235
f 236 242 245 239
f 237 240 246 243
f 240 239 245 246
f 241 247 248 242
f 244 243 249 250
f 244 250 247 241
f 242 248 251 245
f 243 246 252 249
f 246 245 251 252
f 247 253 254 248
f 250 249 255 256
f 250 256 253 247
f 248 254 257 251
f 249 252 258 255
f 252 251 257 258
f 253 259 260 254
f 256 255 261 262
f 256 262 259 253
f 254 260 263 257
f 255 258 264 261
f 258 257 263 264
f 259 265 266 260
f 262 261 267 268
f 268 267 266 265
f 262 268 265 259
f 260 266 269 263
f 261 264 270 267
f 267 270 269 266
f 264 263 269 270
f 271 272 273 274
f 275 276 277 278
f 275 271 274 276
f 275 278 272 271
f 274 273 279 280
f 276 281 282 277
f 276 274 280 281
f 281 280 279 282
f 272 283 284 273
f 278 277 285 286
f 278 286 283 272
f 273 284 287 279
f 277 282 288 285
f 282 279 287 288
f 283 289 290 284
f 286 285 291 292
f 286 292 289 283
f 284 290 293 287
f 285 288 294 291
f 288 287 293 294
f 290 296 299 293
f 291 294 300 297
f 294 293 299 300
f 295 301 302 296
f 298 297 303 304
f 298 304 301 295
f 296 302 305 299
f 297 300 306 303
f 300 299 305 306
f 301 307 308 302
f 304 303 309 310
f 304 310 307 301
f 302 308 311 305
f 303 306 312 309
f 306 305 311 312
f 307 81 118 308
f 310 309 32 29
f 310 29 81 307
f 308 118 82 311
f 309 312 35 32
f 312 311 82 35
f 313 314 315 316
f 313 317 318 314
f 314 318 319 315
f 313 316 320 317
f 316 315 321 322
f 315 319 323 321
f 316 322 324 320
f 322 321 325 326
f 321 323 327 325
f 322 326 328 324
f 326 325 329 330
f 330 329 331 332
f 325 327 331 329
f 326 330 332 328
f 317 333 334 318
f 318 334 335 319
f 317 320 336 333
f 319 335 337 323
f 320 324 338 336
f 323 337 339 327
f 324 328 340 338
f 332 331 341 342
f 327 339 341 331
f 328 332 342 340
f 333 343 344 334
f 334 344 345 335
f 333 336 346 343
f 335 345 347 337
f 336 338 348 346
f 337 347 349 339
f 338 340 350 348
f 342 341 351 352
f 339 349 351 341
f 340 342 352 350
f 343 353 354 344
f 344 354 355 345
f 343 346 356 353
f 345 355 357 347
f 346 348 358 356
f 347 357 359 349
f 348 350 360 358
f 352 351 361 362
f 349 359 361 351
f 350 352 362 360
f 363 364 365 366
f 353 363 366 354
f 354 366 365 355
f 353 356 364 363
f 364 367 368 365
f 355 365 368 357
f 356 358 367 364
f 367 369 370 368
f 357 368 370 359
f 358 360 369 367
f 369 371 372 370
f 362 361 372 371
f 359 370 372 361
f 360 362 371 369
f 1741 1742 1743 1744
f 1741 1745 1746 1742
f 1741 1744 1747 1745
f 1742 1748 1749 1743
f 1742 1746 1750 1748
f 1748 1751 1752 1749
f 1748 1750 1753 1751
f 1751 1754 1755 1752
f 1751 1753 1756 1754
f 1754 1757 1758 1755
f 1754 1756 1759 1757
f 1757 1760 1761 1758
f 1757 1759 1762 1760
f 1760 1763 1764 1761
f 1760 1762 1765 1763
f 1763 1766 1767 1764
f 1763 1765 1768 1766
f 1766 1769 1770 1767
f 1766 1768 1771 1769
f 1769 1772 1773 1770
f 1769 1771 1774 1772
f 1772 1775 1776 1773
f 1772 1774 1777 1775
f 1775 1778 1779 1776
f 1775 1777 1780 1778
f 1744 1743 1781 1782
f 1782 1781 1783 1784
f 1744 1782 1784 1747
f 1743 1749 1785 1781
f 1781 1785 1786 1783
f 1749 1752 1787 1785
f 1785 1787 1788 1786
f 1752 1755 1789 1787
f 1787 1789 1790 1788
f 1755 1758 1791 1789
f 1789 1791 1792 1790
f 1758 1761 1793 1791
f 1791 1793 1794 1792
f 1761 1764 1795 1793
f 1793 1795 1796 1794
f 1764 1767 1797 1795
f 1795 1797 1798 1796
f 1767 1770 1799 1797
f 1797 1799 1800 1798
f 1770 1773 1801 1799
f 1799 1801 1802 1800
f 1773 1776 1803 1801
f 1801 1803 1804 1802
f 1776 1779 1805 1803
f 1803 1805 1806 1804
f 1807 1808 1809 1810
f 1745 1807 1810 1746
f 1745 1747 1808 1807
f 1810 1809 1811 1812
f 1746 1810 1812 1750
f 1812 1811 1813 1814
f 1750 1812 1814 1753
f 1814 1813 1815 1816
f 1753 1814 1816 1756
f 1816 1815 1817 1818
f 1756 1816 1818 1759
f 1818 1817 1819 1820
f 1759 1818 1820 1762
f 1820 1819 1821 1822
f 1762 1820 1822 1765
f 1822 1821 1823 1824
f 1765 1822 1824 1768
f 1824 1823 1825 1826
f 1768 1824 1826 1771
f 1826 1825 1827 1828
f 1771 1826 1828 1774
f 1828 1827 1829 1830
f 1774 1828 1830 1777
f 1830 1829 1831 1832
f 1777 1830 1832 1780
f 1808 1833 1834 1809
f 1784 1783 1834 1833
f 1747 1784 1833 1808
f 1809 1834 1835 1811
f 1783 1786 1835 1834
f 1811 1835 1836 1813
f 1786 1788 1836 1835
f 1813 1836 1837 1815
f 1788 1790 1837 1836
f 1815 1837 1838 1817
f 1790 1792 1838 1837
f 1817 1838 1839 1819
f 1792 1794 1839 1838
f 1819 1839 1840 1821
f 1794 1796 1840 1839
f 1821 1840 1841 1823
f 1796 1798 1841 1840
f 1823 1841 1842 1825
f 1798 1800 1842 1841
f 1825 1842 1843 1827
f 1800 1802 1843 1842
f 1827 1843 1844 1829
f 1802 1804 1844 1843
f 1829 1844 1845 1831
f 1804 1806 1845 1844
f 2039 2040 2041 2042
f 2039 2043 2044 2040
f 2039 2042 2045 2043
f 2040 2046 2047 2041
f 2040 2044 2048 2046
f 2046 2049 2050 2047
f 2046 2048 2051 2049
f 2049 2052 2053 2050
f 2049 2051 2054 2052
f 2052 2055 2056 2053
f 2052 2054 2057 2055
f 2055 2058 2059 2056
f 2055 2057 2060 2058
f 2058 2061 2062 2059
f 2058 2060 2063 2061
f 2061 2064 2065 2062
f 2061 2063 2066 2064
f 2064 2067 2068 2065
f 2064 2066 2069 2067
f 2067 2070 2071 2068
f 2067 2069 2072 2070
f 2070 2073 2074 2071
f 2070 2072 2075 2073
f 2073 2076 2077 2074
f 2073 2075 2078 2076
f 2042 2041 2079 2080
f 2080 2079 2081 2082
f 2042 2080 2082 2045
f 2041 2047 2083 2079
f 2079 2083 2084 2081
f 2047 2050 2085 2083
f 2083 2085 2086 2084
f 2050 2053 2087 2085
f 2085 2087 2088 2086
f 2053 2056 2089 2087
f 2087 2089 2090 2088
f 2056 2059 2091 2089
f 2089 2091 2092 2090
f 2059 2062 2093 2091
f 2091 2093 2094 2092
f 2062 2065 2095 2093
f 2093 2095 2096 2094
f 2065 2068 2097 2095
f 2095 2097 2098 2096
f 2068 2071 2099 2097
f 2097 2099 2100 2098
f 2071 2074 2101 2099
f 2099 2101 2102 2100
f 2074 2077 2103 2101
f 2101 2103 2104 2102
f 2105 2106 2107 2108
f 2043 2105 2108 2044
f 2043 2045 2106 2105
f 2108 2107 2109 2110
f 2044 2108 2110 2048
f 2110 2109 2111 2112
f 2048 2110 2112 2051
f 2112 2111 2113 2114
f 2051 2112 2114 2054
f 2114 2113 2115 2116
f 2054 2114 2116 2057
f 2116 2115 2117 2118
f 2057 2116 2118 2060
f 2118 2117 2119 2120
f 2060 2118 2120 2063
f 2120 2119 2121 2122
f 2063 2120 2122 2066
f 2122 2121 2123 2124
f 2066 2122 2124 2069
f 2124 2123 2125 2126
f 2069 2124 2126 2072
f 2126 2125 2127 2128
f 2072 2126 2128 2075
f 2128 2127 2129 2130
f 2075 2128 2130 2078
f 2106 2131 2132 2107
f 2082 2081 2132 2131
f 2045 2082 2131 2106
f 2107 2132 2133 2109
f 2081 2084 2133 2132
f 2109 2133 2134 2111
f 2084 2086 2134 2133
f 2111 2134 2135 2113
f 2086 2088 2135 2134
f 2113 2135 2136 2115
f 2088 2090 2136 2135
f 2115 2136 2137 2117
f 2090 2092 2137 2136
f 2117 2137 2138 2119
f 2092 2094 2138 2137
f 2119 2138 2139 2121
f 2094 2096 2139 2138
f 2121 2139 2140 2123
f 2096 2098 2140 2139
f 2123 2140 2141 2125
f 2098 2100 2141 2140
f 2125 2141 2142 2127
f 2100 2102 2142 2141
f 2127 2142 2143 2129
f 2102 2104 2143 2142
usemtl c6
f 38 37 49 50
f 50 49 51 52
f 38 50 52 39
f 37 40 53 49
f 49 53 54 51
f 40 41 55 53
f 53 55 56 54
f 41 42 57 55
f 55 57 58 56
f 42 43 59 57
f 57 59 60 58
f 45 44 61 62
f 62 61 63 64
f 44 46 65 61
f 61 65 66 63
f 46 67 68 65
f 65 68 69 66
f 67 48 70 68
f 68 70 71 69
f 48 47 71 70
f 96 97 98 99
f 72 96 99 73
f 72 74 97 96
f 99 98 100 101
f 73 99 101 75
f 101 100 102 103
f 75 101 103 76
f 103 102 104 105
f 76 103 105 77
f 77 105 106 78
f 78 106 107 79
f 108 109 110 111
f 111 110 112 113
f 113 112 114 115
f 80 113 115 81
f 115 114 116 117
f 81 115 117 118
f 117 116 119 120
f 118 117 120 82
f 82 120 119 83
usemtl c7
f 1164 1360 1361 1165
f 1164 1183 1362 1360
f 1360 1363 1364 1361
f 1360 1362 1365 1363
f 1363 1365 1366 1364
f 1165 1361 1367 1166
f 1361 1364 1368 1367
f 1364 1366 1369 1368
f 1166 1367 1370 1167
f 1367 1368 1371 1370
f 1368 1369 1372 1371
f 1167 1370 1373 1168
f 1370 1371 1374 1373
f 1371 1372 1375 1374
f 1168 1373 1376 1169
f 1373 1374 1377 1376
f 1374 1375 1378 1377
f 1169 1376 1379 1170
f 1376 1377 1380 1379
f 1377 1378 1381 1380
f 1170 1379 1382 1171
f 1379 1380 1383 1382
f 1380 1381 1384 1383
f 1171 1382 1385 1172
f 1382 1383 1386 1385
f 1383 1384 1387 1386
f 1172 1385 1388 1173
f 1385 1386 1389 1388
f 1386 1387 1390 1389
f 1173 1388 1391 1174
f 1174 1391 1392 1184
f 1388 1389 1393 1391
f 1391 1393 1394 1392
f 1389 1390 1394 1393
f 1183 1193 1395 1362
f 1362 1395 1396 1365
f 1365 1396 1397 1366
f 1366 1397 1398 1369
f 1369 1398 1399 1372
f 1372 1399 1400 1375
f 1375 1400 1401 1378
f 1378 1401 1402 1381
f 1381 1402 1403 1384
f 1384 1403 1404 1387
f 1387 1404 1405 1390
f 1184 1392 1406 1194
f 1392 1394 1407 1406
f 1390 1405 1407 1394
f 1193 1203 1408 1395
f 1395 1408 1409 1396
f 1396 1409 1410 1397
f 1397 1410 1411 1398
f 1398 1411 1412 1399
f 1399 1412 1413 1400
f 1400 1413 1414 1401
f 1401 1414 1415 1402
f 1402 1415 1416 1403
f 1403 1416 1417 1404
f 1404 1417 1418 1405
f 1194 1406 1419 1204
f 1406 1407 1420 1419
f 1405 1418 1420 1407
f 1203 1213 1421 1408
f 1408 1421 1422 1409
f 1409 1422 1423 1410
f 1410 1423 1424 1411
f 1411 1424 1425 1412
f 1412 1425 1426 1413
f 1413 1426 1427 1414
f 1414 1427 1428 1415
f 1415 1428 1429 1416
f 1416 1429 1430 1417
f 1417 1430 1431 1418
f 1204 1419 1432 1214
f 1419 1420 1433 1432
f 1418 1431 1433 1420
f 1213 1223 1434 1421
f 1421 1434 1435 1422
f 1422 1435 1436 1423
f 1423 1436 1437 1424
f 1424 1437 1438 1425
f 1425 1438 1439 1426
f 1426 1439 1440 1427
f 1427 1440 1441 1428
f 1428 1441 1442 1429
f 1429 1442 1443 1430
f 1430 1443 1444 1431
f 1214 1432 1445 1224
f 1432 1433 1446 1445
f 1431 1444 1446 1433
f 1223 1233 1447 1434
f 1434 1447 1448 1435
f 1435 1448 1449 1436
f 1436 1449 1450 1437
f 1437 1450 1451 1438
f 1438 1451 1452 1439
f 1439 1452 1453 1440
f 1440 1453 1454 1441
f 1441 1454 1455 1442
f 1442 1455 1456 1443
f 1443 1456 1457 1444
f 1224 1445 1458 1234
f 1445 1446 1459 1458
f 1444 1457 1459 1446
f 1233 1243 1460 1447
f 1447 1460 1461 1448
f 1448 1461 1462 1449
f 1449 1462 1463 1450
f 1450 1463 1464 1451
f 1451 1464 1465 1452
f 1452 1465 1466 1453
f 1453 1466 1467 1454
f 1454 1467 1468 1455
f 1455 1468 1469 1456
f 1456 1469 1470 1457
f 1234 1458 1471 1244
f 1458 1459 1472 1471
f 1457 1470 1472 1459
f 1243 1253 1473 1460
f 1460 1473 1474 1461
f 1461 1474 1475 1462
f 1462 1475 1476 1463
f 1463 1476 1477 1464
f 1464 1477 1478 1465
f 1465 1478 1479 1466
f 1466 1479 1480 1467
f 1467 1480 1481 1468
f 1468 1481 1482 1469
f 1469 1482 1483 1470
f 1244 1471 1484 1254
f 1471 1472 1485 1484
f 1470 1483 1485 1472
f 1253 1263 1486 1473
f 1473 1486 1487 1474
f 1474 1487 1488 1475
f 1475 1488 1489 1476
f 1476 1489 1490 1477
f 1477 1490 1491 1478
f 1478 1491 1492 1479
f 1479 1492 1493 1480
f 1480 1493 1494 1481
f 1481 1494 1495 1482
f 1482 1495 1496 1483
f 1254 1484 1497 1264
f 1484 1485 1498 1497
f 1483 1496 1498 1485
f 1273 1285 1499 1500
f 1263 1273 1500 1486
f 1500 1499 1501 1502
f 1486 1500 1502 1487
f 1487 1502 1501 1488
f 1285 1287 1503 1499
f 1499 1503 1504 1501
f 1488 1501 1504 1489
f 1287 1289 1505 1503
f 1503 1505 1506 1504
f 1489 1504 1506 1490
f 1289 1291 1507 1505
f 1505 1507 1508 1506
f 1490 1506 1508 1491
f 1291 1293 1509 1507
f 1507 1509 1510 1508
f 1491 1508 1510 1492
f 1293 1295 1511 1509
f 1509 1511 1512 1510
f 1492 1510 1512 1493
f 1295 1297 1513 1511
f 1511 1513 1514 1512
f 1493 1512 1514 1494
f 1297 1299 1515 1513
f 1513 1515 1516 1514
f 1494 1514 1516 1495
f 1299 1301 1517 1515
f 1515 1517 1518 1516
f 1495 1516 1518 1496
f 1301 1274 1519 1517
f 1264 1497 1519 1274
f 1517 1519 1520 1518
f 1497 1498 1520 1519
f 1496 1518 1520 1498
usemtl c9
f 1661 1662 1663 1664
f 1665 1666 1667 1668
f 1668 1667 1663 1662
f 1665 1661 1664 1666
f 1665 1668 1662 1661
f 1664 1663 1669 1670
f 1666 1671 1672 1667
f 1667 1672 1669 1663
f 1666 1664 1670 1671
f 1670 1669 1673 1674
f 1671 1675 1676 1672
f 1672 1676 1673 1669
f 1671 1670 1674 1675
f 1674 1673 1677 1678
f 1675 1679 1680 1676
f 1676 1680 1677 1673
f 1675 1674 1678 1679
f 1679 1678 1677 1680
f 1681 1682 1683 1684
f 1685 1686 1687 1688
f 1688 1687 1683 1682
f 1685 1681 1684 1686
f 1685 1688 1682 1681
f 1684 1683 1689 1690
f 1686 1691 1692 1687
f 1687 1692 1689 1683
f 1686 1684 1690 1691
f 1690 1689 1693 1694
f 1691 1695 1696 1692
f 1692 1696 1693 1689
f 1691 1690 1694 1695
f 1694 1693 1697 1698
f 1695 1699 1700 1696
f 1696 1700 1697 1693
f 1695 1694 1698 1699
f 1699 1698 1697 1700
usemtl c10
f 289 295 296 290
f 292 291 297 298
f 1521 1522 1523 1524
f 1521 17 21 1522
f 1521 1524 18 17
f 1522 1525 1526 1523
f 1522 21 1527 1525
f 1525 1528 1529 1526
f 1525 1527 1530 1528
f 1528 1531 1532 1529
f 1528 1530 1533 1531
f 1531 1534 1535 1532
f 1531 1533 22 1534
f 1534 22 25 1535
f 1524 1523 1536 1537
f 1524 1537 43 18
f 1523 1526 1538 1536
f 1526 1529 1539 1538
f 1529 1532 1540 1539
f 1532 1535 1541 1540
f 1535 25 45 1541
f 1537 1536 1542 1543
f 1543 1542 1544 59
f 1537 1543 59 43
f 1536 1538 1545 1542
f 1542 1545 1546 1544
f 1538 1539 1547 1545
f 1545 1547 1548 1546
f 1539 1540 1549 1547
f 1547 1549 1550 1548
f 1540 1541 1551 1549
f 1549 1551 62 1550
f 1541 45 62 1551
f 1581 1582 1527 21
f 1581 1583 1584 1582
f 1581 21 20 1583
f 1582 1585 1530 1527
f 1582 1584 1586 1585
f 1585 1587 1533 1530
f 1585 1586 1588 1587
f 1587 1589 22 1533
f 1587 1588 1590 1589
f 1589 1591 23 22
f 1589 1590 1592 1591
f 1591 1592 28 23
f 1583 1593 1594 1584
f 1583 20 79 1593
f 1584 1594 1595 1586
f 1586 1595 1596 1588
f 1588 1596 1597 1590
f 1590 1597 1598 1592
f 1592 1598 80 28
f 1599 107 1560 1600
f 1593 1599 1600 1594
f 1593 79 107 1599
f 1600 1560 1563 1601
f 1594 1600 1601 1595
f 1601 1563 108 1602
f 1595 1601 1602 1596
f 1602 108 111 1603
f 1596 1602 1603 1597
f 1603 111 113 1604
f 1597 1603 1604 1598
f 1598 1604 113 80
f 1629 1630 1631 1632
f 1633 1634 1635 1636
f 1636 1635 1631 1630
f 1633 1629 1632 1634
f 1633 1636 1630 1629
f 1632 1631 1637 1638
f 1634 1639 1640 1635
f 1635 1640 1637 1631
f 1634 1632 1638 1639
f 1638 1637 1641 1642
f 1639 1643 1644 1640
f 1640 1644 1641 1637
f 1639 1638 1642 1643
f 1642 1641 295 289
f 1643 292 298 1644
f 1644 298 295 1641
f 1643 1642 289 292
usemtl c11
f 158 157 163 164
f 159 165 166 160
f 1552 1553 1554 1555
f 105 1552 1555 106
f 105 104 1553 1552
f 1555 1554 1556 1557
f 106 1555 1557 107
f 1557 1556 1558 1559
f 107 1557 1559 1560
f 1559 1558 1561 1562
f 1560 1559 1562 1563
f 1562 1561 1564 1565
f 1563 1562 1565 108
f 108 1565 1564 109
f 1553 1566 1567 1554
f 104 125 1566 1553
f 1554 1567 1568 1556
f 1556 1568 1569 1558
f 1558 1569 1570 1561
f 1561 1570 1571 1564
f 109 1564 1571 126
f 1566 1572 1573 1567
f 135 136 1573 1572
f 125 135 1572 1566
f 1567 1573 1574 1568
f 136 1575 1574 1573
f 1568 1574 1576 1569
f 1575 1577 1576 1574
f 1569 1576 1578 1570
f 1577 1579 1578 1576
f 1570 1578 1580 1571
f 1579 137 1580 1578
f 126 1571 1580 137
f 59 1544 1605 1606
f 1606 1605 1607 1608
f 59 1606 1608 60
f 1544 1546 1609 1605
f 1605 1609 1610 1607
f 1546 1548 1611 1609
f 1609 1611 1612 1610
f 1548 1550 1613 1611
f 1611 1613 1614 1612
f 1550 62 1615 1613
f 1613 1615 1616 1614
f 62 64 1616 1615
f 1608 1607 1617 1618
f 60 1608 1618 91
f 1607 1610 1619 1617
f 1610 1612 1620 1619
f 1612 1614 1621 1620
f 1614 1616 1622 1621
f 64 93 1622 1616
f 136 1623 1624 1575
f 1618 1617 1624 1623
f 91 1618 1623 136
f 1575 1624 1625 1577
f 1617 1619 1625 1624
f 1577 1625 1626 1579
f 1619 1620 1626 1625
f 1579 1626 1627 137
f 1620 1621 1627 1626
f 137 1627 1628 138
f 1621 1622 1628 1627
f 93 138 1628 1622
f 1645 1646 1647 1648
f 1649 1650 1651 1652
f 1652 1651 1647 1646
f 1649 1645 1648 1650
f 1649 1652 1646 1645
f 1648 1647 1653 1654
f 1650 1655 1656 1651
f 1651 1656 1653 1647
f 1650 1648 1654 1655
f 1654 1653 1657 1658
f 1655 1659 1660 1656
f 1656 1660 1657 1653
f 1655 1654 1658 1659
f 1658 1657 164 165
f 1659 159 158 1660
f 1660 158 164 1657
f 1659 1658 165 159
f 1701 1702 1703 1704
f 1705 1706 1707 1708
f 1705 1701 1704 1706
f 1705 1708 1702 1701
f 1704 1703 1709 1710
f 1706 1711 1712 1707
f 1706 1704 1710 1711
f 1710 1709 1713 1714
f 1711 1715 1716 1712
f 1711 1710 1714 1715
f 1714 1713 1717 1718
f 1715 1719 1720 1716
f 1715 1714 1718 1719
f 1719 1718 1717 1720
f 1721 1722 1723 1724
f 1725 1726 1727 1728
f 1728 1727 1723 1722
f 1725 1728 1722 1721
f 1724 1723 1729 1730
f 1726 1731 1732 1727
f 1727 1732 1729 1723
f 1730 1729 1733 1734
f 1731 1735 1736 1732
f 1732 1736 1733 1729
f 1734 1733 1737 1738
f 1735 1739 1740 1736
f 1736 1740 1737 1733
f 1739 1738 1737 1740
usemtl c12
f 373 374 375 376
f 373 376 377 378
f 374 379 380 375
f 379 381 382 380
f 376 375 383 384
f 376 384 385 377
f 375 380 386 383
f 380 382 387 386
f 384 383 388 389
f 384 389 390 385
f 383 386 391 388
f 386 387 392 391
f 389 388 393 394
f 389 394 395 390
f 388 391 396 393
f 391 392 397 396
f 394 393 398 399
f 394 399 400 395
f 393 396 401 398
f 396 397 402 401
f 399 398 403 404
f 399 404 405 400
f 398 401 406 403
f 401 402 407 406
f 404 403 408 409
f 404 409 410 405
f 403 406 411 408
f 406 407 412 411
f 409 408 413 414
f 409 414 415 410
f 408 411 416 413
f 411 412 417 416
f 414 413 418 419
f 414 419 420 415
f 413 416 421 418
f 416 417 422 421
f 419 418 423 424
f 419 424 425 420
f 418 421 426 423
f 421 422 427 426
f 424 423 428 429
f 424 429 430 425
f 423 426 431 428
f 426 427 432 431
f 429 428 433 434
f 429 434 435 430
f 428 431 436 433
f 431 432 437 436
f 434 433 438 439
f 434 439 440 435
f 433 436 441 438
f 436 437 442 441
f 439 438 443 444
f 439 444 445 440
f 438 441 446 443
f 441 442 447 446
f 444 443 448 449
f 444 449 450 445
f 443 446 451 448
f 446 447 452 451
f 449 448 453 454
f 449 454 455 450
f 448 451 456 453
f 451 452 457 456
f 454 453 458 459
f 454 459 460 455
f 453 456 461 458
f 456 457 462 461
f 459 458 463 464
f 464 463 465 466
f 459 464 466 460
f 458 461 467 463
f 463 467 468 465
f 461 462 468 467
f 378 377 469 470
f 381 471 472 382
f 377 385 473 469
f 382 472 474 387
f 385 390 475 473
f 387 474 476 392
f 390 395 477 475
f 392 476 478 397
f 395 400 479 477
f 397 478 480 402
f 400 405 481 479
f 402 480 482 407
f 405 410 483 481
f 407 482 484 412
f 410 415 485 483
f 412 484 486 417
f 415 420 487 485
f 417 486 488 422
f 420 425 489 487
f 422 488 490 427
f 425 430 491 489
f 427 490 492 432
f 430 435 493 491
f 432 492 494 437
f 435 440 495 493
f 437 494 496 442
f 440 445 497 495
f 442 496 498 447
f 445 450 499 497
f 447 498 500 452
f 450 455 501 499
f 452 500 502 457
f 455 460 503 501
f 457 502 504 462
f 466 465 505 506
f 460 466 506 503
f 465 468 507 505
f 462 504 507 468
f 508 509 510 511
f 508 512 513 509
f 511 510 514 515
f 515 514 516 517
f 512 470 518 513
f 517 516 519 471
f 470 469 520 518
f 469 473 521 520
f 473 475 522 521
f 475 477 523 522
f 477 479 524 523
f 479 481 525 524
f 481 483 526 525
f 483 485 527 526
f 485 487 528 527
f 487 489 529 528
f 489 491 530 529
f 491 493 531 530
f 493 495 532 531
f 495 497 533 532
f 497 499 534 533
f 499 501 535 534
f 501 503 536 535
f 502 537 538 504
f 506 505 539 540
f 503 506 540 536
f 505 507 541 539
f 504 538 541 507
f 509 542 543 510
f 509 513 544 542
f 510 543 545 514
f 514 545 546 516
f 513 518 547 544
f 516 546 548 519
f 518 520 549 547
f 520 521 550 549
f 521 522 551 550
f 522 523 552 551
f 523 524 553 552
f 524 525 554 553
f 525 526 555 554
f 526 527 556 555
f 527 528 557 556
f 528 529 558 557
f 529 530 559 558
f 530 531 560 559
f 531 532 561 560
f 532 533 562 561
f 533 534 563 562
f 534 535 564 563
f 535 536 565 564
f 537 566 567 538
f 540 539 568 569
f 536 540 569 565
f 539 541 570 568
f 538 567 570 541
f 542 571 572 543
f 542 544 573 571
f 543 572 574 545
f 545 574 575 546
f 544 547 576 573
f 546 575 577 548
f 547 549 578 576
f 549 550 579 578
f 550 551 580 579
f 551 552 581 580
f 552 553 582 581
f 553 554 583 582
f 554 555 584 583
f 555 556 585 584
f 556 557 586 585
f 557 558 587 586
f 558 559 588 587
f 559 560 589 588
f 560 561 590 589
f 561 562 591 590
f 562 563 592 591
f 563 564 593 592
f 564 565 594 593
f 566 595 596 567
f 569 568 597 598
f 565 569 598 594
f 568 570 599 597
f 567 596 599 570
f 571 600 601 572
f 571 573 602 600
f 572 601 603 574
f 574 603 604 575
f 573 576 605 602
f 575 604 606 577
f 576 578 607 605
f 578 579 608 607
f 579 580 609 608
f 580 581 610 609
f 581 582 611 610
f 582 583 612 611
f 583 584 613 612
f 584 585 614 613
f 585 586 615 614
f 586 587 616 615
f 587 588 617 616
f 588 589 618 617
f 589 590 619 618
f 590 591 620 619
f 591 592 621 620
f 592 593 622 621
f 593 594 623 622
f 595 624 625 596
f 598 597 626 627
f 594 598 627 623
f 597 599 628 626
f 596 625 628 599
f 600 629 630 601
f 600 602 631 629
f 601 630 632 603
f 603 632 633 604
f 602 605 634 631
f 604 633 635 606
f 605 607 636 634
f 607 608 637 636
f 608 609 638 637
f 609 610 639 638
f 610 611 640 639
f 611 612 641 640
f 612 613 642 641
f 613 614 643 642
f 614 615 644 643
f 615 616 645 644
f 616 617 646 645
f 617 618 647 646
f 618 619 648 647
f 619 620 649 648
f 620 621 650 649
f 621 622 651 650
f 622 623 652 651
f 624 653 654 625
f 627 626 655 656
f 623 627 656 652
f 626 628 657 655
f 625 654 657 628
f 629 658 659 630
f 629 631 660 658
f 630 659 661 632
f 632 661 662 633
f 631 634 663 660
f 633 662 664 635
f 634 636 665 663
f 636 637 666 665
f 637 638 667 666
f 638 639 668 667
f 639 640 669 668
f 640 641 670 669
f 641 642 671 670
f 642 643 672 671
f 643 644 673 672
f 644 645 674 673
f 645 646 675 674
f 646 647 676 675
f 647 648 677 676
f 648 649 678 677
f 649 650 679 678
f 650 651 680 679
f 651 652 681 680
f 653 682 683 654
f 656 655 684 685
f 652 656 685 681
f 655 657 686 684
f 654 683 686 657
f 658 687 688 659
f 658 660 689 687
f 659 688 690 661
f 661 690 691 662
f 660 663 692 689
f 662 691 693 664
f 663 665 694 692
f 665 666 695 694
f 666 667 696 695
f 667 668 697 696
f 668 669 698 697
f 669 670 699 698
f 670 671 700 699
f 671 672 701 700
f 672 673 702 701
f 673 674 703 702
f 674 675 704 703
f 675 676 705 704
f 676 677 706 705
f 677 678 707 706
f 678 679 708 707
f 679 680 709 708
f 680 681 710 709
f 682 711 712 683
f 685 684 713 714
f 681 685 714 710
f 684 686 715 713
f 683 712 715 686
f 687 716 717 688
f 687 689 718 716
f 688 717 719 690
f 690 719 720 691
f 689 692 721 718
f 691 720 722 693
f 692 694 723 721
f 694 695 724 723
f 695 696 725 724
f 696 697 726 725
f 697 698 727 726
f 698 699 728 727
f 699 700 729 728
f 700 701 730 729
f 701 702 731 730
f 702 703 732 731
f 703 704 733 732
f 704 705 734 733
f 705 706 735 734
f 706 707 736 735
f 707 708 737 736
f 708 709 738 737
f 709 710 739 738
f 711 740 741 712
f 714 713 742 743
f 710 714 743 739
f 713 715 744 742
f 712 741 744 715
f 716 745 746 717
f 716 718 747 745
f 717 746 748 719
f 719 748 749 720
f 718 721 750 747
f 720 749 751 722
f 721 723 752 750
f 723 724 753 752
f 724 725 754 753
f 725 726 755 754
f 726 727 756 755
f 727 728 757 756
f 728 729 758 757
f 729 730 759 758
f 730 731 760 759
f 731 732 761 760
f 732 733 762 761
f 733 734 763 762
f 734 735 764 763
f 735 736 765 764
f 736 737 766 765
f 737 738 767 766
f 738 739 768 767
f 740 769 770 741
f 743 742 771 772
f 739 743 772 768
f 742 744 773 771
f 741 770 773 744
f 745 774 775 746
f 745 747 776 774
f 746 775 777 748
f 748 777 778 749
f 747 750 779 776
f 749 778 780 751
f 750 752 781 779
f 752 753 782 781
f 753 754 783 782
f 754 755 784 783
f 755 756 785 784
f 756 757 786 785
f 757 758 787 786
f 758 759 788 787
f 759 760 789 788
f 760 761 790 789
f 761 762 791 790
f 762 763 792 791
f 763 764 793 792
f 764 765 794 793
f 765 766 795 794
f 766 767 796 795
f 767 768 797 796
f 769 798 799 770
f 772 771 800 801
f 768 772 801 797
f 771 773 802 800
f 770 799 802 773
f 774 803 804 775
f 774 776 805 803
f 775 804 806 777
f 777 806 807 778
f 776 779 808 805
f 778 807 809 780
f 779 781 810 808
f 781 782 811 810
f 782 783 812 811
f 783 784 813 812
f 784 785 814 813
f 785 786 815 814
f 786 787 816 815
f 787 788 817 816
f 788 789 818 817
f 789 790 819 818
f 790 791 820 819
f 791 792 821 820
f 792 793 822 821
f 793 794 823 822
f 794 795 824 823
f 795 796 825 824
f 796 797 826 825
f 798 827 828 799
f 801 800 829 830
f 797 801 830 826
f 800 802 831 829
f 799 828 831 802
f 803 832 833 804
f 803 805 834 832
f 804 833 835 806
f 806 835 836 807
f 805 808 837 834
f 807 836 838 809
f 808 810 839 837
f 810 811 840 839
f 811 812 841 840
f 812 813 842 841
f 813 814 843 842
f 814 815 844 843
f 815 816 845 844
f 816 817 846 845
f 817 818 847 846
f 818 819 848 847
f 819 820 849 848
f 820 821 850 849
f 821 822 851 850
f 822 823 852 851
f 823 824 853 852
f 824 825 854 853
f 825 826 855 854
f 827 856 857 828
f 830 829 858 859
f 826 830 859 855
f 829 831 860 858
f 828 857 860 831
f 832 861 862 833
f 832 834 863 861
f 833 862 864 835
f 835 864 865 836
f 834 837 866 863
f 836 865 867 838
f 837 839 868 866
f 839 840 869 868
f 840 841 870 869
f 841 842 871 870
f 842 843 872 871
f 843 844 873 872
f 844 845 874 873
f 845 846 875 874
f 846 847 876 875
f 847 848 877 876
f 848 849 878 877
f 849 850 879 878
f 850 851 880 879
f 851 852 881 880
f 852 853 882 881
f 853 854 883 882
f 854 855 884 883
f 856 885 886 857
f 859 858 887 888
f 855 859 888 884
f 858 860 889 887
f 857 886 889 860
f 861 890 891 862
f 861 863 892 890
f 862 891 893 864
f 864 893 894 865
f 863 866 895 892
f 865 894 896 867
f 866 868 897 895
f 868 869 898 897
f 869 870 899 898
f 870 871 900 899
f 871 872 901 900
f 872 873 902 901
f 873 874 903 902
f 874 875 904 903
f 875 876 905 904
f 876 877 906 905
f 877 878 907 906
f 878 879 908 907
f 879 880 909 908
f 880 881 910 909
f 881 882 911 910
f 882 883 912 911
f 883 884 913 912
f 885 914 915 886
f 888 887 916 917
f 884 888 917 913
f 887 889 918 916
f 886 915 918 889
f 890 919 920 891
f 890 892 921 919
f 891 920 922 893
f 893 922 923 894
f 892 895 924 921
f 894 923 925 896
f 895 897 926 924
f 897 898 927 926
f 898 899 928 927
f 899 900 929 928
f 900 901 930 929
f 901 902 931 930
f 902 903 932 931
f 903 904 933 932
f 904 905 934 933
f 905 906 935 934
f 906 907 936 935
f 907 908 937 936
f 908 909 938 937
f 909 910 939 938
f 910 911 940 939
f 911 912 941 940
f 912 913 942 941
f 914 943 944 915
f 917 916 945 946
f 913 917 946 942
f 916 918 947 945
f 915 944 947 918
f 919 948 949 920
f 919 921 950 948
f 920 949 951 922
f 922 951 952 923
f 921 924 953 950
f 923 952 954 925
f 924 926 955 953
f 926 927 956 955
f 927 928 957 956
f 928 929 958 957
f 929 930 959 958
f 930 931 960 959
f 931 932 961 960
f 932 933 962 961
f 933 934 963 962
f 934 935 964 963
f 935 936 965 964
f 936 937 966 965
f 937 938 967 966
f 938 939 968 967
f 939 940 969 968
f 940 941 970 969
f 941 942 971 970
f 943 972 973 944
f 946 945 974 975
f 942 946 975 971
f 945 947 976 974
f 944 973 976 947
f 948 977 978 949
f 948 950 979 977
f 949 978 980 951
f 951 980 981 952
f 950 953 982 979
f 952 981 983 954
f 953 955 984 982
f 954 983 985 986
f 955 956 987 984
f 986 985 988 989
f 956 957 990 987
f 989 988 991 992
f 957 958 993 990
f 992 991 994 995
f 958 959 996 993
f 995 994 997 998
f 959 960 999 996
f 998 997 1000 1001
f 960 961 1002 999
f 1001 1000 1003 1004
f 961 962 1005 1002
f 1004 1003 1006 1007
f 962 963 1008 1005
f 1007 1006 1009 1010
f 963 964 1011 1008
f 1010 1009 1012 1013
f 964 965 1014 1011
f 1013 1012 1015 1016
f 965 966 1017 1014
f 1016 1015 1018 1019
f 966 967 1020 1017
f 1019 1018 1021 1022
f 967 968 1023 1020
f 1022 1021 1024 1025
f 968 969 1026 1023
f 1025 1024 1027 1028
f 969 970 1029 1026
f 1028 1027 1030 972
f 1031 1032 1033 1034
f 977 1031 1034 978
f 977 979 1032 1031
f 1034 1033 1035 1036
f 978 1034 1036 980
f 980 1036 1035 981
f 1032 1037 1038 1033
f 979 982 1037 1032
f 1033 1038 1039 1035
f 981 1035 1039 983
f 1037 1040 1041 1038
f 982 984 1040 1037
f 1038 1041 1042 1039
f 983 1039 1042 985
f 1040 1043 1044 1041
f 984 987 1043 1040
f 1041 1044 1045 1042
f 985 1042 1045 988
f 1043 1046 1047 1044
f 987 990 1046 1043
f 1044 1047 1048 1045
f 988 1045 1048 991
f 1046 1049 1050 1047
f 990 993 1049 1046
f 1047 1050 1051 1048
f 991 1048 1051 994
f 1049 1052 1053 1050
f 993 996 1052 1049
f 1050 1053 1054 1051
f 994 1051 1054 997
f 1052 1055 1056 1053
f 996 999 1055 1052
f 1053 1056 1057 1054
f 997 1054 1057 1000
f 1055 1058 1059 1056
f 999 1002 1058 1055
f 1056 1059 1060 1057
f 1000 1057 1060 1003
f 1058 1061 1062 1059
f 1002 1005 1061 1058
f 1059 1062 1063 1060
f 1003 1060 1063 1006
f 1061 1064 1065 1062
f 1005 1008 1064 1061
f 1062 1065 1066 1063
f 1006 1063 1066 1009
f 1064 1067 1068 1065
f 1008 1011 1067 1064
f 1065 1068 1069 1066
f 1009 1066 1069 1012
f 1067 1070 1071 1068
f 1011 1014 1070 1067
f 1068 1071 1072 1069
f 1012 1069 1072 1015
f 1070 1073 1074 1071
f 1014 1017 1073 1070
f 1071 1074 1075 1072
f 1015 1072 1075 1018
f 1073 1076 1077 1074
f 1017 1020 1076 1073
f 1074 1077 1078 1075
f 1018 1075 1078 1021
f 1076 1079 1080 1077
f 1020 1023 1079 1076
f 1077 1080 1081 1078
f 1021 1078 1081 1024
f 1079 1082 1083 1080
f 1023 1026 1082 1079
f 1080 1083 1084 1081
f 1024 1081 1084 1027
f 1082 1085 1086 1083
f 1026 1029 1085 1082
f 1083 1086 1087 1084
f 1027 1084 1087 1030
f 471 1088 1089 472
f 471 519 1090 1088
f 1088 1091 1092 1089
f 1088 1090 1093 1091
f 1091 1093 1094 1092
f 472 1089 1095 474
f 1089 1092 1096 1095
f 1092 1094 1097 1096
f 474 1095 1098 476
f 1095 1096 1099 1098
f 1096 1097 1100 1099
f 476 1098 1101 478
f 1098 1099 1102 1101
f 1099 1100 1103 1102
f 478 1101 1104 480
f 1101 1102 1105 1104
f 1102 1103 1106 1105
f 480 1104 1107 482
f 1104 1105 1108 1107
f 1105 1106 1109 1108
f 482 1107 1110 484
f 1107 1108 1111 1110
f 1108 1109 1112 1111
f 484 1110 1113 486
f 1110 1111 1114 1113
f 1111 1112 1115 1114
f 486 1113 1116 488
f 1113 1114 1117 1116
f 1114 1115 1118 1117
f 488 1116 1119 490
f 1116 1117 1120 1119
f 1117 1118 1121 1120
f 490 1119 1122 492
f 1119 1120 1123 1122
f 1120 1121 1124 1123
f 492 1122 1125 494
f 1122 1123 1126 1125
f 1123 1124 1127 1126
f 494 1125 1128 496
f 1125 1126 1129 1128
f 1126 1127 1130 1129
f 496 1128 1131 498
f 1128 1129 1132 1131
f 1129 1130 1133 1132
f 498 1131 1134 500
f 1131 1132 1135 1134
f 1132 1133 1136 1135
f 500 1134 1137 502
f 502 1137 1138 537
f 1134 1135 1139 1137
f 1137 1139 1140 1138
f 1135 1136 1140 1139
f 519 548 1141 1090
f 1090 1141 1142 1093
f 1093 1142 1143 1094
f 1094 1143 1144 1097
f 1097 1144 1145 1100
f 1100 1145 1146 1103
f 1103 1146 1147 1106
f 1106 1147 1148 1109
f 1109 1148 1149 1112
f 1112 1149 1150 1115
f 1115 1150 1151 1118
f 1118 1151 1152 1121
f 1121 1152 1153 1124
f 1124 1153 1154 1127
f 1127 1154 1155 1130
f 1130 1155 1156 1133
f 1133 1156 1157 1136
f 537 1138 1158 566
f 1138 1140 1159 1158
f 1136 1157 1159 1140
f 548 577 1160 1141
f 1141 1160 1161 1142
f 1142 1161 1162 1143
f 1143 1162 1163 1144
f 1144 1163 1164 1145
f 1145 1164 1165 1146
f 1146 1165 1166 1147
f 1147 1166 1167 1148
f 1148 1167 1168 1149
f 1149 1168 1169 1150
f 1150 1169 1170 1151
f 1151 1170 1171 1152
f 1152 1171 1172 1153
f 1153 1172 1173 1154
f 1154 1173 1174 1155
f 1155 1174 1175 1156
f 1156 1175 1176 1157
f 566 1158 1177 595
f 1158 1159 1178 1177
f 1157 1176 1178 1159
f 577 606 1179 1160
f 1160 1179 1180 1161
f 1161 1180 1181 1162
f 1162 1181 1182 1163
f 1163 1182 1183 1164
f 1174 1184 1185 1175
f 1175 1185 1186 1176
f 595 1177 1187 624
f 1177 1178 1188 1187
f 1176 1186 1188 1178
f 606 635 1189 1179
f 1179 1189 1190 1180
f 1180 1190 1191 1181
f 1181 1191 1192 1182
f 1182 1192 1193 1183
f 1184 1194 1195 1185
f 1185 1195 1196 1186
f 624 1187 1197 653
f 1187 1188 1198 1197
f 1186 1196 1198 1188
f 635 664 1199 1189
f 1189 1199 1200 1190
f 1190 1200 1201 1191
f 1191 1201 1202 1192
f 1192 1202 1203 1193
f 1194 1204 1205 1195
f 1195 1205 1206 1196
f 653 1197 1207 682
f 1197 1198 1208 1207
f 1196 1206 1208 1198
f 664 693 1209 1199
f 1199 1209 1210 1200
f 1200 1210 1211 1201
f 1201 1211 1212 1202
f 1202 1212 1213 1203
f 1204 1214 1215 1205
f 1205 1215 1216 1206
f 682 1207 1217 711
f 1207 1208 1218 1217
f 1206 1216 1218 1208
f 693 722 1219 1209
f 1209 1219 1220 1210
f 1210 1220 1221 1211
f 1211 1221 1222 1212
f 1212 1222 1223 1213
f 1214 1224 1225 1215
f 1215 1225 1226 1216
f 711 1217 1227 740
f 1217 1218 1228 1227
f 1216 1226 1228 1218
f 722 751 1229 1219
f 1219 1229 1230 1220
f 1220 1230 1231 1221
f 1221 1231 1232 1222
f 1222 1232 1233 1223
f 1224 1234 1235 1225
f 1225 1235 1236 1226
f 740 1227 1237 769
f 1227 1228 1238 1237
f 1226 1236 1238 1228
f 751 780 1239 1229
f 1229 1239 1240 1230
f 1230 1240 1241 1231
f 1231 1241 1242 1232
f 1232 1242 1243 1233
f 1234 1244 1245 1235
f 1235 1245 1246 1236
f 769 1237 1247 798
f 1237 1238 1248 1247
f 1236 1246 1248 1238
f 780 809 1249 1239
f 1239 1249 1250 1240
f 1240 1250 1251 1241
f 1241 1251 1252 1242
f 1242 1252 1253 1243
f 1244 1254 1255 1245
f 1245 1255 1256 1246
f 798 1247 1257 827
f 1247 1248 1258 1257
f 1246 1256 1258 1248
f 809 838 1259 1249
f 1249 1259 1260 1250
f 1250 1260 1261 1251
f 1251 1261 1262 1252
f 1252 1262 1263 1253
f 1254 1264 1265 1255
f 1255 1265 1266 1256
f 827 1257 1267 856
f 1257 1258 1268 1267
f 1256 1266 1268 1258
f 838 867 1269 1259
f 1259 1269 1270 1260
f 1260 1270 1271 1261
f 1261 1271 1272 1262
f 1262 1272 1273 1263
f 1264 1274 1275 1265
f 1265 1275 1276 1266
f 856 1267 1277 885
f 1267 1268 1278 1277
f 1266 1276 1278 1268
f 867 896 1279 1269
f 1269 1279 1280 1270
f 1270 1280 1281 1271
f 1271 1281 1282 1272
f 1272 1282 1283 1273
f 1273 1283 1284 1285
f 1285 1284 1286 1287
f 1287 1286 1288 1289
f 1289 1288 1290 1291
f 1291 1290 1292 1293
f 1293 1292 1294 1295
f 1295 1294 1296 1297
f 1297 1296 1298 1299
f 1299 1298 1300 1301
f 1301 1300 1302 1274
f 1274 1302 1303 1275
f 1275 1303 1304 1276
f 885 1277 1305 914
f 1277 1278 1306 1305
f 1276 1304 1306 1278
f 896 925 1307 1279
f 1279 1307 1308 1280
f 1280 1308 1309 1281
f 1281 1309 1310 1282
f 1282 1310 1311 1283
f 1283 1311 1312 1284
f 1284 1312 1313 1286
f 1286 1313 1314 1288
f 1288 1314 1315 1290
f 1290 1315 1316 1292
f 1292 1316 1317 1294
f 1294 1317 1318 1296
f 1296 1318 1319 1298
f 1298 1319 1320 1300
f 1300 1320 1321 1302
f 1302 1321 1322 1303
f 1303 1322 1323 1304
f 914 1305 1324 943
f 1305 1306 1325 1324
f 1304 1323 1325 1306
f 954 986 1326 1327
f 925 954 1327 1307
f 1327 1326 1328 1329
f 1307 1327 1329 1308
f 1308 1329 1328 1309
f 986 989 1330 1326
f 1326 1330 1331 1328
f 1309 1328 1331 1310
f 989 992 1332 1330
f 1330 1332 1333 1331
f 1310 1331 1333 1311
f 992 995 1334 1332
f 1332 1334 1335 1333
f 1311 1333 1335 1312
f 995 998 1336 1334
f 1334 1336 1337 1335
f 1312 1335 1337 1313
f 998 1001 1338 1336
f 1336 1338 1339 1337
f 1313 1337 1339 1314
f 1001 1004 1340 1338
f 1338 1340 1341 1339
f 1314 1339 1341 1315
f 1004 1007 1342 1340
f 1340 1342 1343 1341
f 1315 1341 1343 1316
f 1007 1010 1344 1342
f 1342 1344 1345 1343
f 1316 1343 1345 1317
f 1010 1013 1346 1344
f 1344 1346 1347 1345
f 1317 1345 1347 1318
f 1013 1016 1348 1346
f 1346 1348 1349 1347
f 1318 1347 1349 1319
f 1016 1019 1350 1348
f 1348 1350 1351 1349
f 1319 1349 1351 1320
f 1019 1022 1352 1350
f 1350 1352 1353 1351
f 1320 1351 1353 1321
f 1022 1025 1354 1352
f 1352 1354 1355 1353
f 1321 1353 1355 1322
f 1025 1028 1356 1354
f 1354 1356 1357 1355
f 1322 1355 1357 1323
f 1028 972 1358 1356
f 943 1324 1358 972
f 1356 1358 1359 1357
f 1324 1325 1359 1358
f 1323 1357 1359 1325
f 1846 1847 1848 1849
f 1846 1850 1851 1847
f 1846 1849 1778 1850
f 1847 1852 1853 1848
f 1847 1851 1854 1852
f 1852 1855 1856 1853
f 1852 1854 1857 1855
f 1855 1858 1859 1856
f 1855 1857 1860 1858
f 1858 1861 1862 1859
f 1858 1860 1863 1861
f 1861 1864 1865 1862
f 1861 1863 1866 1864
f 1864 1866 1867 1865
f 1849 1848 1868 1869
f 1849 1869 1779 1778
f 1848 1853 1870 1868
f 1853 1856 1871 1870
f 1856 1859 1872 1871
f 1859 1862 1873 1872
f 1862 1865 1874 1873
f 1865 1867 1875 1874
f 1869 1868 1876 1877
f 1869 1877 1805 1779
f 1868 1870 1878 1876
f 1870 1871 1879 1878
f 1871 1872 1880 1879
f 1872 1873 1881 1880
f 1873 1874 1882 1881
f 1874 1875 1883 1882
f 1877 1876 1884 1885
f 1877 1885 1886 1805
f 1876 1878 1887 1884
f 1878 1879 1888 1887
f 1879 1880 1889 1888
f 1880 1881 1890 1889
f 1881 1882 1891 1890
f 1882 1883 1892 1891
f 1885 1884 1893 1894
f 1885 1894 1895 1886
f 1884 1887 1896 1893
f 1887 1888 1897 1896
f 1888 1889 1898 1897
f 1889 1890 1899 1898
f 1890 1891 1900 1899
f 1891 1892 1901 1900
f 1894 1893 1902 1903
f 1903 1902 1904 1905
f 1894 1903 1905 1895
f 1893 1896 1906 1902
f 1902 1906 1907 1904
f 1896 1897 1908 1906
f 1906 1908 1909 1907
f 1897 1898 1910 1908
f 1908 1910 1911 1909
f 1898 1899 1912 1910
f 1910 1912 1913 1911
f 1899 1900 1914 1912
f 1912 1914 1915 1913
f 1900 1901 1915 1914
f 1850 1916 1917 1851
f 1850 1778 1780 1916
f 1851 1917 1918 1854
f 1854 1918 1919 1857
f 1857 1919 1920 1860
f 1860 1920 1921 1863
f 1863 1921 1922 1866
f 1866 1922 1923 1867
f 1867 1923 1924 1875
f 1875 1924 1925 1883
f 1805 1886 1926 1806
f 1883 1925 1927 1892
f 1886 1895 1928 1926
f 1892 1927 1929 1901
f 1905 1904 1930 1931
f 1895 1905 1931 1928
f 1904 1907 1932 1930
f 1907 1909 1933 1932
f 1909 1911 1934 1933
f 1911 1913 1935 1934
f 1913 1915 1936 1935
f 1901 1929 1936 1915
f 1916 1937 1938 1917
f 1916 1780 1832 1937
f 1917 1938 1939 1918
f 1918 1939 1940 1919
f 1919 1940 1941 1920
f 1920 1941 1942 1921
f 1921 1942 1943 1922
f 1922 1943 1944 1923
f 1923 1944 1945 1924
f 1924 1945 1946 1925
f 1806 1926 1947 1845
f 1925 1946 1948 1927
f 1926 1928 1949 1947
f 1927 1948 1950 1929
f 1931 1930 1951 1952
f 1928 1931 1952 1949
f 1930 1932 1953 1951
f 1932 1933 1954 1953
f 1933 1934 1955 1954
f 1934 1935 1956 1955
f 1935 1936 1957 1956
f 1929 1950 1957 1936
f 1937 1958 1959 1938
f 1937 1832 1960 1958
f 1938 1959 1961 1939
f 1939 1961 1962 1940
f 1940 1962 1963 1941
f 1941 1963 1964 1942
f 1942 1964 1965 1943
f 1943 1965 1966 1944
f 1832 1831 1967 1960
f 1944 1966 1968 1945
f 1831 1845 1969 1967
f 1945 1968 1970 1946
f 1845 1947 1971 1969
f 1946 1970 1972 1948
f 1947 1949 1973 1971
f 1948 1972 1974 1950
f 1952 1951 1975 1976
f 1949 1952 1976 1973
f 1951 1953 1977 1975
f 1953 1954 373 1977
f 1954 1955 374 373
f 1955 1956 379 374
f 1956 1957 1978 379
f 1950 1974 1978 1957
f 1958 1979 1980 1959
f 1958 1960 1981 1979
f 1959 1980 1982 1961
f 1961 1982 1983 1962
f 1962 1983 1984 1963
f 1963 1984 1985 1964
f 1964 1985 1986 1965
f 1965 1986 1987 1966
f 1960 1967 1988 1981
f 1966 1987 1989 1968
f 1967 1969 1990 1988
f 1968 1989 1991 1970
f 1969 1971 1992 1990
f 1970 1991 1993 1972
f 1971 1973 1994 1992
f 1972 1993 1995 1974
f 1976 1975 1996 1997
f 1973 1976 1997 1994
f 1975 1977 1998 1996
f 1977 373 378 1998
f 379 1978 1999 381
f 1974 1995 1999 1978
f 2000 2001 2002 2003
f 1979 2000 2003 1980
f 1979 1981 2001 2000
f 2003 2002 2004 2005
f 1980 2003 2005 1982
f 2005 2004 2006 2007
f 1982 2005 2007 1983
f 2007 2006 2008 2009
f 1983 2007 2009 1984
f 2009 2008 2010 2011
f 1984 2009 2011 1985
f 2011 2010 2012 2013
f 1985 2011 2013 1986
f 1986 2013 2012 1987
f 2001 2014 2015 2002
f 1981 1988 2014 2001
f 2002 2015 2016 2004
f 2004 2016 2017 2006
f 2006 2017 2018 2008
f 2008 2018 2019 2010
f 2010 2019 2020 2012
f 1987 2012 2020 1989
f 2014 2021 2022 2015
f 1988 1990 2021 2014
f 2015 2022 2023 2016
f 2016 2023 2024 2017
f 2017 2024 2025 2018
f 2018 2025 2026 2019
f 2019 2026 2027 2020
f 1989 2020 2027 1991
f 2021 2028 2029 2022
f 1990 1992 2028 2021
f 2022 2029 2030 2023
f 2023 2030 508 2024
f 2024 508 511 2025
f 2025 511 515 2026
f 2026 515 2031 2027
f 1991 2027 2031 1993
f 2028 2032 2033 2029
f 1992 1994 2032 2028
f 2029 2033 2034 2030
f 2030 2034 512 508
f 515 517 2035 2031
f 1993 2031 2035 1995
f 2032 2036 2037 2033
f 1997 1996 2037 2036
f 1994 1997 2036 2032
f 2033 2037 2038 2034
f 1996 1998 2038 2037
f 2034 2038 470 512
f 1998 378 470 2038
f 517 471 1088 2035
f 381 1999 1088 471
f 1995 2035 1088 1999
f 2144 2145 2146 2147
f 2144 2148 2149 2145
f 2144 2147 2150 2148
f 2145 2151 2152 2146
f 2145 2149 2153 2151
f 2151 970 971 2152
f 2151 2153 1029 970
f 972 1358 2154 973
f 972 1030 2155 1358
f 1358 2155 2156 2154
f 2147 2146 2157 2158
f 2147 2158 2159 2150
f 2146 2152 2160 2157
f 2152 971 975 2160
f 973 2154 2161 976
f 2154 2156 2162 2161
f 2158 2157 2163 2164
f 2158 2164 2165 2159
f 2157 2160 2166 2163
f 2160 975 2167 2166
f 975 974 2168 2167
f 974 976 2169 2168
f 976 2161 2170 2169
f 2161 2162 2171 2170
f 2164 2163 2172 2173
f 2164 2173 2174 2165
f 2163 2166 2175 2172
f 2166 2167 2176 2175
f 2167 2168 2177 2176
f 2168 2169 2178 2177
f 2169 2170 2179 2178
f 2170 2171 2180 2179
f 2173 2172 2181 2182
f 2173 2182 2183 2174
f 2172 2175 2184 2181
f 2175 2176 2185 2184
f 2176 2177 2186 2185
f 2177 2178 2187 2186
f 2178 2179 2188 2187
f 2179 2180 2189 2188
f 2182 2181 2190 2191
f 2191 2190 2192 2193
f 2182 2191 2193 2183
f 2181 2184 2194 2190
f 2190 2194 2195 2192
f 2184 2185 2196 2194
f 2194 2196 2197 2195
f 2185 2186 2198 2196
f 2196 2198 2199 2197
f 2186 2187 2200 2198
f 2198 2200 2201 2199
f 2187 2188 2202 2200
f 2200 2202 2203 2201
f 2188 2189 2203 2202
f 2148 2204 2205 2149
f 2148 2150 2206 2204
f 2149 2205 2207 2153
f 2153 2207 1085 1029
f 1030 1087 2208 2155
f 2155 2208 2209 2156
f 2150 2159 2210 2206
f 2156 2209 2211 2162
f 2159 2165 2212 2210
f 2162 2211 2213 2171
f 2165 2174 2214 2212
f 2171 2213 2215 2180
f 2174 2183 2216 2214
f 2180 2215 2217 2189
f 2193 2192 2218 2219
f 2183 2193 2219 2216
f 2192 2195 2220 2218
f 2195 2197 2221 2220
f 2197 2199 2222 2221
f 2199 2201 2223 2222
f 2201 2203 2224 2223
f 2189 2217 2224 2203
f 2204 2225 2226 2205
f 2204 2206 2227 2225
f 2205 2226 2228 2207
f 2207 2228 2229 1085
f 1085 2229 2230 1086
f 1086 2230 2231 1087
f 1087 2231 2232 2208
f 2208 2232 2233 2209
f 2206 2210 2234 2227
f 2209 2233 2235 2211
f 2210 2212 2076 2234
f 2211 2235 2236 2213
f 2212 2214 2077 2076
f 2213 2236 2237 2215
f 2214 2216 2103 2077
f 2215 2237 2238 2217
f 2219 2218 2239 2240
f 2216 2219 2240 2103
f 2218 2220 2241 2239
f 2220 2221 2242 2241
f 2221 2222 2243 2242
f 2222 2223 2244 2243
f 2223 2224 2245 2244
f 2217 2238 2245 2224
f 2225 2246 2247 2226
f 2225 2227 2248 2246
f 2226 2247 2249 2228
f 2228 2249 2250 2229
f 2229 2250 2251 2230
f 2230 2251 2252 2231
f 2231 2252 2253 2232
f 2232 2253 2254 2233
f 2227 2234 2255 2248
f 2233 2254 2256 2235
f 2234 2076 2078 2255
f 2235 2256 2257 2236
f 2236 2257 2258 2237
f 2237 2258 2259 2238
f 2240 2239 2260 2261
f 2103 2240 2261 2104
f 2239 2241 2262 2260
f 2241 2242 2263 2262
f 2242 2243 2264 2263
f 2243 2244 2265 2264
f 2244 2245 2266 2265
f 2238 2259 2266 2245
f 2246 2267 2268 2247
f 2246 2248 2269 2267
f 2247 2268 2270 2249
f 2249 2270 2271 2250
f 2250 2271 2272 2251
f 2251 2272 2273 2252
f 2252 2273 2274 2253
f 2253 2274 2275 2254
f 2248 2255 2276 2269
f 2254 2275 2277 2256
f 2255 2078 2130 2276
f 2256 2277 2278 2257
f 2257 2278 2279 2258
f 2258 2279 2280 2259
f 2261 2260 2281 2282
f 2104 2261 2282 2143
f 2260 2262 2283 2281
f 2262 2263 2284 2283
f 2263 2264 2285 2284
f 2264 2265 2286 2285
f 2265 2266 2287 2286
f 2259 2280 2287 2266
f 2288 2289 2290 2291
f 2267 2288 2291 2268
f 2267 2269 2289 2288
f 2291 2290 2292 2293
f 2268 2291 2293 2270
f 2293 2292 2294 2295
f 2270 2293 2295 2271
f 2295 2294 2296 2297
f 2271 2295 2297 2272
f 2297 2296 2298 2299
f 2272 2297 2299 2273
f 2299 2298 2300 2301
f 2273 2299 2301 2274
f 2274 2301 2300 2275
f 2289 2302 2303 2290
f 2269 2276 2302 2289
f 2290 2303 2304 2292
f 2292 2304 2305 2294
f 2294 2305 2306 2296
f 2296 2306 2307 2298
f 2298 2307 2308 2300
f 2275 2300 2308 2277
f 2302 2309 2310 2303
f 2276 2130 2309 2302
f 2303 2310 2311 2304
f 2304 2311 2312 2305
f 2305 2312 2313 2306
f 2306 2313 2314 2307
f 2307 2314 2315 2308
f 2277 2308 2315 2278
f 2309 2316 2317 2310
f 2130 2129 2316 2309
f 2310 2317 2318 2311
f 2311 2318 2319 2312
f 2312 2319 2320 2313
f 2313 2320 2321 2314
f 2314 2321 2322 2315
f 2278 2315 2322 2279
f 2316 2323 2324 2317
f 2129 2143 2323 2316
f 2317 2324 2325 2318
f 2318 2325 2326 2319
f 2319 2326 2327 2320
f 2320 2327 2328 2321
f 2321 2328 2329 2322
f 2279 2322 2329 2280
f 2323 2330 2331 2324
f 2282 2281 2331 2330
f 2143 2282 2330 2323
f 2324 2331 2332 2325
f 2281 2283 2332 2331
f 2325 2332 2333 2326
f 2283 2284 2333 2332
f 2326 2333 2334 2327
f 2284 2285 2334 2333
f 2327 2334 2335 2328
f 2285 2286 2335 2334
f 2328 2335 2336 2329
f 2286 2287 2336 2335
f 2280 2329 2336 2287
usemtl c13
f 1702 1721 1724 1703
f 1708 1707 1726 1725
f 1708 1725 1721 1702
f 1713 1734 1738 1717
f 1716 1720 1739 1735
f 1720 1717 1738 1739
usemtl c14
f 1703 1724 1730 1709
f 1707 1712 1731 1726
f 1709 1730 1734 1713
f 1712 1716 1735 1731
