# generado por tools/vox_to_obj.py desde colina.vox
mtllib colina.mtl
v -40.5000 0.0000 30.5000
v -40.5000 1.0000 30.5000
v -40.5000 1.0000 29.5000
v -40.5000 0.0000 29.5000
v -39.5000 0.0000 30.5000
v -39.5000 1.0000 30.5000
v -39.5000 1.0000 29.5000
v -39.5000 0.0000 29.5000
v -40.5000 1.0000 28.5000
v -40.5000 0.0000 28.5000
v -39.5000 1.0000 28.5000
v -39.5000 0.0000 28.5000
v -40.5000 1.0000 27.5000
v -40.5000 0.0000 27.5000
v -39.5000 1.0000 27.5000
v -39.5000 0.0000 27.5000
v -40.5000 1.0000 26.5000
v -40.5000 0.0000 26.5000
v -39.5000 1.0000 26.5000
v -39.5000 0.0000 26.5000
v -40.5000 1.0000 25.5000
v -40.5000 0.0000 25.5000
v -39.5000 1.0000 25.5000
v -39.5000 0.0000 25.5000
v -40.5000 1.0000 24.5000
v -40.5000 0.0000 24.5000
v -39.5000 0.0000 24.5000
v -40.5000 2.0000 25.5000
v -40.5000 2.0000 24.5000
v -39.5000 2.0000 25.5000
v -39.5000 2.0000 24.5000
v -40.5000 1.0000 23.5000
v -40.5000 0.0000 23.5000
v -39.5000 0.0000 23.5000
v -40.5000 2.0000 23.5000
v -39.5000 2.0000 23.5000
v -40.5000 1.0000 22.5000
v -40.5000 0.0000 22.5000
v -39.5000 0.0000 22.5000
v -40.5000 2.0000 22.5000
v -39.5000 2.0000 22.5000
v -40.5000 1.0000 21.5000
v -40.5000 0.0000 21.5000
v -39.5000 0.0000 21.5000
v -40.5000 2.0000 21.5000
v -39.5000 2.0000 21.5000
v -40.5000 1.0000 20.5000
v -40.5000 0.0000 20.5000
v -39.5000 0.0000 20.5000
v -40.5000 2.0000 20.5000
v -40.5000 3.0000 21.5000
v -40.5000 3.0000 20.5000
v -39.5000 3.0000 21.5000
v -39.5000 3.0000 20.5000
v -40.5000 1.0000 19.5000
v -40.5000 0.0000 19.5000
v -39.5000 0.0000 19.5000
v -40.5000 2.0000 19.5000
v -40.5000 3.0000 19.5000
v -39.5000 3.0000 19.5000
v -40.5000 1.0000 18.5000
v -40.5000 0.0000 18.5000
v -39.5000 0.0000 18.5000
v -40.5000 2.0000 18.5000
v -40.5000 3.0000 18.5000
v -39.5000 3.0000 18.5000
v -40.5000 1.0000 17.5000
v -40.5000 0.0000 17.5000
v -39.5000 0.0000 17.5000
v -40.5000 2.0000 17.5000
v -40.5000 3.0000 17.5000
v -40.5000 4.0000 18.5000
v -40.5000 4.0000 17.5000
v -39.5000 4.0000 18.5000
v -39.5000 4.0000 17.5000
v -40.5000 1.0000 16.5000
v -40.5000 0.0000 16.5000
v -39.5000 0.0000 16.5000
v -40.5000 2.0000 16.5000
v -40.5000 3.0000 16.5000
v -40.5000 4.0000 16.5000
v -39.5000 4.0000 16.5000
v -40.5000 1.0000 15.5000
v -40.5000 0.0000 15.5000
v -39.5000 0.0000 15.5000
v -40.5000 2.0000 15.5000
v -40.5000 3.0000 15.5000
v -40.5000 4.0000 15.5000
v -39.5000 4.0000 15.5000
v -40.5000 1.0000 14.5000
v -40.5000 0.0000 14.5000
v -39.5000 0.0000 14.5000
v -40.5000 2.0000 14.5000
v -40.5000 3.0000 14.5000
v -40.5000 4.0000 14.5000
v -39.5000 4.0000 14.5000
v -40.5000 1.0000 13.5000
v -40.5000 0.0000 13.5000
v -39.5000 0.0000 13.5000
v -40.5000 2.0000 13.5000
v -40.5000 3.0000 13.5000
v -40.5000 4.0000 13.5000
v -40.5000 5.0000 14.5000
v -40.5000 5.0000 13.5000
v -39.5000 5.0000 14.5000
v -39.5000 5.0000 13.5000
v -40.5000 1.0000 12.5000
v -40.5000 0.0000 12.5000
v -39.5000 0.0000 12.5000
v -40.5000 2.0000 12.5000
v -40.5000 3.0000 12.5000
v -40.5000 4.0000 12.5000
v -40.5000 5.0000 12.5000
v -39.5000 5.0000 12.5000
v -40.5000 1.0000 11.5000
v -40.5000 0.0000 11.5000
v -39.5000 0.0000 11.5000
v -40.5000 2.0000 11.5000
v -40.5000 3.0000 11.5000
v -40.5000 4.0000 11.5000
v -40.5000 5.0000 11.5000
v -39.5000 5.0000 11.5000
v -40.5000 1.0000 10.5000
v -40.5000 0.0000 10.5000
v -39.5000 0.0000 10.5000
v -40.5000 2.0000 10.5000
v -40.5000 3.0000 10.5000
v -40.5000 4.0000 10.5000
v -40.5000 5.0000 10.5000
v -39.5000 5.0000 10.5000
v -40.5000 1.0000 9.5000
v -40.5000 0.0000 9.5000
v -39.5000 0.0000 9.5000
v -40.5000 2.0000 9.5000
v -40.5000 3.0000 9.5000
v -40.5000 4.0000 9.5000
v -40.5000 5.0000 9.5000
v -39.5000 5.0000 9.5000
v -40.5000 1.0000 8.5000
v -40.5000 0.0000 8.5000
v -39.5000 0.0000 8.5000
v -40.5000 2.0000 8.5000
v -40.5000 3.0000 8.5000
v -40.5000 4.0000 8.5000
v -40.5000 5.0000 8.5000
v -39.5000 5.0000 8.5000
v -40.5000 1.0000 7.5000
v -40.5000 0.0000 7.5000
v -39.5000 0.0000 7.5000
v -40.5000 2.0000 7.5000
v -40.5000 3.0000 7.5000
v -40.5000 4.0000 7.5000
v -40.5000 5.0000 7.5000
v -39.5000 5.0000 7.5000
v -40.5000 1.0000 6.5000
v -40.5000 0.0000 6.5000
v -39.5000 0.0000 6.5000
v -40.5000 2.0000 6.5000
v -40.5000 3.0000 6.5000
v -40.5000 4.0000 6.5000
v -40.5000 5.0000 6.5000
v -39.5000 5.0000 6.5000
v -40.5000 1.0000 5.5000
v -40.5000 0.0000 5.5000
v -39.5000 0.0000 5.5000
v -40.5000 2.0000 5.5000
v -40.5000 3.0000 5.5000
v -40.5000 4.0000 5.5000
v -40.5000 5.0000 5.5000
v -39.5000 5.0000 5.5000
v -40.5000 1.0000 4.5000
v -40.5000 0.0000 4.5000
v -39.5000 0.0000 4.5000
v -40.5000 2.0000 4.5000
v -40.5000 3.0000 4.5000
v -40.5000 4.0000 4.5000
v -40.5000 5.0000 4.5000
v -39.5000 5.0000 4.5000
v -40.5000 1.0000 3.5000
v -40.5000 0.0000 3.5000
v -39.5000 0.0000 3.5000
v -40.5000 2.0000 3.5000
v -40.5000 3.0000 3.5000
v -40.5000 4.0000 3.5000
v -40.5000 5.0000 3.5000
v -39.5000 5.0000 3.5000
v -40.5000 1.0000 2.5000
v -40.5000 0.0000 2.5000
v -39.5000 0.0000 2.5000
v -40.5000 2.0000 2.5000
v -40.5000 3.0000 2.5000
v -40.5000 4.0000 2.5000
v -40.5000 5.0000 2.5000
v -39.5000 5.0000 2.5000
v -40.5000 1.0000 1.5000
v -40.5000 0.0000 1.5000
v -39.5000 0.0000 1.5000
v -40.5000 2.0000 1.5000
v -40.5000 3.0000 1.5000
v -40.5000 4.0000 1.5000
v -40.5000 5.0000 1.5000
v -39.5000 5.0000 1.5000
v -39.5000 4.0000 1.5000
v -40.5000 1.0000 0.5000
v -40.5000 0.0000 0.5000
v -39.5000 0.0000 0.5000
v -40.5000 2.0000 0.5000
v -40.5000 3.0000 0.5000
v -40.5000 4.0000 0.5000
v -39.5000 4.0000 0.5000
v -40.5000 1.0000 -0.5000
v -40.5000 0.0000 -0.5000
v -39.5000 0.0000 -0.5000
v -40.5000 2.0000 -0.5000
v -40.5000 3.0000 -0.5000
v -40.5000 4.0000 -0.5000
v -39.5000 4.0000 -0.5000
v -40.5000 1.0000 -1.5000
v -40.5000 0.0000 -1.5000
v -39.5000 0.0000 -1.5000
v -40.5000 2.0000 -1.5000
v -40.5000 3.0000 -1.5000
v -40.5000 4.0000 -1.5000
v -39.5000 4.0000 -1.5000
v -40.5000 1.0000 -2.5000
v -40.5000 0.0000 -2.5000
v -39.5000 0.0000 -2.5000
v -40.5000 2.0000 -2.5000
v -40.5000 3.0000 -2.5000
v -40.5000 4.0000 -2.5000
v -39.5000 4.0000 -2.5000
v -39.5000 3.0000 -2.5000
v -40.5000 1.0000 -3.5000
v -40.5000 0.0000 -3.5000
v -39.5000 0.0000 -3.5000
v -40.5000 2.0000 -3.5000
v -40.5000 3.0000 -3.5000
v -39.5000 3.0000 -3.5000
v -40.5000 1.0000 -4.5000
v -40.5000 0.0000 -4.5000
v -39.5000 0.0000 -4.5000
v -40.5000 2.0000 -4.5000
v -40.5000 3.0000 -4.5000
v -39.5000 3.0000 -4.5000
v -40.5000 1.0000 -5.5000
v -40.5000 0.0000 -5.5000
v -39.5000 0.0000 -5.5000
v -40.5000 2.0000 -5.5000
v -40.5000 3.0000 -5.5000
v -39.5000 3.0000 -5.5000
v -39.5000 2.0000 -5.5000
v -40.5000 1.0000 -6.5000
v -40.5000 0.0000 -6.5000
v -39.5000 0.0000 -6.5000
v -40.5000 2.0000 -6.5000
v -39.5000 2.0000 -6.5000
v -40.5000 1.0000 -7.5000
v -40.5000 0.0000 -7.5000
v -39.5000 0.0000 -7.5000
v -40.5000 2.0000 -7.5000
v -39.5000 2.0000 -7.5000
v -40.5000 1.0000 -8.5000
v -40.5000 0.0000 -8.5000
v -39.5000 0.0000 -8.5000
v -40.5000 2.0000 -8.5000
v -39.5000 2.0000 -8.5000
v -40.5000 1.0000 -9.5000
v -40.5000 0.0000 -9.5000
v -39.5000 0.0000 -9.5000
v -40.5000 2.0000 -9.5000
v -39.5000 2.0000 -9.5000
v -39.5000 1.0000 -9.5000
v -40.5000 1.0000 -10.5000
v -40.5000 0.0000 -10.5000
v -39.5000 1.0000 -10.5000
v -39.5000 0.0000 -10.5000
v -40.5000 1.0000 -11.5000
v -40.5000 0.0000 -11.5000
v -39.5000 1.0000 -11.5000
v -39.5000 0.0000 -11.5000
v -40.5000 1.0000 -12.5000
v -40.5000 0.0000 -12.5000
v -39.5000 1.0000 -12.5000
v -39.5000 0.0000 -12.5000
v -40.5000 1.0000 -13.5000
v -40.5000 0.0000 -13.5000
v -39.5000 1.0000 -13.5000
v -39.5000 0.0000 -13.5000
v -40.5000 1.0000 -14.5000
v -40.5000 0.0000 -14.5000
v -39.5000 1.0000 -14.5000
v -39.5000 0.0000 -14.5000
v -38.5000 0.0000 30.5000
v -38.5000 1.0000 30.5000
v -38.5000 1.0000 29.5000
v -38.5000 0.0000 29.5000
v -38.5000 1.0000 28.5000
v -38.5000 0.0000 28.5000
v -38.5000 1.0000 27.5000
v -38.5000 0.0000 27.5000
v -38.5000 1.0000 26.5000
v -38.5000 0.0000 26.5000
v -38.5000 0.0000 25.5000
v -39.5000 2.0000 26.5000
v -38.5000 2.0000 26.5000
v -38.5000 2.0000 25.5000
v -38.5000 0.0000 24.5000
v -38.5000 2.0000 24.5000
v -38.5000 0.0000 23.5000
v -38.5000 2.0000 23.5000
v -38.5000 0.0000 22.5000
v -38.5000 2.0000 22.5000
v -38.5000 0.0000 21.5000
v -39.5000 3.0000 22.5000
v -38.5000 3.0000 22.5000
v -38.5000 3.0000 21.5000
v -38.5000 0.0000 20.5000
v -38.5000 3.0000 20.5000
v -38.5000 0.0000 19.5000
v -38.5000 3.0000 19.5000
v -38.5000 0.0000 18.5000
v -39.5000 4.0000 19.5000
v -38.5000 4.0000 19.5000
v -38.5000 4.0000 18.5000
v -38.5000 0.0000 17.5000
v -38.5000 4.0000 17.5000
v -38.5000 0.0000 16.5000
v -38.5000 4.0000 16.5000
v -38.5000 0.0000 15.5000
v -39.5000 5.0000 16.5000
v -39.5000 5.0000 15.5000
v -38.5000 5.0000 16.5000
v -38.5000 5.0000 15.5000
v -38.5000 0.0000 14.5000
v -38.5000 5.0000 14.5000
v -38.5000 0.0000 13.5000
v -38.5000 5.0000 13.5000
v -38.5000 0.0000 12.5000
v -38.5000 5.0000 12.5000
v -38.5000 0.0000 11.5000
v -39.5000 6.0000 12.5000
v -39.5000 6.0000 11.5000
v -38.5000 6.0000 12.5000
v -38.5000 6.0000 11.5000
v -38.5000 0.0000 10.5000
v -39.5000 6.0000 10.5000
v -38.5000 6.0000 10.5000
v -38.5000 0.0000 9.5000
v -39.5000 6.0000 9.5000
v -38.5000 6.0000 9.5000
v -38.5000 0.0000 8.5000
v -39.5000 6.0000 8.5000
v -38.5000 6.0000 8.5000
v -38.5000 0.0000 7.5000
v -39.5000 6.0000 7.5000
v -38.5000 6.0000 7.5000
v -38.5000 0.0000 6.5000
v -39.5000 6.0000 6.5000
v -38.5000 6.0000 6.5000
v -38.5000 0.0000 5.5000
v -39.5000 6.0000 5.5000
v -38.5000 6.0000 5.5000
v -38.5000 0.0000 4.5000
v -39.5000 6.0000 4.5000
v -38.5000 6.0000 4.5000
v -38.5000 0.0000 3.5000
v -39.5000 6.0000 3.5000
v -38.5000 6.0000 3.5000
v -38.5000 5.0000 3.5000
v -38.5000 0.0000 2.5000
v -38.5000 5.0000 2.5000
v -38.5000 0.0000 1.5000
v -38.5000 5.0000 1.5000
v -38.5000 0.0000 0.5000
v -39.5000 5.0000 0.5000
v -38.5000 5.0000 0.5000
v -38.5000 0.0000 -0.5000
v -39.5000 5.0000 -0.5000
v -38.5000 5.0000 -0.5000
v -38.5000 4.0000 -0.5000
v -38.5000 0.0000 -1.5000
v -38.5000 4.0000 -1.5000
v -38.5000 0.0000 -2.5000
v -38.5000 4.0000 -2.5000
v -38.5000 0.0000 -3.5000
v -39.5000 4.0000 -3.5000
v -38.5000 4.0000 -3.5000
v -38.5000 3.0000 -3.5000
v -38.5000 0.0000 -4.5000
v -38.5000 3.0000 -4.5000
v -38.5000 0.0000 -5.5000
v -38.5000 3.0000 -5.5000
v -38.5000 0.0000 -6.5000
v -39.5000 3.0000 -6.5000
v -38.5000 3.0000 -6.5000
v -38.5000 2.0000 -6.5000
v -38.5000 0.0000 -7.5000
v -38.5000 2.0000 -7.5000
v -38.5000 0.0000 -8.5000
v -38.5000 2.0000 -8.5000
v -38.5000 0.0000 -9.5000
v -38.5000 2.0000 -9.5000
v -38.5000 0.0000 -10.5000
v -39.5000 2.0000 -10.5000
v -38.5000 2.0000 -10.5000
v -38.5000 1.0000 -10.5000
v -38.5000 1.0000 -11.5000
v -38.5000 0.0000 -11.5000
v -38.5000 1.0000 -12.5000
v -38.5000 0.0000 -12.5000
v -38.5000 1.0000 -13.5000
v -38.5000 0.0000 -13.5000
v -38.5000 1.0000 -14.5000
v -38.5000 0.0000 -14.5000
v -39.5000 1.0000 -15.5000
v -39.5000 0.0000 -15.5000
v -38.5000 1.0000 -15.5000
v -38.5000 0.0000 -15.5000
v -37.5000 0.0000 30.5000
v -37.5000 1.0000 30.5000
v -37.5000 1.0000 29.5000
v -37.5000 0.0000 29.5000
v -37.5000 1.0000 28.5000
v -37.5000 0.0000 28.5000
v -37.5000 1.0000 27.5000
v -37.5000 0.0000 27.5000
v -37.5000 0.0000 26.5000
v -38.5000 2.0000 27.5000
v -37.5000 2.0000 27.5000
v -37.5000 2.0000 26.5000
v -37.5000 0.0000 25.5000
v -37.5000 2.0000 25.5000
v -37.5000 0.0000 24.5000
v -37.5000 2.0000 24.5000
v -37.5000 0.0000 23.5000
v -37.5000 2.0000 23.5000
v -37.5000 0.0000 22.5000
v -38.5000 3.0000 23.5000
v -37.5000 3.0000 23.5000
v -37.5000 3.0000 22.5000
v -37.5000 0.0000 21.5000
v -37.5000 3.0000 21.5000
v -37.5000 0.0000 20.5000
v -38.5000 4.0000 21.5000
v -38.5000 4.0000 20.5000
v -37.5000 4.0000 21.5000
v -37.5000 4.0000 20.5000
v -37.5000 0.0000 19.5000
v -37.5000 4.0000 19.5000
v -37.5000 0.0000 18.5000
v -37.5000 4.0000 18.5000
v -37.5000 0.0000 17.5000
v -38.5000 5.0000 18.5000
v -38.5000 5.0000 17.5000
v -37.5000 5.0000 18.5000
v -37.5000 5.0000 17.5000
v -37.5000 0.0000 16.5000
v -37.5000 5.0000 16.5000
v -37.5000 0.0000 15.5000
v -37.5000 5.0000 15.5000
v -37.5000 0.0000 14.5000
v -38.5000 6.0000 15.5000
v -38.5000 6.0000 14.5000
v -37.5000 6.0000 15.5000
v -37.5000 6.0000 14.5000
v -37.5000 0.0000 13.5000
v -38.5000 6.0000 13.5000
v -37.5000 6.0000 13.5000
v -37.5000 0.0000 12.5000
v -37.5000 6.0000 12.5000
v -37.5000 0.0000 11.5000
v -37.5000 6.0000 11.5000
v -37.5000 0.0000 10.5000
v -38.5000 7.0000 11.5000
v -38.5000 7.0000 10.5000
v -37.5000 7.0000 11.5000
v -37.5000 7.0000 10.5000
v -37.5000 0.0000 9.5000
v -38.5000 7.0000 9.5000
v -37.5000 7.0000 9.5000
v -37.5000 0.0000 8.5000
v -38.5000 7.0000 8.5000
v -37.5000 7.0000 8.5000
v -37.5000 0.0000 7.5000
v -38.5000 7.0000 7.5000
v -37.5000 7.0000 7.5000
v -37.5000 0.0000 6.5000
v -38.5000 7.0000 6.5000
v -37.5000 7.0000 6.5000
v -37.5000 0.0000 5.5000
v -38.5000 7.0000 5.5000
v -37.5000 7.0000 5.5000
v -37.5000 0.0000 4.5000
v -38.5000 7.0000 4.5000
v -37.5000 7.0000 4.5000
v -37.5000 6.0000 4.5000
v -37.5000 0.0000 3.5000
v -37.5000 6.0000 3.5000
v -37.5000 0.0000 2.5000
v -38.5000 6.0000 2.5000
v -37.5000 6.0000 2.5000
v -37.5000 0.0000 1.5000
v -38.5000 6.0000 1.5000
v -37.5000 6.0000 1.5000
v -37.5000 0.0000 0.5000
v -38.5000 6.0000 0.5000
v -37.5000 6.0000 0.5000
v -37.5000 5.0000 0.5000
v -37.5000 0.0000 -0.5000
v -37.5000 5.0000 -0.5000
v -37.5000 0.0000 -1.5000
v -38.5000 5.0000 -1.5000
v -37.5000 5.0000 -1.5000
v -37.5000 0.0000 -2.5000
v -38.5000 5.0000 -2.5000
v -37.5000 5.0000 -2.5000
v -37.5000 4.0000 -2.5000
v -37.5000 0.0000 -3.5000
v -37.5000 4.0000 -3.5000
v -37.5000 0.0000 -4.5000
v -38.5000 4.0000 -4.5000
v -37.5000 4.0000 -4.5000
v -37.5000 0.0000 -5.5000
v -38.5000 4.0000 -5.5000
v -37.5000 4.0000 -5.5000
v -37.5000 3.0000 -5.5000
v -37.5000 0.0000 -6.5000
v -37.5000 3.0000 -6.5000
v -37.5000 0.0000 -7.5000
v -38.5000 3.0000 -7.5000
v -37.5000 3.0000 -7.5000
v -37.5000 2.0000 -7.5000
v -37.5000 0.0000 -8.5000
v -37.5000 2.0000 -8.5000
v -37.5000 0.0000 -9.5000
v -37.5000 2.0000 -9.5000
v -37.5000 0.0000 -10.5000
v -37.5000 2.0000 -10.5000
v -37.5000 0.0000 -11.5000
v -38.5000 2.0000 -11.5000
v -37.5000 2.0000 -11.5000
v -37.5000 1.0000 -11.5000
v -37.5000 1.0000 -12.5000
v -37.5000 0.0000 -12.5000
v -37.5000 1.0000 -13.5000
v -37.5000 0.0000 -13.5000
v -37.5000 1.0000 -14.5000
v -37.5000 0.0000 -14.5000
v -37.5000 1.0000 -15.5000
v -37.5000 0.0000 -15.5000
v -36.5000 0.0000 30.5000
v -36.5000 1.0000 30.5000
v -36.5000 1.0000 29.5000
v -36.5000 0.0000 29.5000
v -36.5000 1.0000 28.5000
v -36.5000 0.0000 28.5000
v -36.5000 0.0000 27.5000
v -37.5000 2.0000 28.5000
v -36.5000 2.0000 28.5000
v -36.5000 2.0000 27.5000
v -36.5000 0.0000 26.5000
v -36.5000 2.0000 26.5000
v -36.5000 0.0000 25.5000
v -36.5000 2.0000 25.5000
v -36.5000 0.0000 24.5000
v -36.5000 2.0000 24.5000
v -36.5000 0.0000 23.5000
v -37.5000 3.0000 24.5000
v -36.5000 3.0000 24.5000
v -36.5000 3.0000 23.5000
v -36.5000 0.0000 22.5000
v -36.5000 3.0000 22.5000
v -36.5000 0.0000 21.5000
v -37.5000 4.0000 22.5000
v -36.5000 4.0000 22.5000
v -36.5000 4.0000 21.5000
v -36.5000 0.0000 20.5000
v -36.5000 4.0000 20.5000
v -36.5000 0.0000 19.5000
v -36.5000 4.0000 19.5000
v -36.5000 0.0000 18.5000
v -37.5000 5.0000 19.5000
v -36.5000 5.0000 19.5000
v -36.5000 5.0000 18.5000
v -36.5000 0.0000 17.5000
v -36.5000 5.0000 17.5000
v -36.5000 0.0000 16.5000
v -37.5000 6.0000 17.5000
v -37.5000 6.0000 16.5000
v -36.5000 6.0000 17.5000
v -36.5000 6.0000 16.5000
v -36.5000 0.0000 15.5000
v -36.5000 6.0000 15.5000
v -36.5000 0.0000 14.5000
v -36.5000 6.0000 14.5000
v -36.5000 0.0000 13.5000
v -37.5000 7.0000 14.5000
v -37.5000 7.0000 13.5000
v -36.5000 7.0000 14.5000
v -36.5000 7.0000 13.5000
v -36.5000 0.0000 12.5000
v -37.5000 7.0000 12.5000
v -36.5000 7.0000 12.5000
v -36.5000 0.0000 11.5000
v -36.5000 7.0000 11.5000
v -36.5000 0.0000 10.5000
v -36.5000 7.0000 10.5000
v -36.5000 0.0000 9.5000
v -37.5000 8.0000 10.5000
v -37.5000 8.0000 9.5000
v -36.5000 8.0000 10.5000
v -36.5000 8.0000 9.5000
v -36.5000 0.0000 8.5000
v -37.5000 8.0000 8.5000
v -36.5000 8.0000 8.5000
v -36.5000 0.0000 7.5000
v -37.5000 8.0000 7.5000
v -36.5000 8.0000 7.5000
v -36.5000 0.0000 6.5000
v -37.5000 8.0000 6.5000
v -36.5000 8.0000 6.5000
v -36.5000 0.0000 5.5000
v -37.5000 8.0000 5.5000
v -36.5000 8.0000 5.5000
v -36.5000 7.0000 5.5000
v -36.5000 0.0000 4.5000
v -36.5000 7.0000 4.5000
v -36.5000 0.0000 3.5000
v -37.5000 7.0000 3.5000
v -36.5000 7.0000 3.5000
v -36.5000 0.0000 2.5000
v -37.5000 7.0000 2.5000
v -36.5000 7.0000 2.5000
v -36.5000 0.0000 1.5000
v -37.5000 7.0000 1.5000
v -36.5000 7.0000 1.5000
v -36.5000 6.0000 1.5000
v -36.5000 0.0000 0.5000
v -36.5000 6.0000 0.5000
v -36.5000 0.0000 -0.5000
v -37.5000 6.0000 -0.5000
v -36.5000 6.0000 -0.5000
v -36.5000 0.0000 -1.5000
v -37.5000 6.0000 -1.5000
v -36.5000 6.0000 -1.5000
v -36.5000 5.0000 -1.5000
v -36.5000 0.0000 -2.5000
v -36.5000 5.0000 -2.5000
v -36.5000 0.0000 -3.5000
v -37.5000 5.0000 -3.5000
v -36.5000 5.0000 -3.5000
v -36.5000 4.0000 -3.5000
v -36.5000 0.0000 -4.5000
v -36.5000 4.0000 -4.5000
v -36.5000 0.0000 -5.5000
v -36.5000 4.0000 -5.5000
v -36.5000 0.0000 -6.5000
v -37.5000 4.0000 -6.5000
v -36.5000 4.0000 -6.5000
v -36.5000 3.0000 -6.5000
v -36.5000 0.0000 -7.5000
v -36.5000 3.0000 -7.5000
v -36.5000 0.0000 -8.5000
v -37.5000 3.0000 -8.5000
v -36.5000 3.0000 -8.5000
v -36.5000 2.0000 -8.5000
v -36.5000 0.0000 -9.5000
v -36.5000 2.0000 -9.5000
v -36.5000 0.0000 -10.5000
v -36.5000 2.0000 -10.5000
v -36.5000 0.0000 -11.5000
v -36.5000 2.0000 -11.5000
v -36.5000 0.0000 -12.5000
v -37.5000 2.0000 -12.5000
v -36.5000 2.0000 -12.5000
v -36.5000 1.0000 -12.5000
v -36.5000 1.0000 -13.5000
v -36.5000 0.0000 -13.5000
v -36.5000 1.0000 -14.5000
v -36.5000 0.0000 -14.5000
v -36.5000 1.0000 -15.5000
v -36.5000 0.0000 -15.5000
v -37.5000 1.0000 -16.5000
v -37.5000 0.0000 -16.5000
v -36.5000 1.0000 -16.5000
v -36.5000 0.0000 -16.5000
v -35.5000 0.0000 30.5000
v -35.5000 1.0000 30.5000
v -35.5000 1.0000 29.5000
v -35.5000 0.0000 29.5000
v -35.5000 1.0000 28.5000
v -35.5000 0.0000 28.5000
v -35.5000 0.0000 27.5000
v -35.5000 2.0000 28.5000
v -35.5000 2.0000 27.5000
v -35.5000 0.0000 26.5000
v -35.5000 2.0000 26.5000
v -35.5000 0.0000 25.5000
v -35.5000 2.0000 25.5000
v -35.5000 0.0000 24.5000
v -36.5000 3.0000 25.5000
v -35.5000 3.0000 25.5000
v -35.5000 3.0000 24.5000
v -35.5000 0.0000 23.5000
v -35.5000 3.0000 23.5000
v -35.5000 0.0000 22.5000
v -36.5000 4.0000 23.5000
v -35.5000 4.0000 23.5000
v -35.5000 4.0000 22.5000
v -35.5000 0.0000 21.5000
v -35.5000 4.0000 21.5000
v -35.5000 0.0000 20.5000
v -36.5000 5.0000 21.5000
v -36.5000 5.0000 20.5000
v -35.5000 5.0000 21.5000
v -35.5000 5.0000 20.5000
v -35.5000 0.0000 19.5000
v -35.5000 5.0000 19.5000
v -35.5000 0.0000 18.5000
v -35.5000 5.0000 18.5000
v -35.5000 0.0000 17.5000
v -36.5000 6.0000 18.5000
v -35.5000 6.0000 18.5000
v -35.5000 6.0000 17.5000
v -35.5000 0.0000 16.5000
v -35.5000 6.0000 16.5000
v -35.5000 0.0000 15.5000
v -36.5000 7.0000 16.5000
v -36.5000 7.0000 15.5000
v -35.5000 7.0000 16.5000
v -35.5000 7.0000 15.5000
v -35.5000 0.0000 14.5000
v -35.5000 7.0000 14.5000
v -35.5000 0.0000 13.5000
v -36.5000 8.0000 14.5000
v -36.5000 8.0000 13.5000
v -35.5000 8.0000 14.5000
v -35.5000 8.0000 13.5000
v -35.5000 0.0000 12.5000
v -36.5000 8.0000 12.5000
v -35.5000 8.0000 12.5000
v -35.5000 0.0000 11.5000
v -36.5000 8.0000 11.5000
v -35.5000 8.0000 11.5000
v -35.5000 0.0000 10.5000
v -35.5000 8.0000 10.5000
v -35.5000 0.0000 9.5000
v -35.5000 8.0000 9.5000
v -35.5000 0.0000 8.5000
v -36.5000 9.0000 9.5000
v -36.5000 9.0000 8.5000
v -35.5000 9.0000 9.5000
v -35.5000 9.0000 8.5000
v -35.5000 0.0000 7.5000
v -36.5000 9.0000 7.5000
v -35.5000 9.0000 7.5000
v -35.5000 0.0000 6.5000
v -36.5000 9.0000 6.5000
v -35.5000 9.0000 6.5000
v -35.5000 8.0000 6.5000
v -35.5000 0.0000 5.5000
v -35.5000 8.0000 5.5000
v -35.5000 0.0000 4.5000
v -36.5000 8.0000 4.5000
v -35.5000 8.0000 4.5000
v -35.5000 0.0000 3.5000
v -36.5000 8.0000 3.5000
v -35.5000 8.0000 3.5000
v -35.5000 0.0000 2.5000
v -36.5000 8.0000 2.5000
v -35.5000 8.0000 2.5000
v -35.5000 0.0000 1.5000
v -36.5000 8.0000 1.5000
v -35.5000 8.0000 1.5000
v -35.5000 7.0000 1.5000
v -35.5000 0.0000 0.5000
v -36.5000 7.0000 0.5000
v -35.5000 7.0000 0.5000
v -35.5000 0.0000 -0.5000
v -36.5000 7.0000 -0.5000
v -35.5000 7.0000 -0.5000
v -35.5000 6.0000 -0.5000
v -35.5000 0.0000 -1.5000
v -35.5000 6.0000 -1.5000
v -35.5000 0.0000 -2.5000
v -36.5000 6.0000 -2.5000
v -35.5000 6.0000 -2.5000
v -35.5000 5.0000 -2.5000
v -35.5000 0.0000 -3.5000
v -35.5000 5.0000 -3.5000
v -35.5000 0.0000 -4.5000
v -36.5000 5.0000 -4.5000
v -35.5000 5.0000 -4.5000
v -35.5000 0.0000 -5.5000
v -36.5000 5.0000 -5.5000
v -35.5000 5.0000 -5.5000
v -35.5000 4.0000 -5.5000
v -35.5000 0.0000 -6.5000
v -35.5000 4.0000 -6.5000
v -35.5000 0.0000 -7.5000
v -36.5000 4.0000 -7.5000
v -35.5000 4.0000 -7.5000
v -35.5000 3.0000 -7.5000
v -35.5000 0.0000 -8.5000
v -35.5000 3.0000 -8.5000
v -35.5000 0.0000 -9.5000
v -36.5000 3.0000 -9.5000
v -35.5000 3.0000 -9.5000
v -35.5000 2.0000 -9.5000
v -35.5000 0.0000 -10.5000
v -35.5000 2.0000 -10.5000
v -35.5000 0.0000 -11.5000
v -35.5000 2.0000 -11.5000
v -35.5000 0.0000 -12.5000
v -35.5000 2.0000 -12.5000
v -35.5000 1.0000 -12.5000
v -35.5000 1.0000 -13.5000
v -35.5000 0.0000 -13.5000
v -35.5000 1.0000 -14.5000
v -35.5000 0.0000 -14.5000
v -35.5000 1.0000 -15.5000
v -35.5000 0.0000 -15.5000
v -35.5000 1.0000 -16.5000
v -35.5000 0.0000 -16.5000
v -36.5000 1.0000 -17.5000
v -36.5000 0.0000 -17.5000
v -35.5000 1.0000 -17.5000
v -35.5000 0.0000 -17.5000
v -34.5000 0.0000 30.5000
v -34.5000 1.0000 30.5000
v -34.5000 1.0000 29.5000
v -34.5000 0.0000 29.5000
v -34.5000 0.0000 28.5000
v -35.5000 2.0000 29.5000
v -34.5000 2.0000 29.5000
v -34.5000 2.0000 28.5000
v -34.5000 0.0000 27.5000
v -34.5000 2.0000 27.5000
v -34.5000 0.0000 26.5000
v -34.5000 2.0000 26.5000
v -34.5000 0.0000 25.5000
v -35.5000 3.0000 26.5000
v -34.5000 3.0000 26.5000
v -34.5000 3.0000 25.5000
v -34.5000 0.0000 24.5000
v -34.5000 3.0000 24.5000
v -34.5000 0.0000 23.5000
v -35.5000 4.0000 24.5000
v -34.5000 4.0000 24.5000
v -34.5000 4.0000 23.5000
v -34.5000 0.0000 22.5000
v -34.5000 4.0000 22.5000
v -34.5000 0.0000 21.5000
v -35.5000 5.0000 22.5000
v -34.5000 5.0000 22.5000
v -34.5000 5.0000 21.5000
v -34.5000 0.0000 20.5000
v -34.5000 5.0000 20.5000
v -34.5000 0.0000 19.5000
v -35.5000 6.0000 20.5000
v -35.5000 6.0000 19.5000
v -34.5000 6.0000 20.5000
v -34.5000 6.0000 19.5000
v -34.5000 0.0000 18.5000
v -34.5000 6.0000 18.5000
v -34.5000 0.0000 17.5000
v -35.5000 7.0000 18.5000
v -35.5000 7.0000 17.5000
v -34.5000 7.0000 18.5000
v -34.5000 7.0000 17.5000
v -34.5000 0.0000 16.5000
v -34.5000 7.0000 16.5000
v -34.5000 0.0000 15.5000
v -35.5000 8.0000 16.5000
v -35.5000 8.0000 15.5000
v -34.5000 8.0000 16.5000
v -34.5000 8.0000 15.5000
v -34.5000 0.0000 14.5000
v -34.5000 8.0000 14.5000
v -34.5000 0.0000 13.5000
v -34.5000 8.0000 13.5000
v -34.5000 0.0000 12.5000
v -35.5000 9.0000 13.5000
v -35.5000 9.0000 12.5000
v -34.5000 9.0000 13.5000
v -34.5000 9.0000 12.5000
v -34.5000 0.0000 11.5000
v -35.5000 9.0000 11.5000
v -34.5000 9.0000 11.5000
v -34.5000 0.0000 10.5000
v -35.5000 9.0000 10.5000
v -34.5000 9.0000 10.5000
v -34.5000 0.0000 9.5000
v -34.5000 9.0000 9.5000
v -34.5000 0.0000 8.5000
v -35.5000 10.0000 9.5000
v -35.5000 10.0000 8.5000
v -34.5000 10.0000 9.5000
v -34.5000 10.0000 8.5000
v -34.5000 0.0000 7.5000
v -35.5000 10.0000 7.5000
v -34.5000 10.0000 7.5000
v -34.5000 0.0000 6.5000
v -35.5000 10.0000 6.5000
v -34.5000 10.0000 6.5000
v -34.5000 9.0000 6.5000
v -34.5000 0.0000 5.5000
v -35.5000 9.0000 5.5000
v -34.5000 9.0000 5.5000
v -34.5000 0.0000 4.5000
v -35.5000 9.0000 4.5000
v -34.5000 9.0000 4.5000
v -34.5000 0.0000 3.5000
v -35.5000 9.0000 3.5000
v -34.5000 9.0000 3.5000
v -34.5000 0.0000 2.5000
v -35.5000 9.0000 2.5000
v -34.5000 9.0000 2.5000
v -34.5000 8.0000 2.5000
v -34.5000 0.0000 1.5000
v -34.5000 8.0000 1.5000
v -34.5000 0.0000 0.5000
v -35.5000 8.0000 0.5000
v -34.5000 8.0000 0.5000
v -34.5000 0.0000 -0.5000
v -35.5000 8.0000 -0.5000
v -34.5000 8.0000 -0.5000
v -34.5000 7.0000 -0.5000
v -34.5000 0.0000 -1.5000
v -35.5000 7.0000 -1.5000
v -34.5000 7.0000 -1.5000
v -34.5000 0.0000 -2.5000
v -35.5000 7.0000 -2.5000
v -34.5000 7.0000 -2.5000
v -34.5000 6.0000 -2.5000
v -34.5000 0.0000 -3.5000
v -35.5000 6.0000 -3.5000
v -34.5000 6.0000 -3.5000
v -34.5000 0.0000 -4.5000
v -35.5000 6.0000 -4.5000
v -34.5000 6.0000 -4.5000
v -34.5000 5.0000 -4.5000
v -34.5000 0.0000 -5.5000
v -34.5000 5.0000 -5.5000
v -34.5000 0.0000 -6.5000
v -35.5000 5.0000 -6.5000
v -34.5000 5.0000 -6.5000
v -34.5000 4.0000 -6.5000
v -34.5000 0.0000 -7.5000
v -34.5000 4.0000 -7.5000
v -34.5000 0.0000 -8.5000
v -35.5000 4.0000 -8.5000
v -34.5000 4.0000 -8.5000
v -34.5000 3.0000 -8.5000
v -34.5000 0.0000 -9.5000
v -34.5000 3.0000 -9.5000
v -34.5000 0.0000 -10.5000
v -35.5000 3.0000 -10.5000
v -34.5000 3.0000 -10.5000
v -34.5000 2.0000 -10.5000
v -34.5000 0.0000 -11.5000
v -34.5000 2.0000 -11.5000
v -34.5000 0.0000 -12.5000
v -34.5000 2.0000 -12.5000
v -34.5000 0.0000 -13.5000
v -35.5000 2.0000 -13.5000
v -34.5000 2.0000 -13.5000
v -34.5000 1.0000 -13.5000
v -34.5000 1.0000 -14.5000
v -34.5000 0.0000 -14.5000
v -34.5000 1.0000 -15.5000
v -34.5000 0.0000 -15.5000
v -34.5000 1.0000 -16.5000
v -34.5000 0.0000 -16.5000
v -34.5000 1.0000 -17.5000
v -34.5000 0.0000 -17.5000
v -33.5000 0.0000 30.5000
v -33.5000 1.0000 30.5000
v -33.5000 0.0000 29.5000
v -34.5000 2.0000 30.5000
v -33.5000 2.0000 30.5000
v -33.5000 2.0000 29.5000
v -33.5000 0.0000 28.5000
v -33.5000 2.0000 28.5000
v -33.5000 0.0000 27.5000
v -33.5000 2.0000 27.5000
v -33.5000 0.0000 26.5000
v -34.5000 3.0000 27.5000
v -33.5000 3.0000 27.5000
v -33.5000 3.0000 26.5000
v -33.5000 0.0000 25.5000
v -33.5000 3.0000 25.5000
v -33.5000 0.0000 24.5000
v -34.5000 4.0000 25.5000
v -33.5000 4.0000 25.5000
v -33.5000 4.0000 24.5000
v -33.5000 0.0000 23.5000
v -33.5000 4.0000 23.5000
v -33.5000 0.0000 22.5000
v -34.5000 5.0000 23.5000
v -33.5000 5.0000 23.5000
v -33.5000 5.0000 22.5000
v -33.5000 0.0000 21.5000
v -33.5000 5.0000 21.5000
v -33.5000 0.0000 20.5000
v -34.5000 6.0000 21.5000
v -33.5000 6.0000 21.5000
v -33.5000 6.0000 20.5000
v -33.5000 0.0000 19.5000
v -33.5000 6.0000 19.5000
v -33.5000 0.0000 18.5000
v -34.5000 7.0000 19.5000
v -33.5000 7.0000 19.5000
v -33.5000 7.0000 18.5000
v -33.5000 0.0000 17.5000
v -33.5000 7.0000 17.5000
v -33.5000 0.0000 16.5000
v -34.5000 8.0000 17.5000
v -33.5000 8.0000 17.5000
v -33.5000 8.0000 16.5000
v -33.5000 0.0000 15.5000
v -33.5000 8.0000 15.5000
v -33.5000 0.0000 14.5000
v -34.5000 9.0000 15.5000
v -34.5000 9.0000 14.5000
v -33.5000 9.0000 15.5000
v -33.5000 9.0000 14.5000
v -33.5000 0.0000 13.5000
v -33.5000 9.0000 13.5000
v -33.5000 0.0000 12.5000
v -34.5000 10.0000 13.5000
v -34.5000 10.0000 12.5000
v -33.5000 10.0000 13.5000
v -33.5000 10.0000 12.5000
v -33.5000 0.0000 11.5000
v -34.5000 10.0000 11.5000
v -33.5000 10.0000 11.5000
v -33.5000 0.0000 10.5000
v -34.5000 10.0000 10.5000
v -33.5000 10.0000 10.5000
v -33.5000 0.0000 9.5000
v -33.5000 10.0000 9.5000
v -33.5000 0.0000 8.5000
v -34.5000 11.0000 9.5000
v -34.5000 11.0000 8.5000
v -33.5000 11.0000 9.5000
v -33.5000 11.0000 8.5000
v -33.5000 0.0000 7.5000
v -34.5000 11.0000 7.5000
v -33.5000 11.0000 7.5000
v -33.5000 0.0000 6.5000
v -34.5000 11.0000 6.5000
v -33.5000 11.0000 6.5000
v -33.5000 10.0000 6.5000
v -33.5000 0.0000 5.5000
v -34.5000 10.0000 5.5000
v -33.5000 10.0000 5.5000
v -33.5000 0.0000 4.5000
v -34.5000 10.0000 4.5000
v -33.5000 10.0000 4.5000
v -33.5000 0.0000 3.5000
v -34.5000 10.0000 3.5000
v -33.5000 10.0000 3.5000
v -33.5000 0.0000 2.5000
v -34.5000 10.0000 2.5000
v -33.5000 10.0000 2.5000
v -33.5000 9.0000 2.5000
v -33.5000 0.0000 1.5000
v -34.5000 9.0000 1.5000
v -33.5000 9.0000 1.5000
v -33.5000 0.0000 0.5000
v -34.5000 9.0000 0.5000
v -33.5000 9.0000 0.5000
v -33.5000 8.0000 0.5000
v -33.5000 0.0000 -0.5000
v -33.5000 8.0000 -0.5000
v -33.5000 0.0000 -1.5000
v -34.5000 8.0000 -1.5000
v -33.5000 8.0000 -1.5000
v -33.5000 7.0000 -1.5000
v -33.5000 0.0000 -2.5000
v -33.5000 7.0000 -2.5000
v -33.5000 0.0000 -3.5000
v -34.5000 7.0000 -3.5000
v -33.5000 7.0000 -3.5000
v -33.5000 6.0000 -3.5000
v -33.5000 0.0000 -4.5000
v -33.5000 6.0000 -4.5000
v -33.5000 0.0000 -5.5000
v -34.5000 6.0000 -5.5000
v -33.5000 6.0000 -5.5000
v -33.5000 5.0000 -5.5000
v -33.5000 0.0000 -6.5000
v -33.5000 5.0000 -6.5000
v -33.5000 0.0000 -7.5000
v -34.5000 5.0000 -7.5000
v -33.5000 5.0000 -7.5000
v -33.5000 4.0000 -7.5000
v -33.5000 0.0000 -8.5000
v -33.5000 4.0000 -8.5000
v -33.5000 0.0000 -9.5000
v -34.5000 4.0000 -9.5000
v -33.5000 4.0000 -9.5000
v -33.5000 3.0000 -9.5000
v -33.5000 0.0000 -10.5000
v -33.5000 3.0000 -10.5000
v -33.5000 0.0000 -11.5000
v -34.5000 3.0000 -11.5000
v -33.5000 3.0000 -11.5000
v -33.5000 2.0000 -11.5000
v -33.5000 0.0000 -12.5000
v -33.5000 2.0000 -12.5000
v -33.5000 0.0000 -13.5000
v -33.5000 2.0000 -13.5000
v -33.5000 0.0000 -14.5000
v -34.5000 2.0000 -14.5000
v -33.5000 2.0000 -14.5000
v -33.5000 1.0000 -14.5000
v -33.5000 1.0000 -15.5000
v -33.5000 0.0000 -15.5000
v -33.5000 1.0000 -16.5000
v -33.5000 0.0000 -16.5000
v -33.5000 1.0000 -17.5000
v -33.5000 0.0000 -17.5000
v -34.5000 1.0000 -18.5000
v -34.5000 0.0000 -18.5000
v -33.5000 1.0000 -18.5000
v -33.5000 0.0000 -18.5000
v -32.5000 0.0000 30.5000
v -32.5000 1.0000 30.5000
v -32.5000 0.0000 29.5000
v -32.5000 2.0000 30.5000
v -32.5000 2.0000 29.5000
v -32.5000 0.0000 28.5000
v -32.5000 2.0000 28.5000
v -32.5000 0.0000 27.5000
v -33.5000 3.0000 28.5000
v -32.5000 3.0000 28.5000
v -32.5000 3.0000 27.5000
v -32.5000 0.0000 26.5000
v -32.5000 3.0000 26.5000
v -32.5000 0.0000 25.5000
v -32.5000 3.0000 25.5000
v -32.5000 0.0000 24.5000
v -32.5000 4.0000 25.5000
v -32.5000 4.0000 24.5000
v -32.5000 0.0000 23.5000
v -33.5000 5.0000 24.5000
v -32.5000 5.0000 24.5000
v -32.5000 5.0000 23.5000
v -32.5000 0.0000 22.5000
v -32.5000 5.0000 22.5000
v -32.5000 0.0000 21.5000
v -33.5000 6.0000 22.5000
v -32.5000 6.0000 22.5000
v -32.5000 6.0000 21.5000
v -32.5000 0.0000 20.5000
v -32.5000 6.0000 20.5000
v -32.5000 0.0000 19.5000
v -33.5000 7.0000 20.5000
v -32.5000 7.0000 20.5000
v -32.5000 7.0000 19.5000
v -32.5000 0.0000 18.5000
v -33.5000 8.0000 19.5000
v -33.5000 8.0000 18.5000
v -32.5000 8.0000 19.5000
v -32.5000 8.0000 18.5000
v -32.5000 0.0000 17.5000
v -32.5000 8.0000 17.5000
v -32.5000 0.0000 16.5000
v -33.5000 9.0000 17.5000
v -33.5000 9.0000 16.5000
v -32.5000 9.0000 17.5000
v -32.5000 9.0000 16.5000
v -32.5000 0.0000 15.5000
v -32.5000 9.0000 15.5000
v -32.5000 0.0000 14.5000
v -33.5000 10.0000 15.5000
v -33.5000 10.0000 14.5000
v -32.5000 10.0000 15.5000
v -32.5000 10.0000 14.5000
v -32.5000 0.0000 13.5000
v -32.5000 10.0000 13.5000
v -32.5000 0.0000 12.5000
v -33.5000 11.0000 13.5000
v -33.5000 11.0000 12.5000
v -32.5000 11.0000 13.5000
v -32.5000 11.0000 12.5000
v -32.5000 0.0000 11.5000
v -33.5000 11.0000 11.5000
v -32.5000 11.0000 11.5000
v -32.5000 0.0000 10.5000
v -33.5000 11.0000 10.5000
v -32.5000 11.0000 10.5000
v -32.5000 0.0000 9.5000
v -33.5000 12.0000 10.5000
v -33.5000 12.0000 9.5000
v -32.5000 12.0000 10.5000
v -32.5000 12.0000 9.5000
v -32.5000 0.0000 8.5000
v -33.5000 12.0000 8.5000
v -32.5000 12.0000 8.5000
v -32.5000 0.0000 7.5000
v -33.5000 12.0000 7.5000
v -32.5000 12.0000 7.5000
v -32.5000 0.0000 6.5000
v -33.5000 12.0000 6.5000
v -32.5000 12.0000 6.5000
v -32.5000 0.0000 5.5000
v -33.5000 11.0000 5.5000
v -33.5000 12.0000 5.5000
v -32.5000 12.0000 5.5000
v -32.5000 11.0000 5.5000
v -32.5000 0.0000 4.5000
v -33.5000 11.0000 4.5000
v -32.5000 11.0000 4.5000
v -32.5000 0.0000 3.5000
v -33.5000 11.0000 3.5000
v -32.5000 11.0000 3.5000
v -32.5000 0.0000 2.5000
v -33.5000 11.0000 2.5000
v -32.5000 11.0000 2.5000
v -32.5000 10.0000 2.5000
v -32.5000 0.0000 1.5000
v -33.5000 10.0000 1.5000
v -32.5000 10.0000 1.5000
v -32.5000 0.0000 0.5000
v -33.5000 10.0000 0.5000
v -32.5000 10.0000 0.5000
v -32.5000 9.0000 0.5000
v -32.5000 0.0000 -0.5000
v -33.5000 9.0000 -0.5000
v -32.5000 9.0000 -0.5000
v -32.5000 0.0000 -1.5000
v -33.5000 9.0000 -1.5000
v -32.5000 9.0000 -1.5000
v -32.5000 8.0000 -1.5000
v -32.5000 0.0000 -2.5000
v -33.5000 8.0000 -2.5000
v -32.5000 8.0000 -2.5000
v -32.5000 0.0000 -3.5000
v -33.5000 8.0000 -3.5000
v -32.5000 8.0000 -3.5000
v -32.5000 7.0000 -3.5000
v -32.5000 0.0000 -4.5000
v -33.5000 7.0000 -4.5000
v -32.5000 7.0000 -4.5000
v -32.5000 6.0000 -4.5000
v -32.5000 0.0000 -5.5000
v -32.5000 6.0000 -5.5000
v -32.5000 0.0000 -6.5000
v -33.5000 6.0000 -6.5000
v -32.5000 6.0000 -6.5000
v -32.5000 5.0000 -6.5000
v -32.5000 0.0000 -7.5000
v -32.5000 5.0000 -7.5000
v -32.5000 0.0000 -8.5000
v -33.5000 5.0000 -8.5000
v -32.5000 5.0000 -8.5000
v -32.5000 4.0000 -8.5000
v -32.5000 0.0000 -9.5000
v -32.5000 4.0000 -9.5000
v -32.5000 3.0000 -9.5000
v -32.5000 0.0000 -10.5000
v -32.5000 3.0000 -10.5000
v -32.5000 0.0000 -11.5000
v -32.5000 3.0000 -11.5000
v -32.5000 0.0000 -12.5000
v -33.5000 3.0000 -12.5000
v -32.5000 3.0000 -12.5000
v -32.5000 2.0000 -12.5000
v -32.5000 0.0000 -13.5000
v -32.5000 2.0000 -13.5000
v -32.5000 0.0000 -14.5000
v -32.5000 2.0000 -14.5000
v -32.5000 1.0000 -14.5000
v -32.5000 1.0000 -15.5000
v -32.5000 0.0000 -15.5000
v -32.5000 1.0000 -16.5000
v -32.5000 0.0000 -16.5000
v -32.5000 1.0000 -17.5000
v -32.5000 0.0000 -17.5000
v -32.5000 1.0000 -18.5000
v -32.5000 0.0000 -18.5000
v -31.5000 0.0000 30.5000
v -31.5000 1.0000 30.5000
v -31.5000 0.0000 29.5000
v -31.5000 2.0000 30.5000
v -31.5000 2.0000 29.5000
v -31.5000 0.0000 28.5000
v -31.5000 2.0000 28.5000
v -31.5000 0.0000 27.5000
v -31.5000 3.0000 28.5000
v -31.5000 3.0000 27.5000
v -31.5000 0.0000 26.5000
v -31.5000 3.0000 26.5000
v -31.5000 0.0000 25.5000
v -32.5000 4.0000 26.5000
v -31.5000 4.0000 26.5000
v -31.5000 4.0000 25.5000
v -31.5000 0.0000 24.5000
v -31.5000 4.0000 24.5000
v -31.5000 0.0000 23.5000
v -31.5000 5.0000 24.5000
v -31.5000 5.0000 23.5000
v -31.5000 0.0000 22.5000
v -32.5000 6.0000 23.5000
v -31.5000 6.0000 23.5000
v -31.5000 6.0000 22.5000
v -31.5000 0.0000 21.5000
v -31.5000 6.0000 21.5000
v -31.5000 0.0000 20.5000
v -32.5000 7.0000 21.5000
v -31.5000 7.0000 21.5000
v -31.5000 7.0000 20.5000
v -31.5000 0.0000 19.5000
v -32.5000 8.0000 20.5000
v -31.5000 8.0000 20.5000
v -31.5000 8.0000 19.5000
v -31.5000 0.0000 18.5000
v -31.5000 8.0000 18.5000
v -31.5000 0.0000 17.5000
v -32.5000 9.0000 18.5000
v -31.5000 9.0000 18.5000
v -31.5000 9.0000 17.5000
v -31.5000 0.0000 16.5000
v -32.5000 10.0000 17.5000
v -32.5000 10.0000 16.5000
v -31.5000 10.0000 17.5000
v -31.5000 10.0000 16.5000
v -31.5000 0.0000 15.5000
v -31.5000 10.0000 15.5000
v -31.5000 0.0000 14.5000
v -32.5000 11.0000 15.5000
v -32.5000 11.0000 14.5000
v -31.5000 11.0000 15.5000
v -31.5000 11.0000 14.5000
v -31.5000 0.0000 13.5000
v -31.5000 11.0000 13.5000
v -31.5000 0.0000 12.5000
v -32.5000 12.0000 13.5000
v -32.5000 12.0000 12.5000
v -31.5000 12.0000 13.5000
v -31.5000 12.0000 12.5000
v -31.5000 0.0000 11.5000
v -32.5000 12.0000 11.5000
v -31.5000 12.0000 11.5000
v -31.5000 0.0000 10.5000
v -31.5000 12.0000 10.5000
v -31.5000 0.0000 9.5000
v -32.5000 13.0000 10.5000
v -32.5000 13.0000 9.5000
v -31.5000 13.0000 10.5000
v -31.5000 13.0000 9.5000
v -31.5000 0.0000 8.5000
v -32.5000 13.0000 8.5000
v -31.5000 13.0000 8.5000
v -31.5000 0.0000 7.5000
v -32.5000 13.0000 7.5000
v -31.5000 13.0000 7.5000
v -31.5000 0.0000 6.5000
v -32.5000 13.0000 6.5000
v -31.5000 13.0000 6.5000
v -31.5000 0.0000 5.5000
v -32.5000 13.0000 5.5000
v -31.5000 13.0000 5.5000
v -31.5000 12.0000 5.5000
v -31.5000 0.0000 4.5000
v -32.5000 12.0000 4.5000
v -31.5000 12.0000 4.5000
v -31.5000 0.0000 3.5000
v -32.5000 12.0000 3.5000
v -31.5000 12.0000 3.5000
v -31.5000 0.0000 2.5000
v -32.5000 12.0000 2.5000
v -31.5000 12.0000 2.5000
v -31.5000 11.0000 2.5000
v -31.5000 0.0000 1.5000
v -32.5000 11.0000 1.5000
v -31.5000 11.0000 1.5000
v -31.5000 0.0000 0.5000
v -32.5000 11.0000 0.5000
v -31.5000 11.0000 0.5000
v -31.5000 10.0000 0.5000
v -31.5000 0.0000 -0.5000
v -32.5000 10.0000 -0.5000
v -31.5000 10.0000 -0.5000
v -31.5000 0.0000 -1.5000
v -32.5000 10.0000 -1.5000
v -31.5000 10.0000 -1.5000
v -31.5000 9.0000 -1.5000
v -31.5000 0.0000 -2.5000
v -32.5000 9.0000 -2.5000
v -31.5000 9.0000 -2.5000
v -31.5000 8.0000 -2.5000
v -31.5000 0.0000 -3.5000
v -31.5000 8.0000 -3.5000
v -31.5000 0.0000 -4.5000
v -32.5000 8.0000 -4.5000
v -31.5000 8.0000 -4.5000
v -31.5000 7.0000 -4.5000
v -31.5000 0.0000 -5.5000
v -32.5000 7.0000 -5.5000
v -31.5000 7.0000 -5.5000
v -31.5000 6.0000 -5.5000
v -31.5000 0.0000 -6.5000
v -31.5000 6.0000 -6.5000
v -31.5000 0.0000 -7.5000
v -32.5000 6.0000 -7.5000
v -31.5000 6.0000 -7.5000
v -31.5000 5.0000 -7.5000
v -31.5000 0.0000 -8.5000
v -31.5000 5.0000 -8.5000
v -31.5000 4.0000 -8.5000
v -31.5000 0.0000 -9.5000
v -31.5000 4.0000 -9.5000
v -31.5000 0.0000 -10.5000
v -32.5000 4.0000 -10.5000
v -31.5000 4.0000 -10.5000
v -31.5000 3.0000 -10.5000
v -31.5000 0.0000 -11.5000
v -31.5000 3.0000 -11.5000
v -31.5000 0.0000 -12.5000
v -31.5000 3.0000 -12.5000
v -31.5000 2.0000 -12.5000
v -31.5000 0.0000 -13.5000
v -31.5000 2.0000 -13.5000
v -31.5000 0.0000 -14.5000
v -31.5000 2.0000 -14.5000
v -31.5000 0.0000 -15.5000
v -32.5000 2.0000 -15.5000
v -31.5000 2.0000 -15.5000
v -31.5000 1.0000 -15.5000
v -31.5000 1.0000 -16.5000
v -31.5000 0.0000 -16.5000
v -31.5000 1.0000 -17.5000
v -31.5000 0.0000 -17.5000
v -31.5000 1.0000 -18.5000
v -31.5000 0.0000 -18.5000
v -32.5000 1.0000 -19.5000
v -32.5000 0.0000 -19.5000
v -31.5000 1.0000 -19.5000
v -31.5000 0.0000 -19.5000
v -30.5000 0.0000 30.5000
v -30.5000 1.0000 30.5000
v -30.5000 0.0000 29.5000
v -30.5000 2.0000 30.5000
v -30.5000 2.0000 29.5000
v -30.5000 0.0000 28.5000
v -31.5000 3.0000 29.5000
v -30.5000 3.0000 29.5000
v -30.5000 3.0000 28.5000
v -30.5000 0.0000 27.5000
v -30.5000 3.0000 27.5000
v -30.5000 0.0000 26.5000
v -31.5000 4.0000 27.5000
v -30.5000 4.0000 27.5000
v -30.5000 4.0000 26.5000
v -30.5000 0.0000 25.5000
v -30.5000 4.0000 25.5000
v -30.5000 0.0000 24.5000
v -31.5000 5.0000 25.5000
v -30.5000 5.0000 25.5000
v -30.5000 5.0000 24.5000
v -30.5000 0.0000 23.5000
v -30.5000 5.0000 23.5000
v -30.5000 0.0000 22.5000
v -30.5000 6.0000 23.5000
v -30.5000 6.0000 22.5000
v -30.5000 0.0000 21.5000
v -31.5000 7.0000 22.5000
v -30.5000 7.0000 22.5000
v -30.5000 7.0000 21.5000
v -30.5000 0.0000 20.5000
v -31.5000 8.0000 21.5000
v -30.5000 8.0000 21.5000
v -30.5000 8.0000 20.5000
v -30.5000 0.0000 19.5000
v -30.5000 8.0000 19.5000
v -30.5000 0.0000 18.5000
v -31.5000 9.0000 19.5000
v -30.5000 9.0000 19.5000
v -30.5000 9.0000 18.5000
v -30.5000 0.0000 17.5000
v -31.5000 10.0000 18.5000
v -30.5000 10.0000 18.5000
v -30.5000 10.0000 17.5000
v -30.5000 0.0000 16.5000
v -31.5000 11.0000 17.5000
v -31.5000 11.0000 16.5000
v -30.5000 11.0000 17.5000
v -30.5000 11.0000 16.5000
v -30.5000 0.0000 15.5000
v -30.5000 11.0000 15.5000
v -30.5000 0.0000 14.5000
v -31.5000 12.0000 15.5000
v -31.5000 12.0000 14.5000
v -30.5000 12.0000 15.5000
v -30.5000 12.0000 14.5000
v -30.5000 0.0000 13.5000
v -30.5000 12.0000 13.5000
v -30.5000 0.0000 12.5000
v -31.5000 13.0000 13.5000
v -31.5000 13.0000 12.5000
v -30.5000 13.0000 13.5000
v -30.5000 13.0000 12.5000
v -30.5000 0.0000 11.5000
v -31.5000 13.0000 11.5000
v -30.5000 13.0000 11.5000
v -30.5000 0.0000 10.5000
v -31.5000 14.0000 11.5000
v -31.5000 14.0000 10.5000
v -30.5000 14.0000 11.5000
v -30.5000 14.0000 10.5000
v -30.5000 0.0000 9.5000
v -31.5000 14.0000 9.5000
v -30.5000 14.0000 9.5000
v -30.5000 0.0000 8.5000
v -31.5000 14.0000 8.5000
v -30.5000 14.0000 8.5000
v -30.5000 0.0000 7.5000
v -31.5000 14.0000 7.5000
v -30.5000 14.0000 7.5000
v -30.5000 0.0000 6.5000
v -31.5000 14.0000 6.5000
v -30.5000 14.0000 6.5000
v -30.5000 0.0000 5.5000
v -31.5000 14.0000 5.5000
v -30.5000 14.0000 5.5000
v -30.5000 0.0000 4.5000
v -31.5000 13.0000 4.5000
v -31.5000 14.0000 4.5000
v -30.5000 14.0000 4.5000
v -30.5000 13.0000 4.5000
v -30.5000 0.0000 3.5000
v -31.5000 13.0000 3.5000
v -30.5000 13.0000 3.5000
v -30.5000 0.0000 2.5000
v -31.5000 13.0000 2.5000
v -30.5000 13.0000 2.5000
v -30.5000 12.0000 2.5000
v -30.5000 0.0000 1.5000
v -31.5000 12.0000 1.5000
v -30.5000 12.0000 1.5000
v -30.5000 0.0000 0.5000
v -31.5000 12.0000 0.5000
v -30.5000 12.0000 0.5000
v -30.5000 11.0000 0.5000
v -30.5000 0.0000 -0.5000
v -31.5000 11.0000 -0.5000
v -30.5000 11.0000 -0.5000
v -30.5000 0.0000 -1.5000
v -31.5000 11.0000 -1.5000
v -30.5000 11.0000 -1.5000
v -30.5000 10.0000 -1.5000
v -30.5000 0.0000 -2.5000
v -31.5000 10.0000 -2.5000
v -30.5000 10.0000 -2.5000
v -30.5000 9.0000 -2.5000
v -30.5000 0.0000 -3.5000
v -31.5000 9.0000 -3.5000
v -30.5000 9.0000 -3.5000
v -30.5000 8.0000 -3.5000
v -30.5000 0.0000 -4.5000
v -30.5000 8.0000 -4.5000
v -30.5000 0.0000 -5.5000
v -31.5000 8.0000 -5.5000
v -30.5000 8.0000 -5.5000
v -30.5000 7.0000 -5.5000
v -30.5000 0.0000 -6.5000
v -31.5000 7.0000 -6.5000
v -30.5000 7.0000 -6.5000
v -30.5000 6.0000 -6.5000
v -30.5000 0.0000 -7.5000
v -30.5000 6.0000 -7.5000
v -30.5000 0.0000 -8.5000
v -31.5000 6.0000 -8.5000
v -30.5000 6.0000 -8.5000
v -30.5000 5.0000 -8.5000
v -30.5000 0.0000 -9.5000
v -31.5000 5.0000 -9.5000
v -30.5000 5.0000 -9.5000
v -30.5000 4.0000 -9.5000
v -30.5000 0.0000 -10.5000
v -30.5000 4.0000 -10.5000
v -30.5000 0.0000 -11.5000
v -31.5000 4.0000 -11.5000
v -30.5000 4.0000 -11.5000
v -30.5000 3.0000 -11.5000
v -30.5000 0.0000 -12.5000
v -30.5000 3.0000 -12.5000
v -30.5000 0.0000 -13.5000
v -31.5000 3.0000 -13.5000
v -30.5000 3.0000 -13.5000
v -30.5000 2.0000 -13.5000
v -30.5000 0.0000 -14.5000
v -30.5000 2.0000 -14.5000
v -30.5000 0.0000 -15.5000
v -30.5000 2.0000 -15.5000
v -30.5000 1.0000 -15.5000
v -30.5000 1.0000 -16.5000
v -30.5000 0.0000 -16.5000
v -30.5000 1.0000 -17.5000
v -30.5000 0.0000 -17.5000
v -30.5000 1.0000 -18.5000
v -30.5000 0.0000 -18.5000
v -30.5000 1.0000 -19.5000
v -30.5000 0.0000 -19.5000
v -29.5000 0.0000 30.5000
v -29.5000 1.0000 30.5000
v -29.5000 0.0000 29.5000
v -29.5000 2.0000 30.5000
v -29.5000 2.0000 29.5000
v -29.5000 0.0000 28.5000
v -29.5000 3.0000 29.5000
v -29.5000 3.0000 28.5000
v -29.5000 0.0000 27.5000
v -29.5000 3.0000 27.5000
v -29.5000 0.0000 26.5000
v -29.5000 4.0000 27.5000
v -29.5000 4.0000 26.5000
v -29.5000 0.0000 25.5000
v -30.5000 5.0000 26.5000
v -29.5000 5.0000 26.5000
v -29.5000 5.0000 25.5000
v -29.5000 0.0000 24.5000
v -29.5000 5.0000 24.5000
v -29.5000 0.0000 23.5000
v -30.5000 6.0000 24.5000
v -29.5000 6.0000 24.5000
v -29.5000 6.0000 23.5000
v -29.5000 0.0000 22.5000
v -30.5000 7.0000 23.5000
v -29.5000 7.0000 23.5000
v -29.5000 7.0000 22.5000
v -29.5000 0.0000 21.5000
v -29.5000 7.0000 21.5000
v -29.5000 0.0000 20.5000
v -29.5000 8.0000 21.5000
v -29.5000 8.0000 20.5000
v -29.5000 0.0000 19.5000
v -30.5000 9.0000 20.5000
v -29.5000 9.0000 20.5000
v -29.5000 9.0000 19.5000
v -29.5000 0.0000 18.5000
v -30.5000 10.0000 19.5000
v -29.5000 10.0000 19.5000
v -29.5000 10.0000 18.5000
v -29.5000 0.0000 17.5000
v -30.5000 11.0000 18.5000
v -29.5000 11.0000 18.5000
v -29.5000 11.0000 17.5000
v -29.5000 0.0000 16.5000
v -29.5000 11.0000 16.5000
v -29.5000 0.0000 15.5000
v -30.5000 12.0000 16.5000
v -29.5000 12.0000 16.5000
v -29.5000 12.0000 15.5000
v -29.5000 0.0000 14.5000
v -30.5000 13.0000 15.5000
v -30.5000 13.0000 14.5000
v -29.5000 13.0000 15.5000
v -29.5000 13.0000 14.5000
v -29.5000 0.0000 13.5000
v -29.5000 13.0000 13.5000
v -29.5000 0.0000 12.5000
v -30.5000 14.0000 13.5000
v -30.5000 14.0000 12.5000
v -29.5000 14.0000 13.5000
v -29.5000 14.0000 12.5000
v -29.5000 0.0000 11.5000
v -29.5000 14.0000 11.5000
v -29.5000 0.0000 10.5000
v -30.5000 15.0000 11.5000
v -30.5000 15.0000 10.5000
v -29.5000 15.0000 11.5000
v -29.5000 15.0000 10.5000
v -29.5000 0.0000 9.5000
v -30.5000 15.0000 9.5000
v -29.5000 15.0000 9.5000
v -29.5000 0.0000 8.5000
v -30.5000 15.0000 8.5000
v -29.5000 15.0000 8.5000
v -29.5000 0.0000 7.5000
v -30.5000 15.0000 7.5000
v -29.5000 15.0000 7.5000
v -29.5000 0.0000 6.5000
v -30.5000 15.0000 6.5000
v -29.5000 15.0000 6.5000
v -29.5000 0.0000 5.5000
v -30.5000 15.0000 5.5000
v -29.5000 15.0000 5.5000
v -29.5000 0.0000 4.5000
v -30.5000 15.0000 4.5000
v -29.5000 15.0000 4.5000
v -29.5000 14.0000 4.5000
v -29.5000 0.0000 3.5000
v -30.5000 14.0000 3.5000
v -29.5000 14.0000 3.5000
v -29.5000 0.0000 2.5000
v -30.5000 14.0000 2.5000
v -29.5000 14.0000 2.5000
v -29.5000 13.0000 2.5000
v -29.5000 0.0000 1.5000
v -30.5000 13.0000 1.5000
v -29.5000 13.0000 1.5000
v -29.5000 0.0000 0.5000
v -30.5000 13.0000 0.5000
v -29.5000 13.0000 0.5000
v -29.5000 12.0000 0.5000
v -29.5000 0.0000 -0.5000
v -30.5000 12.0000 -0.5000
v -29.5000 12.0000 -0.5000
v -29.5000 11.0000 -0.5000
v -29.5000 0.0000 -1.5000
v -29.5000 11.0000 -1.5000
v -29.5000 0.0000 -2.5000
v -30.5000 11.0000 -2.5000
v -29.5000 11.0000 -2.5000
v -29.5000 10.0000 -2.5000
v -29.5000 0.0000 -3.5000
v -30.5000 10.0000 -3.5000
v -29.5000 10.0000 -3.5000
v -29.5000 9.0000 -3.5000
v -29.5000 0.0000 -4.5000
v -30.5000 9.0000 -4.5000
v -29.5000 9.0000 -4.5000
v -29.5000 8.0000 -4.5000
v -29.5000 0.0000 -5.5000
v -29.5000 8.0000 -5.5000
v -29.5000 0.0000 -6.5000
v -30.5000 8.0000 -6.5000
v -29.5000 8.0000 -6.5000
v -29.5000 7.0000 -6.5000
v -29.5000 0.0000 -7.5000
v -30.5000 7.0000 -7.5000
v -29.5000 7.0000 -7.5000
v -29.5000 6.0000 -7.5000
v -29.5000 0.0000 -8.5000
v -29.5000 6.0000 -8.5000
v -29.5000 5.0000 -8.5000
v -29.5000 0.0000 -9.5000
v -29.5000 5.0000 -9.5000
v -29.5000 0.0000 -10.5000
v -30.5000 5.0000 -10.5000
v -29.5000 5.0000 -10.5000
v -29.5000 4.0000 -10.5000
v -29.5000 0.0000 -11.5000
v -29.5000 4.0000 -11.5000
v -29.5000 3.0000 -11.5000
v -29.5000 0.0000 -12.5000
v -29.5000 3.0000 -12.5000
v -29.5000 0.0000 -13.5000
v -29.5000 3.0000 -13.5000
v -29.5000 2.0000 -13.5000
v -29.5000 0.0000 -14.5000
v -29.5000 2.0000 -14.5000
v -29.5000 0.0000 -15.5000
v -29.5000 2.0000 -15.5000
v -29.5000 0.0000 -16.5000
v -30.5000 2.0000 -16.5000
v -29.5000 2.0000 -16.5000
v -29.5000 1.0000 -16.5000
v -29.5000 1.0000 -17.5000
v -29.5000 0.0000 -17.5000
v -29.5000 1.0000 -18.5000
v -29.5000 0.0000 -18.5000
v -29.5000 1.0000 -19.5000
v -29.5000 0.0000 -19.5000
v -30.5000 1.0000 -20.5000
v -30.5000 0.0000 -20.5000
v -29.5000 1.0000 -20.5000
v -29.5000 0.0000 -20.5000
v -28.5000 0.0000 30.5000
v -28.5000 1.0000 30.5000
v -28.5000 0.0000 29.5000
v -28.5000 2.0000 30.5000
v -29.5000 3.0000 30.5000
v -28.5000 3.0000 30.5000
v -28.5000 3.0000 29.5000
v -28.5000 0.0000 28.5000
v -28.5000 3.0000 28.5000
v -28.5000 0.0000 27.5000
v -29.5000 4.0000 28.5000
v -28.5000 4.0000 28.5000
v -28.5000 4.0000 27.5000
v -28.5000 0.0000 26.5000
v -28.5000 4.0000 26.5000
v -28.5000 0.0000 25.5000
v -28.5000 5.0000 26.5000
v -28.5000 5.0000 25.5000
v -28.5000 0.0000 24.5000
v -29.5000 6.0000 25.5000
v -28.5000 6.0000 25.5000
v -28.5000 6.0000 24.5000
v -28.5000 0.0000 23.5000
v -28.5000 6.0000 23.5000
v -28.5000 0.0000 22.5000
v -28.5000 7.0000 23.5000
v -28.5000 7.0000 22.5000
v -28.5000 0.0000 21.5000
v -29.5000 8.0000 22.5000
v -28.5000 8.0000 22.5000
v -28.5000 8.0000 21.5000
v -28.5000 0.0000 20.5000
v -29.5000 9.0000 21.5000
v -28.5000 9.0000 21.5000
v -28.5000 9.0000 20.5000
v -28.5000 0.0000 19.5000
v -29.5000 10.0000 20.5000
v -28.5000 10.0000 20.5000
v -28.5000 10.0000 19.5000
v -28.5000 0.0000 18.5000
v -29.5000 11.0000 19.5000
v -28.5000 11.0000 19.5000
v -28.5000 11.0000 18.5000
v -28.5000 0.0000 17.5000
v -29.5000 12.0000 18.5000
v -29.5000 12.0000 17.5000
v -28.5000 12.0000 18.5000
v -28.5000 12.0000 17.5000
v -28.5000 0.0000 16.5000
v -28.5000 12.0000 16.5000
v -28.5000 0.0000 15.5000
v -29.5000 13.0000 16.5000
v -28.5000 13.0000 16.5000
v -28.5000 13.0000 15.5000
v -28.5000 0.0000 14.5000
v -29.5000 14.0000 15.5000
v -29.5000 14.0000 14.5000
v -28.5000 14.0000 15.5000
v -28.5000 14.0000 14.5000
v -28.5000 0.0000 13.5000
v -28.5000 14.0000 13.5000
v -28.5000 0.0000 12.5000
v -29.5000 15.0000 13.5000
v -29.5000 15.0000 12.5000
v -28.5000 15.0000 13.5000
v -28.5000 15.0000 12.5000
v -28.5000 0.0000 11.5000
v -29.5000 16.0000 12.5000
v -29.5000 16.0000 11.5000
v -28.5000 16.0000 12.5000
v -28.5000 16.0000 11.5000
v -28.5000 0.0000 10.5000
v -29.5000 16.0000 10.5000
v -28.5000 16.0000 10.5000
v -28.5000 0.0000 9.5000
v -29.5000 16.0000 9.5000
v -28.5000 16.0000 9.5000
v -28.5000 0.0000 8.5000
v -29.5000 16.0000 8.5000
v -28.5000 16.0000 8.5000
v -28.5000 0.0000 7.5000
v -29.5000 16.0000 7.5000
v -28.5000 16.0000 7.5000
v -28.5000 0.0000 6.5000
v -29.5000 16.0000 6.5000
v -28.5000 16.0000 6.5000
v -28.5000 0.0000 5.5000
v -29.5000 16.0000 5.5000
v -28.5000 16.0000 5.5000
v -28.5000 0.0000 4.5000
v -29.5000 16.0000 4.5000
v -28.5000 16.0000 4.5000
v -28.5000 0.0000 3.5000
v -29.5000 15.0000 3.5000
v -29.5000 16.0000 3.5000
v -28.5000 16.0000 3.5000
v -28.5000 15.0000 3.5000
v -28.5000 0.0000 2.5000
v -29.5000 15.0000 2.5000
v -28.5000 15.0000 2.5000
v -28.5000 0.0000 1.5000
v -29.5000 14.0000 1.5000
v -29.5000 15.0000 1.5000
v -28.5000 15.0000 1.5000
v -28.5000 14.0000 1.5000
v -28.5000 0.0000 0.5000
v -29.5000 14.0000 0.5000
v -28.5000 14.0000 0.5000
v -28.5000 13.0000 0.5000
v -28.5000 0.0000 -0.5000
v -29.5000 13.0000 -0.5000
v -28.5000 13.0000 -0.5000
v -28.5000 12.0000 -0.5000
v -28.5000 0.0000 -1.5000
v -29.5000 12.0000 -1.5000
v -28.5000 12.0000 -1.5000
v -28.5000 0.0000 -2.5000
v -29.5000 12.0000 -2.5000
v -28.5000 12.0000 -2.5000
v -28.5000 11.0000 -2.5000
v -28.5000 0.0000 -3.5000
v -29.5000 11.0000 -3.5000
v -28.5000 11.0000 -3.5000
v -28.5000 10.0000 -3.5000
v -28.5000 0.0000 -4.5000
v -29.5000 10.0000 -4.5000
v -28.5000 10.0000 -4.5000
v -28.5000 9.0000 -4.5000
v -28.5000 0.0000 -5.5000
v -29.5000 9.0000 -5.5000
v -28.5000 9.0000 -5.5000
v -28.5000 8.0000 -5.5000
v -28.5000 0.0000 -6.5000
v -28.5000 8.0000 -6.5000
v -28.5000 7.0000 -6.5000
v -28.5000 0.0000 -7.5000
v -28.5000 7.0000 -7.5000
v -28.5000 0.0000 -8.5000
v -29.5000 7.0000 -8.5000
v -28.5000 7.0000 -8.5000
v -28.5000 6.0000 -8.5000
v -28.5000 0.0000 -9.5000
v -29.5000 6.0000 -9.5000
v -28.5000 6.0000 -9.5000
v -28.5000 5.0000 -9.5000
v -28.5000 0.0000 -10.5000
v -28.5000 5.0000 -10.5000
v -28.5000 4.0000 -10.5000
v -28.5000 0.0000 -11.5000
v -28.5000 4.0000 -11.5000
v -28.5000 0.0000 -12.5000
v -29.5000 4.0000 -12.5000
v -28.5000 4.0000 -12.5000
v -28.5000 3.0000 -12.5000
v -28.5000 0.0000 -13.5000
v -28.5000 3.0000 -13.5000
v -28.5000 0.0000 -14.5000
v -29.5000 3.0000 -14.5000
v -28.5000 3.0000 -14.5000
v -28.5000 2.0000 -14.5000
v -28.5000 0.0000 -15.5000
v -28.5000 2.0000 -15.5000
v -28.5000 0.0000 -16.5000
v -28.5000 2.0000 -16.5000
v -28.5000 1.0000 -16.5000
v -28.5000 1.0000 -17.5000
v -28.5000 0.0000 -17.5000
v -28.5000 1.0000 -18.5000
v -28.5000 0.0000 -18.5000
v -28.5000 1.0000 -19.5000
v -28.5000 0.0000 -19.5000
v -28.5000 1.0000 -20.5000
v -28.5000 0.0000 -20.5000
v -27.5000 0.0000 30.5000
v -27.5000 1.0000 30.5000
v -27.5000 0.0000 29.5000
v -27.5000 2.0000 30.5000
v -27.5000 3.0000 30.5000
v -27.5000 3.0000 29.5000
v -27.5000 0.0000 28.5000
v -27.5000 3.0000 28.5000
v -27.5000 0.0000 27.5000
v -27.5000 4.0000 28.5000
v -27.5000 4.0000 27.5000
v -27.5000 0.0000 26.5000
v -28.5000 5.0000 27.5000
v -27.5000 5.0000 27.5000
v -27.5000 5.0000 26.5000
v -27.5000 0.0000 25.5000
v -27.5000 5.0000 25.5000
v -27.5000 0.0000 24.5000
v -27.5000 6.0000 25.5000
v -27.5000 6.0000 24.5000
v -27.5000 0.0000 23.5000
v -28.5000 7.0000 24.5000
v -27.5000 7.0000 24.5000
v -27.5000 7.0000 23.5000
v -27.5000 0.0000 22.5000
v -28.5000 8.0000 23.5000
v -27.5000 8.0000 23.5000
v -27.5000 8.0000 22.5000
v -27.5000 0.0000 21.5000
v -28.5000 9.0000 22.5000
v -27.5000 9.0000 22.5000
v -27.5000 9.0000 21.5000
v -27.5000 0.0000 20.5000
v -28.5000 10.0000 21.5000
v -27.5000 10.0000 21.5000
v -27.5000 10.0000 20.5000
v -27.5000 0.0000 19.5000
v -28.5000 11.0000 20.5000
v -27.5000 11.0000 20.5000
v -27.5000 11.0000 19.5000
v -27.5000 0.0000 18.5000
v -27.5000 11.0000 18.5000
v -27.5000 0.0000 17.5000
v -27.5000 12.0000 18.5000
v -27.5000 12.0000 17.5000
v -27.5000 0.0000 16.5000
v -28.5000 13.0000 17.5000
v -27.5000 13.0000 17.5000
v -27.5000 13.0000 16.5000
v -27.5000 0.0000 15.5000
v -28.5000 14.0000 16.5000
v -27.5000 14.0000 16.5000
v -27.5000 14.0000 15.5000
v -27.5000 0.0000 14.5000
v -28.5000 15.0000 15.5000
v -28.5000 15.0000 14.5000
v -27.5000 15.0000 15.5000
v -27.5000 15.0000 14.5000
v -27.5000 0.0000 13.5000
v -28.5000 16.0000 14.5000
v -28.5000 16.0000 13.5000
v -27.5000 16.0000 14.5000
v -27.5000 16.0000 13.5000
v -27.5000 0.0000 12.5000
v -27.5000 16.0000 12.5000
v -27.5000 0.0000 11.5000
v -28.5000 17.0000 12.5000
v -28.5000 17.0000 11.5000
v -27.5000 17.0000 12.5000
v -27.5000 17.0000 11.5000
v -27.5000 0.0000 10.5000
v -28.5000 17.0000 10.5000
v -27.5000 17.0000 10.5000
v -27.5000 0.0000 9.5000
v -28.5000 17.0000 9.5000
v -27.5000 17.0000 9.5000
v -27.5000 0.0000 8.5000
v -28.5000 17.0000 8.5000
v -28.5000 18.0000 9.5000
v -28.5000 18.0000 8.5000
v -27.5000 18.0000 9.5000
v -27.5000 18.0000 8.5000
v -27.5000 0.0000 7.5000
v -28.5000 17.0000 7.5000
v -28.5000 18.0000 7.5000
v -27.5000 18.0000 7.5000
v -27.5000 0.0000 6.5000
v -28.5000 17.0000 6.5000
v -28.5000 18.0000 6.5000
v -27.5000 18.0000 6.5000
v -27.5000 17.0000 6.5000
v -27.5000 0.0000 5.5000
v -28.5000 17.0000 5.5000
v -27.5000 17.0000 5.5000
v -27.5000 0.0000 4.5000
v -28.5000 17.0000 4.5000
v -27.5000 17.0000 4.5000
v -27.5000 0.0000 3.5000
v -28.5000 17.0000 3.5000
v -27.5000 17.0000 3.5000
v -27.5000 16.0000 3.5000
v -27.5000 0.0000 2.5000
v -28.5000 16.0000 2.5000
v -27.5000 16.0000 2.5000
v -27.5000 0.0000 1.5000
v -28.5000 16.0000 1.5000
v -27.5000 16.0000 1.5000
v -27.5000 15.0000 1.5000
v -27.5000 0.0000 0.5000
v -28.5000 15.0000 0.5000
v -27.5000 15.0000 0.5000
v -27.5000 14.0000 0.5000
v -27.5000 0.0000 -0.5000
v -28.5000 14.0000 -0.5000
v -27.5000 14.0000 -0.5000
v -27.5000 13.0000 -0.5000
v -27.5000 0.0000 -1.5000
v -28.5000 13.0000 -1.5000
v -27.5000 13.0000 -1.5000
v -27.5000 12.0000 -1.5000
v -27.5000 0.0000 -2.5000
v -27.5000 12.0000 -2.5000
v -27.5000 11.0000 -2.5000
v -27.5000 0.0000 -3.5000
v -27.5000 11.0000 -3.5000
v -27.5000 0.0000 -4.5000
v -28.5000 11.0000 -4.5000
v -27.5000 11.0000 -4.5000
v -27.5000 10.0000 -4.5000
v -27.5000 0.0000 -5.5000
v -28.5000 10.0000 -5.5000
v -27.5000 10.0000 -5.5000
v -27.5000 9.0000 -5.5000
v -27.5000 0.0000 -6.5000
v -28.5000 9.0000 -6.5000
v -27.5000 9.0000 -6.5000
v -27.5000 8.0000 -6.5000
v -27.5000 0.0000 -7.5000
v -28.5000 8.0000 -7.5000
v -27.5000 8.0000 -7.5000
v -27.5000 7.0000 -7.5000
v -27.5000 0.0000 -8.5000
v -27.5000 7.0000 -8.5000
v -27.5000 6.0000 -8.5000
v -27.5000 0.0000 -9.5000
v -27.5000 6.0000 -9.5000
v -27.5000 5.0000 -9.5000
v -27.5000 0.0000 -10.5000
v -27.5000 5.0000 -10.5000
v -27.5000 0.0000 -11.5000
v -28.5000 5.0000 -11.5000
v -27.5000 5.0000 -11.5000
v -27.5000 4.0000 -11.5000
v -27.5000 0.0000 -12.5000
v -27.5000 4.0000 -12.5000
v -27.5000 3.0000 -12.5000
v -27.5000 0.0000 -13.5000
v -27.5000 3.0000 -13.5000
v -27.5000 0.0000 -14.5000
v -27.5000 3.0000 -14.5000
v -27.5000 2.0000 -14.5000
v -27.5000 0.0000 -15.5000
v -27.5000 2.0000 -15.5000
v -27.5000 0.0000 -16.5000
v -27.5000 2.0000 -16.5000
v -27.5000 0.0000 -17.5000
v -28.5000 2.0000 -17.5000
v -27.5000 2.0000 -17.5000
v -27.5000 1.0000 -17.5000
v -27.5000 1.0000 -18.5000
v -27.5000 0.0000 -18.5000
v -27.5000 1.0000 -19.5000
v -27.5000 0.0000 -19.5000
v -27.5000 1.0000 -20.5000
v -27.5000 0.0000 -20.5000
v -26.5000 0.0000 30.5000
v -26.5000 1.0000 30.5000
v -26.5000 0.0000 29.5000
v -26.5000 2.0000 30.5000
v -26.5000 3.0000 30.5000
v -26.5000 3.0000 29.5000
v -26.5000 0.0000 28.5000
v -27.5000 4.0000 29.5000
v -26.5000 4.0000 29.5000
v -26.5000 4.0000 28.5000
v -26.5000 0.0000 27.5000
v -26.5000 4.0000 27.5000
v -26.5000 0.0000 26.5000
v -26.5000 5.0000 27.5000
v -26.5000 5.0000 26.5000
v -26.5000 0.0000 25.5000
v -27.5000 6.0000 26.5000
v -26.5000 6.0000 26.5000
v -26.5000 6.0000 25.5000
v -26.5000 0.0000 24.5000
v -27.5000 7.0000 25.5000
v -26.5000 7.0000 25.5000
v -26.5000 7.0000 24.5000
v -26.5000 0.0000 23.5000
v -26.5000 7.0000 23.5000
v -26.5000 0.0000 22.5000
v -26.5000 8.0000 23.5000
v -26.5000 8.0000 22.5000
v -26.5000 0.0000 21.5000
v -26.5000 9.0000 22.5000
v -26.5000 9.0000 21.5000
v -26.5000 0.0000 20.5000
v -26.5000 10.0000 21.5000
v -26.5000 10.0000 20.5000
v -26.5000 0.0000 19.5000
v -26.5000 11.0000 20.5000
v -26.5000 11.0000 19.5000
v -26.5000 0.0000 18.5000
v -27.5000 12.0000 19.5000
v -26.5000 12.0000 19.5000
v -26.5000 12.0000 18.5000
v -26.5000 0.0000 17.5000
v -27.5000 13.0000 18.5000
v -26.5000 13.0000 18.5000
v -26.5000 13.0000 17.5000
v -26.5000 0.0000 16.5000
v -27.5000 14.0000 17.5000
v -26.5000 14.0000 17.5000
v -26.5000 14.0000 16.5000
v -26.5000 0.0000 15.5000
v -27.5000 15.0000 16.5000
v -26.5000 15.0000 16.5000
v -26.5000 15.0000 15.5000
v -26.5000 0.0000 14.5000
v -27.5000 16.0000 15.5000
v -26.5000 16.0000 15.5000
v -26.5000 16.0000 14.5000
v -26.5000 0.0000 13.5000
v -27.5000 17.0000 14.5000
v -27.5000 17.0000 13.5000
v -26.5000 17.0000 14.5000
v -26.5000 17.0000 13.5000
v -26.5000 0.0000 12.5000
v -26.5000 17.0000 12.5000
v -26.5000 0.0000 11.5000
v -27.5000 18.0000 12.5000
v -27.5000 18.0000 11.5000
v -26.5000 18.0000 12.5000
v -26.5000 18.0000 11.5000
v -26.5000 0.0000 10.5000
v -27.5000 18.0000 10.5000
v -26.5000 18.0000 10.5000
v -26.5000 0.0000 9.5000
v -27.5000 19.0000 10.5000
v -27.5000 19.0000 9.5000
v -26.5000 19.0000 10.5000
v -26.5000 19.0000 9.5000
v -26.5000 0.0000 8.5000
v -27.5000 19.0000 8.5000
v -26.5000 19.0000 8.5000
v -26.5000 0.0000 7.5000
v -27.5000 19.0000 7.5000
v -26.5000 19.0000 7.5000
v -26.5000 0.0000 6.5000
v -27.5000 19.0000 6.5000
v -26.5000 19.0000 6.5000
v -26.5000 0.0000 5.5000
v -27.5000 18.0000 5.5000
v -27.5000 19.0000 5.5000
v -26.5000 19.0000 5.5000
v -26.5000 18.0000 5.5000
v -26.5000 0.0000 4.5000
v -27.5000 18.0000 4.5000
v -26.5000 18.0000 4.5000
v -26.5000 0.0000 3.5000
v -27.5000 18.0000 3.5000
v -26.5000 18.0000 3.5000
v -26.5000 17.0000 3.5000
v -26.5000 0.0000 2.5000
v -27.5000 17.0000 2.5000
v -26.5000 17.0000 2.5000
v -26.5000 0.0000 1.5000
v -27.5000 17.0000 1.5000
v -26.5000 17.0000 1.5000
v -26.5000 16.0000 1.5000
v -26.5000 0.0000 0.5000
v -27.5000 16.0000 0.5000
v -26.5000 16.0000 0.5000
v -26.5000 15.0000 0.5000
v -26.5000 0.0000 -0.5000
v -27.5000 15.0000 -0.5000
v -26.5000 15.0000 -0.5000
v -26.5000 14.0000 -0.5000
v -26.5000 0.0000 -1.5000
v -27.5000 14.0000 -1.5000
v -26.5000 14.0000 -1.5000
v -26.5000 13.0000 -1.5000
v -26.5000 0.0000 -2.5000
v -27.5000 13.0000 -2.5000
v -26.5000 13.0000 -2.5000
v -26.5000 12.0000 -2.5000
v -26.5000 0.0000 -3.5000
v -27.5000 12.0000 -3.5000
v -26.5000 12.0000 -3.5000
v -26.5000 11.0000 -3.5000
v -26.5000 0.0000 -4.5000
v -26.5000 11.0000 -4.5000
v -26.5000 10.0000 -4.5000
v -26.5000 0.0000 -5.5000
v -26.5000 10.0000 -5.5000
v -26.5000 9.0000 -5.5000
v -26.5000 0.0000 -6.5000
v -26.5000 9.0000 -6.5000
v -26.5000 8.0000 -6.5000
v -26.5000 0.0000 -7.5000
v -26.5000 8.0000 -7.5000
v -26.5000 0.0000 -8.5000
v -27.5000 8.0000 -8.5000
v -26.5000 8.0000 -8.5000
v -26.5000 7.0000 -8.5000
v -26.5000 0.0000 -9.5000
v -27.5000 7.0000 -9.5000
v -26.5000 7.0000 -9.5000
v -26.5000 6.0000 -9.5000
v -26.5000 0.0000 -10.5000
v -27.5000 6.0000 -10.5000
v -26.5000 6.0000 -10.5000
v -26.5000 5.0000 -10.5000
v -26.5000 0.0000 -11.5000
v -26.5000 5.0000 -11.5000
v -26.5000 4.0000 -11.5000
v -26.5000 0.0000 -12.5000
v -26.5000 4.0000 -12.5000
v -26.5000 0.0000 -13.5000
v -27.5000 4.0000 -13.5000
v -26.5000 4.0000 -13.5000
v -26.5000 3.0000 -13.5000
v -26.5000 0.0000 -14.5000
v -26.5000 3.0000 -14.5000
v -26.5000 0.0000 -15.5000
v -27.5000 3.0000 -15.5000
v -26.5000 3.0000 -15.5000
v -26.5000 2.0000 -15.5000
v -26.5000 0.0000 -16.5000
v -26.5000 2.0000 -16.5000
v -26.5000 0.0000 -17.5000
v -26.5000 2.0000 -17.5000
v -26.5000 1.0000 -17.5000
v -26.5000 1.0000 -18.5000
v -26.5000 0.0000 -18.5000
v -26.5000 1.0000 -19.5000
v -26.5000 0.0000 -19.5000
v -26.5000 1.0000 -20.5000
v -26.5000 0.0000 -20.5000
v -27.5000 1.0000 -21.5000
v -27.5000 0.0000 -21.5000
v -26.5000 1.0000 -21.5000
v -26.5000 0.0000 -21.5000
v -25.5000 0.0000 30.5000
v -25.5000 1.0000 30.5000
v -25.5000 0.0000 29.5000
v -25.5000 2.0000 30.5000
v -25.5000 3.0000 30.5000
v -25.5000 3.0000 29.5000
v -25.5000 0.0000 28.5000
v -25.5000 4.0000 29.5000
v -25.5000 4.0000 28.5000
v -25.5000 0.0000 27.5000
v -26.5000 5.0000 28.5000
v -25.5000 5.0000 28.5000
v -25.5000 5.0000 27.5000
v -25.5000 0.0000 26.5000
v -25.5000 5.0000 26.5000
v -25.5000 0.0000 25.5000
v -25.5000 6.0000 26.5000
v -25.5000 6.0000 25.5000
v -25.5000 0.0000 24.5000
v -25.5000 7.0000 25.5000
v -25.5000 7.0000 24.5000
v -25.5000 0.0000 23.5000
v -26.5000 8.0000 24.5000
v -25.5000 8.0000 24.5000
v -25.5000 8.0000 23.5000
v -25.5000 0.0000 22.5000
v -26.5000 9.0000 23.5000
v -25.5000 9.0000 23.5000
v -25.5000 9.0000 22.5000
v -25.5000 0.0000 21.5000
v -26.5000 10.0000 22.5000
v -25.5000 10.0000 22.5000
v -25.5000 10.0000 21.5000
v -25.5000 0.0000 20.5000
v -26.5000 11.0000 21.5000
v -25.5000 11.0000 21.5000
v -25.5000 11.0000 20.5000
v -25.5000 0.0000 19.5000
v -26.5000 12.0000 20.5000
v -25.5000 12.0000 20.5000
v -25.5000 12.0000 19.5000
v -25.5000 0.0000 18.5000
v -26.5000 13.0000 19.5000
v -25.5000 13.0000 19.5000
v -25.5000 13.0000 18.5000
v -25.5000 0.0000 17.5000
v -26.5000 14.0000 18.5000
v -25.5000 14.0000 18.5000
v -25.5000 14.0000 17.5000
v -25.5000 0.0000 16.5000
v -26.5000 15.0000 17.5000
v -25.5000 15.0000 17.5000
v -25.5000 15.0000 16.5000
v -25.5000 0.0000 15.5000
v -26.5000 16.0000 16.5000
v -25.5000 16.0000 16.5000
v -25.5000 16.0000 15.5000
v -25.5000 0.0000 14.5000
v -26.5000 17.0000 15.5000
v -25.5000 17.0000 15.5000
v -25.5000 17.0000 14.5000
v -25.5000 0.0000 13.5000
v -26.5000 18.0000 14.5000
v -26.5000 18.0000 13.5000
v -25.5000 18.0000 14.5000
v -25.5000 18.0000 13.5000
v -25.5000 0.0000 12.5000
v -25.5000 18.0000 12.5000
v -25.5000 0.0000 11.5000
v -26.5000 19.0000 12.5000
v -26.5000 19.0000 11.5000
v -25.5000 19.0000 12.5000
v -25.5000 19.0000 11.5000
v -25.5000 0.0000 10.5000
v -25.5000 19.0000 10.5000
v -25.5000 0.0000 9.5000
v -26.5000 20.0000 10.5000
v -26.5000 20.0000 9.5000
v -25.5000 20.0000 10.5000
v -25.5000 20.0000 9.5000
v -25.5000 0.0000 8.5000
v -26.5000 20.0000 8.5000
v -25.5000 20.0000 8.5000
v -25.5000 0.0000 7.5000
v -26.5000 20.0000 7.5000
v -25.5000 20.0000 7.5000
v -25.5000 0.0000 6.5000
v -26.5000 20.0000 6.5000
v -25.5000 20.0000 6.5000
v -25.5000 0.0000 5.5000
v -26.5000 20.0000 5.5000
v -25.5000 20.0000 5.5000
v -25.5000 19.0000 5.5000
v -25.5000 0.0000 4.5000
v -26.5000 19.0000 4.5000
v -25.5000 19.0000 4.5000
v -25.5000 0.0000 3.5000
v -26.5000 19.0000 3.5000
v -25.5000 19.0000 3.5000
v -25.5000 18.0000 3.5000
v -25.5000 0.0000 2.5000
v -26.5000 18.0000 2.5000
v -25.5000 18.0000 2.5000
v -25.5000 0.0000 1.5000
v -26.5000 18.0000 1.5000
v -25.5000 18.0000 1.5000
v -25.5000 17.0000 1.5000
v -25.5000 0.0000 0.5000
v -26.5000 17.0000 0.5000
v -25.5000 17.0000 0.5000
v -25.5000 16.0000 0.5000
v -25.5000 0.0000 -0.5000
v -26.5000 16.0000 -0.5000
v -25.5000 16.0000 -0.5000
v -25.5000 15.0000 -0.5000
v -25.5000 0.0000 -1.5000
v -26.5000 15.0000 -1.5000
v -25.5000 15.0000 -1.5000
v -25.5000 14.0000 -1.5000
v -25.5000 0.0000 -2.5000
v -26.5000 14.0000 -2.5000
v -25.5000 14.0000 -2.5000
v -25.5000 13.0000 -2.5000
v -25.5000 0.0000 -3.5000
v -26.5000 13.0000 -3.5000
v -25.5000 13.0000 -3.5000
v -25.5000 12.0000 -3.5000
v -25.5000 0.0000 -4.5000
v -26.5000 12.0000 -4.5000
v -25.5000 12.0000 -4.5000
v -25.5000 11.0000 -4.5000
v -25.5000 0.0000 -5.5000
v -26.5000 11.0000 -5.5000
v -25.5000 11.0000 -5.5000
v -25.5000 10.0000 -5.5000
v -25.5000 0.0000 -6.5000
v -26.5000 10.0000 -6.5000
v -25.5000 10.0000 -6.5000
v -25.5000 9.0000 -6.5000
v -25.5000 0.0000 -7.5000
v -26.5000 9.0000 -7.5000
v -25.5000 9.0000 -7.5000
v -25.5000 8.0000 -7.5000
v -25.5000 0.0000 -8.5000
v -25.5000 8.0000 -8.5000
v -25.5000 7.0000 -8.5000
v -25.5000 0.0000 -9.5000
v -25.5000 7.0000 -9.5000
v -25.5000 6.0000 -9.5000
v -25.5000 0.0000 -10.5000
v -25.5000 6.0000 -10.5000
v -25.5000 5.0000 -10.5000
v -25.5000 0.0000 -11.5000
v -25.5000 5.0000 -11.5000
v -25.5000 0.0000 -12.5000
v -26.5000 5.0000 -12.5000
v -25.5000 5.0000 -12.5000
v -25.5000 4.0000 -12.5000
v -25.5000 0.0000 -13.5000
v -25.5000 4.0000 -13.5000
v -25.5000 3.0000 -13.5000
v -25.5000 0.0000 -14.5000
v -25.5000 3.0000 -14.5000
v -25.5000 0.0000 -15.5000
v -25.5000 3.0000 -15.5000
v -25.5000 2.0000 -15.5000
v -25.5000 0.0000 -16.5000
v -25.5000 2.0000 -16.5000
v -25.5000 0.0000 -17.5000
v -25.5000 2.0000 -17.5000
v -25.5000 0.0000 -18.5000
v -26.5000 2.0000 -18.5000
v -25.5000 2.0000 -18.5000
v -25.5000 1.0000 -18.5000
v -25.5000 1.0000 -19.5000
v -25.5000 0.0000 -19.5000
v -25.5000 1.0000 -20.5000
v -25.5000 0.0000 -20.5000
v -25.5000 1.0000 -21.5000
v -25.5000 0.0000 -21.5000
v -24.5000 0.0000 30.5000
v -24.5000 1.0000 30.5000
v -24.5000 0.0000 29.5000
v -24.5000 2.0000 30.5000
v -24.5000 3.0000 30.5000
v -25.5000 4.0000 30.5000
v -24.5000 4.0000 30.5000
v -24.5000 4.0000 29.5000
v -24.5000 0.0000 28.5000
v -24.5000 4.0000 28.5000
v -24.5000 0.0000 27.5000
v -24.5000 5.0000 28.5000
v -24.5000 5.0000 27.5000
v -24.5000 0.0000 26.5000
v -25.5000 6.0000 27.5000
v -24.5000 6.0000 27.5000
v -24.5000 6.0000 26.5000
v -24.5000 0.0000 25.5000
v -25.5000 7.0000 26.5000
v -24.5000 7.0000 26.5000
v -24.5000 7.0000 25.5000
v -24.5000 0.0000 24.5000
v -24.5000 7.0000 24.5000
v -24.5000 0.0000 23.5000
v -24.5000 8.0000 24.5000
v -24.5000 8.0000 23.5000
v -24.5000 0.0000 22.5000
v -24.5000 9.0000 23.5000
v -24.5000 9.0000 22.5000
v -24.5000 0.0000 21.5000
v -24.5000 10.0000 22.5000
v -24.5000 10.0000 21.5000
v -24.5000 0.0000 20.5000
v -24.5000 11.0000 21.5000
v -25.5000 12.0000 21.5000
v -24.5000 12.0000 21.5000
v -24.5000 12.0000 20.5000
v -24.5000 0.0000 19.5000
v -25.5000 13.0000 20.5000
v -24.5000 13.0000 20.5000
v -24.5000 13.0000 19.5000
v -24.5000 0.0000 18.5000
v -25.5000 14.0000 19.5000
v -24.5000 14.0000 19.5000
v -24.5000 14.0000 18.5000
v -24.5000 0.0000 17.5000
v -25.5000 15.0000 18.5000
v -24.5000 15.0000 18.5000
v -24.5000 15.0000 17.5000
v -24.5000 0.0000 16.5000
v -25.5000 16.0000 17.5000
v -24.5000 16.0000 17.5000
v -24.5000 16.0000 16.5000
v -24.5000 0.0000 15.5000
v -25.5000 17.0000 16.5000
v -24.5000 17.0000 16.5000
v -24.5000 17.0000 15.5000
v -24.5000 0.0000 14.5000
v -25.5000 18.0000 15.5000
v -24.5000 18.0000 15.5000
v -24.5000 18.0000 14.5000
v -24.5000 0.0000 13.5000
v -25.5000 19.0000 14.5000
v -25.5000 19.0000 13.5000
v -24.5000 19.0000 14.5000
v -24.5000 19.0000 13.5000
v -24.5000 0.0000 12.5000
v -24.5000 19.0000 12.5000
v -24.5000 0.0000 11.5000
v -25.5000 20.0000 12.5000
v -25.5000 20.0000 11.5000
v -24.5000 20.0000 12.5000
v -24.5000 20.0000 11.5000
v -24.5000 0.0000 10.5000
v -25.5000 21.0000 11.5000
v -25.5000 21.0000 10.5000
v -24.5000 21.0000 11.5000
v -24.5000 21.0000 10.5000
v -24.5000 0.0000 9.5000
v -25.5000 21.0000 9.5000
v -24.5000 21.0000 9.5000
v -24.5000 0.0000 8.5000
v -25.5000 21.0000 8.5000
v -24.5000 21.0000 8.5000
v -24.5000 0.0000 7.5000
v -25.5000 21.0000 7.5000
v -24.5000 21.0000 7.5000
v -24.5000 0.0000 6.5000
v -25.5000 21.0000 6.5000
v -24.5000 21.0000 6.5000
v -24.5000 0.0000 5.5000
v -25.5000 21.0000 5.5000
v -24.5000 21.0000 5.5000
v -24.5000 0.0000 4.5000
v -25.5000 20.0000 4.5000
v -25.5000 21.0000 4.5000
v -24.5000 21.0000 4.5000
v -24.5000 20.0000 4.5000
v -24.5000 0.0000 3.5000
v -25.5000 20.0000 3.5000
v -24.5000 20.0000 3.5000
v -24.5000 19.0000 3.5000
v -24.5000 0.0000 2.5000
v -25.5000 19.0000 2.5000
v -24.5000 19.0000 2.5000
v -24.5000 0.0000 1.5000
v -25.5000 19.0000 1.5000
v -24.5000 19.0000 1.5000
v -24.5000 18.0000 1.5000
v -24.5000 0.0000 0.5000
v -25.5000 18.0000 0.5000
v -24.5000 18.0000 0.5000
v -24.5000 17.0000 0.5000
v -24.5000 0.0000 -0.5000
v -25.5000 17.0000 -0.5000
v -24.5000 17.0000 -0.5000
v -24.5000 16.0000 -0.5000
v -24.5000 0.0000 -1.5000
v -25.5000 16.0000 -1.5000
v -24.5000 16.0000 -1.5000
v -24.5000 15.0000 -1.5000
v -24.5000 0.0000 -2.5000
v -25.5000 15.0000 -2.5000
v -24.5000 15.0000 -2.5000
v -24.5000 14.0000 -2.5000
v -24.5000 0.0000 -3.5000
v -25.5000 14.0000 -3.5000
v -24.5000 14.0000 -3.5000
v -24.5000 13.0000 -3.5000
v -24.5000 0.0000 -4.5000
v -25.5000 13.0000 -4.5000
v -24.5000 13.0000 -4.5000
v -24.5000 12.0000 -4.5000
v -24.5000 0.0000 -5.5000
v -25.5000 12.0000 -5.5000
v -24.5000 12.0000 -5.5000
v -24.5000 11.0000 -5.5000
v -24.5000 0.0000 -6.5000
v -25.5000 11.0000 -6.5000
v -24.5000 11.0000 -6.5000
v -24.5000 10.0000 -6.5000
v -24.5000 0.0000 -7.5000
v -25.5000 10.0000 -7.5000
v -24.5000 10.0000 -7.5000
v -24.5000 9.0000 -7.5000
v -24.5000 0.0000 -8.5000
v -25.5000 9.0000 -8.5000
v -24.5000 9.0000 -8.5000
v -24.5000 8.0000 -8.5000
v -24.5000 0.0000 -9.5000
v -25.5000 8.0000 -9.5000
v -24.5000 8.0000 -9.5000
v -24.5000 7.0000 -9.5000
v -24.5000 0.0000 -10.5000
v -25.5000 7.0000 -10.5000
v -24.5000 7.0000 -10.5000
v -24.5000 6.0000 -10.5000
v -24.5000 0.0000 -11.5000
v -25.5000 6.0000 -11.5000
v -24.5000 6.0000 -11.5000
v -24.5000 5.0000 -11.5000
v -24.5000 0.0000 -12.5000
v -24.5000 5.0000 -12.5000
v -24.5000 4.0000 -12.5000
v -24.5000 0.0000 -13.5000
v -24.5000 4.0000 -13.5000
v -24.5000 0.0000 -14.5000
v -25.5000 4.0000 -14.5000
v -24.5000 4.0000 -14.5000
v -24.5000 3.0000 -14.5000
v -24.5000 0.0000 -15.5000
v -24.5000 3.0000 -15.5000
v -24.5000 2.0000 -15.5000
v -24.5000 0.0000 -16.5000
v -24.5000 2.0000 -16.5000
v -24.5000 0.0000 -17.5000
v -24.5000 2.0000 -17.5000
v -24.5000 0.0000 -18.5000
v -24.5000 2.0000 -18.5000
v -24.5000 1.0000 -18.5000
v -24.5000 1.0000 -19.5000
v -24.5000 0.0000 -19.5000
v -24.5000 1.0000 -20.5000
v -24.5000 0.0000 -20.5000
v -24.5000 1.0000 -21.5000
v -24.5000 0.0000 -21.5000
v -23.5000 0.0000 30.5000
v -23.5000 1.0000 30.5000
v -23.5000 0.0000 29.5000
v -23.5000 2.0000 30.5000
v -23.5000 3.0000 30.5000
v -23.5000 4.0000 30.5000
v -23.5000 4.0000 29.5000
v -23.5000 0.0000 28.5000
v -23.5000 4.0000 28.5000
v -23.5000 0.0000 27.5000
v -23.5000 5.0000 28.5000
v -23.5000 5.0000 27.5000
v -23.5000 0.0000 26.5000
v -23.5000 6.0000 27.5000
v -23.5000 6.0000 26.5000
v -23.5000 0.0000 25.5000
v -23.5000 7.0000 26.5000
v -23.5000 7.0000 25.5000
v -23.5000 0.0000 24.5000
v -24.5000 8.0000 25.5000
v -23.5000 8.0000 25.5000
v -23.5000 8.0000 24.5000
v -23.5000 0.0000 23.5000
v -24.5000 9.0000 24.5000
v -23.5000 9.0000 24.5000
v -23.5000 9.0000 23.5000
v -23.5000 0.0000 22.5000
v -24.5000 10.0000 23.5000
v -23.5000 10.0000 23.5000
v -23.5000 10.0000 22.5000
v -23.5000 0.0000 21.5000
v -24.5000 11.0000 22.5000
v -23.5000 11.0000 22.5000
v -23.5000 11.0000 21.5000
v -23.5000 0.0000 20.5000
v -23.5000 12.0000 21.5000
v -23.5000 12.0000 20.5000
v -23.5000 0.0000 19.5000
v -23.5000 13.0000 20.5000
v -23.5000 13.0000 19.5000
v -23.5000 0.0000 18.5000
v -23.5000 14.0000 19.5000
v -23.5000 14.0000 18.5000
v -23.5000 0.0000 17.5000
v -23.5000 15.0000 18.5000
v -24.5000 16.0000 18.5000
v -23.5000 16.0000 18.5000
v -23.5000 16.0000 17.5000
v -23.5000 0.0000 16.5000
v -24.5000 17.0000 17.5000
v -23.5000 17.0000 17.5000
v -23.5000 17.0000 16.5000
v -23.5000 0.0000 15.5000
v -24.5000 18.0000 16.5000
v -23.5000 18.0000 16.5000
v -23.5000 18.0000 15.5000
v -23.5000 0.0000 14.5000
v -24.5000 19.0000 15.5000
v -23.5000 19.0000 15.5000
v -23.5000 19.0000 14.5000
v -23.5000 0.0000 13.5000
v -24.5000 20.0000 14.5000
v -24.5000 20.0000 13.5000
v -23.5000 20.0000 14.5000
v -23.5000 20.0000 13.5000
v -23.5000 0.0000 12.5000
v -23.5000 20.0000 12.5000
v -23.5000 0.0000 11.5000
v -24.5000 21.0000 12.5000
v -23.5000 21.0000 12.5000
v -23.5000 21.0000 11.5000
v -23.5000 0.0000 10.5000
v -24.5000 22.0000 11.5000
v -24.5000 22.0000 10.5000
v -23.5000 22.0000 11.5000
v -23.5000 22.0000 10.5000
v -23.5000 0.0000 9.5000
v -24.5000 22.0000 9.5000
v -23.5000 22.0000 9.5000
v -23.5000 0.0000 8.5000
v -24.5000 22.0000 8.5000
v -23.5000 22.0000 8.5000
v -23.5000 0.0000 7.5000
v -24.5000 22.0000 7.5000
v -23.5000 22.0000 7.5000
v -23.5000 0.0000 6.5000
v -24.5000 22.0000 6.5000
v -23.5000 22.0000 6.5000
v -23.5000 0.0000 5.5000
v -24.5000 22.0000 5.5000
v -23.5000 22.0000 5.5000
v -23.5000 0.0000 4.5000
v -24.5000 22.0000 4.5000
v -23.5000 22.0000 4.5000
v -23.5000 21.0000 4.5000
v -23.5000 0.0000 3.5000
v -24.5000 21.0000 3.5000
v -23.5000 21.0000 3.5000
v -23.5000 20.0000 3.5000
v -23.5000 0.0000 2.5000
v -24.5000 20.0000 2.5000
v -23.5000 20.0000 2.5000
v -23.5000 0.0000 1.5000
v -24.5000 20.0000 1.5000
v -23.5000 20.0000 1.5000
v -23.5000 19.0000 1.5000
v -23.5000 0.0000 0.5000
v -24.5000 19.0000 0.5000
v -23.5000 19.0000 0.5000
v -23.5000 18.0000 0.5000
v -23.5000 0.0000 -0.5000
v -24.5000 18.0000 -0.5000
v -23.5000 18.0000 -0.5000
v -23.5000 17.0000 -0.5000
v -23.5000 0.0000 -1.5000
v -24.5000 17.0000 -1.5000
v -23.5000 17.0000 -1.5000
v -23.5000 16.0000 -1.5000
v -23.5000 0.0000 -2.5000
v -24.5000 16.0000 -2.5000
v -23.5000 16.0000 -2.5000
v -23.5000 15.0000 -2.5000
v -23.5000 0.0000 -3.5000
v -23.5000 14.0000 -3.5000
v -23.5000 13.0000 -3.5000
v -24.5000 15.0000 -3.5000
v -23.5000 15.0000 -3.5000
v -23.5000 0.0000 -4.5000
v -23.5000 13.0000 -4.5000
v -23.5000 12.0000 -4.5000
v -23.5000 0.0000 -5.5000
v -23.5000 12.0000 -5.5000
v -23.5000 11.0000 -5.5000
v -23.5000 0.0000 -6.5000
v -23.5000 11.0000 -6.5000
v -23.5000 10.0000 -6.5000
v -23.5000 0.0000 -7.5000
v -23.5000 10.0000 -7.5000
v -23.5000 9.0000 -7.5000
v -23.5000 0.0000 -8.5000
v -23.5000 9.0000 -8.5000
v -23.5000 8.0000 -8.5000
v -23.5000 0.0000 -9.5000
v -23.5000 8.0000 -9.5000
v -23.5000 7.0000 -9.5000
v -23.5000 0.0000 -10.5000
v -23.5000 7.0000 -10.5000
v -23.5000 6.0000 -10.5000
v -23.5000 0.0000 -11.5000
v -23.5000 6.0000 -11.5000
v -23.5000 5.0000 -11.5000
v -23.5000 0.0000 -12.5000
v -23.5000 5.0000 -12.5000
v -23.5000 0.0000 -13.5000
v -24.5000 5.0000 -13.5000
v -23.5000 5.0000 -13.5000
v -23.5000 4.0000 -13.5000
v -23.5000 0.0000 -14.5000
v -23.5000 4.0000 -14.5000
v -23.5000 3.0000 -14.5000
v -23.5000 0.0000 -15.5000
v -23.5000 3.0000 -15.5000
v -23.5000 0.0000 -16.5000
v -24.5000 3.0000 -16.5000
v -23.5000 3.0000 -16.5000
v -23.5000 2.0000 -16.5000
v -23.5000 0.0000 -17.5000
v -23.5000 2.0000 -17.5000
v -23.5000 0.0000 -18.5000
v -23.5000 2.0000 -18.5000
v -23.5000 1.0000 -18.5000
v -23.5000 1.0000 -19.5000
v -23.5000 0.0000 -19.5000
v -23.5000 1.0000 -20.5000
v -23.5000 0.0000 -20.5000
v -23.5000 1.0000 -21.5000
v -23.5000 0.0000 -21.5000
v -24.5000 1.0000 -22.5000
v -24.5000 0.0000 -22.5000
v -23.5000 1.0000 -22.5000
v -23.5000 0.0000 -22.5000
v -22.5000 0.0000 30.5000
v -22.5000 1.0000 30.5000
v -22.5000 0.0000 29.5000
v -22.5000 2.0000 30.5000
v -22.5000 3.0000 30.5000
v -22.5000 4.0000 30.5000
v -22.5000 4.0000 29.5000
v -22.5000 0.0000 28.5000
v -23.5000 5.0000 29.5000
v -22.5000 5.0000 29.5000
v -22.5000 5.0000 28.5000
v -22.5000 0.0000 27.5000
v -22.5000 5.0000 27.5000
v -22.5000 0.0000 26.5000
v -22.5000 6.0000 27.5000
v -22.5000 6.0000 26.5000
v -22.5000 0.0000 25.5000
v -22.5000 7.0000 26.5000
v -22.5000 7.0000 25.5000
v -22.5000 0.0000 24.5000
v -22.5000 8.0000 25.5000
v -22.5000 8.0000 24.5000
v -22.5000 0.0000 23.5000
v -22.5000 9.0000 24.5000
v -22.5000 9.0000 23.5000
v -22.5000 0.0000 22.5000
v -22.5000 10.0000 23.5000
v -22.5000 10.0000 22.5000
v -22.5000 0.0000 21.5000
v -22.5000 11.0000 22.5000
v -23.5000 12.0000 22.5000
v -22.5000 12.0000 22.5000
v -22.5000 12.0000 21.5000
v -22.5000 0.0000 20.5000
v -23.5000 13.0000 21.5000
v -22.5000 13.0000 21.5000
v -22.5000 13.0000 20.5000
v -22.5000 0.0000 19.5000
v -23.5000 14.0000 20.5000
v -22.5000 14.0000 20.5000
v -22.5000 14.0000 19.5000
v -22.5000 0.0000 18.5000
v -23.5000 15.0000 19.5000
v -22.5000 15.0000 19.5000
v -22.5000 15.0000 18.5000
v -22.5000 0.0000 17.5000
v -22.5000 16.0000 18.5000
v -22.5000 16.0000 17.5000
v -22.5000 0.0000 16.5000
v -22.5000 17.0000 17.5000
v -22.5000 17.0000 16.5000
v -22.5000 0.0000 15.5000
v -22.5000 18.0000 16.5000
v -23.5000 19.0000 16.5000
v -22.5000 19.0000 16.5000
v -22.5000 19.0000 15.5000
v -22.5000 0.0000 14.5000
v -23.5000 20.0000 15.5000
v -22.5000 20.0000 15.5000
v -22.5000 20.0000 14.5000
v -22.5000 0.0000 13.5000
v -23.5000 21.0000 14.5000
v -23.5000 21.0000 13.5000
v -22.5000 21.0000 14.5000
v -22.5000 21.0000 13.5000
v -22.5000 0.0000 12.5000
v -22.5000 21.0000 12.5000
v -22.5000 0.0000 11.5000
v -23.5000 22.0000 12.5000
v -22.5000 22.0000 12.5000
v -22.5000 22.0000 11.5000
v -22.5000 0.0000 10.5000
v -23.5000 23.0000 11.5000
v -23.5000 23.0000 10.5000
v -22.5000 23.0000 11.5000
v -22.5000 23.0000 10.5000
v -22.5000 0.0000 9.5000
v -23.5000 23.0000 9.5000
v -22.5000 23.0000 9.5000
v -22.5000 0.0000 8.5000
v -23.5000 23.0000 8.5000
v -22.5000 23.0000 8.5000
v -22.5000 0.0000 7.5000
v -23.5000 23.0000 7.5000
v -22.5000 23.0000 7.5000
v -22.5000 0.0000 6.5000
v -23.5000 23.0000 6.5000
v -22.5000 23.0000 6.5000
v -22.5000 0.0000 5.5000
v -23.5000 23.0000 5.5000
v -22.5000 23.0000 5.5000
v -22.5000 0.0000 4.5000
v -23.5000 23.0000 4.5000
v -22.5000 23.0000 4.5000
v -22.5000 22.0000 4.5000
v -22.5000 0.0000 3.5000
v -23.5000 22.0000 3.5000
v -22.5000 22.0000 3.5000
v -22.5000 21.0000 3.5000
v -22.5000 0.0000 2.5000
v -23.5000 21.0000 2.5000
v -22.5000 21.0000 2.5000
v -22.5000 0.0000 1.5000
v -23.5000 21.0000 1.5000
v -22.5000 21.0000 1.5000
v -22.5000 20.0000 1.5000
v -22.5000 0.0000 0.5000
v -23.5000 20.0000 0.5000
v -22.5000 20.0000 0.5000
v -22.5000 19.0000 0.5000
v -22.5000 0.0000 -0.5000
v -23.5000 19.0000 -0.5000
v -22.5000 19.0000 -0.5000
v -22.5000 18.0000 -0.5000
v -22.5000 0.0000 -1.5000
v -22.5000 17.0000 -1.5000
v -22.5000 16.0000 -1.5000
v -23.5000 18.0000 -1.5000
v -22.5000 18.0000 -1.5000
v -22.5000 0.0000 -2.5000
v -22.5000 16.0000 -2.5000
v -22.5000 15.0000 -2.5000
v -22.5000 0.0000 -3.5000
v -22.5000 15.0000 -3.5000
v -22.5000 14.0000 -3.5000
v -22.5000 0.0000 -4.5000
v -23.5000 14.0000 -4.5000
v -22.5000 14.0000 -4.5000
v -22.5000 13.0000 -4.5000
v -22.5000 0.0000 -5.5000
v -23.5000 13.0000 -5.5000
v -22.5000 13.0000 -5.5000
v -22.5000 12.0000 -5.5000
v -22.5000 0.0000 -6.5000
v -23.5000 12.0000 -6.5000
v -22.5000 12.0000 -6.5000
v -22.5000 11.0000 -6.5000
v -22.5000 0.0000 -7.5000
v -22.5000 10.0000 -7.5000
v -22.5000 9.0000 -7.5000
v -23.5000 11.0000 -7.5000
v -22.5000 11.0000 -7.5000
v -22.5000 0.0000 -8.5000
v -22.5000 9.0000 -8.5000
v -22.5000 8.0000 -8.5000
v -22.5000 0.0000 -9.5000
v -22.5000 8.0000 -9.5000
v -22.5000 7.0000 -9.5000
v -22.5000 0.0000 -10.5000
v -22.5000 7.0000 -10.5000
v -22.5000 6.0000 -10.5000
v -22.5000 0.0000 -11.5000
v -22.5000 6.0000 -11.5000
v -22.5000 0.0000 -12.5000
v -23.5000 6.0000 -12.5000
v -22.5000 6.0000 -12.5000
v -22.5000 5.0000 -12.5000
v -22.5000 0.0000 -13.5000
v -22.5000 5.0000 -13.5000
v -22.5000 4.0000 -13.5000
v -22.5000 0.0000 -14.5000
v -22.5000 4.0000 -14.5000
v -22.5000 3.0000 -14.5000
v -22.5000 0.0000 -15.5000
v -22.5000 3.0000 -15.5000
v -22.5000 0.0000 -16.5000
v -22.5000 3.0000 -16.5000
v -22.5000 2.0000 -16.5000
v -22.5000 0.0000 -17.5000
v -22.5000 2.0000 -17.5000
v -22.5000 0.0000 -18.5000
v -22.5000 2.0000 -18.5000
v -22.5000 1.0000 -18.5000
v -22.5000 1.0000 -19.5000
v -22.5000 0.0000 -19.5000
v -22.5000 1.0000 -20.5000
v -22.5000 0.0000 -20.5000
v -22.5000 1.0000 -21.5000
v -22.5000 0.0000 -21.5000
v -22.5000 1.0000 -22.5000
v -22.5000 0.0000 -22.5000
v -21.5000 0.0000 30.5000
v -21.5000 1.0000 30.5000
v -21.5000 0.0000 29.5000
v -21.5000 2.0000 30.5000
v -21.5000 3.0000 30.5000
v -21.5000 4.0000 30.5000
v -21.5000 4.0000 29.5000
v -21.5000 0.0000 28.5000
v -21.5000 5.0000 29.5000
v -21.5000 5.0000 28.5000
v -21.5000 0.0000 27.5000
v -22.5000 6.0000 28.5000
v -21.5000 6.0000 28.5000
v -21.5000 6.0000 27.5000
v -21.5000 0.0000 26.5000
v -22.5000 7.0000 27.5000
v -21.5000 7.0000 27.5000
v -21.5000 7.0000 26.5000
v -21.5000 0.0000 25.5000
v -22.5000 8.0000 26.5000
v -21.5000 8.0000 26.5000
v -21.5000 8.0000 25.5000
v -21.5000 0.0000 24.5000
v -22.5000 9.0000 25.5000
v -21.5000 9.0000 25.5000
v -21.5000 9.0000 24.5000
v -21.5000 0.0000 23.5000
v -22.5000 10.0000 24.5000
v -21.5000 10.0000 24.5000
v -21.5000 10.0000 23.5000
v -21.5000 0.0000 22.5000
v -22.5000 11.0000 23.5000
v -21.5000 11.0000 23.5000
v -21.5000 11.0000 22.5000
v -21.5000 0.0000 21.5000
v -21.5000 12.0000 22.5000
v -21.5000 12.0000 21.5000
v -21.5000 0.0000 20.5000
v -21.5000 13.0000 21.5000
v -21.5000 13.0000 20.5000
v -21.5000 0.0000 19.5000
v -21.5000 14.0000 20.5000
v -21.5000 14.0000 19.5000
v -21.5000 0.0000 18.5000
v -21.5000 15.0000 19.5000
v -22.5000 16.0000 19.5000
v -21.5000 16.0000 19.5000
v -21.5000 16.0000 18.5000
v -21.5000 0.0000 17.5000
v -22.5000 17.0000 18.5000
v -21.5000 17.0000 18.5000
v -21.5000 17.0000 17.5000
v -21.5000 0.0000 16.5000
v -22.5000 18.0000 17.5000
v -21.5000 18.0000 17.5000
v -21.5000 18.0000 16.5000
v -21.5000 0.0000 15.5000
v -21.5000 19.0000 16.5000
v -21.5000 19.0000 15.5000
v -21.5000 0.0000 14.5000
v -21.5000 20.0000 15.5000
v -21.5000 20.0000 14.5000
v -21.5000 0.0000 13.5000
v -21.5000 21.0000 14.5000
v -21.5000 21.0000 13.5000
v -21.5000 0.0000 12.5000
v -22.5000 22.0000 13.5000
v -21.5000 22.0000 13.5000
v -21.5000 22.0000 12.5000
v -21.5000 0.0000 11.5000
v -22.5000 23.0000 12.5000
v -21.5000 23.0000 12.5000
v -21.5000 23.0000 11.5000
v -21.5000 0.0000 10.5000
v -21.5000 23.0000 10.5000
v -21.5000 0.0000 9.5000
v -22.5000 24.0000 10.5000
v -22.5000 24.0000 9.5000
v -21.5000 24.0000 10.5000
v -21.5000 24.0000 9.5000
v -21.5000 0.0000 8.5000
v -22.5000 24.0000 8.5000
v -21.5000 24.0000 8.5000
v -21.5000 0.0000 7.5000
v -22.5000 24.0000 7.5000
v -21.5000 24.0000 7.5000
v -21.5000 0.0000 6.5000
v -22.5000 24.0000 6.5000
v -21.5000 24.0000 6.5000
v -21.5000 0.0000 5.5000
v -22.5000 24.0000 5.5000
v -21.5000 24.0000 5.5000
v -21.5000 0.0000 4.5000
v -22.5000 24.0000 4.5000
v -21.5000 24.0000 4.5000
v -21.5000 23.0000 4.5000
v -21.5000 0.0000 3.5000
v -22.5000 23.0000 3.5000
v -21.5000 23.0000 3.5000
v -21.5000 22.0000 3.5000
v -21.5000 0.0000 2.5000
v -22.5000 22.0000 2.5000
v -21.5000 22.0000 2.5000
v -21.5000 21.0000 2.5000
v -21.5000 0.0000 1.5000
v -21.5000 21.0000 1.5000
v -21.5000 20.0000 1.5000
v -21.5000 0.0000 0.5000
v -21.5000 20.0000 0.5000
v -21.5000 19.0000 0.5000
v -21.5000 0.0000 -0.5000
v -21.5000 19.0000 -0.5000
v -21.5000 18.0000 -0.5000
v -21.5000 0.0000 -1.5000
v -21.5000 18.0000 -1.5000
v -21.5000 17.0000 -1.5000
v -21.5000 0.0000 -2.5000
v -22.5000 17.0000 -2.5000
v -21.5000 17.0000 -2.5000
v -21.5000 16.0000 -2.5000
v -21.5000 0.0000 -3.5000
v -22.5000 16.0000 -3.5000
v -21.5000 16.0000 -3.5000
v -21.5000 15.0000 -3.5000
v -21.5000 0.0000 -4.5000
v -21.5000 14.0000 -4.5000
v -21.5000 13.0000 -4.5000
v -22.5000 15.0000 -4.5000
v -21.5000 15.0000 -4.5000
v -21.5000 0.0000 -5.5000
v -21.5000 13.0000 -5.5000
v -21.5000 12.0000 -5.5000
v -21.5000 0.0000 -6.5000
v -21.5000 12.0000 -6.5000
v -21.5000 11.0000 -6.5000
v -21.5000 0.0000 -7.5000
v -21.5000 11.0000 -7.5000
v -21.5000 10.0000 -7.5000
v -21.5000 0.0000 -8.5000
v -22.5000 10.0000 -8.5000
v -21.5000 10.0000 -8.5000
v -21.5000 9.0000 -8.5000
v -21.5000 0.0000 -9.5000
v -22.5000 9.0000 -9.5000
v -21.5000 9.0000 -9.5000
v -21.5000 8.0000 -9.5000
v -21.5000 0.0000 -10.5000
v -22.5000 8.0000 -10.5000
v -21.5000 8.0000 -10.5000
v -21.5000 7.0000 -10.5000
v -21.5000 0.0000 -11.5000
v -22.5000 7.0000 -11.5000
v -21.5000 7.0000 -11.5000
v -21.5000 6.0000 -11.5000
v -21.5000 0.0000 -12.5000
v -21.5000 6.0000 -12.5000
v -21.5000 5.0000 -12.5000
v -21.5000 0.0000 -13.5000
v -21.5000 5.0000 -13.5000
v -21.5000 4.0000 -13.5000
v -21.5000 0.0000 -14.5000
v -21.5000 4.0000 -14.5000
v -21.5000 0.0000 -15.5000
v -22.5000 4.0000 -15.5000
v -21.5000 4.0000 -15.5000
v -21.5000 3.0000 -15.5000
v -21.5000 0.0000 -16.5000
v -21.5000 3.0000 -16.5000
v -21.5000 2.0000 -16.5000
v -21.5000 0.0000 -17.5000
v -21.5000 2.0000 -17.5000
v -21.5000 0.0000 -18.5000
v -21.5000 2.0000 -18.5000
v -21.5000 0.0000 -19.5000
v -22.5000 2.0000 -19.5000
v -21.5000 2.0000 -19.5000
v -21.5000 1.0000 -19.5000
v -21.5000 1.0000 -20.5000
v -21.5000 0.0000 -20.5000
v -21.5000 1.0000 -21.5000
v -21.5000 0.0000 -21.5000
v -21.5000 1.0000 -22.5000
v -21.5000 0.0000 -22.5000
v -20.5000 0.0000 30.5000
v -20.5000 1.0000 30.5000
v -20.5000 0.0000 29.5000
v -20.5000 2.0000 30.5000
v -20.5000 3.0000 30.5000
v -20.5000 4.0000 30.5000
v -20.5000 4.0000 29.5000
v -20.5000 0.0000 28.5000
v -20.5000 5.0000 29.5000
v -20.5000 5.0000 28.5000
v -20.5000 0.0000 27.5000
v -20.5000 6.0000 28.5000
v -20.5000 6.0000 27.5000
v -20.5000 0.0000 26.5000
v -20.5000 7.0000 27.5000
v -20.5000 7.0000 26.5000
v -20.5000 0.0000 25.5000
v -20.5000 8.0000 26.5000
v -20.5000 8.0000 25.5000
v -20.5000 0.0000 24.5000
v -20.5000 9.0000 25.5000
v -20.5000 9.0000 24.5000
v -20.5000 0.0000 23.5000
v -20.5000 10.0000 24.5000
v -20.5000 10.0000 23.5000
v -20.5000 0.0000 22.5000
v -20.5000 11.0000 23.5000
v -20.5000 11.0000 22.5000
v -20.5000 0.0000 21.5000
v -20.5000 12.0000 22.5000
v -20.5000 12.0000 21.5000
v -20.5000 0.0000 20.5000
v -20.5000 13.0000 21.5000
v -21.5000 14.0000 21.5000
v -20.5000 14.0000 21.5000
v -20.5000 14.0000 20.5000
v -20.5000 0.0000 19.5000
v -21.5000 15.0000 20.5000
v -20.5000 15.0000 20.5000
v -20.5000 15.0000 19.5000
v -20.5000 0.0000 18.5000
v -20.5000 16.0000 19.5000
v -20.5000 16.0000 18.5000
v -20.5000 0.0000 17.5000
v -20.5000 17.0000 18.5000
v -21.5000 18.0000 18.5000
v -20.5000 18.0000 18.5000
v -20.5000 18.0000 17.5000
v -20.5000 0.0000 16.5000
v -21.5000 19.0000 17.5000
v -20.5000 19.0000 17.5000
v -20.5000 19.0000 16.5000
v -20.5000 0.0000 15.5000
v -21.5000 20.0000 16.5000
v -20.5000 20.0000 16.5000
v -20.5000 20.0000 15.5000
v -20.5000 0.0000 14.5000
v -21.5000 21.0000 15.5000
v -20.5000 21.0000 15.5000
v -20.5000 21.0000 14.5000
v -20.5000 0.0000 13.5000
v -21.5000 22.0000 14.5000
v -20.5000 22.0000 14.5000
v -20.5000 22.0000 13.5000
v -20.5000 0.0000 12.5000
v -21.5000 23.0000 13.5000
v -20.5000 23.0000 13.5000
v -20.5000 23.0000 12.5000
v -20.5000 0.0000 11.5000
v -21.5000 24.0000 12.5000
v -21.5000 24.0000 11.5000
v -20.5000 24.0000 12.5000
v -20.5000 24.0000 11.5000
v -20.5000 0.0000 10.5000
v -20.5000 24.0000 10.5000
v -20.5000 0.0000 9.5000
v -21.5000 25.0000 10.5000
v -21.5000 25.0000 9.5000
v -20.5000 25.0000 10.5000
v -20.5000 25.0000 9.5000
v -20.5000 0.0000 8.5000
v -21.5000 25.0000 8.5000
v -20.5000 25.0000 8.5000
v -20.5000 0.0000 7.5000
v -21.5000 25.0000 7.5000
v -20.5000 25.0000 7.5000
v -20.5000 0.0000 6.5000
v -21.5000 25.0000 6.5000
v -20.5000 25.0000 6.5000
v -20.5000 0.0000 5.5000
v -21.5000 25.0000 5.5000
v -20.5000 25.0000 5.5000
v -20.5000 24.0000 5.5000
v -20.5000 0.0000 4.5000
v -20.5000 24.0000 4.5000
v -20.5000 0.0000 3.5000
v -21.5000 24.0000 3.5000
v -20.5000 24.0000 3.5000
v -20.5000 23.0000 3.5000
v -20.5000 0.0000 2.5000
v -21.5000 23.0000 2.5000
v -20.5000 23.0000 2.5000
v -20.5000 22.0000 2.5000
v -20.5000 0.0000 1.5000
v -21.5000 22.0000 1.5000
v -20.5000 22.0000 1.5000
v -20.5000 21.0000 1.5000
v -20.5000 0.0000 0.5000
v -21.5000 21.0000 0.5000
v -20.5000 21.0000 0.5000
v -20.5000 20.0000 0.5000
v -20.5000 0.0000 -0.5000
v -21.5000 20.0000 -0.5000
v -20.5000 20.0000 -0.5000
v -20.5000 19.0000 -0.5000
v -20.5000 0.0000 -1.5000
v -21.5000 19.0000 -1.5000
v -20.5000 19.0000 -1.5000
v -20.5000 18.0000 -1.5000
v -20.5000 0.0000 -2.5000
v -20.5000 17.0000 -2.5000
v -20.5000 16.0000 -2.5000
v -21.5000 18.0000 -2.5000
v -20.5000 18.0000 -2.5000
v -20.5000 0.0000 -3.5000
v -20.5000 16.0000 -3.5000
v -20.5000 15.0000 -3.5000
v -20.5000 0.0000 -4.5000
v -20.5000 15.0000 -4.5000
v -20.5000 14.0000 -4.5000
v -20.5000 0.0000 -5.5000
v -21.5000 14.0000 -5.5000
v -20.5000 14.0000 -5.5000
v -20.5000 13.0000 -5.5000
v -20.5000 0.0000 -6.5000
v -20.5000 12.0000 -6.5000
v -20.5000 11.0000 -6.5000
v -21.5000 13.0000 -6.5000
v -20.5000 13.0000 -6.5000
v -20.5000 0.0000 -7.5000
v -20.5000 11.0000 -7.5000
v -20.5000 10.0000 -7.5000
v -20.5000 0.0000 -8.5000
v -20.5000 10.0000 -8.5000
v -20.5000 9.0000 -8.5000
v -20.5000 0.0000 -9.5000
v -20.5000 9.0000 -9.5000
v -20.5000 8.0000 -9.5000
v -20.5000 0.0000 -10.5000
v -20.5000 8.0000 -10.5000
v -20.5000 7.0000 -10.5000
v -20.5000 0.0000 -11.5000
v -20.5000 7.0000 -11.5000
v -20.5000 6.0000 -11.5000
v -20.5000 0.0000 -12.5000
v -20.5000 6.0000 -12.5000
v -20.5000 5.0000 -12.5000
v -20.5000 0.0000 -13.5000
v -20.5000 5.0000 -13.5000
v -20.5000 4.0000 -13.5000
v -20.5000 0.0000 -14.5000
v -20.5000 4.0000 -14.5000
v -20.5000 0.0000 -15.5000
v -20.5000 4.0000 -15.5000
v -20.5000 3.0000 -15.5000
v -20.5000 0.0000 -16.5000
v -20.5000 3.0000 -16.5000
v -20.5000 0.0000 -17.5000
v -21.5000 3.0000 -17.5000
v -20.5000 3.0000 -17.5000
v -20.5000 2.0000 -17.5000
v -20.5000 0.0000 -18.5000
v -20.5000 2.0000 -18.5000
v -20.5000 0.0000 -19.5000
v -20.5000 2.0000 -19.5000
v -20.5000 1.0000 -19.5000
v -20.5000 1.0000 -20.5000
v -20.5000 0.0000 -20.5000
v -20.5000 1.0000 -21.5000
v -20.5000 0.0000 -21.5000
v -20.5000 1.0000 -22.5000
v -20.5000 0.0000 -22.5000
v -19.5000 0.0000 30.5000
v -19.5000 1.0000 30.5000
v -19.5000 0.0000 29.5000
v -19.5000 2.0000 30.5000
v -19.5000 3.0000 30.5000
v -19.5000 4.0000 30.5000
v -19.5000 4.0000 29.5000
v -19.5000 0.0000 28.5000
v -19.5000 5.0000 29.5000
v -19.5000 5.0000 28.5000
v -19.5000 0.0000 27.5000
v -19.5000 6.0000 28.5000
v -19.5000 6.0000 27.5000
v -19.5000 0.0000 26.5000
v -19.5000 7.0000 27.5000
v -19.5000 7.0000 26.5000
v -19.5000 0.0000 25.5000
v -19.5000 8.0000 26.5000
v -19.5000 8.0000 25.5000
v -19.5000 0.0000 24.5000
v -19.5000 9.0000 25.5000
v -19.5000 9.0000 24.5000
v -19.5000 0.0000 23.5000
v -19.5000 10.0000 24.5000
v -19.5000 10.0000 23.5000
v -19.5000 0.0000 22.5000
v -19.5000 11.0000 23.5000
v -20.5000 12.0000 23.5000
v -19.5000 12.0000 23.5000
v -19.5000 12.0000 22.5000
v -19.5000 0.0000 21.5000
v -20.5000 13.0000 22.5000
v -19.5000 13.0000 22.5000
v -19.5000 13.0000 21.5000
v -19.5000 0.0000 20.5000
v -19.5000 14.0000 21.5000
v -19.5000 14.0000 20.5000
v -19.5000 0.0000 19.5000
v -19.5000 15.0000 20.5000
v -19.5000 15.0000 19.5000
v -19.5000 0.0000 18.5000
v -19.5000 16.0000 19.5000
v -20.5000 17.0000 19.5000
v -19.5000 17.0000 19.5000
v -19.5000 17.0000 18.5000
v -19.5000 0.0000 17.5000
v -19.5000 18.0000 18.5000
v -19.5000 18.0000 17.5000
v -19.5000 0.0000 16.5000
v -19.5000 19.0000 17.5000
v -19.5000 19.0000 16.5000
v -19.5000 0.0000 15.5000
v -19.5000 20.0000 16.5000
v -20.5000 21.0000 16.5000
v -19.5000 21.0000 16.5000
v -19.5000 21.0000 15.5000
v -19.5000 0.0000 14.5000
v -20.5000 22.0000 15.5000
v -19.5000 22.0000 15.5000
v -19.5000 22.0000 14.5000
v -19.5000 0.0000 13.5000
v -20.5000 23.0000 14.5000
v -19.5000 23.0000 14.5000
v -19.5000 23.0000 13.5000
v -19.5000 0.0000 12.5000
v -20.5000 24.0000 13.5000
v -19.5000 24.0000 13.5000
v -19.5000 24.0000 12.5000
v -19.5000 0.0000 11.5000
v -19.5000 24.0000 11.5000
v -19.5000 0.0000 10.5000
v -20.5000 25.0000 11.5000
v -19.5000 25.0000 11.5000
v -19.5000 25.0000 10.5000
v -19.5000 0.0000 9.5000
v -19.5000 25.0000 9.5000
v -19.5000 0.0000 8.5000
v -20.5000 26.0000 9.5000
v -20.5000 26.0000 8.5000
v -19.5000 26.0000 9.5000
v -19.5000 26.0000 8.5000
v -19.5000 0.0000 7.5000
v -20.5000 26.0000 7.5000
v -19.5000 26.0000 7.5000
v -19.5000 0.0000 6.5000
v -20.5000 26.0000 6.5000
v -19.5000 26.0000 6.5000
v -19.5000 0.0000 5.5000
v -20.5000 26.0000 5.5000
v -19.5000 26.0000 5.5000
v -19.5000 25.0000 5.5000
v -19.5000 0.0000 4.5000
v -20.5000 25.0000 4.5000
v -19.5000 25.0000 4.5000
v -19.5000 0.0000 3.5000
v -20.5000 25.0000 3.5000
v -19.5000 25.0000 3.5000
v -19.5000 24.0000 3.5000
v -19.5000 0.0000 2.5000
v -20.5000 24.0000 2.5000
v -19.5000 24.0000 2.5000
v -19.5000 23.0000 2.5000
v -19.5000 0.0000 1.5000
v -20.5000 23.0000 1.5000
v -19.5000 23.0000 1.5000
v -19.5000 22.0000 1.5000
v -19.5000 0.0000 0.5000
v -20.5000 22.0000 0.5000
v -19.5000 22.0000 0.5000
v -19.5000 21.0000 0.5000
v -19.5000 0.0000 -0.5000
v -20.5000 21.0000 -0.5000
v -19.5000 21.0000 -0.5000
v -19.5000 20.0000 -0.5000
v -19.5000 0.0000 -1.5000
v -19.5000 19.0000 -1.5000
v -19.5000 18.0000 -1.5000
v -20.5000 20.0000 -1.5000
v -19.5000 20.0000 -1.5000
v -19.5000 0.0000 -2.5000
v -19.5000 18.0000 -2.5000
v -19.5000 17.0000 -2.5000
v -19.5000 0.0000 -3.5000
v -20.5000 17.0000 -3.5000
v -19.5000 17.0000 -3.5000
v -19.5000 16.0000 -3.5000
v -19.5000 0.0000 -4.5000
v -19.5000 15.0000 -4.5000
v -19.5000 14.0000 -4.5000
v -20.5000 16.0000 -4.5000
v -19.5000 16.0000 -4.5000
v -19.5000 0.0000 -5.5000
v -19.5000 14.0000 -5.5000
v -19.5000 13.0000 -5.5000
v -19.5000 0.0000 -6.5000
v -19.5000 13.0000 -6.5000
v -19.5000 12.0000 -6.5000
v -19.5000 0.0000 -7.5000
v -20.5000 12.0000 -7.5000
v -19.5000 12.0000 -7.5000
v -19.5000 11.0000 -7.5000
v -19.5000 0.0000 -8.5000
v -19.5000 10.0000 -8.5000
v -19.5000 9.0000 -8.5000
v -20.5000 11.0000 -8.5000
v -19.5000 11.0000 -8.5000
v -19.5000 0.0000 -9.5000
v -19.5000 9.0000 -9.5000
v -19.5000 8.0000 -9.5000
v -19.5000 0.0000 -10.5000
v -19.5000 8.0000 -10.5000
v -19.5000 7.0000 -10.5000
v -19.5000 0.0000 -11.5000
v -19.5000 7.0000 -11.5000
v -19.5000 6.0000 -11.5000
v -19.5000 0.0000 -12.5000
v -19.5000 6.0000 -12.5000
v -19.5000 5.0000 -12.5000
v -19.5000 0.0000 -13.5000
v -19.5000 5.0000 -13.5000
v -19.5000 0.0000 -14.5000
v -20.5000 5.0000 -14.5000
v -19.5000 5.0000 -14.5000
v -19.5000 4.0000 -14.5000
v -19.5000 0.0000 -15.5000
v -19.5000 4.0000 -15.5000
v -19.5000 3.0000 -15.5000
v -19.5000 0.0000 -16.5000
v -19.5000 3.0000 -16.5000
v -19.5000 0.0000 -17.5000
v -19.5000 3.0000 -17.5000
v -19.5000 2.0000 -17.5000
v -19.5000 0.0000 -18.5000
v -19.5000 2.0000 -18.5000
v -19.5000 0.0000 -19.5000
v -19.5000 2.0000 -19.5000
v -19.5000 1.0000 -19.5000
v -19.5000 1.0000 -20.5000
v -19.5000 0.0000 -20.5000
v -19.5000 1.0000 -21.5000
v -19.5000 0.0000 -21.5000
v -19.5000 1.0000 -22.5000
v -19.5000 0.0000 -22.5000
v -20.5000 1.0000 -23.5000
v -20.5000 0.0000 -23.5000
v -19.5000 1.0000 -23.5000
v -19.5000 0.0000 -23.5000
v -18.5000 0.0000 30.5000
v -18.5000 1.0000 30.5000
v -18.5000 0.0000 29.5000
v -18.5000 2.0000 30.5000
v -18.5000 3.0000 30.5000
v -18.5000 4.0000 30.5000
v -19.5000 5.0000 30.5000
v -18.5000 5.0000 30.5000
v -18.5000 5.0000 29.5000
v -18.5000 0.0000 28.5000
v -18.5000 5.0000 28.5000
v -18.5000 0.0000 27.5000
v -18.5000 6.0000 28.5000
v -18.5000 6.0000 27.5000
v -18.5000 0.0000 26.5000
v -18.5000 7.0000 27.5000
v -18.5000 7.0000 26.5000
v -18.5000 0.0000 25.5000
v -18.5000 8.0000 26.5000
v -18.5000 8.0000 25.5000
v -18.5000 0.0000 24.5000
v -18.5000 9.0000 25.5000
v -18.5000 9.0000 24.5000
v -18.5000 0.0000 23.5000
v -18.5000 10.0000 24.5000
v -19.5000 11.0000 24.5000
v -18.5000 11.0000 24.5000
v -18.5000 11.0000 23.5000
v -18.5000 0.0000 22.5000
v -18.5000 12.0000 23.5000
v -18.5000 12.0000 22.5000
v -18.5000 0.0000 21.5000
v -18.5000 13.0000 22.5000
v -18.5000 13.0000 21.5000
v -18.5000 0.0000 20.5000
v -18.5000 14.0000 21.5000
v -18.5000 14.0000 20.5000
v -18.5000 0.0000 19.5000
v -18.5000 15.0000 20.5000
v -19.5000 16.0000 20.5000
v -18.5000 16.0000 20.5000
v -18.5000 16.0000 19.5000
v -18.5000 0.0000 18.5000
v -18.5000 17.0000 19.5000
v -18.5000 17.0000 18.5000
v -18.5000 0.0000 17.5000
v -18.5000 18.0000 18.5000
v -19.5000 19.0000 18.5000
v -18.5000 19.0000 18.5000
v -18.5000 19.0000 17.5000
v -18.5000 0.0000 16.5000
v -19.5000 20.0000 17.5000
v -18.5000 20.0000 17.5000
v -18.5000 20.0000 16.5000
v -18.5000 0.0000 15.5000
v -18.5000 21.0000 16.5000
v -18.5000 21.0000 15.5000
v -18.5000 0.0000 14.5000
v -18.5000 22.0000 15.5000
v -18.5000 22.0000 14.5000
v -18.5000 0.0000 13.5000
v -18.5000 23.0000 14.5000
v -18.5000 23.0000 13.5000
v -18.5000 0.0000 12.5000
v -18.5000 24.0000 13.5000
v -18.5000 24.0000 12.5000
v -18.5000 0.0000 11.5000
v -19.5000 25.0000 12.5000
v -18.5000 25.0000 12.5000
v -18.5000 25.0000 11.5000
v -18.5000 0.0000 10.5000
v -19.5000 26.0000 11.5000
v -19.5000 26.0000 10.5000
v -18.5000 26.0000 11.5000
v -18.5000 26.0000 10.5000
v -18.5000 0.0000 9.5000
v -18.5000 26.0000 9.5000
v -18.5000 0.0000 8.5000
v -18.5000 26.0000 8.5000
v -18.5000 0.0000 7.5000
v -18.5000 26.0000 7.5000
v -18.5000 0.0000 6.5000
v -18.5000 26.0000 6.5000
v -18.5000 0.0000 5.5000
v -18.5000 26.0000 5.5000
v -18.5000 0.0000 4.5000
v -19.5000 26.0000 4.5000
v -18.5000 26.0000 4.5000
v -18.5000 25.0000 4.5000
v -18.5000 0.0000 3.5000
v -18.5000 25.0000 3.5000
v -18.5000 24.0000 3.5000
v -18.5000 0.0000 2.5000
v -18.5000 24.0000 2.5000
v -18.5000 23.0000 2.5000
v -18.5000 0.0000 1.5000
v -18.5000 23.0000 1.5000
v -18.5000 22.0000 1.5000
v -18.5000 0.0000 0.5000
v -18.5000 22.0000 0.5000
v -18.5000 21.0000 0.5000
v -18.5000 0.0000 -0.5000
v -18.5000 21.0000 -0.5000
v -18.5000 20.0000 -0.5000
v -18.5000 0.0000 -1.5000
v -18.5000 20.0000 -1.5000
v -18.5000 19.0000 -1.5000
v -18.5000 0.0000 -2.5000
v -19.5000 19.0000 -2.5000
v -18.5000 19.0000 -2.5000
v -18.5000 18.0000 -2.5000
v -18.5000 0.0000 -3.5000
v -18.5000 17.0000 -3.5000
v -18.5000 16.0000 -3.5000
v -19.5000 18.0000 -3.5000
v -18.5000 18.0000 -3.5000
v -18.5000 0.0000 -4.5000
v -18.5000 16.0000 -4.5000
v -18.5000 15.0000 -4.5000
v -18.5000 0.0000 -5.5000
v -18.5000 14.0000 -5.5000
v -18.5000 13.0000 -5.5000
v -19.5000 15.0000 -5.5000
v -18.5000 15.0000 -5.5000
v -18.5000 0.0000 -6.5000
v -18.5000 13.0000 -6.5000
v -18.5000 12.0000 -6.5000
v -18.5000 0.0000 -7.5000
v -18.5000 12.0000 -7.5000
v -18.5000 11.0000 -7.5000
v -18.5000 0.0000 -8.5000
v -18.5000 11.0000 -8.5000
v -18.5000 10.0000 -8.5000
v -18.5000 0.0000 -9.5000
v -19.5000 10.0000 -9.5000
v -18.5000 10.0000 -9.5000
v -18.5000 9.0000 -9.5000
v -18.5000 0.0000 -10.5000
v -19.5000 9.0000 -10.5000
v -18.5000 9.0000 -10.5000
v -18.5000 8.0000 -10.5000
v -18.5000 0.0000 -11.5000
v -19.5000 8.0000 -11.5000
v -18.5000 8.0000 -11.5000
v -18.5000 7.0000 -11.5000
v -18.5000 0.0000 -12.5000
v -19.5000 7.0000 -12.5000
v -18.5000 7.0000 -12.5000
v -18.5000 6.0000 -12.5000
v -18.5000 0.0000 -13.5000
v -19.5000 6.0000 -13.5000
v -18.5000 6.0000 -13.5000
v -18.5000 5.0000 -13.5000
v -18.5000 0.0000 -14.5000
v -18.5000 5.0000 -14.5000
v -18.5000 4.0000 -14.5000
v -18.5000 0.0000 -15.5000
v -18.5000 4.0000 -15.5000
v -18.5000 3.0000 -15.5000
v -18.5000 0.0000 -16.5000
v -18.5000 3.0000 -16.5000
v -18.5000 0.0000 -17.5000
v -18.5000 3.0000 -17.5000
v -18.5000 2.0000 -17.5000
v -18.5000 0.0000 -18.5000
v -18.5000 2.0000 -18.5000
v -18.5000 0.0000 -19.5000
v -18.5000 2.0000 -19.5000
v -18.5000 1.0000 -19.5000
v -18.5000 1.0000 -20.5000
v -18.5000 0.0000 -20.5000
v -18.5000 1.0000 -21.5000
v -18.5000 0.0000 -21.5000
v -18.5000 1.0000 -22.5000
v -18.5000 0.0000 -22.5000
v -18.5000 1.0000 -23.5000
v -18.5000 0.0000 -23.5000
v -17.5000 0.0000 30.5000
v -17.5000 1.0000 30.5000
v -17.5000 0.0000 29.5000
v -17.5000 2.0000 30.5000
v -17.5000 3.0000 30.5000
v -17.5000 4.0000 30.5000
v -17.5000 5.0000 30.5000
v -17.5000 5.0000 29.5000
v -17.5000 0.0000 28.5000
v -17.5000 5.0000 28.5000
v -17.5000 0.0000 27.5000
v -17.5000 6.0000 28.5000
v -17.5000 6.0000 27.5000
v -17.5000 0.0000 26.5000
v -17.5000 7.0000 27.5000
v -17.5000 7.0000 26.5000
v -17.5000 0.0000 25.5000
v -17.5000 8.0000 26.5000
v -17.5000 8.0000 25.5000
v -17.5000 0.0000 24.5000
v -17.5000 9.0000 25.5000
v -18.5000 10.0000 25.5000
v -17.5000 10.0000 25.5000
v -17.5000 10.0000 24.5000
v -17.5000 0.0000 23.5000
v -17.5000 11.0000 24.5000
v -17.5000 11.0000 23.5000
v -17.5000 0.0000 22.5000
v -17.5000 12.0000 23.5000
v -17.5000 12.0000 22.5000
v -17.5000 0.0000 21.5000
v -17.5000 13.0000 22.5000
v -17.5000 13.0000 21.5000
v -17.5000 0.0000 20.5000
v -17.5000 14.0000 21.5000
v -18.5000 15.0000 21.5000
v -17.5000 15.0000 21.5000
v -17.5000 15.0000 20.5000
v -17.5000 0.0000 19.5000
v -17.5000 16.0000 20.5000
v -17.5000 16.0000 19.5000
v -17.5000 0.0000 18.5000
v -17.5000 17.0000 19.5000
v -17.5000 17.0000 18.5000
v -17.5000 0.0000 17.5000
v -17.5000 18.0000 18.5000
v -17.5000 19.0000 18.5000
v -17.5000 19.0000 17.5000
v -17.5000 0.0000 16.5000
v -17.5000 20.0000 17.5000
v -17.5000 20.0000 16.5000
v -17.5000 0.0000 15.5000
v -17.5000 21.0000 16.5000
v -17.5000 21.0000 15.5000
v -17.5000 0.0000 14.5000
v -17.5000 22.0000 15.5000
v -18.5000 23.0000 15.5000
v -17.5000 23.0000 15.5000
v -17.5000 23.0000 14.5000
v -17.5000 0.0000 13.5000
v -18.5000 24.0000 14.5000
v -17.5000 24.0000 14.5000
v -17.5000 24.0000 13.5000
v -17.5000 0.0000 12.5000
v -18.5000 25.0000 13.5000
v -17.5000 25.0000 13.5000
v -17.5000 25.0000 12.5000
v -17.5000 0.0000 11.5000
v -17.5000 25.0000 11.5000
v -17.5000 0.0000 10.5000
v -17.5000 26.0000 11.5000
v -17.5000 26.0000 10.5000
v -17.5000 0.0000 9.5000
v -18.5000 27.0000 10.5000
v -18.5000 27.0000 9.5000
v -17.5000 27.0000 10.5000
v -17.5000 27.0000 9.5000
v -17.5000 0.0000 8.5000
v -18.5000 27.0000 8.5000
v -17.5000 27.0000 8.5000
v -17.5000 0.0000 7.5000
v -18.5000 27.0000 7.5000
v -17.5000 27.0000 7.5000
v -17.5000 0.0000 6.5000
v -18.5000 27.0000 6.5000
v -17.5000 27.0000 6.5000
v -17.5000 0.0000 5.5000
v -18.5000 27.0000 5.5000
v -17.5000 27.0000 5.5000
v -17.5000 26.0000 5.5000
v -17.5000 0.0000 4.5000
v -17.5000 26.0000 4.5000
v -17.5000 0.0000 3.5000
v -18.5000 26.0000 3.5000
v -17.5000 26.0000 3.5000
v -17.5000 25.0000 3.5000
v -17.5000 0.0000 2.5000
v -18.5000 25.0000 2.5000
v -17.5000 25.0000 2.5000
v -17.5000 24.0000 2.5000
v -17.5000 0.0000 1.5000
v -18.5000 24.0000 1.5000
v -17.5000 24.0000 1.5000
v -17.5000 23.0000 1.5000
v -17.5000 0.0000 0.5000
v -18.5000 23.0000 0.5000
v -17.5000 23.0000 0.5000
v -17.5000 22.0000 0.5000
v -17.5000 0.0000 -0.5000
v -18.5000 22.0000 -0.5000
v -17.5000 22.0000 -0.5000
v -17.5000 21.0000 -0.5000
v -17.5000 0.0000 -1.5000
v -17.5000 20.0000 -1.5000
v -17.5000 19.0000 -1.5000
v -18.5000 21.0000 -1.5000
v -17.5000 21.0000 -1.5000
v -17.5000 0.0000 -2.5000
v -17.5000 19.0000 -2.5000
v -17.5000 18.0000 -2.5000
v -17.5000 0.0000 -3.5000
v -17.5000 18.0000 -3.5000
v -17.5000 17.0000 -3.5000
v -17.5000 0.0000 -4.5000
v -17.5000 16.0000 -4.5000
v -17.5000 15.0000 -4.5000
v -18.5000 17.0000 -4.5000
v -17.5000 17.0000 -4.5000
v -17.5000 0.0000 -5.5000
v -17.5000 15.0000 -5.5000
v -17.5000 14.0000 -5.5000
v -17.5000 0.0000 -6.5000
v -18.5000 14.0000 -6.5000
v -17.5000 14.0000 -6.5000
v -17.5000 13.0000 -6.5000
v -17.5000 0.0000 -7.5000
v -17.5000 12.0000 -7.5000
v -17.5000 11.0000 -7.5000
v -18.5000 13.0000 -7.5000
v -17.5000 13.0000 -7.5000
v -17.5000 0.0000 -8.5000
v -17.5000 11.0000 -8.5000
v -17.5000 10.0000 -8.5000
v -17.5000 0.0000 -9.5000
v -17.5000 10.0000 -9.5000
v -17.5000 9.0000 -9.5000
v -17.5000 0.0000 -10.5000
v -17.5000 9.0000 -10.5000
v -17.5000 8.0000 -10.5000
v -17.5000 0.0000 -11.5000
v -17.5000 8.0000 -11.5000
v -17.5000 7.0000 -11.5000
v -17.5000 0.0000 -12.5000
v -17.5000 7.0000 -12.5000
v -17.5000 6.0000 -12.5000
v -17.5000 0.0000 -13.5000
v -17.5000 6.0000 -13.5000
v -17.5000 5.0000 -13.5000
v -17.5000 0.0000 -14.5000
v -17.5000 5.0000 -14.5000
v -17.5000 4.0000 -14.5000
v -17.5000 0.0000 -15.5000
v -17.5000 4.0000 -15.5000
v -17.5000 0.0000 -16.5000
v -18.5000 4.0000 -16.5000
v -17.5000 4.0000 -16.5000
v -17.5000 3.0000 -16.5000
v -17.5000 0.0000 -17.5000
v -17.5000 3.0000 -17.5000
v -17.5000 2.0000 -17.5000
v -17.5000 0.0000 -18.5000
v -17.5000 2.0000 -18.5000
v -17.5000 0.0000 -19.5000
v -17.5000 2.0000 -19.5000
v -17.5000 0.0000 -20.5000
v -18.5000 2.0000 -20.5000
v -17.5000 2.0000 -20.5000
v -17.5000 1.0000 -20.5000
v -17.5000 1.0000 -21.5000
v -17.5000 0.0000 -21.5000
v -17.5000 1.0000 -22.5000
v -17.5000 0.0000 -22.5000
v -17.5000 1.0000 -23.5000
v -17.5000 0.0000 -23.5000
v -16.5000 0.0000 30.5000
v -16.5000 1.0000 30.5000
v -16.5000 0.0000 29.5000
v -16.5000 2.0000 30.5000
v -16.5000 3.0000 30.5000
v -16.5000 4.0000 30.5000
v -16.5000 5.0000 30.5000
v -16.5000 5.0000 29.5000
v -16.5000 0.0000 28.5000
v -16.5000 5.0000 28.5000
v -16.5000 0.0000 27.5000
v -16.5000 6.0000 28.5000
v -16.5000 6.0000 27.5000
v -16.5000 0.0000 26.5000
v -16.5000 7.0000 27.5000
v -16.5000 7.0000 26.5000
v -16.5000 0.0000 25.5000
v -16.5000 8.0000 26.5000
v -16.5000 8.0000 25.5000
v -16.5000 0.0000 24.5000
v -16.5000 9.0000 25.5000
v -16.5000 10.0000 25.5000
v -16.5000 10.0000 24.5000
v -16.5000 0.0000 23.5000
v -16.5000 11.0000 24.5000
v -16.5000 11.0000 23.5000
v -16.5000 0.0000 22.5000
v -16.5000 12.0000 23.5000
v -16.5000 12.0000 22.5000
v -16.5000 0.0000 21.5000
v -16.5000 13.0000 22.5000
v -17.5000 14.0000 22.5000
v -16.5000 14.0000 22.5000
v -16.5000 14.0000 21.5000
v -16.5000 0.0000 20.5000
v -16.5000 15.0000 21.5000
v -16.5000 15.0000 20.5000
v -16.5000 0.0000 19.5000
v -16.5000 16.0000 20.5000
v -16.5000 16.0000 19.5000
v -16.5000 0.0000 18.5000
v -16.5000 17.0000 19.5000
v -17.5000 18.0000 19.5000
v -16.5000 18.0000 19.5000
v -16.5000 18.0000 18.5000
v -16.5000 0.0000 17.5000
v -16.5000 19.0000 18.5000
v -16.5000 19.0000 17.5000
v -16.5000 0.0000 16.5000
v -16.5000 20.0000 17.5000
v -16.5000 20.0000 16.5000
v -16.5000 0.0000 15.5000
v -16.5000 21.0000 16.5000
v -17.5000 22.0000 16.5000
v -16.5000 22.0000 16.5000
v -16.5000 22.0000 15.5000
v -16.5000 0.0000 14.5000
v -16.5000 23.0000 15.5000
v -16.5000 23.0000 14.5000
v -16.5000 0.0000 13.5000
v -16.5000 24.0000 14.5000
v -16.5000 24.0000 13.5000
v -16.5000 0.0000 12.5000
v -16.5000 25.0000 13.5000
v -16.5000 25.0000 12.5000
v -16.5000 0.0000 11.5000
v -17.5000 26.0000 12.5000
v -16.5000 26.0000 12.5000
v -16.5000 26.0000 11.5000
v -16.5000 0.0000 10.5000
v -16.5000 26.0000 10.5000
v -16.5000 0.0000 9.5000
v -16.5000 27.0000 10.5000
v -16.5000 27.0000 9.5000
v -16.5000 0.0000 8.5000
v -16.5000 27.0000 8.5000
v -16.5000 0.0000 7.5000
v -16.5000 27.0000 7.5000
v -16.5000 0.0000 6.5000
v -16.5000 27.0000 6.5000
v -16.5000 0.0000 5.5000
v -16.5000 27.0000 5.5000
v -16.5000 0.0000 4.5000
v -17.5000 27.0000 4.5000
v -16.5000 27.0000 4.5000
v -16.5000 26.0000 4.5000
v -16.5000 0.0000 3.5000
v -16.5000 26.0000 3.5000
v -16.5000 25.0000 3.5000
v -16.5000 0.0000 2.5000
v -16.5000 25.0000 2.5000
v -16.5000 24.0000 2.5000
v -16.5000 0.0000 1.5000
v -16.5000 24.0000 1.5000
v -16.5000 23.0000 1.5000
v -16.5000 0.0000 0.5000
v -16.5000 23.0000 0.5000
v -16.5000 22.0000 0.5000
v -16.5000 0.0000 -0.5000
v -16.5000 22.0000 -0.5000
v -16.5000 21.0000 -0.5000
v -16.5000 0.0000 -1.5000
v -16.5000 21.0000 -1.5000
v -16.5000 20.0000 -1.5000
v -16.5000 0.0000 -2.5000
v -16.5000 19.0000 -2.5000
v -16.5000 18.0000 -2.5000
v -17.5000 20.0000 -2.5000
v -16.5000 20.0000 -2.5000
v -16.5000 0.0000 -3.5000
v -16.5000 18.0000 -3.5000
v -16.5000 17.0000 -3.5000
v -16.5000 0.0000 -4.5000
v -16.5000 17.0000 -4.5000
v -16.5000 16.0000 -4.5000
v -16.5000 0.0000 -5.5000
v -16.5000 15.0000 -5.5000
v -16.5000 14.0000 -5.5000
v -17.5000 16.0000 -5.5000
v -16.5000 16.0000 -5.5000
v -16.5000 0.0000 -6.5000
v -16.5000 14.0000 -6.5000
v -16.5000 13.0000 -6.5000
v -16.5000 0.0000 -7.5000
v -16.5000 13.0000 -7.5000
v -16.5000 12.0000 -7.5000
v -16.5000 0.0000 -8.5000
v -16.5000 11.0000 -8.5000
v -16.5000 10.0000 -8.5000
v -17.5000 12.0000 -8.5000
v -16.5000 12.0000 -8.5000
v -16.5000 0.0000 -9.5000
v -16.5000 10.0000 -9.5000
v -16.5000 9.0000 -9.5000
v -16.5000 0.0000 -10.5000
v -16.5000 9.0000 -10.5000
v -16.5000 8.0000 -10.5000
v -16.5000 0.0000 -11.5000
v -16.5000 8.0000 -11.5000
v -16.5000 7.0000 -11.5000
v -16.5000 0.0000 -12.5000
v -16.5000 7.0000 -12.5000
v -16.5000 6.0000 -12.5000
v -16.5000 0.0000 -13.5000
v -16.5000 6.0000 -13.5000
v -16.5000 5.0000 -13.5000
v -16.5000 0.0000 -14.5000
v -16.5000 5.0000 -14.5000
v -16.5000 4.0000 -14.5000
v -16.5000 0.0000 -15.5000
v -16.5000 4.0000 -15.5000
v -16.5000 0.0000 -16.5000
v -16.5000 4.0000 -16.5000
v -16.5000 3.0000 -16.5000
v -16.5000 0.0000 -17.5000
v -16.5000 3.0000 -17.5000
v -16.5000 0.0000 -18.5000
v -17.5000 3.0000 -18.5000
v -16.5000 3.0000 -18.5000
v -16.5000 2.0000 -18.5000
v -16.5000 0.0000 -19.5000
v -16.5000 2.0000 -19.5000
v -16.5000 0.0000 -20.5000
v -16.5000 2.0000 -20.5000
v -16.5000 1.0000 -20.5000
v -16.5000 1.0000 -21.5000
v -16.5000 0.0000 -21.5000
v -16.5000 1.0000 -22.5000
v -16.5000 0.0000 -22.5000
v -16.5000 1.0000 -23.5000
v -16.5000 0.0000 -23.5000
v -15.5000 0.0000 30.5000
v -15.5000 1.0000 30.5000
v -15.5000 0.0000 29.5000
v -15.5000 2.0000 30.5000
v -15.5000 3.0000 30.5000
v -15.5000 4.0000 30.5000
v -15.5000 5.0000 30.5000
v -15.5000 5.0000 29.5000
v -15.5000 0.0000 28.5000
v -16.5000 6.0000 29.5000
v -15.5000 6.0000 29.5000
v -15.5000 6.0000 28.5000
v -15.5000 0.0000 27.5000
v -15.5000 6.0000 27.5000
v -15.5000 0.0000 26.5000
v -15.5000 7.0000 27.5000
v -15.5000 7.0000 26.5000
v -15.5000 0.0000 25.5000
v -15.5000 8.0000 26.5000
v -16.5000 9.0000 26.5000
v -15.5000 9.0000 26.5000
v -15.5000 9.0000 25.5000
v -15.5000 0.0000 24.5000
v -15.5000 10.0000 25.5000
v -15.5000 10.0000 24.5000
v -15.5000 0.0000 23.5000
v -15.5000 11.0000 24.5000
v -15.5000 11.0000 23.5000
v -15.5000 0.0000 22.5000
v -15.5000 12.0000 23.5000
v -15.5000 12.0000 22.5000
v -15.5000 0.0000 21.5000
v -15.5000 13.0000 22.5000
v -15.5000 14.0000 22.5000
v -15.5000 14.0000 21.5000
v -15.5000 0.0000 20.5000
v -15.5000 15.0000 21.5000
v -15.5000 15.0000 20.5000
v -15.5000 0.0000 19.5000
v -15.5000 16.0000 20.5000
v -15.5000 16.0000 19.5000
v -15.5000 0.0000 18.5000
v -15.5000 17.0000 19.5000
v -15.5000 18.0000 19.5000
v -15.5000 18.0000 18.5000
v -15.5000 0.0000 17.5000
v -15.5000 19.0000 18.5000
v -15.5000 19.0000 17.5000
v -15.5000 0.0000 16.5000
v -15.5000 20.0000 17.5000
v -16.5000 21.0000 17.5000
v -15.5000 21.0000 17.5000
v -15.5000 21.0000 16.5000
v -15.5000 0.0000 15.5000
v -15.5000 22.0000 16.5000
v -15.5000 22.0000 15.5000
v -15.5000 0.0000 14.5000
v -15.5000 23.0000 15.5000
v -15.5000 23.0000 14.5000
v -15.5000 0.0000 13.5000
v -15.5000 24.0000 14.5000
v -15.5000 24.0000 13.5000
v -15.5000 0.0000 12.5000
v -15.5000 25.0000 13.5000
v -15.5000 25.0000 12.5000
v -15.5000 0.0000 11.5000
v -15.5000 26.0000 12.5000
v -15.5000 26.0000 11.5000
v -15.5000 0.0000 10.5000
v -16.5000 27.0000 11.5000
v -15.5000 27.0000 11.5000
v -15.5000 27.0000 10.5000
v -15.5000 0.0000 9.5000
v -15.5000 27.0000 9.5000
v -15.5000 0.0000 8.5000
v -16.5000 28.0000 9.5000
v -16.5000 28.0000 8.5000
v -15.5000 28.0000 9.5000
v -15.5000 28.0000 8.5000
v -15.5000 0.0000 7.5000
v -16.5000 28.0000 7.5000
v -15.5000 28.0000 7.5000
v -15.5000 0.0000 6.5000
v -16.5000 28.0000 6.5000
v -15.5000 28.0000 6.5000
v -15.5000 27.0000 6.5000
v -15.5000 0.0000 5.5000
v -15.5000 27.0000 5.5000
v -15.5000 0.0000 4.5000
v -15.5000 27.0000 4.5000
v -15.5000 26.0000 4.5000
v -15.5000 0.0000 3.5000
v -15.5000 26.0000 3.5000
v -15.5000 0.0000 2.5000
v -16.5000 26.0000 2.5000
v -15.5000 26.0000 2.5000
v -15.5000 25.0000 2.5000
v -15.5000 0.0000 1.5000
v -16.5000 25.0000 1.5000
v -15.5000 25.0000 1.5000
v -15.5000 24.0000 1.5000
v -15.5000 0.0000 0.5000
v -15.5000 23.0000 0.5000
v -15.5000 22.0000 0.5000
v -16.5000 24.0000 0.5000
v -15.5000 24.0000 0.5000
v -15.5000 0.0000 -0.5000
v -15.5000 22.0000 -0.5000
v -15.5000 21.0000 -0.5000
v -15.5000 0.0000 -1.5000
v -15.5000 21.0000 -1.5000
v -15.5000 20.0000 -1.5000
v -15.5000 0.0000 -2.5000
v -15.5000 20.0000 -2.5000
v -15.5000 19.0000 -2.5000
v -15.5000 0.0000 -3.5000
v -15.5000 18.0000 -3.5000
v -15.5000 17.0000 -3.5000
v -16.5000 19.0000 -3.5000
v -15.5000 19.0000 -3.5000
v -15.5000 0.0000 -4.5000
v -15.5000 17.0000 -4.5000
v -15.5000 16.0000 -4.5000
v -15.5000 0.0000 -5.5000
v -15.5000 15.0000 -5.5000
v -15.5000 14.0000 -5.5000
v -15.5000 16.0000 -5.5000
v -15.5000 0.0000 -6.5000
v -15.5000 14.0000 -6.5000
v -15.5000 13.0000 -6.5000
v -15.5000 0.0000 -7.5000
v -15.5000 13.0000 -7.5000
v -15.5000 12.0000 -7.5000
v -15.5000 0.0000 -8.5000
v -15.5000 12.0000 -8.5000
v -15.5000 11.0000 -8.5000
v -15.5000 0.0000 -9.5000
v -15.5000 10.0000 -9.5000
v -15.5000 9.0000 -9.5000
v -16.5000 11.0000 -9.5000
v -15.5000 11.0000 -9.5000
v -15.5000 0.0000 -10.5000
v -15.5000 9.0000 -10.5000
v -15.5000 8.0000 -10.5000
v -15.5000 0.0000 -11.5000
v -15.5000 8.0000 -11.5000
v -15.5000 7.0000 -11.5000
v -15.5000 0.0000 -12.5000
v -15.5000 7.0000 -12.5000
v -15.5000 6.0000 -12.5000
v -15.5000 0.0000 -13.5000
v -15.5000 6.0000 -13.5000
v -15.5000 5.0000 -13.5000
v -15.5000 0.0000 -14.5000
v -15.5000 5.0000 -14.5000
v -15.5000 0.0000 -15.5000
v -16.5000 5.0000 -15.5000
v -15.5000 5.0000 -15.5000
v -15.5000 4.0000 -15.5000
v -15.5000 0.0000 -16.5000
v -15.5000 4.0000 -16.5000
v -15.5000 3.0000 -16.5000
v -15.5000 0.0000 -17.5000
v -15.5000 3.0000 -17.5000
v -15.5000 0.0000 -18.5000
v -15.5000 3.0000 -18.5000
v -15.5000 2.0000 -18.5000
v -15.5000 0.0000 -19.5000
v -15.5000 2.0000 -19.5000
v -15.5000 0.0000 -20.5000
v -15.5000 2.0000 -20.5000
v -15.5000 1.0000 -20.5000
v -15.5000 1.0000 -21.5000
v -15.5000 0.0000 -21.5000
v -15.5000 1.0000 -22.5000
v -15.5000 0.0000 -22.5000
v -15.5000 1.0000 -23.5000
v -15.5000 0.0000 -23.5000
v -16.5000 1.0000 -24.5000
v -16.5000 0.0000 -24.5000
v -15.5000 1.0000 -24.5000
v -15.5000 0.0000 -24.5000
v -14.5000 0.0000 30.5000
v -14.5000 1.0000 30.5000
v -14.5000 0.0000 29.5000
v -14.5000 2.0000 30.5000
v -14.5000 3.0000 30.5000
v -14.5000 4.0000 30.5000
v -14.5000 5.0000 30.5000
v -14.5000 5.0000 29.5000
v -14.5000 0.0000 28.5000
v -14.5000 6.0000 29.5000
v -14.5000 6.0000 28.5000
v -14.5000 0.0000 27.5000
v -14.5000 6.0000 27.5000
v -14.5000 0.0000 26.5000
v -14.5000 7.0000 27.5000
v -14.5000 7.0000 26.5000
v -14.5000 0.0000 25.5000
v -14.5000 8.0000 26.5000
v -14.5000 9.0000 26.5000
v -14.5000 9.0000 25.5000
v -14.5000 0.0000 24.5000
v -14.5000 10.0000 25.5000
v -14.5000 10.0000 24.5000
v -14.5000 0.0000 23.5000
v -14.5000 11.0000 24.5000
v -14.5000 11.0000 23.5000
v -14.5000 0.0000 22.5000
v -14.5000 12.0000 23.5000
v -14.5000 12.0000 22.5000
v -14.5000 0.0000 21.5000
v -14.5000 13.0000 22.5000
v -14.5000 14.0000 22.5000
v -14.5000 14.0000 21.5000
v -14.5000 0.0000 20.5000
v -14.5000 15.0000 21.5000
v -14.5000 15.0000 20.5000
v -14.5000 0.0000 19.5000
v -14.5000 16.0000 20.5000
v -14.5000 16.0000 19.5000
v -14.5000 17.0000 19.5000
v -14.5000 17.0000 20.5000
v -15.5000 17.0000 20.5000
v -14.5000 0.0000 18.5000
v -14.5000 18.0000 19.5000
v -14.5000 18.0000 18.5000
v -14.5000 0.0000 17.5000
v -14.5000 19.0000 18.5000
v -14.5000 19.0000 17.5000
v -14.5000 0.0000 16.5000
v -14.5000 20.0000 17.5000
v -14.5000 21.0000 17.5000
v -14.5000 21.0000 16.5000
v -14.5000 0.0000 15.5000
v -14.5000 22.0000 16.5000
v -14.5000 22.0000 15.5000
v -14.5000 0.0000 14.5000
v -14.5000 23.0000 15.5000
v -14.5000 23.0000 14.5000
v -14.5000 0.0000 13.5000
v -14.5000 24.0000 14.5000
v -14.5000 24.0000 13.5000
v -14.5000 0.0000 12.5000
v -14.5000 25.0000 13.5000
v -14.5000 25.0000 12.5000
v -14.5000 0.0000 11.5000
v -14.5000 26.0000 12.5000
v -14.5000 26.0000 11.5000
v -14.5000 0.0000 10.5000
v -14.5000 27.0000 11.5000
v -14.5000 27.0000 10.5000
v -14.5000 0.0000 9.5000
v -14.5000 27.0000 9.5000
v -14.5000 0.0000 8.5000
v -14.5000 28.0000 9.5000
v -14.5000 28.0000 8.5000
v -14.5000 0.0000 7.5000
v -14.5000 28.0000 7.5000
v -14.5000 0.0000 6.5000
v -14.5000 28.0000 6.5000
v -14.5000 27.0000 6.5000
v -14.5000 0.0000 5.5000
v -14.5000 27.0000 5.5000
v -14.5000 0.0000 4.5000
v -14.5000 27.0000 4.5000
v -14.5000 26.0000 4.5000
v -14.5000 0.0000 3.5000
v -14.5000 26.0000 3.5000
v -14.5000 0.0000 2.5000
v -14.5000 26.0000 2.5000
v -14.5000 25.0000 2.5000
v -14.5000 0.0000 1.5000
v -14.5000 25.0000 1.5000
v -14.5000 24.0000 1.5000
v -14.5000 0.0000 0.5000
v -14.5000 24.0000 0.5000
v -14.5000 23.0000 0.5000
v -14.5000 0.0000 -0.5000
v -14.5000 22.0000 -0.5000
v -14.5000 21.0000 -0.5000
v -15.5000 23.0000 -0.5000
v -14.5000 23.0000 -0.5000
v -14.5000 0.0000 -1.5000
v -14.5000 21.0000 -1.5000
v -14.5000 20.0000 -1.5000
v -14.5000 0.0000 -2.5000
v -14.5000 20.0000 -2.5000
v -14.5000 19.0000 -2.5000
v -14.5000 0.0000 -3.5000
v -14.5000 18.0000 -3.5000
v -14.5000 17.0000 -3.5000
v -14.5000 19.0000 -3.5000
v -14.5000 0.0000 -4.5000
v -14.5000 17.0000 -4.5000
v -14.5000 16.0000 -4.5000
v -14.5000 0.0000 -5.5000
v -14.5000 16.0000 -5.5000
v -14.5000 15.0000 -5.5000
v -14.5000 0.0000 -6.5000
v -14.5000 14.0000 -6.5000
v -14.5000 13.0000 -6.5000
v -15.5000 15.0000 -6.5000
v -14.5000 15.0000 -6.5000
v -14.5000 0.0000 -7.5000
v -14.5000 13.0000 -7.5000
v -14.5000 12.0000 -7.5000
v -14.5000 0.0000 -8.5000
v -14.5000 12.0000 -8.5000
v -14.5000 11.0000 -8.5000
v -14.5000 0.0000 -9.5000
v -14.5000 11.0000 -9.5000
v -14.5000 10.0000 -9.5000
v -14.5000 0.0000 -10.5000
v -14.5000 9.0000 -10.5000
v -14.5000 8.0000 -10.5000
v -15.5000 10.0000 -10.5000
v -14.5000 10.0000 -10.5000
v -14.5000 0.0000 -11.5000
v -14.5000 8.0000 -11.5000
v -14.5000 7.0000 -11.5000
v -14.5000 0.0000 -12.5000
v -14.5000 7.0000 -12.5000
v -14.5000 6.0000 -12.5000
v -14.5000 0.0000 -13.5000
v -14.5000 6.0000 -13.5000
v -14.5000 0.0000 -14.5000
v -15.5000 6.0000 -14.5000
v -14.5000 6.0000 -14.5000
v -14.5000 5.0000 -14.5000
v -14.5000 0.0000 -15.5000
v -14.5000 5.0000 -15.5000
v -14.5000 4.0000 -15.5000
v -14.5000 0.0000 -16.5000
v -14.5000 4.0000 -16.5000
v -14.5000 3.0000 -16.5000
v -14.5000 0.0000 -17.5000
v -14.5000 3.0000 -17.5000
v -14.5000 0.0000 -18.5000
v -14.5000 3.0000 -18.5000
v -14.5000 2.0000 -18.5000
v -14.5000 0.0000 -19.5000
v -14.5000 2.0000 -19.5000
v -14.5000 0.0000 -20.5000
v -14.5000 2.0000 -20.5000
v -14.5000 1.0000 -20.5000
v -14.5000 1.0000 -21.5000
v -14.5000 0.0000 -21.5000
v -14.5000 1.0000 -22.5000
v -14.5000 0.0000 -22.5000
v -14.5000 1.0000 -23.5000
v -14.5000 0.0000 -23.5000
v -14.5000 1.0000 -24.5000
v -14.5000 0.0000 -24.5000
v -13.5000 0.0000 30.5000
v -13.5000 1.0000 30.5000
v -13.5000 0.0000 29.5000
v -13.5000 2.0000 30.5000
v -13.5000 3.0000 30.5000
v -13.5000 4.0000 30.5000
v -13.5000 5.0000 30.5000
v -13.5000 5.0000 29.5000
v -13.5000 0.0000 28.5000
v -13.5000 5.0000 28.5000
v -13.5000 6.0000 28.5000
v -13.5000 6.0000 29.5000
v -13.5000 0.0000 27.5000
v -13.5000 6.0000 27.5000
v -13.5000 0.0000 26.5000
v -13.5000 7.0000 27.5000
v -13.5000 7.0000 26.5000
v -13.5000 0.0000 25.5000
v -13.5000 8.0000 26.5000
v -13.5000 9.0000 26.5000
v -13.5000 9.0000 25.5000
v -13.5000 0.0000 24.5000
v -13.5000 10.0000 25.5000
v -13.5000 10.0000 24.5000
v -13.5000 0.0000 23.5000
v -13.5000 11.0000 24.5000
v -13.5000 11.0000 23.5000
v -13.5000 0.0000 22.5000
v -13.5000 12.0000 23.5000
v -13.5000 12.0000 22.5000
v -13.5000 0.0000 21.5000
v -13.5000 13.0000 22.5000
v -13.5000 14.0000 22.5000
v -13.5000 14.0000 21.5000
v -13.5000 0.0000 20.5000
v -13.5000 15.0000 21.5000
v -13.5000 15.0000 20.5000
v -13.5000 0.0000 19.5000
v -13.5000 16.0000 20.5000
v -13.5000 16.0000 19.5000
v -13.5000 0.0000 18.5000
v -13.5000 17.0000 19.5000
v -13.5000 18.0000 19.5000
v -13.5000 18.0000 18.5000
v -13.5000 0.0000 17.5000
v -13.5000 19.0000 18.5000
v -13.5000 19.0000 17.5000
v -13.5000 0.0000 16.5000
v -13.5000 20.0000 17.5000
v -13.5000 20.0000 16.5000
v -13.5000 21.0000 16.5000
v -13.5000 21.0000 17.5000
v -13.5000 0.0000 15.5000
v -13.5000 22.0000 16.5000
v -13.5000 22.0000 15.5000
v -13.5000 0.0000 14.5000
v -13.5000 23.0000 15.5000
v -13.5000 23.0000 14.5000
v -13.5000 0.0000 13.5000
v -13.5000 24.0000 14.5000
v -13.5000 24.0000 13.5000
v -13.5000 0.0000 12.5000
v -13.5000 25.0000 13.5000
v -13.5000 25.0000 12.5000
v -13.5000 0.0000 11.5000
v -13.5000 26.0000 12.5000
v -13.5000 26.0000 11.5000
v -13.5000 0.0000 10.5000
v -13.5000 27.0000 11.5000
v -13.5000 27.0000 10.5000
v -13.5000 0.0000 9.5000
v -13.5000 27.0000 9.5000
v -13.5000 0.0000 8.5000
v -13.5000 27.0000 8.5000
v -13.5000 28.0000 8.5000
v -13.5000 28.0000 9.5000
v -13.5000 0.0000 7.5000
v -13.5000 28.0000 7.5000
v -13.5000 0.0000 6.5000
v -13.5000 28.0000 6.5000
v -13.5000 27.0000 6.5000
v -13.5000 0.0000 5.5000
v -13.5000 27.0000 5.5000
v -13.5000 0.0000 4.5000
v -13.5000 27.0000 4.5000
v -13.5000 26.0000 4.5000
v -13.5000 0.0000 3.5000
v -13.5000 26.0000 3.5000
v -13.5000 0.0000 2.5000
v -13.5000 26.0000 2.5000
v -13.5000 25.0000 2.5000
v -13.5000 0.0000 1.5000
v -13.5000 25.0000 1.5000
v -13.5000 24.0000 1.5000
v -13.5000 0.0000 0.5000
v -13.5000 24.0000 0.5000
v -13.5000 23.0000 0.5000
v -13.5000 0.0000 -0.5000
v -13.5000 23.0000 -0.5000
v -13.5000 22.0000 -0.5000
v -13.5000 0.0000 -1.5000
v -13.5000 21.0000 -1.5000
v -13.5000 20.0000 -1.5000
v -14.5000 22.0000 -1.5000
v -13.5000 22.0000 -1.5000
v -13.5000 0.0000 -2.5000
v -13.5000 20.0000 -2.5000
v -13.5000 19.0000 -2.5000
v -13.5000 0.0000 -3.5000
v -13.5000 19.0000 -3.5000
v -13.5000 18.0000 -3.5000
v -13.5000 0.0000 -4.5000
v -13.5000 17.0000 -4.5000
v -13.5000 16.0000 -4.5000
v -14.5000 18.0000 -4.5000
v -13.5000 18.0000 -4.5000
v -13.5000 0.0000 -5.5000
v -13.5000 16.0000 -5.5000
v -13.5000 15.0000 -5.5000
v -13.5000 0.0000 -6.5000
v -13.5000 14.0000 -6.5000
v -13.5000 13.0000 -6.5000
v -13.5000 15.0000 -6.5000
v -13.5000 0.0000 -7.5000
v -13.5000 13.0000 -7.5000
v -13.5000 12.0000 -7.5000
v -13.5000 0.0000 -8.5000
v -13.5000 12.0000 -8.5000
v -13.5000 11.0000 -8.5000
v -13.5000 0.0000 -9.5000
v -13.5000 11.0000 -9.5000
v -13.5000 10.0000 -9.5000
v -13.5000 0.0000 -10.5000
v -13.5000 10.0000 -10.5000
v -13.5000 9.0000 -10.5000
v -13.5000 0.0000 -11.5000
v -14.5000 9.0000 -11.5000
v -13.5000 9.0000 -11.5000
v -13.5000 8.0000 -11.5000
v -13.5000 0.0000 -12.5000
v -14.5000 8.0000 -12.5000
v -13.5000 8.0000 -12.5000
v -13.5000 7.0000 -12.5000
v -13.5000 0.0000 -13.5000
v -14.5000 7.0000 -13.5000
v -13.5000 7.0000 -13.5000
v -13.5000 6.0000 -13.5000
v -13.5000 0.0000 -14.5000
v -13.5000 6.0000 -14.5000
v -13.5000 5.0000 -14.5000
v -13.5000 0.0000 -15.5000
v -13.5000 5.0000 -15.5000
v -13.5000 4.0000 -15.5000
v -13.5000 0.0000 -16.5000
v -13.5000 4.0000 -16.5000
v -13.5000 3.0000 -16.5000
v -13.5000 0.0000 -17.5000
v -13.5000 3.0000 -17.5000
v -13.5000 0.0000 -18.5000
v -13.5000 3.0000 -18.5000
v -13.5000 2.0000 -18.5000
v -13.5000 0.0000 -19.5000
v -13.5000 2.0000 -19.5000
v -13.5000 0.0000 -20.5000
v -13.5000 2.0000 -20.5000
v -13.5000 0.0000 -21.5000
v -14.5000 2.0000 -21.5000
v -13.5000 2.0000 -21.5000
v -13.5000 1.0000 -21.5000
v -13.5000 1.0000 -22.5000
v -13.5000 0.0000 -22.5000
v -13.5000 1.0000 -23.5000
v -13.5000 0.0000 -23.5000
v -13.5000 1.0000 -24.5000
v -13.5000 0.0000 -24.5000
v -12.5000 0.0000 30.5000
v -12.5000 1.0000 30.5000
v -12.5000 0.0000 29.5000
v -12.5000 2.0000 30.5000
v -12.5000 3.0000 30.5000
v -12.5000 4.0000 30.5000
v -12.5000 5.0000 30.5000
v -12.5000 5.0000 29.5000
v -12.5000 0.0000 28.5000
v -12.5000 5.0000 28.5000
v -12.5000 0.0000 27.5000
v -12.5000 6.0000 28.5000
v -12.5000 6.0000 27.5000
v -12.5000 0.0000 26.5000
v -12.5000 7.0000 27.5000
v -12.5000 7.0000 26.5000
v -12.5000 0.0000 25.5000
v -12.5000 8.0000 26.5000
v -12.5000 8.0000 25.5000
v -12.5000 9.0000 25.5000
v -12.5000 9.0000 26.5000
v -12.5000 0.0000 24.5000
v -12.5000 10.0000 25.5000
v -12.5000 10.0000 24.5000
v -12.5000 0.0000 23.5000
v -12.5000 11.0000 24.5000
v -12.5000 11.0000 23.5000
v -12.5000 0.0000 22.5000
v -12.5000 12.0000 23.5000
v -12.5000 12.0000 22.5000
v -12.5000 0.0000 21.5000
v -12.5000 13.0000 22.5000
v -12.5000 13.0000 21.5000
v -12.5000 14.0000 21.5000
v -12.5000 14.0000 22.5000
v -12.5000 0.0000 20.5000
v -12.5000 15.0000 21.5000
v -12.5000 15.0000 20.5000
v -12.5000 0.0000 19.5000
v -12.5000 16.0000 20.5000
v -12.5000 16.0000 19.5000
v -12.5000 0.0000 18.5000
v -12.5000 17.0000 19.5000
v -12.5000 18.0000 19.5000
v -12.5000 18.0000 18.5000
v -12.5000 0.0000 17.5000
v -12.5000 19.0000 18.5000
v -12.5000 19.0000 17.5000
v -12.5000 0.0000 16.5000
v -12.5000 20.0000 17.5000
v -12.5000 20.0000 16.5000
v -12.5000 0.0000 15.5000
v -12.5000 21.0000 16.5000
v -12.5000 22.0000 16.5000
v -12.5000 22.0000 15.5000
v -12.5000 0.0000 14.5000
v -12.5000 23.0000 15.5000
v -12.5000 23.0000 14.5000
v -12.5000 0.0000 13.5000
v -12.5000 24.0000 14.5000
v -12.5000 24.0000 13.5000
v -12.5000 0.0000 12.5000
v -12.5000 25.0000 13.5000
v -12.5000 25.0000 12.5000
v -12.5000 0.0000 11.5000
v -12.5000 26.0000 12.5000
v -12.5000 26.0000 11.5000
v -12.5000 0.0000 10.5000
v -12.5000 26.0000 10.5000
v -12.5000 27.0000 10.5000
v -12.5000 27.0000 11.5000
v -12.5000 0.0000 9.5000
v -12.5000 27.0000 9.5000
v -12.5000 0.0000 8.5000
v -12.5000 27.0000 8.5000
v -12.5000 0.0000 7.5000
v -12.5000 27.0000 7.5000
v -12.5000 28.0000 7.5000
v -12.5000 28.0000 8.5000
v -12.5000 0.0000 6.5000
v -12.5000 27.0000 6.5000
v -12.5000 28.0000 6.5000
v -12.5000 0.0000 5.5000
v -12.5000 27.0000 5.5000
v -12.5000 0.0000 4.5000
v -12.5000 27.0000 4.5000
v -12.5000 26.0000 4.5000
v -12.5000 0.0000 3.5000
v -12.5000 26.0000 3.5000
v -12.5000 0.0000 2.5000
v -12.5000 26.0000 2.5000
v -12.5000 25.0000 2.5000
v -12.5000 0.0000 1.5000
v -12.5000 25.0000 1.5000
v -12.5000 24.0000 1.5000
v -12.5000 0.0000 0.5000
v -12.5000 24.0000 0.5000
v -12.5000 23.0000 0.5000
v -12.5000 0.0000 -0.5000
v -12.5000 23.0000 -0.5000
v -12.5000 22.0000 -0.5000
v -12.5000 0.0000 -1.5000
v -12.5000 21.0000 -1.5000
v -12.5000 20.0000 -1.5000
v -12.5000 22.0000 -1.5000
v -12.5000 0.0000 -2.5000
v -12.5000 20.0000 -2.5000
v -12.5000 19.0000 -2.5000
v -12.5000 0.0000 -3.5000
v -12.5000 19.0000 -3.5000
v -12.5000 18.0000 -3.5000
v -12.5000 0.0000 -4.5000
v -12.5000 17.0000 -4.5000
v -12.5000 16.0000 -4.5000
v -12.5000 18.0000 -4.5000
v -12.5000 0.0000 -5.5000
v -12.5000 16.0000 -5.5000
v -12.5000 15.0000 -5.5000
v -12.5000 0.0000 -6.5000
v -12.5000 15.0000 -6.5000
v -12.5000 14.0000 -6.5000
v -12.5000 0.0000 -7.5000
v -12.5000 13.0000 -7.5000
v -12.5000 12.0000 -7.5000
v -13.5000 14.0000 -7.5000
v -12.5000 14.0000 -7.5000
v -12.5000 0.0000 -8.5000
v -12.5000 12.0000 -8.5000
v -12.5000 11.0000 -8.5000
v -12.5000 0.0000 -9.5000
v -12.5000 11.0000 -9.5000
v -12.5000 10.0000 -9.5000
v -12.5000 0.0000 -10.5000
v -12.5000 10.0000 -10.5000
v -12.5000 9.0000 -10.5000
v -12.5000 0.0000 -11.5000
v -12.5000 9.0000 -11.5000
v -12.5000 8.0000 -11.5000
v -12.5000 0.0000 -12.5000
v -12.5000 8.0000 -12.5000
v -12.5000 7.0000 -12.5000
v -12.5000 0.0000 -13.5000
v -12.5000 7.0000 -13.5000
v -12.5000 6.0000 -13.5000
v -12.5000 0.0000 -14.5000
v -12.5000 6.0000 -14.5000
v -12.5000 5.0000 -14.5000
v -12.5000 0.0000 -15.5000
v -12.5000 5.0000 -15.5000
v -12.5000 4.0000 -15.5000
v -12.5000 0.0000 -16.5000
v -12.5000 4.0000 -16.5000
v -12.5000 0.0000 -17.5000
v -13.5000 4.0000 -17.5000
v -12.5000 4.0000 -17.5000
v -12.5000 3.0000 -17.5000
v -12.5000 0.0000 -18.5000
v -12.5000 3.0000 -18.5000
v -12.5000 2.0000 -18.5000
v -12.5000 0.0000 -19.5000
v -12.5000 2.0000 -19.5000
v -12.5000 0.0000 -20.5000
v -12.5000 2.0000 -20.5000
v -12.5000 0.0000 -21.5000
v -12.5000 2.0000 -21.5000
v -12.5000 1.0000 -21.5000
v -12.5000 1.0000 -22.5000
v -12.5000 0.0000 -22.5000
v -12.5000 1.0000 -23.5000
v -12.5000 0.0000 -23.5000
v -12.5000 1.0000 -24.5000
v -12.5000 0.0000 -24.5000
v -11.5000 0.0000 30.5000
v -11.5000 1.0000 30.5000
v -11.5000 0.0000 29.5000
v -11.5000 2.0000 30.5000
v -11.5000 3.0000 30.5000
v -11.5000 4.0000 30.5000
v -11.5000 5.0000 30.5000
v -11.5000 5.0000 29.5000
v -11.5000 0.0000 28.5000
v -11.5000 5.0000 28.5000
v -11.5000 0.0000 27.5000
v -11.5000 6.0000 28.5000
v -11.5000 6.0000 27.5000
v -11.5000 0.0000 26.5000
v -11.5000 7.0000 27.5000
v -11.5000 7.0000 26.5000
v -11.5000 0.0000 25.5000
v -11.5000 8.0000 26.5000
v -11.5000 8.0000 25.5000
v -11.5000 0.0000 24.5000
v -11.5000 9.0000 25.5000
v -11.5000 9.0000 24.5000
v -11.5000 10.0000 24.5000
v -11.5000 10.0000 25.5000
v -11.5000 0.0000 23.5000
v -11.5000 11.0000 24.5000
v -11.5000 11.0000 23.5000
v -11.5000 0.0000 22.5000
v -11.5000 12.0000 23.5000
v -11.5000 12.0000 22.5000
v -11.5000 0.0000 21.5000
v -11.5000 13.0000 22.5000
v -11.5000 13.0000 21.5000
v -11.5000 0.0000 20.5000
v -11.5000 14.0000 21.5000
v -11.5000 14.0000 20.5000
v -11.5000 15.0000 20.5000
v -11.5000 15.0000 21.5000
v -11.5000 0.0000 19.5000
v -11.5000 16.0000 20.5000
v -11.5000 16.0000 19.5000
v -11.5000 0.0000 18.5000
v -11.5000 17.0000 19.5000
v -11.5000 17.0000 18.5000
v -11.5000 18.0000 18.5000
v -11.5000 18.0000 19.5000
v -11.5000 0.0000 17.5000
v -11.5000 19.0000 18.5000
v -11.5000 19.0000 17.5000
v -11.5000 0.0000 16.5000
v -11.5000 20.0000 17.5000
v -11.5000 20.0000 16.5000
v -11.5000 0.0000 15.5000
v -11.5000 21.0000 16.5000
v -11.5000 21.0000 15.5000
v -11.5000 22.0000 15.5000
v -11.5000 22.0000 16.5000
v -11.5000 0.0000 14.5000
v -11.5000 22.0000 14.5000
v -11.5000 23.0000 14.5000
v -11.5000 23.0000 15.5000
v -11.5000 0.0000 13.5000
v -11.5000 23.0000 13.5000
v -11.5000 24.0000 13.5000
v -11.5000 24.0000 14.5000
v -11.5000 0.0000 12.5000
v -11.5000 24.0000 12.5000
v -11.5000 25.0000 12.5000
v -11.5000 25.0000 13.5000
v -11.5000 0.0000 11.5000
v -11.5000 25.0000 11.5000
v -11.5000 26.0000 11.5000
v -11.5000 26.0000 12.5000
v -11.5000 0.0000 10.5000
v -11.5000 26.0000 10.5000
v -11.5000 0.0000 9.5000
v -11.5000 26.0000 9.5000
v -11.5000 27.0000 9.5000
v -11.5000 27.0000 10.5000
v -11.5000 0.0000 8.5000
v -11.5000 27.0000 8.5000
v -11.5000 0.0000 7.5000
v -11.5000 27.0000 7.5000
v -11.5000 0.0000 6.5000
v -11.5000 27.0000 6.5000
v -11.5000 0.0000 5.5000
v -11.5000 27.0000 5.5000
v -11.5000 0.0000 4.5000
v -11.5000 26.0000 5.5000
v -11.5000 26.0000 4.5000
v -11.5000 27.0000 4.5000
v -11.5000 0.0000 3.5000
v -11.5000 26.0000 3.5000
v -11.5000 0.0000 2.5000
v -11.5000 25.0000 3.5000
v -11.5000 25.0000 2.5000
v -11.5000 26.0000 2.5000
v -11.5000 0.0000 1.5000
v -11.5000 24.0000 2.5000
v -11.5000 24.0000 1.5000
v -11.5000 25.0000 1.5000
v -11.5000 0.0000 0.5000
v -11.5000 24.0000 0.5000
v -11.5000 23.0000 0.5000
v -11.5000 0.0000 -0.5000
v -11.5000 23.0000 -0.5000
v -11.5000 22.0000 -0.5000
v -11.5000 0.0000 -1.5000
v -11.5000 21.0000 -1.5000
v -11.5000 20.0000 -1.5000
v -11.5000 21.0000 -0.5000
v -11.5000 22.0000 -1.5000
v -11.5000 0.0000 -2.5000
v -11.5000 20.0000 -2.5000
v -11.5000 19.0000 -2.5000
v -11.5000 0.0000 -3.5000
v -11.5000 19.0000 -3.5000
v -11.5000 18.0000 -3.5000
v -11.5000 0.0000 -4.5000
v -11.5000 17.0000 -4.5000
v -11.5000 16.0000 -4.5000
v -11.5000 18.0000 -4.5000
v -11.5000 0.0000 -5.5000
v -11.5000 16.0000 -5.5000
v -11.5000 15.0000 -5.5000
v -11.5000 0.0000 -6.5000
v -11.5000 15.0000 -6.5000
v -11.5000 14.0000 -6.5000
v -11.5000 0.0000 -7.5000
v -11.5000 14.0000 -7.5000
v -11.5000 13.0000 -7.5000
v -11.5000 0.0000 -8.5000
v -11.5000 12.0000 -8.5000
v -11.5000 11.0000 -8.5000
v -12.5000 13.0000 -8.5000
v -11.5000 13.0000 -8.5000
v -11.5000 0.0000 -9.5000
v -11.5000 11.0000 -9.5000
v -11.5000 10.0000 -9.5000
v -11.5000 0.0000 -10.5000
v -11.5000 10.0000 -10.5000
v -11.5000 9.0000 -10.5000
v -11.5000 0.0000 -11.5000
v -11.5000 9.0000 -11.5000
v -11.5000 8.0000 -11.5000
v -11.5000 0.0000 -12.5000
v -11.5000 8.0000 -12.5000
v -11.5000 7.0000 -12.5000
v -11.5000 0.0000 -13.5000
v -11.5000 7.0000 -13.5000
v -11.5000 6.0000 -13.5000
v -11.5000 0.0000 -14.5000
v -11.5000 6.0000 -14.5000
v -11.5000 5.0000 -14.5000
v -11.5000 0.0000 -15.5000
v -11.5000 5.0000 -15.5000
v -11.5000 4.0000 -15.5000
v -11.5000 0.0000 -16.5000
v -11.5000 4.0000 -16.5000
v -11.5000 0.0000 -17.5000
v -11.5000 4.0000 -17.5000
v -11.5000 3.0000 -17.5000
v -11.5000 0.0000 -18.5000
v -11.5000 3.0000 -18.5000
v -11.5000 0.0000 -19.5000
v -12.5000 3.0000 -19.5000
v -11.5000 3.0000 -19.5000
v -11.5000 2.0000 -19.5000
v -11.5000 0.0000 -20.5000
v -11.5000 2.0000 -20.5000
v -11.5000 0.0000 -21.5000
v -11.5000 2.0000 -21.5000
v -11.5000 1.0000 -21.5000
v -11.5000 1.0000 -22.5000
v -11.5000 0.0000 -22.5000
v -11.5000 1.0000 -23.5000
v -11.5000 0.0000 -23.5000
v -11.5000 1.0000 -24.5000
v -11.5000 0.0000 -24.5000
v -12.5000 1.0000 -25.5000
v -12.5000 0.0000 -25.5000
v -11.5000 1.0000 -25.5000
v -11.5000 0.0000 -25.5000
v -10.5000 0.0000 30.5000
v -10.5000 1.0000 30.5000
v -10.5000 0.0000 29.5000
v -10.5000 2.0000 30.5000
v -10.5000 3.0000 30.5000
v -10.5000 4.0000 30.5000
v -10.5000 4.0000 29.5000
v -10.5000 5.0000 29.5000
v -10.5000 5.0000 30.5000
v -10.5000 0.0000 28.5000
v -10.5000 5.0000 28.5000
v -10.5000 0.0000 27.5000
v -10.5000 6.0000 28.5000
v -10.5000 6.0000 27.5000
v -10.5000 0.0000 26.5000
v -10.5000 7.0000 27.5000
v -10.5000 7.0000 26.5000
v -10.5000 0.0000 25.5000
v -10.5000 8.0000 26.5000
v -10.5000 8.0000 25.5000
v -10.5000 0.0000 24.5000
v -10.5000 9.0000 25.5000
v -10.5000 9.0000 24.5000
v -10.5000 0.0000 23.5000
v -10.5000 10.0000 24.5000
v -10.5000 10.0000 23.5000
v -10.5000 11.0000 23.5000
v -10.5000 11.0000 24.5000
v -10.5000 0.0000 22.5000
v -10.5000 12.0000 23.5000
v -10.5000 12.0000 22.5000
v -10.5000 0.0000 21.5000
v -10.5000 13.0000 22.5000
v -10.5000 13.0000 21.5000
v -10.5000 0.0000 20.5000
v -10.5000 14.0000 21.5000
v -10.5000 14.0000 20.5000
v -10.5000 0.0000 19.5000
v -10.5000 15.0000 20.5000
v -10.5000 15.0000 19.5000
v -10.5000 16.0000 19.5000
v -10.5000 16.0000 20.5000
v -10.5000 0.0000 18.5000
v -10.5000 17.0000 19.5000
v -10.5000 17.0000 18.5000
v -10.5000 0.0000 17.5000
v -10.5000 18.0000 18.5000
v -10.5000 18.0000 17.5000
v -10.5000 19.0000 17.5000
v -10.5000 19.0000 18.5000
v -10.5000 0.0000 16.5000
v -10.5000 19.0000 16.5000
v -10.5000 20.0000 16.5000
v -10.5000 20.0000 17.5000
v -10.5000 0.0000 15.5000
v -10.5000 21.0000 16.5000
v -10.5000 21.0000 15.5000
v -10.5000 0.0000 14.5000
v -10.5000 22.0000 15.5000
v -10.5000 22.0000 14.5000
v -10.5000 0.0000 13.5000
v -10.5000 23.0000 14.5000
v -10.5000 23.0000 13.5000
v -10.5000 0.0000 12.5000
v -10.5000 24.0000 13.5000
v -10.5000 24.0000 12.5000
v -10.5000 0.0000 11.5000
v -10.5000 25.0000 12.5000
v -10.5000 25.0000 11.5000
v -10.5000 0.0000 10.5000
v -10.5000 25.0000 10.5000
v -10.5000 26.0000 10.5000
v -10.5000 26.0000 11.5000
v -10.5000 0.0000 9.5000
v -10.5000 26.0000 9.5000
v -10.5000 0.0000 8.5000
v -10.5000 26.0000 8.5000
v -10.5000 27.0000 8.5000
v -10.5000 27.0000 9.5000
v -10.5000 0.0000 7.5000
v -10.5000 26.0000 7.5000
v -10.5000 27.0000 7.5000
v -10.5000 0.0000 6.5000
v -10.5000 26.0000 6.5000
v -10.5000 27.0000 6.5000
v -10.5000 0.0000 5.5000
v -10.5000 26.0000 5.5000
v -10.5000 27.0000 5.5000
v -10.5000 0.0000 4.5000
v -10.5000 26.0000 4.5000
v -10.5000 0.0000 3.5000
v -10.5000 26.0000 3.5000
v -10.5000 25.0000 3.5000
v -10.5000 0.0000 2.5000
v -10.5000 25.0000 2.5000
v -10.5000 24.0000 2.5000
v -10.5000 0.0000 1.5000
v -10.5000 24.0000 1.5000
v -10.5000 0.0000 0.5000
v -10.5000 23.0000 1.5000
v -10.5000 23.0000 0.5000
v -10.5000 24.0000 0.5000
v -10.5000 0.0000 -0.5000
v -10.5000 22.0000 -0.5000
v -10.5000 21.0000 -0.5000
v -10.5000 22.0000 0.5000
v -10.5000 23.0000 -0.5000
v -10.5000 0.0000 -1.5000
v -10.5000 21.0000 -1.5000
v -10.5000 20.0000 -1.5000
v -10.5000 0.0000 -2.5000
v -10.5000 20.0000 -2.5000
v -10.5000 19.0000 -2.5000
v -10.5000 0.0000 -3.5000
v -10.5000 19.0000 -3.5000
v -10.5000 18.0000 -3.5000
v -10.5000 0.0000 -4.5000
v -10.5000 17.0000 -4.5000
v -10.5000 16.0000 -4.5000
v -10.5000 18.0000 -4.5000
v -10.5000 0.0000 -5.5000
v -10.5000 16.0000 -5.5000
v -10.5000 15.0000 -5.5000
v -10.5000 0.0000 -6.5000
v -10.5000 15.0000 -6.5000
v -10.5000 14.0000 -6.5000
v -10.5000 0.0000 -7.5000
v -10.5000 14.0000 -7.5000
v -10.5000 13.0000 -7.5000
v -10.5000 0.0000 -8.5000
v -10.5000 12.0000 -8.5000
v -10.5000 11.0000 -8.5000
v -10.5000 13.0000 -8.5000
v -10.5000 0.0000 -9.5000
v -10.5000 11.0000 -9.5000
v -10.5000 10.0000 -9.5000
v -10.5000 0.0000 -10.5000
v -10.5000 10.0000 -10.5000
v -10.5000 9.0000 -10.5000
v -10.5000 0.0000 -11.5000
v -10.5000 9.0000 -11.5000
v -10.5000 8.0000 -11.5000
v -10.5000 0.0000 -12.5000
v -10.5000 8.0000 -12.5000
v -10.5000 7.0000 -12.5000
v -10.5000 0.0000 -13.5000
v -10.5000 7.0000 -13.5000
v -10.5000 6.0000 -13.5000
v -10.5000 0.0000 -14.5000
v -10.5000 6.0000 -14.5000
v -10.5000 5.0000 -14.5000
v -10.5000 0.0000 -15.5000
v -10.5000 5.0000 -15.5000
v -10.5000 0.0000 -16.5000
v -11.5000 5.0000 -16.5000
v -10.5000 5.0000 -16.5000
v -10.5000 4.0000 -16.5000
v -10.5000 0.0000 -17.5000
v -10.5000 4.0000 -17.5000
v -10.5000 3.0000 -17.5000
v -10.5000 0.0000 -18.5000
v -10.5000 3.0000 -18.5000
v -10.5000 0.0000 -19.5000
v -10.5000 3.0000 -19.5000
v -10.5000 2.0000 -19.5000
v -10.5000 0.0000 -20.5000
v -10.5000 2.0000 -20.5000
v -10.5000 0.0000 -21.5000
v -10.5000 2.0000 -21.5000
v -10.5000 1.0000 -21.5000
v -10.5000 1.0000 -22.5000
v -10.5000 0.0000 -22.5000
v -10.5000 1.0000 -23.5000
v -10.5000 0.0000 -23.5000
v -10.5000 1.0000 -24.5000
v -10.5000 0.0000 -24.5000
v -10.5000 1.0000 -25.5000
v -10.5000 0.0000 -25.5000
v -9.5000 0.0000 30.5000
v -9.5000 1.0000 30.5000
v -9.5000 0.0000 29.5000
v -9.5000 2.0000 30.5000
v -9.5000 3.0000 30.5000
v -9.5000 4.0000 30.5000
v -9.5000 4.0000 29.5000
v -9.5000 0.0000 28.5000
v -9.5000 5.0000 29.5000
v -9.5000 5.0000 28.5000
v -9.5000 0.0000 27.5000
v -9.5000 6.0000 28.5000
v -9.5000 6.0000 27.5000
v -9.5000 0.0000 26.5000
v -9.5000 7.0000 27.5000
v -9.5000 7.0000 26.5000
v -9.5000 0.0000 25.5000
v -9.5000 8.0000 26.5000
v -9.5000 8.0000 25.5000
v -9.5000 0.0000 24.5000
v -9.5000 9.0000 25.5000
v -9.5000 9.0000 24.5000
v -9.5000 0.0000 23.5000
v -9.5000 10.0000 24.5000
v -9.5000 10.0000 23.5000
v -9.5000 0.0000 22.5000
v -9.5000 11.0000 23.5000
v -9.5000 11.0000 22.5000
v -9.5000 12.0000 22.5000
v -9.5000 12.0000 23.5000
v -9.5000 0.0000 21.5000
v -9.5000 12.0000 21.5000
v -9.5000 13.0000 21.5000
v -9.5000 13.0000 22.5000
v -9.5000 0.0000 20.5000
v -9.5000 14.0000 21.5000
v -9.5000 14.0000 20.5000
v -9.5000 0.0000 19.5000
v -9.5000 15.0000 20.5000
v -9.5000 15.0000 19.5000
v -9.5000 0.0000 18.5000
v -9.5000 16.0000 19.5000
v -9.5000 16.0000 18.5000
v -9.5000 17.0000 18.5000
v -9.5000 17.0000 19.5000
v -9.5000 0.0000 17.5000
v -9.5000 18.0000 18.5000
v -9.5000 18.0000 17.5000
v -9.5000 0.0000 16.5000
v -9.5000 19.0000 17.5000
v -9.5000 19.0000 16.5000
v -9.5000 0.0000 15.5000
v -9.5000 20.0000 16.5000
v -9.5000 20.0000 15.5000
v -9.5000 21.0000 15.5000
v -9.5000 21.0000 16.5000
v -9.5000 0.0000 14.5000
v -9.5000 21.0000 14.5000
v -9.5000 22.0000 14.5000
v -9.5000 22.0000 15.5000
v -9.5000 0.0000 13.5000
v -9.5000 22.0000 13.5000
v -9.5000 23.0000 13.5000
v -9.5000 23.0000 14.5000
v -9.5000 0.0000 12.5000
v -9.5000 23.0000 12.5000
v -9.5000 24.0000 12.5000
v -9.5000 24.0000 13.5000
v -9.5000 0.0000 11.5000
v -9.5000 24.0000 11.5000
v -9.5000 25.0000 11.5000
v -9.5000 25.0000 12.5000
v -9.5000 0.0000 10.5000
v -9.5000 25.0000 10.5000
v -9.5000 0.0000 9.5000
v -9.5000 25.0000 9.5000
v -9.5000 26.0000 9.5000
v -9.5000 26.0000 10.5000
v -9.5000 0.0000 8.5000
v -9.5000 26.0000 8.5000
v -9.5000 0.0000 7.5000
v -9.5000 26.0000 7.5000
v -9.5000 0.0000 6.5000
v -9.5000 26.0000 6.5000
v -9.5000 0.0000 5.5000
v -9.5000 26.0000 5.5000
v -9.5000 0.0000 4.5000
v -9.5000 26.0000 4.5000
v -9.5000 0.0000 3.5000
v -9.5000 25.0000 4.5000
v -9.5000 25.0000 3.5000
v -9.5000 26.0000 3.5000
v -9.5000 0.0000 2.5000
v -9.5000 25.0000 2.5000
v -9.5000 24.0000 2.5000
v -9.5000 0.0000 1.5000
v -9.5000 24.0000 1.5000
v -9.5000 23.0000 1.5000
v -9.5000 0.0000 0.5000
v -9.5000 23.0000 0.5000
v -9.5000 22.0000 0.5000
v -9.5000 0.0000 -0.5000
v -9.5000 22.0000 -0.5000
v -9.5000 21.0000 -0.5000
v -9.5000 0.0000 -1.5000
v -9.5000 21.0000 -1.5000
v -9.5000 20.0000 -1.5000
v -9.5000 0.0000 -2.5000
v -9.5000 20.0000 -2.5000
v -9.5000 19.0000 -2.5000
v -9.5000 0.0000 -3.5000
v -9.5000 19.0000 -3.5000
v -9.5000 18.0000 -3.5000
v -9.5000 0.0000 -4.5000
v -9.5000 18.0000 -4.5000
v -9.5000 17.0000 -4.5000
v -9.5000 0.0000 -5.5000
v -9.5000 16.0000 -5.5000
v -9.5000 15.0000 -5.5000
v -10.5000 17.0000 -5.5000
v -9.5000 17.0000 -5.5000
v -9.5000 0.0000 -6.5000
v -9.5000 15.0000 -6.5000
v -9.5000 14.0000 -6.5000
v -9.5000 0.0000 -7.5000
v -9.5000 14.0000 -7.5000
v -9.5000 13.0000 -7.5000
v -9.5000 0.0000 -8.5000
v -9.5000 13.0000 -8.5000
v -9.5000 12.0000 -8.5000
v -9.5000 0.0000 -9.5000
v -9.5000 11.0000 -9.5000
v -9.5000 10.0000 -9.5000
v -10.5000 12.0000 -9.5000
v -9.5000 12.0000 -9.5000
v -9.5000 0.0000 -10.5000
v -9.5000 10.0000 -10.5000
v -9.5000 9.0000 -10.5000
v -9.5000 0.0000 -11.5000
v -9.5000 9.0000 -11.5000
v -9.5000 8.0000 -11.5000
v -9.5000 0.0000 -12.5000
v -9.5000 8.0000 -12.5000
v -9.5000 7.0000 -12.5000
v -9.5000 0.0000 -13.5000
v -9.5000 7.0000 -13.5000
v -9.5000 6.0000 -13.5000
v -9.5000 0.0000 -14.5000
v -9.5000 6.0000 -14.5000
v -9.5000 0.0000 -15.5000
v -10.5000 6.0000 -15.5000
v -9.5000 6.0000 -15.5000
v -9.5000 5.0000 -15.5000
v -9.5000 0.0000 -16.5000
v -9.5000 5.0000 -16.5000
v -9.5000 4.0000 -16.5000
v -9.5000 0.0000 -17.5000
v -9.5000 4.0000 -17.5000
v -9.5000 0.0000 -18.5000
v -10.5000 4.0000 -18.5000
v -9.5000 4.0000 -18.5000
v -9.5000 3.0000 -18.5000
v -9.5000 0.0000 -19.5000
v -9.5000 3.0000 -19.5000
v -9.5000 2.0000 -19.5000
v -9.5000 0.0000 -20.5000
v -9.5000 2.0000 -20.5000
v -9.5000 0.0000 -21.5000
v -9.5000 2.0000 -21.5000
v -9.5000 0.0000 -22.5000
v -10.5000 2.0000 -22.5000
v -9.5000 2.0000 -22.5000
v -9.5000 1.0000 -22.5000
v -9.5000 1.0000 -23.5000
v -9.5000 0.0000 -23.5000
v -9.5000 1.0000 -24.5000
v -9.5000 0.0000 -24.5000
v -9.5000 1.0000 -25.5000
v -9.5000 0.0000 -25.5000
v -8.5000 0.0000 30.5000
v -8.5000 1.0000 30.5000
v -8.5000 0.0000 29.5000
v -8.5000 2.0000 30.5000
v -8.5000 3.0000 30.5000
v -8.5000 4.0000 30.5000
v -8.5000 4.0000 29.5000
v -8.5000 0.0000 28.5000
v -8.5000 5.0000 29.5000
v -8.5000 5.0000 28.5000
v -8.5000 0.0000 27.5000
v -8.5000 6.0000 28.5000
v -8.5000 6.0000 27.5000
v -8.5000 0.0000 26.5000
v -8.5000 7.0000 27.5000
v -8.5000 7.0000 26.5000
v -8.5000 0.0000 25.5000
v -8.5000 8.0000 26.5000
v -8.5000 8.0000 25.5000
v -8.5000 0.0000 24.5000
v -8.5000 9.0000 25.5000
v -8.5000 9.0000 24.5000
v -8.5000 0.0000 23.5000
v -8.5000 10.0000 24.5000
v -8.5000 10.0000 23.5000
v -8.5000 0.0000 22.5000
v -8.5000 11.0000 23.5000
v -8.5000 11.0000 22.5000
v -8.5000 0.0000 21.5000
v -8.5000 12.0000 22.5000
v -8.5000 12.0000 21.5000
v -8.5000 0.0000 20.5000
v -8.5000 13.0000 21.5000
v -8.5000 13.0000 20.5000
v -8.5000 14.0000 20.5000
v -8.5000 14.0000 21.5000
v -8.5000 0.0000 19.5000
v -8.5000 15.0000 20.5000
v -8.5000 15.0000 19.5000
v -8.5000 0.0000 18.5000
v -8.5000 16.0000 19.5000
v -8.5000 16.0000 18.5000
v -8.5000 0.0000 17.5000
v -8.5000 17.0000 18.5000
v -8.5000 17.0000 17.5000
v -8.5000 18.0000 17.5000
v -8.5000 18.0000 18.5000
v -8.5000 0.0000 16.5000
v -8.5000 18.0000 16.5000
v -8.5000 19.0000 16.5000
v -8.5000 19.0000 17.5000
v -8.5000 0.0000 15.5000
v -8.5000 19.0000 15.5000
v -8.5000 20.0000 15.5000
v -8.5000 20.0000 16.5000
v -8.5000 0.0000 14.5000
v -8.5000 21.0000 15.5000
v -8.5000 21.0000 14.5000
v -8.5000 0.0000 13.5000
v -8.5000 22.0000 14.5000
v -8.5000 22.0000 13.5000
v -8.5000 0.0000 12.5000
v -8.5000 23.0000 13.5000
v -8.5000 23.0000 12.5000
v -8.5000 0.0000 11.5000
v -8.5000 23.0000 11.5000
v -8.5000 24.0000 11.5000
v -8.5000 24.0000 12.5000
v -8.5000 0.0000 10.5000
v -8.5000 24.0000 10.5000
v -8.5000 25.0000 10.5000
v -8.5000 25.0000 11.5000
v -8.5000 0.0000 9.5000
v -8.5000 25.0000 9.5000
v -8.5000 0.0000 8.5000
v -8.5000 25.0000 8.5000
v -8.5000 26.0000 8.5000
v -8.5000 26.0000 9.5000
v -8.5000 0.0000 7.5000
v -8.5000 25.0000 7.5000
v -8.5000 26.0000 7.5000
v -8.5000 0.0000 6.5000
v -8.5000 25.0000 6.5000
v -8.5000 26.0000 6.5000
v -8.5000 0.0000 5.5000
v -8.5000 25.0000 5.5000
v -8.5000 26.0000 5.5000
v -8.5000 0.0000 4.5000
v -8.5000 25.0000 4.5000
v -8.5000 26.0000 4.5000
v -8.5000 0.0000 3.5000
v -8.5000 25.0000 3.5000
v -8.5000 0.0000 2.5000
v -8.5000 24.0000 3.5000
v -8.5000 24.0000 2.5000
v -8.5000 25.0000 2.5000
v -8.5000 0.0000 1.5000
v -8.5000 23.0000 2.5000
v -8.5000 23.0000 1.5000
v -8.5000 24.0000 1.5000
v -8.5000 0.0000 0.5000
v -8.5000 23.0000 0.5000
v -8.5000 22.0000 0.5000
v -8.5000 0.0000 -0.5000
v -8.5000 22.0000 -0.5000
v -8.5000 21.0000 -0.5000
v -8.5000 0.0000 -1.5000
v -8.5000 21.0000 -1.5000
v -8.5000 20.0000 -1.5000
v -8.5000 0.0000 -2.5000
v -8.5000 20.0000 -2.5000
v -8.5000 19.0000 -2.5000
v -8.5000 0.0000 -3.5000
v -8.5000 19.0000 -3.5000
v -8.5000 18.0000 -3.5000
v -8.5000 0.0000 -4.5000
v -8.5000 18.0000 -4.5000
v -8.5000 17.0000 -4.5000
v -8.5000 0.0000 -5.5000
v -8.5000 16.0000 -5.5000
v -8.5000 15.0000 -5.5000
v -8.5000 17.0000 -5.5000
v -8.5000 0.0000 -6.5000
v -8.5000 15.0000 -6.5000
v -8.5000 14.0000 -6.5000
v -8.5000 0.0000 -7.5000
v -8.5000 14.0000 -7.5000
v -8.5000 13.0000 -7.5000
v -8.5000 0.0000 -8.5000
v -8.5000 13.0000 -8.5000
v -8.5000 12.0000 -8.5000
v -8.5000 0.0000 -9.5000
v -8.5000 12.0000 -9.5000
v -8.5000 11.0000 -9.5000
v -8.5000 0.0000 -10.5000
v -9.5000 11.0000 -10.5000
v -8.5000 11.0000 -10.5000
v -8.5000 10.0000 -10.5000
v -8.5000 0.0000 -11.5000
v -9.5000 10.0000 -11.5000
v -8.5000 10.0000 -11.5000
v -8.5000 9.0000 -11.5000
v -8.5000 0.0000 -12.5000
v -9.5000 9.0000 -12.5000
v -8.5000 9.0000 -12.5000
v -8.5000 8.0000 -12.5000
v -8.5000 0.0000 -13.5000
v -9.5000 8.0000 -13.5000
v -8.5000 8.0000 -13.5000
v -8.5000 7.0000 -13.5000
v -8.5000 0.0000 -14.5000
v -9.5000 7.0000 -14.5000
v -8.5000 7.0000 -14.5000
v -8.5000 6.0000 -14.5000
v -8.5000 0.0000 -15.5000
v -8.5000 6.0000 -15.5000
v -8.5000 5.0000 -15.5000
v -8.5000 0.0000 -16.5000
v -8.5000 5.0000 -16.5000
v -8.5000 4.0000 -16.5000
v -8.5000 0.0000 -17.5000
v -8.5000 4.0000 -17.5000
v -8.5000 0.0000 -18.5000
v -8.5000 4.0000 -18.5000
v -8.5000 3.0000 -18.5000
v -8.5000 0.0000 -19.5000
v -8.5000 3.0000 -19.5000
v -8.5000 0.0000 -20.5000
v -9.5000 3.0000 -20.5000
v -8.5000 3.0000 -20.5000
v -8.5000 2.0000 -20.5000
v -8.5000 0.0000 -21.5000
v -8.5000 2.0000 -21.5000
v -8.5000 0.0000 -22.5000
v -8.5000 2.0000 -22.5000
v -8.5000 1.0000 -22.5000
v -8.5000 1.0000 -23.5000
v -8.5000 0.0000 -23.5000
v -8.5000 1.0000 -24.5000
v -8.5000 0.0000 -24.5000
v -8.5000 1.0000 -25.5000
v -8.5000 0.0000 -25.5000
v -9.5000 1.0000 -26.5000
v -9.5000 0.0000 -26.5000
v -8.5000 1.0000 -26.5000
v -8.5000 0.0000 -26.5000
v -7.5000 0.0000 30.5000
v -7.5000 1.0000 30.5000
v -7.5000 0.0000 29.5000
v -7.5000 2.0000 30.5000
v -7.5000 3.0000 30.5000
v -7.5000 4.0000 30.5000
v -7.5000 4.0000 29.5000
v -7.5000 0.0000 28.5000
v -7.5000 5.0000 29.5000
v -7.5000 5.0000 28.5000
v -7.5000 0.0000 27.5000
v -7.5000 5.0000 27.5000
v -7.5000 6.0000 27.5000
v -7.5000 6.0000 28.5000
v -7.5000 0.0000 26.5000
v -7.5000 6.0000 26.5000
v -7.5000 7.0000 26.5000
v -7.5000 7.0000 27.5000
v -7.5000 0.0000 25.5000
v -7.5000 7.0000 25.5000
v -7.5000 8.0000 25.5000
v -7.5000 8.0000 26.5000
v -7.5000 0.0000 24.5000
v -7.5000 8.0000 24.5000
v -7.5000 9.0000 24.5000
v -7.5000 9.0000 25.5000
v -7.5000 0.0000 23.5000
v -7.5000 9.0000 23.5000
v -7.5000 10.0000 23.5000
v -7.5000 10.0000 24.5000
v -7.5000 0.0000 22.5000
v -7.5000 10.0000 22.5000
v -7.5000 11.0000 22.5000
v -7.5000 11.0000 23.5000
v -7.5000 0.0000 21.5000
v -7.5000 12.0000 22.5000
v -7.5000 12.0000 21.5000
v -7.5000 0.0000 20.5000
v -7.5000 13.0000 21.5000
v -7.5000 13.0000 20.5000
v -7.5000 0.0000 19.5000
v -7.5000 14.0000 20.5000
v -7.5000 14.0000 19.5000
v -7.5000 15.0000 19.5000
v -7.5000 15.0000 20.5000
v -7.5000 0.0000 18.5000
v -7.5000 15.0000 18.5000
v -7.5000 16.0000 18.5000
v -7.5000 16.0000 19.5000
v -7.5000 0.0000 17.5000
v -7.5000 16.0000 17.5000
v -7.5000 17.0000 17.5000
v -7.5000 17.0000 18.5000
v -7.5000 0.0000 16.5000
v -7.5000 18.0000 17.5000
v -7.5000 18.0000 16.5000
v -7.5000 0.0000 15.5000
v -7.5000 19.0000 16.5000
v -7.5000 19.0000 15.5000
v -7.5000 0.0000 14.5000
v -7.5000 20.0000 15.5000
v -7.5000 20.0000 14.5000
v -7.5000 21.0000 14.5000
v -7.5000 21.0000 15.5000
v -7.5000 0.0000 13.5000
v -7.5000 21.0000 13.5000
v -7.5000 22.0000 13.5000
v -7.5000 22.0000 14.5000
v -7.5000 0.0000 12.5000
v -7.5000 22.0000 12.5000
v -7.5000 23.0000 12.5000
v -7.5000 23.0000 13.5000
v -7.5000 0.0000 11.5000
v -7.5000 23.0000 11.5000
v -7.5000 0.0000 10.5000
v -7.5000 23.0000 10.5000
v -7.5000 24.0000 10.5000
v -7.5000 24.0000 11.5000
v -7.5000 0.0000 9.5000
v -7.5000 24.0000 9.5000
v -7.5000 25.0000 9.5000
v -7.5000 25.0000 10.5000
v -7.5000 0.0000 8.5000
v -7.5000 24.0000 8.5000
v -7.5000 25.0000 8.5000
v -7.5000 0.0000 7.5000
v -7.5000 24.0000 7.5000
v -7.5000 25.0000 7.5000
v -7.5000 0.0000 6.5000
v -7.5000 25.0000 6.5000
v -7.5000 0.0000 5.5000
v -7.5000 24.0000 6.5000
v -7.5000 24.0000 5.5000
v -7.5000 25.0000 5.5000
v -7.5000 0.0000 4.5000
v -7.5000 24.0000 4.5000
v -7.5000 25.0000 4.5000
v -7.5000 0.0000 3.5000
v -7.5000 24.0000 3.5000
v -7.5000 25.0000 3.5000
v -7.5000 0.0000 2.5000
v -7.5000 24.0000 2.5000
v -7.5000 23.0000 2.5000
v -7.5000 0.0000 1.5000
v -7.5000 23.0000 1.5000
v -7.5000 0.0000 0.5000
v -7.5000 22.0000 1.5000
v -7.5000 22.0000 0.5000
v -7.5000 23.0000 0.5000
v -7.5000 0.0000 -0.5000
v -7.5000 22.0000 -0.5000
v -7.5000 21.0000 -0.5000
v -7.5000 0.0000 -1.5000
v -7.5000 21.0000 -1.5000
v -7.5000 20.0000 -1.5000
v -7.5000 0.0000 -2.5000
v -7.5000 20.0000 -2.5000
v -7.5000 19.0000 -2.5000
v -7.5000 0.0000 -3.5000
v -7.5000 19.0000 -3.5000
v -7.5000 18.0000 -3.5000
v -7.5000 0.0000 -4.5000
v -7.5000 18.0000 -4.5000
v -7.5000 17.0000 -4.5000
v -7.5000 0.0000 -5.5000
v -7.5000 16.0000 -5.5000
v -7.5000 15.0000 -5.5000
v -7.5000 17.0000 -5.5000
v -7.5000 0.0000 -6.5000
v -7.5000 15.0000 -6.5000
v -7.5000 14.0000 -6.5000
v -7.5000 0.0000 -7.5000
v -7.5000 14.0000 -7.5000
v -7.5000 13.0000 -7.5000
v -7.5000 0.0000 -8.5000
v -7.5000 13.0000 -8.5000
v -7.5000 12.0000 -8.5000
v -7.5000 0.0000 -9.5000
v -7.5000 12.0000 -9.5000
v -7.5000 11.0000 -9.5000
v -7.5000 0.0000 -10.5000
v -7.5000 11.0000 -10.5000
v -7.5000 10.0000 -10.5000
v -7.5000 0.0000 -11.5000
v -7.5000 10.0000 -11.5000
v -7.5000 9.0000 -11.5000
v -7.5000 0.0000 -12.5000
v -7.5000 9.0000 -12.5000
v -7.5000 8.0000 -12.5000
v -7.5000 0.0000 -13.5000
v -7.5000 8.0000 -13.5000
v -7.5000 7.0000 -13.5000
v -7.5000 0.0000 -14.5000
v -7.5000 7.0000 -14.5000
v -7.5000 6.0000 -14.5000
v -7.5000 0.0000 -15.5000
v -7.5000 6.0000 -15.5000
v -7.5000 5.0000 -15.5000
v -7.5000 0.0000 -16.5000
v -7.5000 5.0000 -16.5000
v -7.5000 0.0000 -17.5000
v -8.5000 5.0000 -17.5000
v -7.5000 5.0000 -17.5000
v -7.5000 4.0000 -17.5000
v -7.5000 0.0000 -18.5000
v -7.5000 4.0000 -18.5000
v -7.5000 3.0000 -18.5000
v -7.5000 0.0000 -19.5000
v -7.5000 3.0000 -19.5000
v -7.5000 0.0000 -20.5000
v -7.5000 3.0000 -20.5000
v -7.5000 2.0000 -20.5000
v -7.5000 0.0000 -21.5000
v -7.5000 2.0000 -21.5000
v -7.5000 0.0000 -22.5000
v -7.5000 2.0000 -22.5000
v -7.5000 0.0000 -23.5000
v -8.5000 2.0000 -23.5000
v -7.5000 2.0000 -23.5000
v -7.5000 1.0000 -23.5000
v -7.5000 1.0000 -24.5000
v -7.5000 0.0000 -24.5000
v -7.5000 1.0000 -25.5000
v -7.5000 0.0000 -25.5000
v -7.5000 1.0000 -26.5000
v -7.5000 0.0000 -26.5000
v -6.5000 0.0000 30.5000
v -6.5000 1.0000 30.5000
v -6.5000 0.0000 29.5000
v -6.5000 2.0000 30.5000
v -6.5000 3.0000 30.5000
v -6.5000 4.0000 30.5000
v -6.5000 4.0000 29.5000
v -6.5000 0.0000 28.5000
v -6.5000 4.0000 28.5000
v -6.5000 5.0000 28.5000
v -6.5000 5.0000 29.5000
v -6.5000 0.0000 27.5000
v -6.5000 5.0000 27.5000
v -6.5000 0.0000 26.5000
v -6.5000 6.0000 27.5000
v -6.5000 6.0000 26.5000
v -6.5000 0.0000 25.5000
v -6.5000 7.0000 26.5000
v -6.5000 7.0000 25.5000
v -6.5000 0.0000 24.5000
v -6.5000 8.0000 25.5000
v -6.5000 8.0000 24.5000
v -6.5000 0.0000 23.5000
v -6.5000 9.0000 24.5000
v -6.5000 9.0000 23.5000
v -6.5000 0.0000 22.5000
v -6.5000 10.0000 23.5000
v -6.5000 10.0000 22.5000
v -6.5000 0.0000 21.5000
v -6.5000 11.0000 22.5000
v -6.5000 11.0000 21.5000
v -6.5000 12.0000 21.5000
v -6.5000 12.0000 22.5000
v -6.5000 0.0000 20.5000
v -6.5000 12.0000 20.5000
v -6.5000 13.0000 20.5000
v -6.5000 13.0000 21.5000
v -6.5000 0.0000 19.5000
v -6.5000 13.0000 19.5000
v -6.5000 14.0000 19.5000
v -6.5000 14.0000 20.5000
v -6.5000 0.0000 18.5000
v -6.5000 15.0000 19.5000
v -6.5000 15.0000 18.5000
v -6.5000 0.0000 17.5000
v -6.5000 16.0000 18.5000
v -6.5000 16.0000 17.5000
v -6.5000 0.0000 16.5000
v -6.5000 17.0000 17.5000
v -6.5000 17.0000 16.5000
v -6.5000 18.0000 16.5000
v -6.5000 18.0000 17.5000
v -6.5000 0.0000 15.5000
v -6.5000 18.0000 15.5000
v -6.5000 19.0000 15.5000
v -6.5000 19.0000 16.5000
v -6.5000 0.0000 14.5000
v -6.5000 19.0000 14.5000
v -6.5000 20.0000 14.5000
v -6.5000 20.0000 15.5000
v -6.5000 0.0000 13.5000
v -6.5000 20.0000 13.5000
v -6.5000 21.0000 13.5000
v -6.5000 21.0000 14.5000
v -6.5000 0.0000 12.5000
v -6.5000 21.0000 12.5000
v -6.5000 22.0000 12.5000
v -6.5000 22.0000 13.5000
v -6.5000 0.0000 11.5000
v -6.5000 22.0000 11.5000
v -6.5000 23.0000 11.5000
v -6.5000 23.0000 12.5000
v -6.5000 0.0000 10.5000
v -6.5000 22.0000 10.5000
v -6.5000 23.0000 10.5000
v -6.5000 0.0000 9.5000
v -6.5000 23.0000 9.5000
v -6.5000 24.0000 9.5000
v -6.5000 24.0000 10.5000
v -6.5000 0.0000 8.5000
v -6.5000 23.0000 8.5000
v -6.5000 24.0000 8.5000
v -6.5000 0.0000 7.5000
v -6.5000 24.0000 7.5000
v -6.5000 0.0000 6.5000
v -6.5000 24.0000 6.5000
v -6.5000 25.0000 6.5000
v -6.5000 25.0000 7.5000
v -6.5000 0.0000 5.5000
v -6.5000 24.0000 5.5000
v -6.5000 0.0000 4.5000
v -6.5000 24.0000 4.5000
v -6.5000 0.0000 3.5000
v -6.5000 23.0000 4.5000
v -6.5000 23.0000 3.5000
v -6.5000 24.0000 3.5000
v -6.5000 0.0000 2.5000
v -6.5000 23.0000 2.5000
v -6.5000 24.0000 2.5000
v -6.5000 0.0000 1.5000
v -6.5000 22.0000 2.5000
v -6.5000 22.0000 1.5000
v -6.5000 23.0000 1.5000
v -6.5000 0.0000 0.5000
v -6.5000 22.0000 0.5000
v -6.5000 0.0000 -0.5000
v -6.5000 21.0000 0.5000
v -6.5000 21.0000 -0.5000
v -6.5000 22.0000 -0.5000
v -6.5000 0.0000 -1.5000
v -6.5000 20.0000 -0.5000
v -6.5000 20.0000 -1.5000
v -6.5000 21.0000 -1.5000
v -6.5000 0.0000 -2.5000
v -6.5000 20.0000 -2.5000
v -6.5000 19.0000 -2.5000
v -6.5000 0.0000 -3.5000
v -6.5000 19.0000 -3.5000
v -6.5000 18.0000 -3.5000
v -6.5000 0.0000 -4.5000
v -6.5000 18.0000 -4.5000
v -6.5000 17.0000 -4.5000
v -6.5000 0.0000 -5.5000
v -6.5000 17.0000 -5.5000
v -6.5000 16.0000 -5.5000
v -6.5000 0.0000 -6.5000
v -6.5000 15.0000 -6.5000
v -6.5000 14.0000 -6.5000
v -7.5000 16.0000 -6.5000
v -6.5000 16.0000 -6.5000
v -6.5000 0.0000 -7.5000
v -6.5000 14.0000 -7.5000
v -6.5000 13.0000 -7.5000
v -6.5000 0.0000 -8.5000
v -6.5000 13.0000 -8.5000
v -6.5000 12.0000 -8.5000
v -6.5000 0.0000 -9.5000
v -6.5000 12.0000 -9.5000
v -6.5000 11.0000 -9.5000
v -6.5000 0.0000 -10.5000
v -6.5000 11.0000 -10.5000
v -6.5000 10.0000 -10.5000
v -6.5000 0.0000 -11.5000
v -6.5000 10.0000 -11.5000
v -6.5000 9.0000 -11.5000
v -6.5000 0.0000 -12.5000
v -6.5000 9.0000 -12.5000
v -6.5000 8.0000 -12.5000
v -6.5000 0.0000 -13.5000
v -6.5000 8.0000 -13.5000
v -6.5000 7.0000 -13.5000
v -6.5000 0.0000 -14.5000
v -6.5000 7.0000 -14.5000
v -6.5000 6.0000 -14.5000
v -6.5000 0.0000 -15.5000
v -6.5000 6.0000 -15.5000
v -6.5000 0.0000 -16.5000
v -7.5000 6.0000 -16.5000
v -6.5000 6.0000 -16.5000
v -6.5000 5.0000 -16.5000
v -6.5000 0.0000 -17.5000
v -6.5000 5.0000 -17.5000
v -6.5000 4.0000 -17.5000
v -6.5000 0.0000 -18.5000
v -6.5000 4.0000 -18.5000
v -6.5000 0.0000 -19.5000
v -7.5000 4.0000 -19.5000
v -6.5000 4.0000 -19.5000
v -6.5000 3.0000 -19.5000
v -6.5000 0.0000 -20.5000
v -6.5000 3.0000 -20.5000
v -6.5000 0.0000 -21.5000
v -7.5000 3.0000 -21.5000
v -6.5000 3.0000 -21.5000
v -6.5000 2.0000 -21.5000
v -6.5000 0.0000 -22.5000
v -6.5000 2.0000 -22.5000
v -6.5000 0.0000 -23.5000
v -6.5000 2.0000 -23.5000
v -6.5000 1.0000 -23.5000
v -6.5000 1.0000 -24.5000
v -6.5000 0.0000 -24.5000
v -6.5000 1.0000 -25.5000
v -6.5000 0.0000 -25.5000
v -6.5000 1.0000 -26.5000
v -6.5000 0.0000 -26.5000
v -7.5000 1.0000 -27.5000
v -7.5000 0.0000 -27.5000
v -6.5000 1.0000 -27.5000
v -6.5000 0.0000 -27.5000
v -5.5000 0.0000 30.5000
v -5.5000 1.0000 30.5000
v -5.5000 0.0000 29.5000
v -5.5000 2.0000 30.5000
v -5.5000 3.0000 30.5000
v -5.5000 4.0000 30.5000
v -5.5000 4.0000 29.5000
v -5.5000 0.0000 28.5000
v -5.5000 4.0000 28.5000
v -5.5000 0.0000 27.5000
v -5.5000 5.0000 28.5000
v -5.5000 5.0000 27.5000
v -5.5000 0.0000 26.5000
v -5.5000 6.0000 27.5000
v -5.5000 6.0000 26.5000
v -5.5000 0.0000 25.5000
v -5.5000 7.0000 26.5000
v -5.5000 7.0000 25.5000
v -5.5000 0.0000 24.5000
v -5.5000 7.0000 24.5000
v -5.5000 8.0000 24.5000
v -5.5000 8.0000 25.5000
v -5.5000 0.0000 23.5000
v -5.5000 8.0000 23.5000
v -5.5000 9.0000 23.5000
v -5.5000 9.0000 24.5000
v -5.5000 0.0000 22.5000
v -5.5000 9.0000 22.5000
v -5.5000 10.0000 22.5000
v -5.5000 10.0000 23.5000
v -5.5000 0.0000 21.5000
v -5.5000 11.0000 22.5000
v -5.5000 11.0000 21.5000
v -5.5000 0.0000 20.5000
v -5.5000 12.0000 21.5000
v -5.5000 12.0000 20.5000
v -5.5000 0.0000 19.5000
v -5.5000 13.0000 20.5000
v -5.5000 13.0000 19.5000
v -5.5000 0.0000 18.5000
v -5.5000 14.0000 19.5000
v -5.5000 14.0000 18.5000
v -5.5000 15.0000 18.5000
v -5.5000 15.0000 19.5000
v -5.5000 0.0000 17.5000
v -5.5000 15.0000 17.5000
v -5.5000 16.0000 17.5000
v -5.5000 16.0000 18.5000
v -5.5000 0.0000 16.5000
v -5.5000 16.0000 16.5000
v -5.5000 17.0000 16.5000
v -5.5000 17.0000 17.5000
v -5.5000 0.0000 15.5000
v -5.5000 17.0000 15.5000
v -5.5000 18.0000 15.5000
v -5.5000 18.0000 16.5000
v -5.5000 0.0000 14.5000
v -5.5000 18.0000 14.5000
v -5.5000 19.0000 14.5000
v -5.5000 19.0000 15.5000
v -5.5000 0.0000 13.5000
v -5.5000 19.0000 13.5000
v -5.5000 20.0000 13.5000
v -5.5000 20.0000 14.5000
v -5.5000 0.0000 12.5000
v -5.5000 20.0000 12.5000
v -5.5000 21.0000 12.5000
v -5.5000 21.0000 13.5000
v -5.5000 0.0000 11.5000
v -5.5000 21.0000 11.5000
v -5.5000 22.0000 11.5000
v -5.5000 22.0000 12.5000
v -5.5000 0.0000 10.5000
v -5.5000 21.0000 10.5000
v -5.5000 22.0000 10.5000
v -5.5000 0.0000 9.5000
v -5.5000 22.0000 9.5000
v -5.5000 23.0000 9.5000
v -5.5000 23.0000 10.5000
v -5.5000 0.0000 8.5000
v -5.5000 22.0000 8.5000
v -5.5000 23.0000 8.5000
v -5.5000 0.0000 7.5000
v -5.5000 23.0000 7.5000
v -5.5000 24.0000 7.5000
v -5.5000 24.0000 8.5000
v -5.5000 0.0000 6.5000
v -5.5000 23.0000 6.5000
v -5.5000 24.0000 6.5000
v -5.5000 0.0000 5.5000
v -5.5000 23.0000 5.5000
v -5.5000 24.0000 5.5000
v -5.5000 0.0000 4.5000
v -5.5000 23.0000 4.5000
v -5.5000 24.0000 4.5000
v -5.5000 0.0000 3.5000
v -5.5000 23.0000 3.5000
v -5.5000 0.0000 2.5000
v -5.5000 22.0000 3.5000
v -5.5000 22.0000 2.5000
v -5.5000 23.0000 2.5000
v -5.5000 0.0000 1.5000
v -5.5000 22.0000 1.5000
v -5.5000 0.0000 0.5000
v -5.5000 21.0000 1.5000
v -5.5000 21.0000 0.5000
v -5.5000 22.0000 0.5000
v -5.5000 0.0000 -0.5000
v -5.5000 21.0000 -0.5000
v -5.5000 20.0000 -0.5000
v -5.5000 0.0000 -1.5000
v -5.5000 20.0000 -1.5000
v -5.5000 0.0000 -2.5000
v -5.5000 19.0000 -1.5000
v -5.5000 19.0000 -2.5000
v -5.5000 20.0000 -2.5000
v -5.5000 0.0000 -3.5000
v -5.5000 19.0000 -3.5000
v -5.5000 18.0000 -3.5000
v -5.5000 0.0000 -4.5000
v -5.5000 18.0000 -4.5000
v -5.5000 17.0000 -4.5000
v -5.5000 0.0000 -5.5000
v -5.5000 17.0000 -5.5000
v -5.5000 16.0000 -5.5000
v -5.5000 0.0000 -6.5000
v -5.5000 16.0000 -6.5000
v -5.5000 15.0000 -6.5000
v -5.5000 0.0000 -7.5000
v -6.5000 15.0000 -7.5000
v -5.5000 15.0000 -7.5000
v -5.5000 14.0000 -7.5000
v -5.5000 0.0000 -8.5000
v -6.5000 14.0000 -8.5000
v -5.5000 14.0000 -8.5000
v -5.5000 13.0000 -8.5000
v -5.5000 0.0000 -9.5000
v -6.5000 13.0000 -9.5000
v -5.5000 13.0000 -9.5000
v -5.5000 12.0000 -9.5000
v -5.5000 0.0000 -10.5000
v -6.5000 12.0000 -10.5000
v -5.5000 12.0000 -10.5000
v -5.5000 11.0000 -10.5000
v -5.5000 0.0000 -11.5000
v -6.5000 11.0000 -11.5000
v -5.5000 11.0000 -11.5000
v -5.5000 10.0000 -11.5000
v -5.5000 0.0000 -12.5000
v -6.5000 10.0000 -12.5000
v -5.5000 10.0000 -12.5000
v -5.5000 9.0000 -12.5000
v -5.5000 0.0000 -13.5000
v -6.5000 9.0000 -13.5000
v -5.5000 9.0000 -13.5000
v -5.5000 8.0000 -13.5000
v -5.5000 0.0000 -14.5000
v -6.5000 8.0000 -14.5000
v -5.5000 8.0000 -14.5000
v -5.5000 7.0000 -14.5000
v -5.5000 0.0000 -15.5000
v -6.5000 7.0000 -15.5000
v -5.5000 7.0000 -15.5000
v -5.5000 6.0000 -15.5000
v -5.5000 0.0000 -16.5000
v -5.5000 6.0000 -16.5000
v -5.5000 5.0000 -16.5000
v -5.5000 0.0000 -17.5000
v -5.5000 5.0000 -17.5000
v -5.5000 0.0000 -18.5000
v -6.5000 5.0000 -18.5000
v -5.5000 5.0000 -18.5000
v -5.5000 4.0000 -18.5000
v -5.5000 0.0000 -19.5000
v -5.5000 4.0000 -19.5000
v -5.5000 3.0000 -19.5000
v -5.5000 0.0000 -20.5000
v -5.5000 3.0000 -20.5000
v -5.5000 0.0000 -21.5000
v -5.5000 3.0000 -21.5000
v -5.5000 2.0000 -21.5000
v -5.5000 0.0000 -22.5000
v -5.5000 2.0000 -22.5000
v -5.5000 0.0000 -23.5000
v -5.5000 2.0000 -23.5000
v -5.5000 1.0000 -23.5000
v -5.5000 1.0000 -24.5000
v -5.5000 0.0000 -24.5000
v -5.5000 1.0000 -25.5000
v -5.5000 0.0000 -25.5000
v -5.5000 1.0000 -26.5000
v -5.5000 0.0000 -26.5000
v -5.5000 1.0000 -27.5000
v -5.5000 0.0000 -27.5000
v -4.5000 0.0000 30.5000
v -4.5000 1.0000 30.5000
v -4.5000 0.0000 29.5000
v -4.5000 2.0000 30.5000
v -4.5000 3.0000 30.5000
v -4.5000 3.0000 29.5000
v -4.5000 4.0000 29.5000
v -4.5000 4.0000 30.5000
v -4.5000 0.0000 28.5000
v -4.5000 4.0000 28.5000
v -4.5000 0.0000 27.5000
v -4.5000 5.0000 28.5000
v -4.5000 5.0000 27.5000
v -4.5000 0.0000 26.5000
v -4.5000 5.0000 26.5000
v -4.5000 6.0000 26.5000
v -4.5000 6.0000 27.5000
v -4.5000 0.0000 25.5000
v -4.5000 6.0000 25.5000
v -4.5000 7.0000 25.5000
v -4.5000 7.0000 26.5000
v -4.5000 0.0000 24.5000
v -4.5000 7.0000 24.5000
v -4.5000 0.0000 23.5000
v -4.5000 8.0000 24.5000
v -4.5000 8.0000 23.5000
v -4.5000 0.0000 22.5000
v -4.5000 9.0000 23.5000
v -4.5000 9.0000 22.5000
v -4.5000 0.0000 21.5000
v -4.5000 10.0000 22.5000
v -4.5000 10.0000 21.5000
v -4.5000 11.0000 21.5000
v -4.5000 11.0000 22.5000
v -4.5000 0.0000 20.5000
v -4.5000 11.0000 20.5000
v -4.5000 12.0000 20.5000
v -4.5000 12.0000 21.5000
v -4.5000 0.0000 19.5000
v -4.5000 12.0000 19.5000
v -4.5000 13.0000 19.5000
v -4.5000 13.0000 20.5000
v -4.5000 0.0000 18.5000
v -4.5000 13.0000 18.5000
v -4.5000 14.0000 18.5000
v -4.5000 14.0000 19.5000
v -4.5000 0.0000 17.5000
v -4.5000 14.0000 17.5000
v -4.5000 15.0000 17.5000
v -4.5000 15.0000 18.5000
v -4.5000 0.0000 16.5000
v -4.5000 15.0000 16.5000
v -4.5000 16.0000 16.5000
v -4.5000 16.0000 17.5000
v -4.5000 0.0000 15.5000
v -4.5000 16.0000 15.5000
v -4.5000 17.0000 15.5000
v -4.5000 17.0000 16.5000
v -4.5000 0.0000 14.5000
v -4.5000 17.0000 14.5000
v -4.5000 18.0000 14.5000
v -4.5000 18.0000 15.5000
v -4.5000 0.0000 13.5000
v -4.5000 18.0000 13.5000
v -4.5000 19.0000 13.5000
v -4.5000 19.0000 14.5000
v -4.5000 0.0000 12.5000
v -4.5000 19.0000 12.5000
v -4.5000 20.0000 12.5000
v -4.5000 20.0000 13.5000
v -4.5000 0.0000 11.5000
v -4.5000 20.0000 11.5000
v -4.5000 21.0000 11.5000
v -4.5000 21.0000 12.5000
v -4.5000 0.0000 10.5000
v -4.5000 20.0000 10.5000
v -4.5000 21.0000 10.5000
v -4.5000 0.0000 9.5000
v -4.5000 21.0000 9.5000
v -4.5000 22.0000 9.5000
v -4.5000 22.0000 10.5000
v -4.5000 0.0000 8.5000
v -4.5000 21.0000 8.5000
v -4.5000 22.0000 8.5000
v -4.5000 0.0000 7.5000
v -4.5000 22.0000 7.5000
v -4.5000 23.0000 7.5000
v -4.5000 23.0000 8.5000
v -4.5000 0.0000 6.5000
v -4.5000 22.0000 6.5000
v -4.5000 23.0000 6.5000
v -4.5000 0.0000 5.5000
v -4.5000 22.0000 5.5000
v -4.5000 23.0000 5.5000
v -4.5000 0.0000 4.5000
v -4.5000 22.0000 4.5000
v -4.5000 23.0000 4.5000
v -4.5000 0.0000 3.5000
v -4.5000 22.0000 3.5000
v -4.5000 23.0000 3.5000
v -4.5000 0.0000 2.5000
v -4.5000 22.0000 2.5000
v -4.5000 0.0000 1.5000
v -4.5000 21.0000 2.5000
v -4.5000 21.0000 1.5000
v -4.5000 22.0000 1.5000
v -4.5000 0.0000 0.5000
v -4.5000 21.0000 0.5000
v -4.5000 0.0000 -0.5000
v -4.5000 21.0000 -0.5000
v -4.5000 20.0000 -0.5000
v -4.5000 0.0000 -1.5000
v -4.5000 20.0000 -1.5000
v -4.5000 19.0000 -1.5000
v -4.5000 0.0000 -2.5000
v -4.5000 19.0000 -2.5000
v -4.5000 0.0000 -3.5000
v -4.5000 19.0000 -3.5000
v -4.5000 18.0000 -3.5000
v -4.5000 0.0000 -4.5000
v -4.5000 18.0000 -4.5000
v -4.5000 17.0000 -4.5000
v -4.5000 0.0000 -5.5000
v -4.5000 17.0000 -5.5000
v -4.5000 16.0000 -5.5000
v -4.5000 0.0000 -6.5000
v -4.5000 16.0000 -6.5000
v -4.5000 15.0000 -6.5000
v -4.5000 0.0000 -7.5000
v -4.5000 15.0000 -7.5000
v -4.5000 14.0000 -7.5000
v -4.5000 0.0000 -8.5000
v -4.5000 14.0000 -8.5000
v -4.5000 13.0000 -8.5000
v -4.5000 0.0000 -9.5000
v -4.5000 13.0000 -9.5000
v -4.5000 12.0000 -9.5000
v -4.5000 0.0000 -10.5000
v -4.5000 12.0000 -10.5000
v -4.5000 11.0000 -10.5000
v -4.5000 0.0000 -11.5000
v -4.5000 11.0000 -11.5000
v -4.5000 10.0000 -11.5000
v -4.5000 0.0000 -12.5000
v -4.5000 10.0000 -12.5000
v -4.5000 9.0000 -12.5000
v -4.5000 0.0000 -13.5000
v -4.5000 9.0000 -13.5000
v -4.5000 8.0000 -13.5000
v -4.5000 0.0000 -14.5000
v -4.5000 8.0000 -14.5000
v -4.5000 7.0000 -14.5000
v -4.5000 0.0000 -15.5000
v -4.5000 7.0000 -15.5000
v -4.5000 6.0000 -15.5000
v -4.5000 0.0000 -16.5000
v -4.5000 6.0000 -16.5000
v -4.5000 0.0000 -17.5000
v -5.5000 6.0000 -17.5000
v -4.5000 6.0000 -17.5000
v -4.5000 5.0000 -17.5000
v -4.5000 0.0000 -18.5000
v -4.5000 5.0000 -18.5000
v -4.5000 4.0000 -18.5000
v -4.5000 0.0000 -19.5000
v -4.5000 4.0000 -19.5000
v -4.5000 0.0000 -20.5000
v -5.5000 4.0000 -20.5000
v -4.5000 4.0000 -20.5000
v -4.5000 3.0000 -20.5000
v -4.5000 0.0000 -21.5000
v -4.5000 3.0000 -21.5000
v -4.5000 0.0000 -22.5000
v -5.5000 3.0000 -22.5000
v -4.5000 3.0000 -22.5000
v -4.5000 2.0000 -22.5000
v -4.5000 0.0000 -23.5000
v -4.5000 2.0000 -23.5000
v -4.5000 0.0000 -24.5000
v -5.5000 2.0000 -24.5000
v -4.5000 2.0000 -24.5000
v -4.5000 1.0000 -24.5000
v -4.5000 1.0000 -25.5000
v -4.5000 0.0000 -25.5000
v -4.5000 1.0000 -26.5000
v -4.5000 0.0000 -26.5000
v -4.5000 1.0000 -27.5000
v -4.5000 0.0000 -27.5000
v -3.5000 0.0000 30.5000
v -3.5000 1.0000 30.5000
v -3.5000 0.0000 29.5000
v -3.5000 2.0000 30.5000
v -3.5000 3.0000 30.5000
v -3.5000 3.0000 29.5000
v -3.5000 0.0000 28.5000
v -3.5000 4.0000 29.5000
v -3.5000 4.0000 28.5000
v -3.5000 0.0000 27.5000
v -3.5000 4.0000 27.5000
v -3.5000 5.0000 27.5000
v -3.5000 5.0000 28.5000
v -3.5000 0.0000 26.5000
v -3.5000 5.0000 26.5000
v -3.5000 0.0000 25.5000
v -3.5000 6.0000 26.5000
v -3.5000 6.0000 25.5000
v -3.5000 0.0000 24.5000
v -3.5000 7.0000 25.5000
v -3.5000 7.0000 24.5000
v -3.5000 0.0000 23.5000
v -3.5000 8.0000 24.5000
v -3.5000 8.0000 23.5000
v -3.5000 0.0000 22.5000
v -3.5000 8.0000 22.5000
v -3.5000 9.0000 22.5000
v -3.5000 9.0000 23.5000
v -3.5000 0.0000 21.5000
v -3.5000 9.0000 21.5000
v -3.5000 10.0000 21.5000
v -3.5000 10.0000 22.5000
v -3.5000 0.0000 20.5000
v -3.5000 10.0000 20.5000
v -3.5000 11.0000 20.5000
v -3.5000 11.0000 21.5000
v -3.5000 0.0000 19.5000
v -3.5000 11.0000 19.5000
v -3.5000 12.0000 19.5000
v -3.5000 12.0000 20.5000
v -3.5000 0.0000 18.5000
v -3.5000 12.0000 18.5000
v -3.5000 13.0000 18.5000
v -3.5000 13.0000 19.5000
v -3.5000 0.0000 17.5000
v -3.5000 13.0000 17.5000
v -3.5000 14.0000 17.5000
v -3.5000 14.0000 18.5000
v -3.5000 0.0000 16.5000
v -3.5000 14.0000 16.5000
v -3.5000 15.0000 16.5000
v -3.5000 15.0000 17.5000
v -3.5000 0.0000 15.5000
v -3.5000 15.0000 15.5000
v -3.5000 16.0000 15.5000
v -3.5000 16.0000 16.5000
v -3.5000 0.0000 14.5000
v -3.5000 16.0000 14.5000
v -3.5000 17.0000 14.5000
v -3.5000 17.0000 15.5000
v -3.5000 0.0000 13.5000
v -3.5000 17.0000 13.5000
v -3.5000 18.0000 13.5000
v -3.5000 18.0000 14.5000
v -3.5000 0.0000 12.5000
v -3.5000 18.0000 12.5000
v -3.5000 19.0000 12.5000
v -3.5000 19.0000 13.5000
v -3.5000 0.0000 11.5000
v -3.5000 19.0000 11.5000
v -3.5000 20.0000 11.5000
v -3.5000 20.0000 12.5000
v -3.5000 0.0000 10.5000
v -3.5000 19.0000 10.5000
v -3.5000 20.0000 10.5000
v -3.5000 0.0000 9.5000
v -3.5000 20.0000 9.5000
v -3.5000 21.0000 9.5000
v -3.5000 21.0000 10.5000
v -3.5000 0.0000 8.5000
v -3.5000 21.0000 8.5000
v -3.5000 0.0000 7.5000
v -3.5000 21.0000 7.5000
v -3.5000 22.0000 7.5000
v -3.5000 22.0000 8.5000
v -3.5000 0.0000 6.5000
v -3.5000 21.0000 6.5000
v -3.5000 22.0000 6.5000
v -3.5000 0.0000 5.5000
v -3.5000 21.0000 5.5000
v -3.5000 22.0000 5.5000
v -3.5000 0.0000 4.5000
v -3.5000 21.0000 4.5000
v -3.5000 22.0000 4.5000
v -3.5000 0.0000 3.5000
v -3.5000 21.0000 3.5000
v -3.5000 22.0000 3.5000
v -3.5000 0.0000 2.5000
v -3.5000 21.0000 2.5000
v -3.5000 22.0000 2.5000
v -3.5000 0.0000 1.5000
v -3.5000 21.0000 1.5000
v -3.5000 0.0000 0.5000
v -3.5000 21.0000 0.5000
v -3.5000 0.0000 -0.5000
v -3.5000 20.0000 0.5000
v -3.5000 20.0000 -0.5000
v -3.5000 21.0000 -0.5000
v -3.5000 0.0000 -1.5000
v -3.5000 20.0000 -1.5000
v -3.5000 19.0000 -1.5000
v -3.5000 0.0000 -2.5000
v -3.5000 19.0000 -2.5000
v -3.5000 0.0000 -3.5000
v -3.5000 19.0000 -3.5000
v -3.5000 18.0000 -3.5000
v -3.5000 0.0000 -4.5000
v -3.5000 18.0000 -4.5000
v -3.5000 17.0000 -4.5000
v -3.5000 0.0000 -5.5000
v -3.5000 17.0000 -5.5000
v -3.5000 16.0000 -5.5000
v -3.5000 0.0000 -6.5000
v -3.5000 16.0000 -6.5000
v -3.5000 15.0000 -6.5000
v -3.5000 0.0000 -7.5000
v -3.5000 15.0000 -7.5000
v -3.5000 14.0000 -7.5000
v -3.5000 0.0000 -8.5000
v -3.5000 14.0000 -8.5000
v -3.5000 13.0000 -8.5000
v -3.5000 0.0000 -9.5000
v -3.5000 13.0000 -9.5000
v -3.5000 12.0000 -9.5000
v -3.5000 0.0000 -10.5000
v -3.5000 12.0000 -10.5000
v -3.5000 11.0000 -10.5000
v -3.5000 0.0000 -11.5000
v -3.5000 11.0000 -11.5000
v -3.5000 10.0000 -11.5000
v -3.5000 0.0000 -12.5000
v -3.5000 10.0000 -12.5000
v -3.5000 9.0000 -12.5000
v -3.5000 0.0000 -13.5000
v -3.5000 9.0000 -13.5000
v -3.5000 0.0000 -14.5000
v -4.5000 9.0000 -14.5000
v -3.5000 9.0000 -14.5000
v -3.5000 8.0000 -14.5000
v -3.5000 0.0000 -15.5000
v -4.5000 8.0000 -15.5000
v -3.5000 8.0000 -15.5000
v -3.5000 7.0000 -15.5000
v -3.5000 0.0000 -16.5000
v -4.5000 7.0000 -16.5000
v -3.5000 7.0000 -16.5000
v -3.5000 6.0000 -16.5000
v -3.5000 0.0000 -17.5000
v -3.5000 6.0000 -17.5000
v -3.5000 5.0000 -17.5000
v -3.5000 0.0000 -18.5000
v -3.5000 5.0000 -18.5000
v -3.5000 0.0000 -19.5000
v -4.5000 5.0000 -19.5000
v -3.5000 5.0000 -19.5000
v -3.5000 4.0000 -19.5000
v -3.5000 0.0000 -20.5000
v -3.5000 4.0000 -20.5000
v -3.5000 3.0000 -20.5000
v -3.5000 0.0000 -21.5000
v -3.5000 3.0000 -21.5000
v -3.5000 0.0000 -22.5000
v -3.5000 3.0000 -22.5000
v -3.5000 2.0000 -22.5000
v -3.5000 0.0000 -23.5000
v -3.5000 2.0000 -23.5000
v -3.5000 0.0000 -24.5000
v -3.5000 2.0000 -24.5000
v -3.5000 1.0000 -24.5000
v -3.5000 1.0000 -25.5000
v -3.5000 0.0000 -25.5000
v -3.5000 1.0000 -26.5000
v -3.5000 0.0000 -26.5000
v -3.5000 1.0000 -27.5000
v -3.5000 0.0000 -27.5000
v -4.5000 1.0000 -28.5000
v -4.5000 0.0000 -28.5000
v -3.5000 1.0000 -28.5000
v -3.5000 0.0000 -28.5000
v -2.5000 0.0000 30.5000
v -2.5000 1.0000 30.5000
v -2.5000 0.0000 29.5000
v -2.5000 2.0000 30.5000
v -2.5000 3.0000 30.5000
v -2.5000 3.0000 29.5000
v -2.5000 0.0000 28.5000
v -2.5000 3.0000 28.5000
v -2.5000 4.0000 28.5000
v -2.5000 4.0000 29.5000
v -2.5000 0.0000 27.5000
v -2.5000 4.0000 27.5000
v -2.5000 0.0000 26.5000
v -2.5000 5.0000 27.5000
v -2.5000 5.0000 26.5000
v -2.5000 0.0000 25.5000
v -2.5000 5.0000 25.5000
v -2.5000 6.0000 25.5000
v -2.5000 6.0000 26.5000
v -2.5000 0.0000 24.5000
v -2.5000 6.0000 24.5000
v -2.5000 7.0000 24.5000
v -2.5000 7.0000 25.5000
v -2.5000 0.0000 23.5000
v -2.5000 7.0000 23.5000
v -2.5000 8.0000 23.5000
v -2.5000 8.0000 24.5000
v -2.5000 0.0000 22.5000
v -2.5000 8.0000 22.5000
v -2.5000 0.0000 21.5000
v -2.5000 9.0000 22.5000
v -2.5000 9.0000 21.5000
v -2.5000 0.0000 20.5000
v -2.5000 10.0000 21.5000
v -2.5000 10.0000 20.5000
v -2.5000 0.0000 19.5000
v -2.5000 11.0000 20.5000
v -2.5000 11.0000 19.5000
v -2.5000 0.0000 18.5000
v -2.5000 12.0000 19.5000
v -2.5000 12.0000 18.5000
v -2.5000 0.0000 17.5000
v -2.5000 13.0000 18.5000
v -2.5000 13.0000 17.5000
v -2.5000 0.0000 16.5000
v -2.5000 14.0000 17.5000
v -2.5000 14.0000 16.5000
v -2.5000 0.0000 15.5000
v -2.5000 15.0000 16.5000
v -2.5000 15.0000 15.5000
v -2.5000 0.0000 14.5000
v -2.5000 15.0000 14.5000
v -2.5000 16.0000 14.5000
v -2.5000 16.0000 15.5000
v -2.5000 0.0000 13.5000
v -2.5000 16.0000 13.5000
v -2.5000 17.0000 13.5000
v -2.5000 17.0000 14.5000
v -2.5000 0.0000 12.5000
v -2.5000 17.0000 12.5000
v -2.5000 18.0000 12.5000
v -2.5000 18.0000 13.5000
v -2.5000 0.0000 11.5000
v -2.5000 18.0000 11.5000
v -2.5000 19.0000 11.5000
v -2.5000 19.0000 12.5000
v -2.5000 0.0000 10.5000
v -2.5000 18.0000 10.5000
v -2.5000 19.0000 10.5000
v -2.5000 0.0000 9.5000
v -2.5000 19.0000 9.5000
v -2.5000 20.0000 9.5000
v -2.5000 20.0000 10.5000
v -2.5000 0.0000 8.5000
v -2.5000 20.0000 8.5000
v -2.5000 21.0000 8.5000
v -2.5000 21.0000 9.5000
v -2.5000 0.0000 7.5000
v -2.5000 20.0000 7.5000
v -2.5000 21.0000 7.5000
v -2.5000 0.0000 6.5000
v -2.5000 20.0000 6.5000
v -2.5000 21.0000 6.5000
v -2.5000 0.0000 5.5000
v -2.5000 20.0000 5.5000
v -2.5000 21.0000 5.5000
v -2.5000 0.0000 4.5000
v -2.5000 21.0000 4.5000
v -2.5000 0.0000 3.5000
v -2.5000 21.0000 3.5000
v -2.5000 0.0000 2.5000
v -2.5000 21.0000 2.5000
v -2.5000 0.0000 1.5000
v -2.5000 20.0000 2.5000
v -2.5000 20.0000 1.5000
v -2.5000 21.0000 1.5000
v -2.5000 0.0000 0.5000
v -2.5000 20.0000 0.5000
v -2.5000 21.0000 0.5000
v -2.5000 0.0000 -0.5000
v -2.5000 20.0000 -0.5000
v -2.5000 0.0000 -1.5000
v -2.5000 20.0000 -1.5000
v -2.5000 19.0000 -1.5000
v -2.5000 0.0000 -2.5000
v -2.5000 19.0000 -2.5000
v -2.5000 0.0000 -3.5000
v -2.5000 19.0000 -3.5000
v -2.5000 18.0000 -3.5000
v -2.5000 0.0000 -4.5000
v -2.5000 18.0000 -4.5000
v -2.5000 17.0000 -4.5000
v -2.5000 0.0000 -5.5000
v -2.5000 17.0000 -5.5000
v -2.5000 16.0000 -5.5000
v -2.5000 0.0000 -6.5000
v -2.5000 16.0000 -6.5000
v -2.5000 15.0000 -6.5000
v -2.5000 0.0000 -7.5000
v -2.5000 15.0000 -7.5000
v -2.5000 0.0000 -8.5000
v -3.5000 15.0000 -8.5000
v -2.5000 15.0000 -8.5000
v -2.5000 14.0000 -8.5000
v -2.5000 0.0000 -9.5000
v -3.5000 14.0000 -9.5000
v -2.5000 14.0000 -9.5000
v -2.5000 13.0000 -9.5000
v -2.5000 0.0000 -10.5000
v -3.5000 13.0000 -10.5000
v -2.5000 13.0000 -10.5000
v -2.5000 12.0000 -10.5000
v -2.5000 0.0000 -11.5000
v -3.5000 12.0000 -11.5000
v -2.5000 12.0000 -11.5000
v -2.5000 11.0000 -11.5000
v -2.5000 0.0000 -12.5000
v -3.5000 11.0000 -12.5000
v -2.5000 11.0000 -12.5000
v -2.5000 10.0000 -12.5000
v -2.5000 0.0000 -13.5000
v -3.5000 10.0000 -13.5000
v -2.5000 10.0000 -13.5000
v -2.5000 9.0000 -13.5000
v -2.5000 0.0000 -14.5000
v -2.5000 9.0000 -14.5000
v -2.5000 8.0000 -14.5000
v -2.5000 0.0000 -15.5000
v -2.5000 8.0000 -15.5000
v -2.5000 7.0000 -15.5000
v -2.5000 0.0000 -16.5000
v -2.5000 7.0000 -16.5000
v -2.5000 6.0000 -16.5000
v -2.5000 0.0000 -17.5000
v -2.5000 6.0000 -17.5000
v -2.5000 0.0000 -18.5000
v -3.5000 6.0000 -18.5000
v -2.5000 6.0000 -18.5000
v -2.5000 5.0000 -18.5000
v -2.5000 0.0000 -19.5000
v -2.5000 5.0000 -19.5000
v -2.5000 4.0000 -19.5000
v -2.5000 0.0000 -20.5000
v -2.5000 4.0000 -20.5000
v -2.5000 0.0000 -21.5000
v -3.5000 4.0000 -21.5000
v -2.5000 4.0000 -21.5000
v -2.5000 3.0000 -21.5000
v -2.5000 0.0000 -22.5000
v -2.5000 3.0000 -22.5000
v -2.5000 0.0000 -23.5000
v -3.5000 3.0000 -23.5000
v -2.5000 3.0000 -23.5000
v -2.5000 2.0000 -23.5000
v -2.5000 0.0000 -24.5000
v -2.5000 2.0000 -24.5000
v -2.5000 0.0000 -25.5000
v -3.5000 2.0000 -25.5000
v -2.5000 2.0000 -25.5000
v -2.5000 1.0000 -25.5000
v -2.5000 1.0000 -26.5000
v -2.5000 0.0000 -26.5000
v -2.5000 1.0000 -27.5000
v -2.5000 0.0000 -27.5000
v -2.5000 1.0000 -28.5000
v -2.5000 0.0000 -28.5000
v -1.5000 0.0000 30.5000
v -1.5000 1.0000 30.5000
v -1.5000 0.0000 29.5000
v -1.5000 2.0000 30.5000
v -1.5000 3.0000 30.5000
v -1.5000 3.0000 29.5000
v -1.5000 0.0000 28.5000
v -1.5000 3.0000 28.5000
v -1.5000 0.0000 27.5000
v -1.5000 4.0000 28.5000
v -1.5000 4.0000 27.5000
v -1.5000 0.0000 26.5000
v -1.5000 4.0000 26.5000
v -1.5000 5.0000 26.5000
v -1.5000 5.0000 27.5000
v -1.5000 0.0000 25.5000
v -1.5000 5.0000 25.5000
v -1.5000 0.0000 24.5000
v -1.5000 6.0000 25.5000
v -1.5000 6.0000 24.5000
v -1.5000 0.0000 23.5000
v -1.5000 7.0000 24.5000
v -1.5000 7.0000 23.5000
v -1.5000 0.0000 22.5000
v -1.5000 7.0000 22.5000
v -1.5000 8.0000 22.5000
v -1.5000 8.0000 23.5000
v -1.5000 0.0000 21.5000
v -1.5000 8.0000 21.5000
v -1.5000 9.0000 21.5000
v -1.5000 9.0000 22.5000
v -1.5000 0.0000 20.5000
v -1.5000 9.0000 20.5000
v -1.5000 10.0000 20.5000
v -1.5000 10.0000 21.5000
v -1.5000 0.0000 19.5000
v -1.5000 10.0000 19.5000
v -1.5000 11.0000 19.5000
v -1.5000 11.0000 20.5000
v -1.5000 0.0000 18.5000
v -1.5000 11.0000 18.5000
v -1.5000 12.0000 18.5000
v -1.5000 12.0000 19.5000
v -1.5000 0.0000 17.5000
v -1.5000 12.0000 17.5000
v -1.5000 13.0000 17.5000
v -1.5000 13.0000 18.5000
v -1.5000 0.0000 16.5000
v -1.5000 13.0000 16.5000
v -1.5000 14.0000 16.5000
v -1.5000 14.0000 17.5000
v -1.5000 0.0000 15.5000
v -1.5000 14.0000 15.5000
v -1.5000 15.0000 15.5000
v -1.5000 15.0000 16.5000
v -1.5000 0.0000 14.5000
v -1.5000 14.0000 14.5000
v -1.5000 15.0000 14.5000
v -1.5000 0.0000 13.5000
v -1.5000 15.0000 13.5000
v -1.5000 16.0000 13.5000
v -1.5000 16.0000 14.5000
v -1.5000 0.0000 12.5000
v -1.5000 16.0000 12.5000
v -1.5000 17.0000 12.5000
v -1.5000 17.0000 13.5000
v -1.5000 0.0000 11.5000
v -1.5000 17.0000 11.5000
v -1.5000 18.0000 11.5000
v -1.5000 18.0000 12.5000
v -1.5000 0.0000 10.5000
v -1.5000 17.0000 10.5000
v -1.5000 18.0000 10.5000
v -1.5000 0.0000 9.5000
v -1.5000 18.0000 9.5000
v -1.5000 19.0000 9.5000
v -1.5000 19.0000 10.5000
v -1.5000 0.0000 8.5000
v -1.5000 19.0000 8.5000
v -1.5000 20.0000 8.5000
v -1.5000 20.0000 9.5000
v -1.5000 0.0000 7.5000
v -1.5000 19.0000 7.5000
v -1.5000 20.0000 7.5000
v -1.5000 0.0000 6.5000
v -1.5000 19.0000 6.5000
v -1.5000 20.0000 6.5000
v -1.5000 0.0000 5.5000
v -1.5000 20.0000 5.5000
v -1.5000 0.0000 4.5000
v -1.5000 20.0000 4.5000
v -1.5000 21.0000 4.5000
v -1.5000 21.0000 5.5000
v -1.5000 0.0000 3.5000
v -1.5000 20.0000 3.5000
v -1.5000 21.0000 3.5000
v -1.5000 0.0000 2.5000
v -1.5000 20.0000 2.5000
v -1.5000 21.0000 2.5000
v -1.5000 0.0000 1.5000
v -1.5000 20.0000 1.5000
v -1.5000 0.0000 0.5000
v -1.5000 20.0000 0.5000
v -1.5000 0.0000 -0.5000
v -1.5000 20.0000 -0.5000
v -1.5000 0.0000 -1.5000
v -1.5000 19.0000 -0.5000
v -1.5000 19.0000 -1.5000
v -1.5000 20.0000 -1.5000
v -1.5000 0.0000 -2.5000
v -1.5000 19.0000 -2.5000
v -1.5000 0.0000 -3.5000
v -1.5000 19.0000 -3.5000
v -1.5000 18.0000 -3.5000
v -1.5000 0.0000 -4.5000
v -1.5000 18.0000 -4.5000
v -1.5000 17.0000 -4.5000
v -1.5000 0.0000 -5.5000
v -1.5000 17.0000 -5.5000
v -1.5000 0.0000 -6.5000
v -2.5000 17.0000 -6.5000
v -1.5000 17.0000 -6.5000
v -1.5000 16.0000 -6.5000
v -1.5000 0.0000 -7.5000
v -2.5000 16.0000 -7.5000
v -1.5000 16.0000 -7.5000
v -1.5000 15.0000 -7.5000
v -1.5000 0.0000 -8.5000
v -1.5000 15.0000 -8.5000
v -1.5000 14.0000 -8.5000
v -1.5000 0.0000 -9.5000
v -1.5000 14.0000 -9.5000
v -1.5000 13.0000 -9.5000
v -1.5000 0.0000 -10.5000
v -1.5000 13.0000 -10.5000
v -1.5000 12.0000 -10.5000
v -1.5000 0.0000 -11.5000
v -1.5000 12.0000 -11.5000
v -1.5000 11.0000 -11.5000
v -1.5000 0.0000 -12.5000
v -1.5000 11.0000 -12.5000
v -1.5000 0.0000 -13.5000
v -2.5000 11.0000 -13.5000
v -1.5000 11.0000 -13.5000
v -1.5000 10.0000 -13.5000
v -1.5000 0.0000 -14.5000
v -2.5000 10.0000 -14.5000
v -1.5000 10.0000 -14.5000
v -1.5000 9.0000 -14.5000
v -1.5000 0.0000 -15.5000
v -2.5000 9.0000 -15.5000
v -1.5000 9.0000 -15.5000
v -1.5000 8.0000 -15.5000
v -1.5000 0.0000 -16.5000
v -2.5000 8.0000 -16.5000
v -1.5000 8.0000 -16.5000
v -1.5000 7.0000 -16.5000
v -1.5000 0.0000 -17.5000
v -2.5000 7.0000 -17.5000
v -1.5000 7.0000 -17.5000
v -1.5000 6.0000 -17.5000
v -1.5000 0.0000 -18.5000
v -1.5000 6.0000 -18.5000
v -1.5000 5.0000 -18.5000
v -1.5000 0.0000 -19.5000
v -1.5000 5.0000 -19.5000
v -1.5000 0.0000 -20.5000
v -2.5000 5.0000 -20.5000
v -1.5000 5.0000 -20.5000
v -1.5000 4.0000 -20.5000
v -1.5000 0.0000 -21.5000
v -1.5000 4.0000 -21.5000
v -1.5000 3.0000 -21.5000
v -1.5000 0.0000 -22.5000
v -1.5000 3.0000 -22.5000
v -1.5000 0.0000 -23.5000
v -1.5000 3.0000 -23.5000
v -1.5000 2.0000 -23.5000
v -1.5000 0.0000 -24.5000
v -1.5000 2.0000 -24.5000
v -1.5000 0.0000 -25.5000
v -1.5000 2.0000 -25.5000
v -1.5000 1.0000 -25.5000
v -1.5000 1.0000 -26.5000
v -1.5000 0.0000 -26.5000
v -1.5000 1.0000 -27.5000
v -1.5000 0.0000 -27.5000
v -1.5000 1.0000 -28.5000
v -1.5000 0.0000 -28.5000
v -2.5000 1.0000 -29.5000
v -2.5000 0.0000 -29.5000
v -1.5000 1.0000 -29.5000
v -1.5000 0.0000 -29.5000
v -0.5000 0.0000 30.5000
v -0.5000 1.0000 30.5000
v -0.5000 0.0000 29.5000
v -0.5000 2.0000 30.5000
v -0.5000 2.0000 29.5000
v -0.5000 3.0000 29.5000
v -0.5000 3.0000 30.5000
v -0.5000 0.0000 28.5000
v -0.5000 3.0000 28.5000
v -0.5000 0.0000 27.5000
v -0.5000 3.0000 27.5000
v -0.5000 4.0000 27.5000
v -0.5000 4.0000 28.5000
v -0.5000 0.0000 26.5000
v -0.5000 4.0000 26.5000
v -0.5000 0.0000 25.5000
v -0.5000 5.0000 26.5000
v -0.5000 5.0000 25.5000
v -0.5000 0.0000 24.5000
v -0.5000 5.0000 24.5000
v -0.5000 6.0000 24.5000
v -0.5000 6.0000 25.5000
v -0.5000 0.0000 23.5000
v -0.5000 6.0000 23.5000
v -0.5000 7.0000 23.5000
v -0.5000 7.0000 24.5000
v -0.5000 0.0000 22.5000
v -0.5000 7.0000 22.5000
v -0.5000 0.0000 21.5000
v -0.5000 8.0000 22.5000
v -0.5000 8.0000 21.5000
v -0.5000 0.0000 20.5000
v -0.5000 8.0000 20.5000
v -0.5000 9.0000 20.5000
v -0.5000 9.0000 21.5000
v -0.5000 0.0000 19.5000
v -0.5000 9.0000 19.5000
v -0.5000 10.0000 19.5000
v -0.5000 10.0000 20.5000
v -0.5000 0.0000 18.5000
v -0.5000 10.0000 18.5000
v -0.5000 11.0000 18.5000
v -0.5000 11.0000 19.5000
v -0.5000 0.0000 17.5000
v -0.5000 11.0000 17.5000
v -0.5000 12.0000 17.5000
v -0.5000 12.0000 18.5000
v -0.5000 0.0000 16.5000
v -0.5000 12.0000 16.5000
v -0.5000 13.0000 16.5000
v -0.5000 13.0000 17.5000
v -0.5000 0.0000 15.5000
v -0.5000 13.0000 15.5000
v -0.5000 14.0000 15.5000
v -0.5000 14.0000 16.5000
v -0.5000 0.0000 14.5000
v -0.5000 14.0000 14.5000
v -0.5000 0.0000 13.5000
v -0.5000 14.0000 13.5000
v -0.5000 15.0000 13.5000
v -0.5000 15.0000 14.5000
v -0.5000 0.0000 12.5000
v -0.5000 15.0000 12.5000
v -0.5000 16.0000 12.5000
v -0.5000 16.0000 13.5000
v -0.5000 0.0000 11.5000
v -0.5000 16.0000 11.5000
v -0.5000 17.0000 11.5000
v -0.5000 17.0000 12.5000
v -0.5000 0.0000 10.5000
v -0.5000 16.0000 10.5000
v -0.5000 17.0000 10.5000
v -0.5000 0.0000 9.5000
v -0.5000 17.0000 9.5000
v -0.5000 18.0000 9.5000
v -0.5000 18.0000 10.5000
v -0.5000 0.0000 8.5000
v -0.5000 18.0000 8.5000
v -0.5000 19.0000 8.5000
v -0.5000 19.0000 9.5000
v -0.5000 0.0000 7.5000
v -0.5000 18.0000 7.5000
v -0.5000 19.0000 7.5000
v -0.5000 0.0000 6.5000
v -0.5000 18.0000 6.5000
v -0.5000 19.0000 6.5000
v -0.5000 0.0000 5.5000
v -0.5000 19.0000 5.5000
v -0.5000 20.0000 5.5000
v -0.5000 20.0000 6.5000
v -0.5000 0.0000 4.5000
v -0.5000 19.0000 4.5000
v -0.5000 20.0000 4.5000
v -0.5000 0.0000 3.5000
v -0.5000 19.0000 3.5000
v -0.5000 20.0000 3.5000
v -0.5000 0.0000 2.5000
v -0.5000 19.0000 2.5000
v -0.5000 20.0000 2.5000
v -0.5000 0.0000 1.5000
v -0.5000 20.0000 1.5000
v -0.5000 0.0000 0.5000
v -0.5000 20.0000 0.5000
v -0.5000 0.0000 -0.5000
v -0.5000 19.0000 0.5000
v -0.5000 19.0000 -0.5000
v -0.5000 20.0000 -0.5000
v -0.5000 0.0000 -1.5000
v -0.5000 19.0000 -1.5000
v -0.5000 0.0000 -2.5000
v -0.5000 19.0000 -2.5000
v -0.5000 0.0000 -3.5000
v -0.5000 19.0000 -3.5000
v -0.5000 18.0000 -3.5000
v -0.5000 0.0000 -4.5000
v -0.5000 18.0000 -4.5000
v -0.5000 0.0000 -5.5000
v -1.5000 18.0000 -5.5000
v -0.5000 18.0000 -5.5000
v -0.5000 17.0000 -5.5000
v -0.5000 0.0000 -6.5000
v -0.5000 17.0000 -6.5000
v -0.5000 16.0000 -6.5000
v -0.5000 0.0000 -7.5000
v -0.5000 16.0000 -7.5000
v -0.5000 0.0000 -8.5000
v -1.5000 16.0000 -8.5000
v -0.5000 16.0000 -8.5000
v -0.5000 15.0000 -8.5000
v -0.5000 0.0000 -9.5000
v -1.5000 15.0000 -9.5000
v -0.5000 15.0000 -9.5000
v -0.5000 14.0000 -9.5000
v -0.5000 0.0000 -10.5000
v -1.5000 14.0000 -10.5000
v -0.5000 14.0000 -10.5000
v -0.5000 13.0000 -10.5000
v -0.5000 0.0000 -11.5000
v -1.5000 13.0000 -11.5000
v -0.5000 13.0000 -11.5000
v -0.5000 12.0000 -11.5000
v -0.5000 0.0000 -12.5000
v -1.5000 12.0000 -12.5000
v -0.5000 12.0000 -12.5000
v -0.5000 11.0000 -12.5000
v -0.5000 0.0000 -13.5000
v -0.5000 11.0000 -13.5000
v -0.5000 10.0000 -13.5000
v -0.5000 0.0000 -14.5000
v -0.5000 10.0000 -14.5000
v -0.5000 9.0000 -14.5000
v -0.5000 0.0000 -15.5000
v -0.5000 9.0000 -15.5000
v -0.5000 8.0000 -15.5000
v -0.5000 0.0000 -16.5000
v -0.5000 8.0000 -16.5000
v -0.5000 7.0000 -16.5000
v -0.5000 0.0000 -17.5000
v -0.5000 7.0000 -17.5000
v -0.5000 0.0000 -18.5000
v -1.5000 7.0000 -18.5000
v -0.5000 7.0000 -18.5000
v -0.5000 6.0000 -18.5000
v -0.5000 0.0000 -19.5000
v -1.5000 6.0000 -19.5000
v -0.5000 6.0000 -19.5000
v -0.5000 5.0000 -19.5000
v -0.5000 0.0000 -20.5000
v -0.5000 5.0000 -20.5000
v -0.5000 4.0000 -20.5000
v -0.5000 0.0000 -21.5000
v -0.5000 4.0000 -21.5000
v -0.5000 0.0000 -22.5000
v -1.5000 4.0000 -22.5000
v -0.5000 4.0000 -22.5000
v -0.5000 3.0000 -22.5000
v -0.5000 0.0000 -23.5000
v -0.5000 3.0000 -23.5000
v -0.5000 2.0000 -23.5000
v -0.5000 0.0000 -24.5000
v -0.5000 2.0000 -24.5000
v -0.5000 0.0000 -25.5000
v -0.5000 2.0000 -25.5000
v -0.5000 0.0000 -26.5000
v -1.5000 2.0000 -26.5000
v -0.5000 2.0000 -26.5000
v -0.5000 1.0000 -26.5000
v -0.5000 1.0000 -27.5000
v -0.5000 0.0000 -27.5000
v -0.5000 1.0000 -28.5000
v -0.5000 0.0000 -28.5000
v -0.5000 1.0000 -29.5000
v -0.5000 0.0000 -29.5000
v 0.5000 0.0000 30.5000
v 0.5000 1.0000 30.5000
v 0.5000 0.0000 29.5000
v 0.5000 2.0000 30.5000
v 0.5000 2.0000 29.5000
v 0.5000 0.0000 28.5000
v 0.5000 3.0000 29.5000
v 0.5000 3.0000 28.5000
v 0.5000 0.0000 27.5000
v 0.5000 3.0000 27.5000
v 0.5000 0.0000 26.5000
v 0.5000 4.0000 27.5000
v 0.5000 4.0000 26.5000
v 0.5000 0.0000 25.5000
v 0.5000 4.0000 25.5000
v 0.5000 5.0000 25.5000
v 0.5000 5.0000 26.5000
v 0.5000 0.0000 24.5000
v 0.5000 5.0000 24.5000
v 0.5000 0.0000 23.5000
v 0.5000 6.0000 24.5000
v 0.5000 6.0000 23.5000
v 0.5000 0.0000 22.5000
v 0.5000 6.0000 22.5000
v 0.5000 7.0000 22.5000
v 0.5000 7.0000 23.5000
v 0.5000 0.0000 21.5000
v 0.5000 7.0000 21.5000
v 0.5000 8.0000 21.5000
v 0.5000 8.0000 22.5000
v 0.5000 0.0000 20.5000
v 0.5000 8.0000 20.5000
v 0.5000 0.0000 19.5000
v 0.5000 9.0000 20.5000
v 0.5000 9.0000 19.5000
v 0.5000 0.0000 18.5000
v 0.5000 9.0000 18.5000
v 0.5000 10.0000 18.5000
v 0.5000 10.0000 19.5000
v 0.5000 0.0000 17.5000
v 0.5000 10.0000 17.5000
v 0.5000 11.0000 17.5000
v 0.5000 11.0000 18.5000
v 0.5000 0.0000 16.5000
v 0.5000 11.0000 16.5000
v 0.5000 12.0000 16.5000
v 0.5000 12.0000 17.5000
v 0.5000 0.0000 15.5000
v 0.5000 12.0000 15.5000
v 0.5000 13.0000 15.5000
v 0.5000 13.0000 16.5000
v 0.5000 0.0000 14.5000
v 0.5000 13.0000 14.5000
v 0.5000 14.0000 14.5000
v 0.5000 14.0000 15.5000
v 0.5000 0.0000 13.5000
v 0.5000 13.0000 13.5000
v 0.5000 14.0000 13.5000
v 0.5000 0.0000 12.5000
v 0.5000 14.0000 12.5000
v 0.5000 15.0000 12.5000
v 0.5000 15.0000 13.5000
v 0.5000 0.0000 11.5000
v 0.5000 15.0000 11.5000
v 0.5000 16.0000 11.5000
v 0.5000 16.0000 12.5000
v 0.5000 0.0000 10.5000
v 0.5000 15.0000 10.5000
v 0.5000 16.0000 10.5000
v 0.5000 0.0000 9.5000
v 0.5000 16.0000 9.5000
v 0.5000 17.0000 9.5000
v 0.5000 17.0000 10.5000
v 0.5000 0.0000 8.5000
v 0.5000 17.0000 8.5000
v 0.5000 18.0000 8.5000
v 0.5000 18.0000 9.5000
v 0.5000 0.0000 7.5000
v 0.5000 17.0000 7.5000
v 0.5000 18.0000 7.5000
v 0.5000 0.0000 6.5000
v 0.5000 18.0000 6.5000
v 0.5000 0.0000 5.5000
v 0.5000 18.0000 5.5000
v 0.5000 19.0000 5.5000
v 0.5000 19.0000 6.5000
v 0.5000 0.0000 4.5000
v 0.5000 18.0000 4.5000
v 0.5000 19.0000 4.5000
v 0.5000 0.0000 3.5000
v 0.5000 19.0000 3.5000
v 0.5000 0.0000 2.5000
v 0.5000 19.0000 2.5000
v 0.5000 0.0000 1.5000
v 0.5000 19.0000 1.5000
v 0.5000 20.0000 1.5000
v 0.5000 20.0000 2.5000
v 0.5000 0.0000 0.5000
v 0.5000 19.0000 0.5000
v 0.5000 20.0000 0.5000
v 0.5000 0.0000 -0.5000
v 0.5000 19.0000 -0.5000
v 0.5000 0.0000 -1.5000
v 0.5000 19.0000 -1.5000
v 0.5000 0.0000 -2.5000
v 0.5000 19.0000 -2.5000
v 0.5000 0.0000 -3.5000
v 0.5000 19.0000 -3.5000
v 0.5000 18.0000 -3.5000
v 0.5000 0.0000 -4.5000
v 0.5000 18.0000 -4.5000
v 0.5000 0.0000 -5.5000
v 0.5000 18.0000 -5.5000
v 0.5000 17.0000 -5.5000
v 0.5000 0.0000 -6.5000
v 0.5000 17.0000 -6.5000
v 0.5000 0.0000 -7.5000
v -0.5000 17.0000 -7.5000
v 0.5000 17.0000 -7.5000
v 0.5000 16.0000 -7.5000
v 0.5000 0.0000 -8.5000
v 0.5000 16.0000 -8.5000
v 0.5000 15.0000 -8.5000
v 0.5000 0.0000 -9.5000
v 0.5000 15.0000 -9.5000
v 0.5000 14.0000 -9.5000
v 0.5000 0.0000 -10.5000
v 0.5000 14.0000 -10.5000
v 0.5000 0.0000 -11.5000
v -0.5000 14.0000 -11.5000
v 0.5000 14.0000 -11.5000
v 0.5000 13.0000 -11.5000
v 0.5000 0.0000 -12.5000
v -0.5000 13.0000 -12.5000
v 0.5000 13.0000 -12.5000
v 0.5000 12.0000 -12.5000
v 0.5000 0.0000 -13.5000
v -0.5000 12.0000 -13.5000
v 0.5000 12.0000 -13.5000
v 0.5000 11.0000 -13.5000
v 0.5000 0.0000 -14.5000
v -0.5000 11.0000 -14.5000
v 0.5000 11.0000 -14.5000
v 0.5000 10.0000 -14.5000
v 0.5000 0.0000 -15.5000
v -0.5000 10.0000 -15.5000
v 0.5000 10.0000 -15.5000
v 0.5000 9.0000 -15.5000
v 0.5000 0.0000 -16.5000
v -0.5000 9.0000 -16.5000
v 0.5000 9.0000 -16.5000
v 0.5000 8.0000 -16.5000
v 0.5000 0.0000 -17.5000
v -0.5000 8.0000 -17.5000
v 0.5000 8.0000 -17.5000
v 0.5000 7.0000 -17.5000
v 0.5000 0.0000 -18.5000
v 0.5000 7.0000 -18.5000
v 0.5000 6.0000 -18.5000
v 0.5000 0.0000 -19.5000
v 0.5000 6.0000 -19.5000
v 0.5000 5.0000 -19.5000
v 0.5000 0.0000 -20.5000
v 0.5000 5.0000 -20.5000
v 0.5000 0.0000 -21.5000
v -0.5000 5.0000 -21.5000
v 0.5000 5.0000 -21.5000
v 0.5000 4.0000 -21.5000
v 0.5000 0.0000 -22.5000
v 0.5000 4.0000 -22.5000
v 0.5000 3.0000 -22.5000
v 0.5000 0.0000 -23.5000
v 0.5000 3.0000 -23.5000
v 0.5000 0.0000 -24.5000
v -0.5000 3.0000 -24.5000
v 0.5000 3.0000 -24.5000
v 0.5000 2.0000 -24.5000
v 0.5000 0.0000 -25.5000
v 0.5000 2.0000 -25.5000
v 0.5000 0.0000 -26.5000
v 0.5000 2.0000 -26.5000
v 0.5000 1.0000 -26.5000
v 0.5000 1.0000 -27.5000
v 0.5000 0.0000 -27.5000
v 0.5000 1.0000 -28.5000
v 0.5000 0.0000 -28.5000
v 0.5000 1.0000 -29.5000
v 0.5000 0.0000 -29.5000
v -0.5000 1.0000 -30.5000
v -0.5000 0.0000 -30.5000
v 0.5000 1.0000 -30.5000
v 0.5000 0.0000 -30.5000
v 1.5000 0.0000 30.5000
v 1.5000 1.0000 30.5000
v 1.5000 0.0000 29.5000
v 1.5000 2.0000 30.5000
v 1.5000 2.0000 29.5000
v 1.5000 0.0000 28.5000
v 1.5000 2.0000 28.5000
v 1.5000 3.0000 28.5000
v 1.5000 3.0000 29.5000
v 1.5000 0.0000 27.5000
v 1.5000 3.0000 27.5000
v 1.5000 0.0000 26.5000
v 1.5000 3.0000 26.5000
v 1.5000 4.0000 26.5000
v 1.5000 4.0000 27.5000
v 1.5000 0.0000 25.5000
v 1.5000 4.0000 25.5000
v 1.5000 0.0000 24.5000
v 1.5000 4.0000 24.5000
v 1.5000 5.0000 24.5000
v 1.5000 5.0000 25.5000
v 1.5000 0.0000 23.5000
v 1.5000 5.0000 23.5000
v 1.5000 6.0000 23.5000
v 1.5000 6.0000 24.5000
v 1.5000 0.0000 22.5000
v 1.5000 6.0000 22.5000
v 1.5000 0.0000 21.5000
v 1.5000 6.0000 21.5000
v 1.5000 7.0000 21.5000
v 1.5000 7.0000 22.5000
v 1.5000 0.0000 20.5000
v 1.5000 7.0000 20.5000
v 1.5000 8.0000 20.5000
v 1.5000 8.0000 21.5000
v 1.5000 0.0000 19.5000
v 1.5000 8.0000 19.5000
v 1.5000 9.0000 19.5000
v 1.5000 9.0000 20.5000
v 1.5000 0.0000 18.5000
v 1.5000 9.0000 18.5000
v 1.5000 0.0000 17.5000
v 1.5000 9.0000 17.5000
v 1.5000 10.0000 17.5000
v 1.5000 10.0000 18.5000
v 1.5000 0.0000 16.5000
v 1.5000 10.0000 16.5000
v 1.5000 11.0000 16.5000
v 1.5000 11.0000 17.5000
v 1.5000 0.0000 15.5000
v 1.5000 11.0000 15.5000
v 1.5000 12.0000 15.5000
v 1.5000 12.0000 16.5000
v 1.5000 0.0000 14.5000
v 1.5000 12.0000 14.5000
v 1.5000 13.0000 14.5000
v 1.5000 13.0000 15.5000
v 1.5000 0.0000 13.5000
v 1.5000 12.0000 13.5000
v 1.5000 13.0000 13.5000
v 1.5000 0.0000 12.5000
v 1.5000 13.0000 12.5000
v 1.5000 14.0000 12.5000
v 1.5000 14.0000 13.5000
v 1.5000 0.0000 11.5000
v 1.5000 14.0000 11.5000
v 1.5000 15.0000 11.5000
v 1.5000 15.0000 12.5000
v 1.5000 0.0000 10.5000
v 1.5000 14.0000 10.5000
v 1.5000 15.0000 10.5000
v 1.5000 0.0000 9.5000
v 1.5000 15.0000 9.5000
v 1.5000 16.0000 9.5000
v 1.5000 16.0000 10.5000
v 1.5000 0.0000 8.5000
v 1.5000 16.0000 8.5000
v 1.5000 17.0000 8.5000
v 1.5000 17.0000 9.5000
v 1.5000 0.0000 7.5000
v 1.5000 16.0000 7.5000
v 1.5000 17.0000 7.5000
v 1.5000 0.0000 6.5000
v 1.5000 17.0000 6.5000
v 1.5000 18.0000 6.5000
v 1.5000 18.0000 7.5000
v 1.5000 0.0000 5.5000
v 1.5000 17.0000 5.5000
v 1.5000 18.0000 5.5000
v 1.5000 0.0000 4.5000
v 1.5000 18.0000 4.5000
v 1.5000 0.0000 3.5000
v 1.5000 18.0000 3.5000
v 1.5000 19.0000 3.5000
v 1.5000 19.0000 4.5000
v 1.5000 0.0000 2.5000
v 1.5000 18.0000 2.5000
v 1.5000 19.0000 2.5000
v 1.5000 0.0000 1.5000
v 1.5000 19.0000 1.5000
v 1.5000 0.0000 0.5000
v 1.5000 19.0000 0.5000
v 1.5000 0.0000 -0.5000
v 1.5000 19.0000 -0.5000
v 1.5000 0.0000 -1.5000
v 1.5000 19.0000 -1.5000
v 1.5000 0.0000 -2.5000
v 1.5000 19.0000 -2.5000
v 1.5000 0.0000 -3.5000
v 1.5000 19.0000 -3.5000
v 1.5000 0.0000 -4.5000
v 0.5000 19.0000 -4.5000
v 1.5000 19.0000 -4.5000
v 1.5000 18.0000 -4.5000
v 1.5000 0.0000 -5.5000
v 1.5000 18.0000 -5.5000
v 1.5000 0.0000 -6.5000
v 0.5000 18.0000 -6.5000
v 1.5000 18.0000 -6.5000
v 1.5000 17.0000 -6.5000
v 1.5000 0.0000 -7.5000
v 1.5000 17.0000 -7.5000
v 1.5000 0.0000 -8.5000
v 0.5000 17.0000 -8.5000
v 1.5000 17.0000 -8.5000
v 1.5000 16.0000 -8.5000
v 1.5000 0.0000 -9.5000
v 0.5000 16.0000 -9.5000
v 1.5000 16.0000 -9.5000
v 1.5000 15.0000 -9.5000
v 1.5000 0.0000 -10.5000
v 0.5000 15.0000 -10.5000
v 1.5000 15.0000 -10.5000
v 1.5000 14.0000 -10.5000
v 1.5000 0.0000 -11.5000
v 1.5000 14.0000 -11.5000
v 1.5000 13.0000 -11.5000
v 1.5000 0.0000 -12.5000
v 1.5000 13.0000 -12.5000
v 1.5000 12.0000 -12.5000
v 1.5000 0.0000 -13.5000
v 1.5000 12.0000 -13.5000
v 1.5000 0.0000 -14.5000
v 0.5000 12.0000 -14.5000
v 1.5000 12.0000 -14.5000
v 1.5000 11.0000 -14.5000
v 1.5000 0.0000 -15.5000
v 0.5000 11.0000 -15.5000
v 1.5000 11.0000 -15.5000
v 1.5000 10.0000 -15.5000
v 1.5000 0.0000 -16.5000
v 0.5000 10.0000 -16.5000
v 1.5000 10.0000 -16.5000
v 1.5000 9.0000 -16.5000
v 1.5000 0.0000 -17.5000
v 0.5000 9.0000 -17.5000
v 1.5000 9.0000 -17.5000
v 1.5000 8.0000 -17.5000
v 1.5000 0.0000 -18.5000
v 0.5000 8.0000 -18.5000
v 1.5000 8.0000 -18.5000
v 1.5000 7.0000 -18.5000
v 1.5000 0.0000 -19.5000
v 0.5000 7.0000 -19.5000
v 1.5000 7.0000 -19.5000
v 1.5000 6.0000 -19.5000
v 1.5000 0.0000 -20.5000
v 0.5000 6.0000 -20.5000
v 1.5000 6.0000 -20.5000
v 1.5000 5.0000 -20.5000
v 1.5000 0.0000 -21.5000
v 1.5000 5.0000 -21.5000
v 1.5000 4.0000 -21.5000
v 1.5000 0.0000 -22.5000
v 1.5000 4.0000 -22.5000
v 1.5000 0.0000 -23.5000
v 0.5000 4.0000 -23.5000
v 1.5000 4.0000 -23.5000
v 1.5000 3.0000 -23.5000
v 1.5000 0.0000 -24.5000
v 1.5000 3.0000 -24.5000
v 1.5000 2.0000 -24.5000
v 1.5000 0.0000 -25.5000
v 1.5000 2.0000 -25.5000
v 1.5000 0.0000 -26.5000
v 1.5000 2.0000 -26.5000
v 1.5000 0.0000 -27.5000
v 0.5000 2.0000 -27.5000
v 1.5000 2.0000 -27.5000
v 1.5000 1.0000 -27.5000
v 1.5000 1.0000 -28.5000
v 1.5000 0.0000 -28.5000
v 1.5000 1.0000 -29.5000
v 1.5000 0.0000 -29.5000
v 1.5000 1.0000 -30.5000
v 1.5000 0.0000 -30.5000
v 2.5000 0.0000 30.5000
v 2.5000 1.0000 30.5000
v 2.5000 0.0000 29.5000
v 2.5000 2.0000 30.5000
v 2.5000 2.0000 29.5000
v 2.5000 0.0000 28.5000
v 2.5000 2.0000 28.5000
v 2.5000 0.0000 27.5000
v 2.5000 3.0000 28.5000
v 2.5000 3.0000 27.5000
v 2.5000 0.0000 26.5000
v 2.5000 3.0000 26.5000
v 2.5000 0.0000 25.5000
v 2.5000 4.0000 26.5000
v 2.5000 4.0000 25.5000
v 2.5000 0.0000 24.5000
v 2.5000 4.0000 24.5000
v 2.5000 0.0000 23.5000
v 2.5000 5.0000 24.5000
v 2.5000 5.0000 23.5000
v 2.5000 0.0000 22.5000
v 2.5000 5.0000 22.5000
v 2.5000 6.0000 22.5000
v 2.5000 6.0000 23.5000
v 2.5000 0.0000 21.5000
v 2.5000 6.0000 21.5000
v 2.5000 0.0000 20.5000
v 2.5000 7.0000 21.5000
v 2.5000 7.0000 20.5000
v 2.5000 0.0000 19.5000
v 2.5000 7.0000 19.5000
v 2.5000 8.0000 19.5000
v 2.5000 8.0000 20.5000
v 2.5000 0.0000 18.5000
v 2.5000 8.0000 18.5000
v 2.5000 9.0000 18.5000
v 2.5000 9.0000 19.5000
v 2.5000 0.0000 17.5000
v 2.5000 9.0000 17.5000
v 2.5000 0.0000 16.5000
v 2.5000 9.0000 16.5000
v 2.5000 10.0000 16.5000
v 2.5000 10.0000 17.5000
v 2.5000 0.0000 15.5000
v 2.5000 10.0000 15.5000
v 2.5000 11.0000 15.5000
v 2.5000 11.0000 16.5000
v 2.5000 0.0000 14.5000
v 2.5000 11.0000 14.5000
v 2.5000 12.0000 14.5000
v 2.5000 12.0000 15.5000
v 2.5000 0.0000 13.5000
v 2.5000 11.0000 13.5000
v 2.5000 12.0000 13.5000
v 2.5000 0.0000 12.5000
v 2.5000 12.0000 12.5000
v 2.5000 13.0000 12.5000
v 2.5000 13.0000 13.5000
v 2.5000 0.0000 11.5000
v 2.5000 13.0000 11.5000
v 2.5000 14.0000 11.5000
v 2.5000 14.0000 12.5000
v 2.5000 0.0000 10.5000
v 2.5000 14.0000 10.5000
v 2.5000 0.0000 9.5000
v 2.5000 14.0000 9.5000
v 2.5000 15.0000 9.5000
v 2.5000 15.0000 10.5000
v 2.5000 0.0000 8.5000
v 2.5000 15.0000 8.5000
v 2.5000 16.0000 8.5000
v 2.5000 16.0000 9.5000
v 2.5000 0.0000 7.5000
v 2.5000 15.0000 7.5000
v 2.5000 16.0000 7.5000
v 2.5000 0.0000 6.5000
v 2.5000 16.0000 6.5000
v 2.5000 17.0000 6.5000
v 2.5000 17.0000 7.5000
v 2.5000 0.0000 5.5000
v 2.5000 17.0000 5.5000
v 2.5000 0.0000 4.5000
v 2.5000 17.0000 4.5000
v 2.5000 18.0000 4.5000
v 2.5000 18.0000 5.5000
v 2.5000 0.0000 3.5000
v 2.5000 18.0000 3.5000
v 2.5000 0.0000 2.5000
v 2.5000 18.0000 2.5000
v 2.5000 0.0000 1.5000
v 2.5000 18.0000 1.5000
v 2.5000 19.0000 1.5000
v 2.5000 19.0000 2.5000
v 2.5000 0.0000 0.5000
v 2.5000 19.0000 0.5000
v 2.5000 0.0000 -0.5000
v 2.5000 19.0000 -0.5000
v 2.5000 0.0000 -1.5000
v 2.5000 19.0000 -1.5000
v 2.5000 0.0000 -2.5000
v 2.5000 19.0000 -2.5000
v 2.5000 0.0000 -3.5000
v 2.5000 19.0000 -3.5000
v 2.5000 0.0000 -4.5000
v 2.5000 19.0000 -4.5000
v 2.5000 0.0000 -5.5000
v 1.5000 19.0000 -5.5000
v 2.5000 19.0000 -5.5000
v 2.5000 18.0000 -5.5000
v 2.5000 0.0000 -6.5000
v 2.5000 18.0000 -6.5000
v 2.5000 0.0000 -7.5000
v 1.5000 18.0000 -7.5000
v 2.5000 18.0000 -7.5000
v 2.5000 17.0000 -7.5000
v 2.5000 0.0000 -8.5000
v 2.5000 17.0000 -8.5000
v 2.5000 0.0000 -9.5000
v 1.5000 17.0000 -9.5000
v 2.5000 17.0000 -9.5000
v 2.5000 16.0000 -9.5000
v 2.5000 0.0000 -10.5000
v 1.5000 16.0000 -10.5000
v 2.5000 16.0000 -10.5000
v 2.5000 15.0000 -10.5000
v 2.5000 0.0000 -11.5000
v 1.5000 15.0000 -11.5000
v 2.5000 15.0000 -11.5000
v 2.5000 14.0000 -11.5000
v 2.5000 0.0000 -12.5000
v 1.5000 14.0000 -12.5000
v 2.5000 14.0000 -12.5000
v 2.5000 13.0000 -12.5000
v 2.5000 0.0000 -13.5000
v 1.5000 13.0000 -13.5000
v 2.5000 13.0000 -13.5000
v 2.5000 12.0000 -13.5000
v 2.5000 0.0000 -14.5000
v 2.5000 12.0000 -14.5000
v 2.5000 11.0000 -14.5000
v 2.5000 0.0000 -15.5000
v 2.5000 11.0000 -15.5000
v 2.5000 10.0000 -15.5000
v 2.5000 0.0000 -16.5000
v 2.5000 10.0000 -16.5000
v 2.5000 9.0000 -16.5000
v 2.5000 0.0000 -17.5000
v 2.5000 9.0000 -17.5000
v 2.5000 8.0000 -17.5000
v 2.5000 0.0000 -18.5000
v 2.5000 8.0000 -18.5000
v 2.5000 7.0000 -18.5000
v 2.5000 0.0000 -19.5000
v 2.5000 7.0000 -19.5000
v 2.5000 6.0000 -19.5000
v 2.5000 0.0000 -20.5000
v 2.5000 6.0000 -20.5000
v 2.5000 5.0000 -20.5000
v 2.5000 0.0000 -21.5000
v 2.5000 5.0000 -21.5000
v 2.5000 0.0000 -22.5000
v 1.5000 5.0000 -22.5000
v 2.5000 5.0000 -22.5000
v 2.5000 4.0000 -22.5000
v 2.5000 0.0000 -23.5000
v 2.5000 4.0000 -23.5000
v 2.5000 3.0000 -23.5000
v 2.5000 0.0000 -24.5000
v 2.5000 3.0000 -24.5000
v 2.5000 0.0000 -25.5000
v 1.5000 3.0000 -25.5000
v 2.5000 3.0000 -25.5000
v 2.5000 2.0000 -25.5000
v 2.5000 0.0000 -26.5000
v 2.5000 2.0000 -26.5000
v 2.5000 0.0000 -27.5000
v 2.5000 2.0000 -27.5000
v 2.5000 1.0000 -27.5000
v 2.5000 1.0000 -28.5000
v 2.5000 0.0000 -28.5000
v 2.5000 1.0000 -29.5000
v 2.5000 0.0000 -29.5000
v 2.5000 1.0000 -30.5000
v 2.5000 0.0000 -30.5000
v 3.5000 0.0000 30.5000
v 3.5000 1.0000 30.5000
v 3.5000 0.0000 29.5000
v 3.5000 2.0000 30.5000
v 3.5000 2.0000 29.5000
v 3.5000 0.0000 28.5000
v 3.5000 2.0000 28.5000
v 3.5000 0.0000 27.5000
v 3.5000 2.0000 27.5000
v 3.5000 3.0000 27.5000
v 3.5000 3.0000 28.5000
v 3.5000 0.0000 26.5000
v 3.5000 3.0000 26.5000
v 3.5000 0.0000 25.5000
v 3.5000 3.0000 25.5000
v 3.5000 4.0000 25.5000
v 3.5000 4.0000 26.5000
v 3.5000 0.0000 24.5000
v 3.5000 4.0000 24.5000
v 3.5000 0.0000 23.5000
v 3.5000 4.0000 23.5000
v 3.5000 5.0000 23.5000
v 3.5000 5.0000 24.5000
v 3.5000 0.0000 22.5000
v 3.5000 5.0000 22.5000
v 3.5000 0.0000 21.5000
v 3.5000 5.0000 21.5000
v 3.5000 6.0000 21.5000
v 3.5000 6.0000 22.5000
v 3.5000 0.0000 20.5000
v 3.5000 6.0000 20.5000
v 3.5000 7.0000 20.5000
v 3.5000 7.0000 21.5000
v 3.5000 0.0000 19.5000
v 3.5000 7.0000 19.5000
v 3.5000 0.0000 18.5000
v 3.5000 7.0000 18.5000
v 3.5000 8.0000 18.5000
v 3.5000 8.0000 19.5000
v 3.5000 0.0000 17.5000
v 3.5000 8.0000 17.5000
v 3.5000 9.0000 17.5000
v 3.5000 9.0000 18.5000
v 3.5000 0.0000 16.5000
v 3.5000 9.0000 16.5000
v 3.5000 0.0000 15.5000
v 3.5000 9.0000 15.5000
v 3.5000 10.0000 15.5000
v 3.5000 10.0000 16.5000
v 3.5000 0.0000 14.5000
v 3.5000 10.0000 14.5000
v 3.5000 11.0000 14.5000
v 3.5000 11.0000 15.5000
v 3.5000 0.0000 13.5000
v 3.5000 11.0000 13.5000
v 3.5000 0.0000 12.5000
v 3.5000 11.0000 12.5000
v 3.5000 12.0000 12.5000
v 3.5000 12.0000 13.5000
v 3.5000 0.0000 11.5000
v 3.5000 12.0000 11.5000
v 3.5000 13.0000 11.5000
v 3.5000 13.0000 12.5000
v 3.5000 0.0000 10.5000
v 3.5000 13.0000 10.5000
v 3.5000 14.0000 10.5000
v 3.5000 14.0000 11.5000
v 3.5000 0.0000 9.5000
v 3.5000 13.0000 9.5000
v 3.5000 14.0000 9.5000
v 3.5000 0.0000 8.5000
v 3.5000 14.0000 8.5000
v 3.5000 15.0000 8.5000
v 3.5000 15.0000 9.5000
v 3.5000 0.0000 7.5000
v 3.5000 15.0000 7.5000
v 3.5000 0.0000 6.5000
v 3.5000 15.0000 6.5000
v 3.5000 16.0000 6.5000
v 3.5000 16.0000 7.5000
v 3.5000 0.0000 5.5000
v 3.5000 16.0000 5.5000
v 3.5000 17.0000 5.5000
v 3.5000 17.0000 6.5000
v 3.5000 0.0000 4.5000
v 3.5000 17.0000 4.5000
v 3.5000 0.0000 3.5000
v 3.5000 17.0000 3.5000
v 3.5000 18.0000 3.5000
v 3.5000 18.0000 4.5000
v 3.5000 0.0000 2.5000
v 3.5000 18.0000 2.5000
v 3.5000 0.0000 1.5000
v 3.5000 18.0000 1.5000
v 3.5000 0.0000 0.5000
v 3.5000 19.0000 1.5000
v 3.5000 19.0000 0.5000
v 3.5000 0.0000 -0.5000
v 3.5000 19.0000 -0.5000
v 3.5000 0.0000 -1.5000
v 3.5000 19.0000 -1.5000
v 3.5000 0.0000 -2.5000
v 3.5000 19.0000 -2.5000
v 3.5000 0.0000 -3.5000
v 3.5000 19.0000 -3.5000
v 3.5000 0.0000 -4.5000
v 3.5000 19.0000 -4.5000
v 3.5000 0.0000 -5.5000
v 3.5000 19.0000 -5.5000
v 3.5000 0.0000 -6.5000
v 2.5000 19.0000 -6.5000
v 3.5000 19.0000 -6.5000
v 3.5000 18.0000 -6.5000
v 3.5000 0.0000 -7.5000
v 3.5000 18.0000 -7.5000
v 3.5000 0.0000 -8.5000
v 2.5000 18.0000 -8.5000
v 3.5000 18.0000 -8.5000
v 3.5000 17.0000 -8.5000
v 3.5000 0.0000 -9.5000
v 3.5000 17.0000 -9.5000
v 3.5000 0.0000 -10.5000
v 2.5000 17.0000 -10.5000
v 3.5000 17.0000 -10.5000
v 3.5000 16.0000 -10.5000
v 3.5000 0.0000 -11.5000
v 2.5000 16.0000 -11.5000
v 3.5000 16.0000 -11.5000
v 3.5000 15.0000 -11.5000
v 3.5000 0.0000 -12.5000
v 2.5000 15.0000 -12.5000
v 3.5000 15.0000 -12.5000
v 3.5000 14.0000 -12.5000
v 3.5000 0.0000 -13.5000
v 2.5000 14.0000 -13.5000
v 3.5000 14.0000 -13.5000
v 3.5000 13.0000 -13.5000
v 3.5000 0.0000 -14.5000
v 2.5000 13.0000 -14.5000
v 3.5000 13.0000 -14.5000
v 3.5000 12.0000 -14.5000
v 3.5000 0.0000 -15.5000
v 2.5000 12.0000 -15.5000
v 3.5000 12.0000 -15.5000
v 3.5000 11.0000 -15.5000
v 3.5000 0.0000 -16.5000
v 2.5000 11.0000 -16.5000
v 3.5000 11.0000 -16.5000
v 3.5000 10.0000 -16.5000
v 3.5000 0.0000 -17.5000
v 2.5000 10.0000 -17.5000
v 3.5000 10.0000 -17.5000
v 3.5000 9.0000 -17.5000
v 3.5000 0.0000 -18.5000
v 2.5000 9.0000 -18.5000
v 3.5000 9.0000 -18.5000
v 3.5000 8.0000 -18.5000
v 3.5000 0.0000 -19.5000
v 2.5000 8.0000 -19.5000
v 3.5000 8.0000 -19.5000
v 3.5000 7.0000 -19.5000
v 3.5000 0.0000 -20.5000
v 2.5000 7.0000 -20.5000
v 3.5000 7.0000 -20.5000
v 3.5000 6.0000 -20.5000
v 3.5000 0.0000 -21.5000
v 2.5000 6.0000 -21.5000
v 3.5000 6.0000 -21.5000
v 3.5000 5.0000 -21.5000
v 3.5000 0.0000 -22.5000
v 3.5000 5.0000 -22.5000
v 3.5000 4.0000 -22.5000
v 3.5000 0.0000 -23.5000
v 3.5000 4.0000 -23.5000
v 3.5000 0.0000 -24.5000
v 2.5000 4.0000 -24.5000
v 3.5000 4.0000 -24.5000
v 3.5000 3.0000 -24.5000
v 3.5000 0.0000 -25.5000
v 3.5000 3.0000 -25.5000
v 3.5000 2.0000 -25.5000
v 3.5000 0.0000 -26.5000
v 3.5000 2.0000 -26.5000
v 3.5000 0.0000 -27.5000
v 3.5000 2.0000 -27.5000
v 3.5000 1.0000 -27.5000
v 3.5000 1.0000 -28.5000
v 3.5000 0.0000 -28.5000
v 3.5000 1.0000 -29.5000
v 3.5000 0.0000 -29.5000
v 3.5000 1.0000 -30.5000
v 3.5000 0.0000 -30.5000
v 4.5000 0.0000 30.5000
v 4.5000 1.0000 30.5000
v 4.5000 0.0000 29.5000
v 4.5000 1.0000 29.5000
v 4.5000 2.0000 29.5000
v 4.5000 2.0000 30.5000
v 4.5000 0.0000 28.5000
v 4.5000 2.0000 28.5000
v 4.5000 0.0000 27.5000
v 4.5000 2.0000 27.5000
v 4.5000 0.0000 26.5000
v 4.5000 2.0000 26.5000
v 4.5000 3.0000 26.5000
v 4.5000 3.0000 27.5000
v 4.5000 0.0000 25.5000
v 4.5000 3.0000 25.5000
v 4.5000 0.0000 24.5000
v 4.5000 3.0000 24.5000
v 4.5000 4.0000 24.5000
v 4.5000 4.0000 25.5000
v 4.5000 0.0000 23.5000
v 4.5000 4.0000 23.5000
v 4.5000 0.0000 22.5000
v 4.5000 4.0000 22.5000
v 4.5000 5.0000 22.5000
v 4.5000 5.0000 23.5000
v 4.5000 0.0000 21.5000
v 4.5000 5.0000 21.5000
v 4.5000 0.0000 20.5000
v 4.5000 5.0000 20.5000
v 4.5000 6.0000 20.5000
v 4.5000 6.0000 21.5000
v 4.5000 0.0000 19.5000
v 4.5000 6.0000 19.5000
v 4.5000 7.0000 19.5000
v 4.5000 7.0000 20.5000
v 4.5000 0.0000 18.5000
v 4.5000 7.0000 18.5000
v 4.5000 0.0000 17.5000
v 4.5000 7.0000 17.5000
v 4.5000 8.0000 17.5000
v 4.5000 8.0000 18.5000
v 4.5000 0.0000 16.5000
v 4.5000 8.0000 16.5000
v 4.5000 9.0000 16.5000
v 4.5000 9.0000 17.5000
v 4.5000 0.0000 15.5000
v 4.5000 8.0000 15.5000
v 4.5000 9.0000 15.5000
v 4.5000 0.0000 14.5000
v 4.5000 9.0000 14.5000
v 4.5000 10.0000 14.5000
v 4.5000 10.0000 15.5000
v 4.5000 0.0000 13.5000
v 4.5000 10.0000 13.5000
v 4.5000 11.0000 13.5000
v 4.5000 11.0000 14.5000
v 4.5000 0.0000 12.5000
v 4.5000 10.0000 12.5000
v 4.5000 11.0000 12.5000
v 4.5000 0.0000 11.5000
v 4.5000 11.0000 11.5000
v 4.5000 12.0000 11.5000
v 4.5000 12.0000 12.5000
v 4.5000 0.0000 10.5000
v 4.5000 12.0000 10.5000
v 4.5000 13.0000 10.5000
v 4.5000 13.0000 11.5000
v 4.5000 0.0000 9.5000
v 4.5000 13.0000 9.5000
v 4.5000 0.0000 8.5000
v 4.5000 13.0000 8.5000
v 4.5000 14.0000 8.5000
v 4.5000 14.0000 9.5000
v 4.5000 0.0000 7.5000
v 4.5000 14.0000 7.5000
v 4.5000 15.0000 7.5000
v 4.5000 15.0000 8.5000
v 4.5000 0.0000 6.5000
v 4.5000 15.0000 6.5000
v 4.5000 0.0000 5.5000
v 4.5000 15.0000 5.5000
v 4.5000 16.0000 5.5000
v 4.5000 16.0000 6.5000
v 4.5000 0.0000 4.5000
v 4.5000 16.0000 4.5000
v 4.5000 17.0000 4.5000
v 4.5000 17.0000 5.5000
v 4.5000 0.0000 3.5000
v 4.5000 17.0000 3.5000
v 4.5000 0.0000 2.5000
v 4.5000 17.0000 2.5000
v 4.5000 18.0000 2.5000
v 4.5000 18.0000 3.5000
v 4.5000 0.0000 1.5000
v 4.5000 18.0000 1.5000
v 4.5000 0.0000 0.5000
v 4.5000 18.0000 0.5000
v 4.5000 19.0000 0.5000
v 4.5000 19.0000 1.5000
v 4.5000 0.0000 -0.5000
v 4.5000 19.0000 -0.5000
v 4.5000 0.0000 -1.5000
v 4.5000 19.0000 -1.5000
v 4.5000 0.0000 -2.5000
v 4.5000 19.0000 -2.5000
v 4.5000 0.0000 -3.5000
v 3.5000 20.0000 -2.5000
v 3.5000 20.0000 -3.5000
v 4.5000 20.0000 -2.5000
v 4.5000 20.0000 -3.5000
v 4.5000 0.0000 -4.5000
v 3.5000 20.0000 -4.5000
v 4.5000 20.0000 -4.5000
v 4.5000 0.0000 -5.5000
v 3.5000 20.0000 -5.5000
v 4.5000 20.0000 -5.5000
v 4.5000 19.0000 -5.5000
v 4.5000 0.0000 -6.5000
v 4.5000 19.0000 -6.5000
v 4.5000 0.0000 -7.5000
v 3.5000 19.0000 -7.5000
v 4.5000 19.0000 -7.5000
v 4.5000 0.0000 -8.5000
v 3.5000 19.0000 -8.5000
v 4.5000 19.0000 -8.5000
v 4.5000 18.0000 -8.5000
v 4.5000 0.0000 -9.5000
v 3.5000 18.0000 -9.5000
v 4.5000 18.0000 -9.5000
v 4.5000 17.0000 -9.5000
v 4.5000 0.0000 -10.5000
v 4.5000 17.0000 -10.5000
v 4.5000 0.0000 -11.5000
v 3.5000 17.0000 -11.5000
v 4.5000 17.0000 -11.5000
v 4.5000 16.0000 -11.5000
v 4.5000 0.0000 -12.5000
v 3.5000 16.0000 -12.5000
v 4.5000 16.0000 -12.5000
v 4.5000 15.0000 -12.5000
v 4.5000 0.0000 -13.5000
v 3.5000 15.0000 -13.5000
v 4.5000 15.0000 -13.5000
v 4.5000 14.0000 -13.5000
v 4.5000 0.0000 -14.5000
v 3.5000 14.0000 -14.5000
v 4.5000 14.0000 -14.5000
v 4.5000 13.0000 -14.5000
v 4.5000 0.0000 -15.5000
v 3.5000 13.0000 -15.5000
v 4.5000 13.0000 -15.5000
v 4.5000 12.0000 -15.5000
v 4.5000 0.0000 -16.5000
v 4.5000 11.0000 -16.5000
v 4.5000 10.0000 -16.5000
v 3.5000 12.0000 -16.5000
v 4.5000 12.0000 -16.5000
v 4.5000 0.0000 -17.5000
v 4.5000 10.0000 -17.5000
v 4.5000 9.0000 -17.5000
v 4.5000 0.0000 -18.5000
v 4.5000 9.0000 -18.5000
v 4.5000 8.0000 -18.5000
v 4.5000 0.0000 -19.5000
v 4.5000 8.0000 -19.5000
v 4.5000 7.0000 -19.5000
v 4.5000 0.0000 -20.5000
v 4.5000 7.0000 -20.5000
v 4.5000 6.0000 -20.5000
v 4.5000 0.0000 -21.5000
v 4.5000 6.0000 -21.5000
v 4.5000 5.0000 -21.5000
v 4.5000 0.0000 -22.5000
v 4.5000 5.0000 -22.5000
v 4.5000 0.0000 -23.5000
v 3.5000 5.0000 -23.5000
v 4.5000 5.0000 -23.5000
v 4.5000 4.0000 -23.5000
v 4.5000 0.0000 -24.5000
v 4.5000 4.0000 -24.5000
v 4.5000 3.0000 -24.5000
v 4.5000 0.0000 -25.5000
v 4.5000 3.0000 -25.5000
v 4.5000 0.0000 -26.5000
v 3.5000 3.0000 -26.5000
v 4.5000 3.0000 -26.5000
v 4.5000 2.0000 -26.5000
v 4.5000 0.0000 -27.5000
v 4.5000 2.0000 -27.5000
v 4.5000 0.0000 -28.5000
v 3.5000 2.0000 -28.5000
v 4.5000 2.0000 -28.5000
v 4.5000 1.0000 -28.5000
v 4.5000 1.0000 -29.5000
v 4.5000 0.0000 -29.5000
v 4.5000 1.0000 -30.5000
v 4.5000 0.0000 -30.5000
v 5.5000 0.0000 30.5000
v 5.5000 1.0000 30.5000
v 5.5000 1.0000 29.5000
v 5.5000 0.0000 29.5000
v 5.5000 0.0000 28.5000
v 5.5000 1.0000 28.5000
v 5.5000 2.0000 28.5000
v 5.5000 2.0000 29.5000
v 5.5000 0.0000 27.5000
v 5.5000 2.0000 27.5000
v 5.5000 0.0000 26.5000
v 5.5000 2.0000 26.5000
v 5.5000 0.0000 25.5000
v 5.5000 3.0000 26.5000
v 5.5000 3.0000 25.5000
v 5.5000 0.0000 24.5000
v 5.5000 3.0000 24.5000
v 5.5000 0.0000 23.5000
v 5.5000 3.0000 23.5000
v 5.5000 4.0000 23.5000
v 5.5000 4.0000 24.5000
v 5.5000 0.0000 22.5000
v 5.5000 4.0000 22.5000
v 5.5000 0.0000 21.5000
v 5.5000 4.0000 21.5000
v 5.5000 5.0000 21.5000
v 5.5000 5.0000 22.5000
v 5.5000 0.0000 20.5000
v 5.5000 5.0000 20.5000
v 5.5000 0.0000 19.5000
v 5.5000 5.0000 19.5000
v 5.5000 6.0000 19.5000
v 5.5000 6.0000 20.5000
v 5.5000 0.0000 18.5000
v 5.5000 6.0000 18.5000
v 5.5000 7.0000 18.5000
v 5.5000 7.0000 19.5000
v 5.5000 0.0000 17.5000
v 5.5000 6.0000 17.5000
v 5.5000 7.0000 17.5000
v 5.5000 0.0000 16.5000
v 5.5000 7.0000 16.5000
v 5.5000 8.0000 16.5000
v 5.5000 8.0000 17.5000
v 5.5000 0.0000 15.5000
v 5.5000 8.0000 15.5000
v 5.5000 0.0000 14.5000
v 5.5000 8.0000 14.5000
v 5.5000 9.0000 14.5000
v 5.5000 9.0000 15.5000
v 5.5000 0.0000 13.5000
v 5.5000 9.0000 13.5000
v 5.5000 10.0000 13.5000
v 5.5000 10.0000 14.5000
v 5.5000 0.0000 12.5000
v 5.5000 10.0000 12.5000
v 5.5000 0.0000 11.5000
v 5.5000 10.0000 11.5000
v 5.5000 11.0000 11.5000
v 5.5000 11.0000 12.5000
v 5.5000 0.0000 10.5000
v 5.5000 11.0000 10.5000
v 5.5000 12.0000 10.5000
v 5.5000 12.0000 11.5000
v 5.5000 0.0000 9.5000
v 5.5000 12.0000 9.5000
v 5.5000 13.0000 9.5000
v 5.5000 13.0000 10.5000
v 5.5000 0.0000 8.5000
v 5.5000 12.0000 8.5000
v 5.5000 13.0000 8.5000
v 5.5000 0.0000 7.5000
v 5.5000 13.0000 7.5000
v 5.5000 14.0000 7.5000
v 5.5000 14.0000 8.5000
v 5.5000 0.0000 6.5000
v 5.5000 14.0000 6.5000
v 5.5000 15.0000 6.5000
v 5.5000 15.0000 7.5000
v 5.5000 0.0000 5.5000
v 5.5000 15.0000 5.5000
v 5.5000 0.0000 4.5000
v 5.5000 15.0000 4.5000
v 5.5000 16.0000 4.5000
v 5.5000 16.0000 5.5000
v 5.5000 0.0000 3.5000
v 5.5000 16.0000 3.5000
v 5.5000 17.0000 3.5000
v 5.5000 17.0000 4.5000
v 5.5000 0.0000 2.5000
v 5.5000 17.0000 2.5000
v 5.5000 0.0000 1.5000
v 5.5000 18.0000 2.5000
v 5.5000 18.0000 1.5000
v 5.5000 0.0000 0.5000
v 5.5000 18.0000 0.5000
v 5.5000 0.0000 -0.5000
v 5.5000 19.0000 0.5000
v 5.5000 19.0000 -0.5000
v 5.5000 0.0000 -1.5000
v 5.5000 19.0000 -1.5000
v 5.5000 0.0000 -2.5000
v 4.5000 20.0000 -1.5000
v 5.5000 20.0000 -1.5000
v 5.5000 20.0000 -2.5000
v 5.5000 0.0000 -3.5000
v 5.5000 20.0000 -3.5000
v 5.5000 0.0000 -4.5000
v 5.5000 20.0000 -4.5000
v 5.5000 0.0000 -5.5000
v 5.5000 20.0000 -5.5000
v 5.5000 0.0000 -6.5000
v 4.5000 20.0000 -6.5000
v 5.5000 20.0000 -6.5000
v 5.5000 0.0000 -7.5000
v 4.5000 20.0000 -7.5000
v 5.5000 20.0000 -7.5000
v 5.5000 19.0000 -7.5000
v 5.5000 0.0000 -8.5000
v 5.5000 19.0000 -8.5000
v 5.5000 0.0000 -9.5000
v 4.5000 19.0000 -9.5000
v 5.5000 19.0000 -9.5000
v 5.5000 18.0000 -9.5000
v 5.5000 0.0000 -10.5000
v 4.5000 18.0000 -10.5000
v 5.5000 18.0000 -10.5000
v 5.5000 17.0000 -10.5000
v 5.5000 0.0000 -11.5000
v 5.5000 17.0000 -11.5000
v 5.5000 16.0000 -11.5000
v 5.5000 0.0000 -12.5000
v 5.5000 16.0000 -12.5000
v 5.5000 15.0000 -12.5000
v 5.5000 0.0000 -13.5000
v 5.5000 15.0000 -13.5000
v 5.5000 14.0000 -13.5000
v 5.5000 0.0000 -14.5000
v 5.5000 14.0000 -14.5000
v 5.5000 13.0000 -14.5000
v 5.5000 0.0000 -15.5000
v 5.5000 13.0000 -15.5000
v 5.5000 12.0000 -15.5000
v 5.5000 0.0000 -16.5000
v 5.5000 12.0000 -16.5000
v 5.5000 11.0000 -16.5000
v 5.5000 0.0000 -17.5000
v 4.5000 11.0000 -17.5000
v 5.5000 11.0000 -17.5000
v 5.5000 10.0000 -17.5000
v 5.5000 0.0000 -18.5000
v 4.5000 10.0000 -18.5000
v 5.5000 10.0000 -18.5000
v 5.5000 9.0000 -18.5000
v 5.5000 0.0000 -19.5000
v 4.5000 9.0000 -19.5000
v 5.5000 9.0000 -19.5000
v 5.5000 8.0000 -19.5000
v 5.5000 0.0000 -20.5000
v 4.5000 8.0000 -20.5000
v 5.5000 8.0000 -20.5000
v 5.5000 7.0000 -20.5000
v 5.5000 0.0000 -21.5000
v 4.5000 7.0000 -21.5000
v 5.5000 7.0000 -21.5000
v 5.5000 6.0000 -21.5000
v 5.5000 0.0000 -22.5000
v 4.5000 6.0000 -22.5000
v 5.5000 6.0000 -22.5000
v 5.5000 5.0000 -22.5000
v 5.5000 0.0000 -23.5000
v 5.5000 5.0000 -23.5000
v 5.5000 4.0000 -23.5000
v 5.5000 0.0000 -24.5000
v 5.5000 4.0000 -24.5000
v 5.5000 3.0000 -24.5000
v 5.5000 0.0000 -25.5000
v 5.5000 3.0000 -25.5000
v 5.5000 0.0000 -26.5000
v 5.5000 3.0000 -26.5000
v 5.5000 2.0000 -26.5000
v 5.5000 0.0000 -27.5000
v 5.5000 2.0000 -27.5000
v 5.5000 0.0000 -28.5000
v 5.5000 2.0000 -28.5000
v 5.5000 1.0000 -28.5000
v 5.5000 1.0000 -29.5000
v 5.5000 0.0000 -29.5000
v 5.5000 1.0000 -30.5000
v 5.5000 0.0000 -30.5000
v 6.5000 0.0000 30.5000
v 6.5000 1.0000 30.5000
v 6.5000 1.0000 29.5000
v 6.5000 0.0000 29.5000
v 6.5000 1.0000 28.5000
v 6.5000 0.0000 28.5000
v 6.5000 0.0000 27.5000
v 6.5000 2.0000 28.5000
v 6.5000 2.0000 27.5000
v 6.5000 0.0000 26.5000
v 6.5000 2.0000 26.5000
v 6.5000 0.0000 25.5000
v 6.5000 2.0000 25.5000
v 6.5000 3.0000 25.5000
v 6.5000 3.0000 26.5000
v 6.5000 0.0000 24.5000
v 6.5000 3.0000 24.5000
v 6.5000 0.0000 23.5000
v 6.5000 3.0000 23.5000
v 6.5000 0.0000 22.5000
v 6.5000 3.0000 22.5000
v 6.5000 4.0000 22.5000
v 6.5000 4.0000 23.5000
v 6.5000 0.0000 21.5000
v 6.5000 4.0000 21.5000
v 6.5000 0.0000 20.5000
v 6.5000 4.0000 20.5000
v 6.5000 5.0000 20.5000
v 6.5000 5.0000 21.5000
v 6.5000 0.0000 19.5000
v 6.5000 5.0000 19.5000
v 6.5000 0.0000 18.5000
v 6.5000 5.0000 18.5000
v 6.5000 6.0000 18.5000
v 6.5000 6.0000 19.5000
v 6.5000 0.0000 17.5000
v 6.5000 6.0000 17.5000
v 6.5000 0.0000 16.5000
v 6.5000 6.0000 16.5000
v 6.5000 7.0000 16.5000
v 6.5000 7.0000 17.5000
v 6.5000 0.0000 15.5000
v 6.5000 7.0000 15.5000
v 6.5000 8.0000 15.5000
v 6.5000 8.0000 16.5000
v 6.5000 0.0000 14.5000
v 6.5000 8.0000 14.5000
v 6.5000 0.0000 13.5000
v 6.5000 8.0000 13.5000
v 6.5000 9.0000 13.5000
v 6.5000 9.0000 14.5000
v 6.5000 0.0000 12.5000
v 6.5000 9.0000 12.5000
v 6.5000 10.0000 12.5000
v 6.5000 10.0000 13.5000
v 6.5000 0.0000 11.5000
v 6.5000 10.0000 11.5000
v 6.5000 0.0000 10.5000
v 6.5000 10.0000 10.5000
v 6.5000 11.0000 10.5000
v 6.5000 11.0000 11.5000
v 6.5000 0.0000 9.5000
v 6.5000 11.0000 9.5000
v 6.5000 12.0000 9.5000
v 6.5000 12.0000 10.5000
v 6.5000 0.0000 8.5000
v 6.5000 12.0000 8.5000
v 6.5000 0.0000 7.5000
v 6.5000 13.0000 8.5000
v 6.5000 13.0000 7.5000
v 6.5000 0.0000 6.5000
v 6.5000 13.0000 6.5000
v 6.5000 14.0000 6.5000
v 6.5000 14.0000 7.5000
v 6.5000 0.0000 5.5000
v 6.5000 14.0000 5.5000
v 6.5000 15.0000 5.5000
v 6.5000 15.0000 6.5000
v 6.5000 0.0000 4.5000
v 6.5000 15.0000 4.5000
v 6.5000 0.0000 3.5000
v 6.5000 16.0000 4.5000
v 6.5000 16.0000 3.5000
v 6.5000 0.0000 2.5000
v 6.5000 17.0000 3.5000
v 6.5000 17.0000 2.5000
v 6.5000 0.0000 1.5000
v 6.5000 17.0000 1.5000
v 6.5000 18.0000 1.5000
v 6.5000 18.0000 2.5000
v 6.5000 0.0000 0.5000
v 6.5000 18.0000 0.5000
v 6.5000 0.0000 -0.5000
v 6.5000 19.0000 0.5000
v 6.5000 19.0000 -0.5000
v 6.5000 0.0000 -1.5000
v 6.5000 19.0000 -1.5000
v 6.5000 0.0000 -2.5000
v 6.5000 20.0000 -1.5000
v 6.5000 20.0000 -2.5000
v 6.5000 0.0000 -3.5000
v 6.5000 20.0000 -3.5000
v 6.5000 0.0000 -4.5000
v 6.5000 20.0000 -4.5000
v 6.5000 0.0000 -5.5000
v 6.5000 20.0000 -5.5000
v 6.5000 0.0000 -6.5000
v 6.5000 20.0000 -6.5000
v 6.5000 0.0000 -7.5000
v 6.5000 20.0000 -7.5000
v 6.5000 0.0000 -8.5000
v 5.5000 20.0000 -8.5000
v 6.5000 20.0000 -8.5000
v 6.5000 19.0000 -8.5000
v 6.5000 0.0000 -9.5000
v 6.5000 19.0000 -9.5000
v 6.5000 0.0000 -10.5000
v 5.5000 19.0000 -10.5000
v 6.5000 19.0000 -10.5000
v 6.5000 18.0000 -10.5000
v 6.5000 0.0000 -11.5000
v 5.5000 18.0000 -11.5000
v 6.5000 18.0000 -11.5000
v 6.5000 17.0000 -11.5000
v 6.5000 0.0000 -12.5000
v 5.5000 17.0000 -12.5000
v 6.5000 17.0000 -12.5000
v 6.5000 16.0000 -12.5000
v 6.5000 0.0000 -13.5000
v 5.5000 16.0000 -13.5000
v 6.5000 16.0000 -13.5000
v 6.5000 15.0000 -13.5000
v 6.5000 0.0000 -14.5000
v 5.5000 15.0000 -14.5000
v 6.5000 15.0000 -14.5000
v 6.5000 14.0000 -14.5000
v 6.5000 0.0000 -15.5000
v 5.5000 14.0000 -15.5000
v 6.5000 14.0000 -15.5000
v 6.5000 13.0000 -15.5000
v 6.5000 0.0000 -16.5000
v 5.5000 13.0000 -16.5000
v 6.5000 13.0000 -16.5000
v 6.5000 12.0000 -16.5000
v 6.5000 0.0000 -17.5000
v 6.5000 11.0000 -17.5000
v 6.5000 10.0000 -17.5000
v 5.5000 12.0000 -17.5000
v 6.5000 12.0000 -17.5000
v 6.5000 0.0000 -18.5000
v 6.5000 10.0000 -18.5000
v 6.5000 9.0000 -18.5000
v 6.5000 0.0000 -19.5000
v 6.5000 9.0000 -19.5000
v 6.5000 8.0000 -19.5000
v 6.5000 0.0000 -20.5000
v 6.5000 8.0000 -20.5000
v 6.5000 7.0000 -20.5000
v 6.5000 0.0000 -21.5000
v 6.5000 7.0000 -21.5000
v 6.5000 6.0000 -21.5000
v 6.5000 0.0000 -22.5000
v 6.5000 6.0000 -22.5000
v 6.5000 5.0000 -22.5000
v 6.5000 0.0000 -23.5000
v 6.5000 5.0000 -23.5000
v 6.5000 4.0000 -23.5000
v 6.5000 0.0000 -24.5000
v 6.5000 4.0000 -24.5000
v 6.5000 0.0000 -25.5000
v 5.5000 4.0000 -25.5000
v 6.5000 4.0000 -25.5000
v 6.5000 3.0000 -25.5000
v 6.5000 0.0000 -26.5000
v 6.5000 3.0000 -26.5000
v 6.5000 2.0000 -26.5000
v 6.5000 0.0000 -27.5000
v 6.5000 2.0000 -27.5000
v 6.5000 0.0000 -28.5000
v 6.5000 2.0000 -28.5000
v 6.5000 1.0000 -28.5000
v 6.5000 1.0000 -29.5000
v 6.5000 0.0000 -29.5000
v 6.5000 1.0000 -30.5000
v 6.5000 0.0000 -30.5000
v 7.5000 0.0000 30.5000
v 7.5000 1.0000 30.5000
v 7.5000 1.0000 29.5000
v 7.5000 0.0000 29.5000
v 7.5000 1.0000 28.5000
v 7.5000 0.0000 28.5000
v 7.5000 0.0000 27.5000
v 7.5000 1.0000 27.5000
v 7.5000 2.0000 27.5000
v 7.5000 2.0000 28.5000
v 7.5000 0.0000 26.5000
v 7.5000 2.0000 26.5000
v 7.5000 0.0000 25.5000
v 7.5000 2.0000 25.5000
v 7.5000 0.0000 24.5000
v 7.5000 2.0000 24.5000
v 7.5000 3.0000 24.5000
v 7.5000 3.0000 25.5000
v 7.5000 0.0000 23.5000
v 7.5000 3.0000 23.5000
v 7.5000 0.0000 22.5000
v 7.5000 3.0000 22.5000
v 7.5000 0.0000 21.5000
v 7.5000 3.0000 21.5000
v 7.5000 4.0000 21.5000
v 7.5000 4.0000 22.5000
v 7.5000 0.0000 20.5000
v 7.5000 4.0000 20.5000
v 7.5000 0.0000 19.5000
v 7.5000 4.0000 19.5000
v 7.5000 5.0000 19.5000
v 7.5000 5.0000 20.5000
v 7.5000 0.0000 18.5000
v 7.5000 5.0000 18.5000
v 7.5000 0.0000 17.5000
v 7.5000 5.0000 17.5000
v 7.5000 6.0000 17.5000
v 7.5000 6.0000 18.5000
v 7.5000 0.0000 16.5000
v 7.5000 6.0000 16.5000
v 7.5000 0.0000 15.5000
v 7.5000 6.0000 15.5000
v 7.5000 7.0000 15.5000
v 7.5000 7.0000 16.5000
v 7.5000 0.0000 14.5000
v 7.5000 7.0000 14.5000
v 7.5000 8.0000 14.5000
v 7.5000 8.0000 15.5000
v 7.5000 0.0000 13.5000
v 7.5000 8.0000 13.5000
v 7.5000 0.0000 12.5000
v 7.5000 8.0000 12.5000
v 7.5000 9.0000 12.5000
v 7.5000 9.0000 13.5000
v 7.5000 0.0000 11.5000
v 7.5000 9.0000 11.5000
v 7.5000 10.0000 11.5000
v 7.5000 10.0000 12.5000
v 7.5000 0.0000 10.5000
v 7.5000 10.0000 10.5000
v 7.5000 0.0000 9.5000
v 7.5000 10.0000 9.5000
v 7.5000 11.0000 9.5000
v 7.5000 11.0000 10.5000
v 7.5000 0.0000 8.5000
v 7.5000 11.0000 8.5000
v 7.5000 12.0000 8.5000
v 7.5000 12.0000 9.5000
v 7.5000 0.0000 7.5000
v 7.5000 12.0000 7.5000
v 7.5000 13.0000 7.5000
v 7.5000 13.0000 8.5000
v 7.5000 0.0000 6.5000
v 7.5000 13.0000 6.5000
v 7.5000 0.0000 5.5000
v 7.5000 14.0000 6.5000
v 7.5000 14.0000 5.5000
v 7.5000 0.0000 4.5000
v 7.5000 15.0000 5.5000
v 7.5000 15.0000 4.5000
v 7.5000 0.0000 3.5000
v 7.5000 15.0000 3.5000
v 7.5000 16.0000 3.5000
v 7.5000 16.0000 4.5000
v 7.5000 0.0000 2.5000
v 7.5000 16.0000 2.5000
v 7.5000 17.0000 2.5000
v 7.5000 17.0000 3.5000
v 7.5000 0.0000 1.5000
v 7.5000 17.0000 1.5000
v 7.5000 0.0000 0.5000
v 7.5000 18.0000 1.5000
v 7.5000 18.0000 0.5000
v 7.5000 0.0000 -0.5000
v 7.5000 19.0000 0.5000
v 7.5000 19.0000 -0.5000
v 7.5000 0.0000 -1.5000
v 7.5000 19.0000 -1.5000
v 7.5000 0.0000 -2.5000
v 7.5000 20.0000 -1.5000
v 7.5000 20.0000 -2.5000
v 7.5000 0.0000 -3.5000
v 7.5000 20.0000 -3.5000
v 7.5000 0.0000 -4.5000
v 6.5000 21.0000 -3.5000
v 6.5000 21.0000 -4.5000
v 7.5000 21.0000 -3.5000
v 7.5000 21.0000 -4.5000
v 7.5000 0.0000 -5.5000
v 6.5000 21.0000 -5.5000
v 7.5000 21.0000 -5.5000
v 7.5000 0.0000 -6.5000
v 6.5000 21.0000 -6.5000
v 7.5000 21.0000 -6.5000
v 7.5000 0.0000 -7.5000
v 6.5000 21.0000 -7.5000
v 7.5000 21.0000 -7.5000
v 7.5000 20.0000 -7.5000
v 7.5000 0.0000 -8.5000
v 7.5000 20.0000 -8.5000
v 7.5000 0.0000 -9.5000
v 6.5000 20.0000 -9.5000
v 7.5000 20.0000 -9.5000
v 7.5000 19.0000 -9.5000
v 7.5000 0.0000 -10.5000
v 7.5000 19.0000 -10.5000
v 7.5000 0.0000 -11.5000
v 6.5000 19.0000 -11.5000
v 7.5000 19.0000 -11.5000
v 7.5000 18.0000 -11.5000
v 7.5000 0.0000 -12.5000
v 6.5000 18.0000 -12.5000
v 7.5000 18.0000 -12.5000
v 7.5000 17.0000 -12.5000
v 7.5000 0.0000 -13.5000
v 6.5000 17.0000 -13.5000
v 7.5000 17.0000 -13.5000
v 7.5000 16.0000 -13.5000
v 7.5000 0.0000 -14.5000
v 6.5000 16.0000 -14.5000
v 7.5000 16.0000 -14.5000
v 7.5000 15.0000 -14.5000
v 7.5000 0.0000 -15.5000
v 7.5000 14.0000 -15.5000
v 7.5000 13.0000 -15.5000
v 6.5000 15.0000 -15.5000
v 7.5000 15.0000 -15.5000
v 7.5000 0.0000 -16.5000
v 7.5000 13.0000 -16.5000
v 7.5000 12.0000 -16.5000
v 7.5000 0.0000 -17.5000
v 7.5000 12.0000 -17.5000
v 7.5000 11.0000 -17.5000
v 7.5000 0.0000 -18.5000
v 6.5000 11.0000 -18.5000
v 7.5000 11.0000 -18.5000
v 7.5000 10.0000 -18.5000
v 7.5000 0.0000 -19.5000
v 6.5000 10.0000 -19.5000
v 7.5000 10.0000 -19.5000
v 7.5000 9.0000 -19.5000
v 7.5000 0.0000 -20.5000
v 6.5000 9.0000 -20.5000
v 7.5000 9.0000 -20.5000
v 7.5000 8.0000 -20.5000
v 7.5000 0.0000 -21.5000
v 7.5000 7.0000 -21.5000
v 7.5000 6.0000 -21.5000
v 6.5000 8.0000 -21.5000
v 7.5000 8.0000 -21.5000
v 7.5000 0.0000 -22.5000
v 7.5000 6.0000 -22.5000
v 7.5000 0.0000 -23.5000
v 6.5000 6.0000 -23.5000
v 7.5000 6.0000 -23.5000
v 7.5000 5.0000 -23.5000
v 7.5000 0.0000 -24.5000
v 6.5000 5.0000 -24.5000
v 7.5000 5.0000 -24.5000
v 7.5000 4.0000 -24.5000
v 7.5000 0.0000 -25.5000
v 7.5000 4.0000 -25.5000
v 7.5000 3.0000 -25.5000
v 7.5000 0.0000 -26.5000
v 7.5000 3.0000 -26.5000
v 7.5000 0.0000 -27.5000
v 6.5000 3.0000 -27.5000
v 7.5000 3.0000 -27.5000
v 7.5000 2.0000 -27.5000
v 7.5000 0.0000 -28.5000
v 7.5000 2.0000 -28.5000
v 7.5000 0.0000 -29.5000
v 6.5000 2.0000 -29.5000
v 7.5000 2.0000 -29.5000
v 7.5000 1.0000 -29.5000
v 7.5000 1.0000 -30.5000
v 7.5000 0.0000 -30.5000
v 8.5000 0.0000 30.5000
v 8.5000 1.0000 30.5000
v 8.5000 1.0000 29.5000
v 8.5000 0.0000 29.5000
v 8.5000 1.0000 28.5000
v 8.5000 0.0000 28.5000
v 8.5000 1.0000 27.5000
v 8.5000 0.0000 27.5000
v 8.5000 0.0000 26.5000
v 8.5000 1.0000 26.5000
v 8.5000 2.0000 26.5000
v 8.5000 2.0000 27.5000
v 8.5000 0.0000 25.5000
v 8.5000 2.0000 25.5000
v 8.5000 0.0000 24.5000
v 8.5000 2.0000 24.5000
v 8.5000 0.0000 23.5000
v 8.5000 2.0000 23.5000
v 8.5000 3.0000 23.5000
v 8.5000 3.0000 24.5000
v 8.5000 0.0000 22.5000
v 8.5000 3.0000 22.5000
v 8.5000 0.0000 21.5000
v 8.5000 3.0000 21.5000
v 8.5000 0.0000 20.5000
v 8.5000 3.0000 20.5000
v 8.5000 4.0000 20.5000
v 8.5000 4.0000 21.5000
v 8.5000 0.0000 19.5000
v 8.5000 4.0000 19.5000
v 8.5000 0.0000 18.5000
v 8.5000 4.0000 18.5000
v 8.5000 5.0000 18.5000
v 8.5000 5.0000 19.5000
v 8.5000 0.0000 17.5000
v 8.5000 5.0000 17.5000
v 8.5000 0.0000 16.5000
v 8.5000 5.0000 16.5000
v 8.5000 6.0000 16.5000
v 8.5000 6.0000 17.5000
v 8.5000 0.0000 15.5000
v 8.5000 6.0000 15.5000
v 8.5000 0.0000 14.5000
v 8.5000 6.0000 14.5000
v 8.5000 7.0000 14.5000
v 8.5000 7.0000 15.5000
v 8.5000 0.0000 13.5000
v 8.5000 7.0000 13.5000
v 8.5000 8.0000 13.5000
v 8.5000 8.0000 14.5000
v 8.5000 0.0000 12.5000
v 8.5000 8.0000 12.5000
v 8.5000 0.0000 11.5000
v 8.5000 8.0000 11.5000
v 8.5000 9.0000 11.5000
v 8.5000 9.0000 12.5000
v 8.5000 0.0000 10.5000
v 8.5000 9.0000 10.5000
v 8.5000 10.0000 10.5000
v 8.5000 10.0000 11.5000
v 8.5000 0.0000 9.5000
v 8.5000 10.0000 9.5000
v 8.5000 0.0000 8.5000
v 8.5000 10.0000 8.5000
v 8.5000 11.0000 8.5000
v 8.5000 11.0000 9.5000
v 8.5000 0.0000 7.5000
v 8.5000 11.0000 7.5000
v 8.5000 12.0000 7.5000
v 8.5000 12.0000 8.5000
v 8.5000 0.0000 6.5000
v 8.5000 12.0000 6.5000
v 8.5000 13.0000 6.5000
v 8.5000 13.0000 7.5000
v 8.5000 0.0000 5.5000
v 8.5000 13.0000 5.5000
v 8.5000 14.0000 5.5000
v 8.5000 14.0000 6.5000
v 8.5000 0.0000 4.5000
v 8.5000 14.0000 4.5000
v 8.5000 15.0000 4.5000
v 8.5000 15.0000 5.5000
v 8.5000 0.0000 3.5000
v 8.5000 15.0000 3.5000
v 8.5000 0.0000 2.5000
v 8.5000 16.0000 3.5000
v 8.5000 16.0000 2.5000
v 8.5000 0.0000 1.5000
v 8.5000 17.0000 2.5000
v 8.5000 17.0000 1.5000
v 8.5000 0.0000 0.5000
v 8.5000 18.0000 1.5000
v 8.5000 18.0000 0.5000
v 8.5000 0.0000 -0.5000
v 8.5000 19.0000 0.5000
v 8.5000 19.0000 -0.5000
v 8.5000 0.0000 -1.5000
v 7.5000 20.0000 -0.5000
v 8.5000 20.0000 -0.5000
v 8.5000 20.0000 -1.5000
v 8.5000 0.0000 -2.5000
v 8.5000 20.0000 -2.5000
v 8.5000 0.0000 -3.5000
v 7.5000 21.0000 -2.5000
v 8.5000 21.0000 -2.5000
v 8.5000 21.0000 -3.5000
v 8.5000 0.0000 -4.5000
v 8.5000 21.0000 -4.5000
v 8.5000 0.0000 -5.5000
v 8.5000 21.0000 -5.5000
v 8.5000 0.0000 -6.5000
v 8.5000 21.0000 -6.5000
v 8.5000 0.0000 -7.5000
v 8.5000 21.0000 -7.5000
v 8.5000 0.0000 -8.5000
v 7.5000 21.0000 -8.5000
v 8.5000 21.0000 -8.5000
v 8.5000 0.0000 -9.5000
v 7.5000 21.0000 -9.5000
v 8.5000 21.0000 -9.5000
v 8.5000 20.0000 -9.5000
v 8.5000 0.0000 -10.5000
v 7.5000 20.0000 -10.5000
v 8.5000 20.0000 -10.5000
v 8.5000 19.0000 -10.5000
v 8.5000 0.0000 -11.5000
v 8.5000 19.0000 -11.5000
v 8.5000 18.0000 -11.5000
v 8.5000 0.0000 -12.5000
v 8.5000 18.0000 -12.5000
v 8.5000 17.0000 -12.5000
v 8.5000 0.0000 -13.5000
v 8.5000 17.0000 -13.5000
v 8.5000 16.0000 -13.5000
v 8.5000 0.0000 -14.5000
v 8.5000 16.0000 -14.5000
v 8.5000 15.0000 -14.5000
v 8.5000 0.0000 -15.5000
v 8.5000 15.0000 -15.5000
v 8.5000 14.0000 -15.5000
v 8.5000 0.0000 -16.5000
v 7.5000 14.0000 -16.5000
v 8.5000 14.0000 -16.5000
v 8.5000 13.0000 -16.5000
v 8.5000 0.0000 -17.5000
v 8.5000 12.0000 -17.5000
v 8.5000 11.0000 -17.5000
v 7.5000 13.0000 -17.5000
v 8.5000 13.0000 -17.5000
v 8.5000 0.0000 -18.5000
v 8.5000 11.0000 -18.5000
v 8.5000 10.0000 -18.5000
v 8.5000 0.0000 -19.5000
v 8.5000 10.0000 -19.5000
v 8.5000 9.0000 -19.5000
v 8.5000 0.0000 -20.5000
v 8.5000 9.0000 -20.5000
v 8.5000 8.0000 -20.5000
v 8.5000 0.0000 -21.5000
v 8.5000 8.0000 -21.5000
v 8.5000 7.0000 -21.5000
v 8.5000 0.0000 -22.5000
v 7.5000 7.0000 -22.5000
v 8.5000 7.0000 -22.5000
v 8.5000 6.0000 -22.5000
v 8.5000 0.0000 -23.5000
v 8.5000 6.0000 -23.5000
v 8.5000 5.0000 -23.5000
v 8.5000 0.0000 -24.5000
v 8.5000 5.0000 -24.5000
v 8.5000 4.0000 -24.5000
v 8.5000 0.0000 -25.5000
v 8.5000 4.0000 -25.5000
v 8.5000 3.0000 -25.5000
v 8.5000 0.0000 -26.5000
v 8.5000 3.0000 -26.5000
v 8.5000 0.0000 -27.5000
v 8.5000 3.0000 -27.5000
v 8.5000 2.0000 -27.5000
v 8.5000 0.0000 -28.5000
v 8.5000 2.0000 -28.5000
v 8.5000 0.0000 -29.5000
v 8.5000 2.0000 -29.5000
v 8.5000 1.0000 -29.5000
v 8.5000 1.0000 -30.5000
v 8.5000 0.0000 -30.5000
v 9.5000 0.0000 30.5000
v 9.5000 1.0000 30.5000
v 9.5000 1.0000 29.5000
v 9.5000 0.0000 29.5000
v 9.5000 1.0000 28.5000
v 9.5000 0.0000 28.5000
v 9.5000 1.0000 27.5000
v 9.5000 0.0000 27.5000
v 9.5000 1.0000 26.5000
v 9.5000 0.0000 26.5000
v 9.5000 0.0000 25.5000
v 9.5000 1.0000 25.5000
v 9.5000 2.0000 25.5000
v 9.5000 2.0000 26.5000
v 9.5000 0.0000 24.5000
v 9.5000 2.0000 24.5000
v 9.5000 0.0000 23.5000
v 9.5000 2.0000 23.5000
v 9.5000 0.0000 22.5000
v 9.5000 2.0000 22.5000
v 9.5000 3.0000 22.5000
v 9.5000 3.0000 23.5000
v 9.5000 0.0000 21.5000
v 9.5000 3.0000 21.5000
v 9.5000 0.0000 20.5000
v 9.5000 3.0000 20.5000
v 9.5000 0.0000 19.5000
v 9.5000 3.0000 19.5000
v 9.5000 4.0000 19.5000
v 9.5000 4.0000 20.5000
v 9.5000 0.0000 18.5000
v 9.5000 4.0000 18.5000
v 9.5000 0.0000 17.5000
v 9.5000 4.0000 17.5000
v 9.5000 5.0000 17.5000
v 9.5000 5.0000 18.5000
v 9.5000 0.0000 16.5000
v 9.5000 5.0000 16.5000
v 9.5000 0.0000 15.5000
v 9.5000 5.0000 15.5000
v 9.5000 6.0000 15.5000
v 9.5000 6.0000 16.5000
v 9.5000 0.0000 14.5000
v 9.5000 6.0000 14.5000
v 9.5000 0.0000 13.5000
v 9.5000 6.0000 13.5000
v 9.5000 7.0000 13.5000
v 9.5000 7.0000 14.5000
v 9.5000 0.0000 12.5000
v 9.5000 7.0000 12.5000
v 9.5000 8.0000 12.5000
v 9.5000 8.0000 13.5000
v 9.5000 0.0000 11.5000
v 9.5000 8.0000 11.5000
v 9.5000 0.0000 10.5000
v 9.5000 8.0000 10.5000
v 9.5000 9.0000 10.5000
v 9.5000 9.0000 11.5000
v 9.5000 0.0000 9.5000
v 9.5000 9.0000 9.5000
v 9.5000 10.0000 9.5000
v 9.5000 10.0000 10.5000
v 9.5000 0.0000 8.5000
v 9.5000 10.0000 8.5000
v 9.5000 0.0000 7.5000
v 9.5000 11.0000 8.5000
v 9.5000 11.0000 7.5000
v 9.5000 0.0000 6.5000
v 9.5000 12.0000 7.5000
v 9.5000 12.0000 6.5000
v 9.5000 0.0000 5.5000
v 9.5000 13.0000 6.5000
v 9.5000 13.0000 5.5000
v 9.5000 0.0000 4.5000
v 9.5000 14.0000 5.5000
v 9.5000 14.0000 4.5000
v 9.5000 0.0000 3.5000
v 9.5000 15.0000 4.5000
v 9.5000 15.0000 3.5000
v 9.5000 0.0000 2.5000
v 9.5000 16.0000 3.5000
v 9.5000 16.0000 2.5000
v 9.5000 0.0000 1.5000
v 9.5000 17.0000 2.5000
v 9.5000 17.0000 1.5000
v 9.5000 0.0000 0.5000
v 9.5000 18.0000 1.5000
v 9.5000 18.0000 0.5000
v 9.5000 0.0000 -0.5000
v 9.5000 19.0000 0.5000
v 9.5000 19.0000 -0.5000
v 9.5000 0.0000 -1.5000
v 9.5000 20.0000 -0.5000
v 9.5000 20.0000 -1.5000
v 9.5000 0.0000 -2.5000
v 9.5000 20.0000 -2.5000
v 9.5000 0.0000 -3.5000
v 9.5000 21.0000 -2.5000
v 9.5000 21.0000 -3.5000
v 9.5000 0.0000 -4.5000
v 9.5000 21.0000 -4.5000
v 9.5000 0.0000 -5.5000
v 8.5000 22.0000 -4.5000
v 8.5000 22.0000 -5.5000
v 9.5000 22.0000 -4.5000
v 9.5000 22.0000 -5.5000
v 9.5000 0.0000 -6.5000
v 8.5000 22.0000 -6.5000
v 9.5000 22.0000 -6.5000
v 9.5000 0.0000 -7.5000
v 8.5000 22.0000 -7.5000
v 9.5000 22.0000 -7.5000
v 9.5000 0.0000 -8.5000
v 8.5000 22.0000 -8.5000
v 9.5000 22.0000 -8.5000
v 9.5000 21.0000 -8.5000
v 9.5000 0.0000 -9.5000
v 9.5000 21.0000 -9.5000
v 9.5000 0.0000 -10.5000
v 8.5000 21.0000 -10.5000
v 9.5000 21.0000 -10.5000
v 9.5000 20.0000 -10.5000
v 9.5000 0.0000 -11.5000
v 8.5000 20.0000 -11.5000
v 9.5000 20.0000 -11.5000
v 9.5000 19.0000 -11.5000
v 9.5000 0.0000 -12.5000
v 8.5000 19.0000 -12.5000
v 9.5000 19.0000 -12.5000
v 9.5000 18.0000 -12.5000
v 9.5000 0.0000 -13.5000
v 8.5000 18.0000 -13.5000
v 9.5000 18.0000 -13.5000
v 9.5000 17.0000 -13.5000
v 9.5000 0.0000 -14.5000
v 8.5000 17.0000 -14.5000
v 9.5000 17.0000 -14.5000
v 9.5000 16.0000 -14.5000
v 9.5000 0.0000 -15.5000
v 9.5000 15.0000 -15.5000
v 9.5000 14.0000 -15.5000
v 8.5000 16.0000 -15.5000
v 9.5000 16.0000 -15.5000
v 9.5000 0.0000 -16.5000
v 9.5000 14.0000 -16.5000
v 9.5000 13.0000 -16.5000
v 9.5000 0.0000 -17.5000
v 9.5000 13.0000 -17.5000
v 9.5000 12.0000 -17.5000
v 9.5000 0.0000 -18.5000
v 8.5000 12.0000 -18.5000
v 9.5000 12.0000 -18.5000
v 9.5000 11.0000 -18.5000
v 9.5000 0.0000 -19.5000
v 9.5000 10.0000 -19.5000
v 9.5000 9.0000 -19.5000
v 8.5000 11.0000 -19.5000
v 9.5000 11.0000 -19.5000
v 9.5000 0.0000 -20.5000
v 9.5000 9.0000 -20.5000
v 9.5000 8.0000 -20.5000
v 9.5000 0.0000 -21.5000
v 9.5000 8.0000 -21.5000
v 9.5000 7.0000 -21.5000
v 9.5000 0.0000 -22.5000
v 9.5000 7.0000 -22.5000
v 9.5000 6.0000 -22.5000
v 9.5000 0.0000 -23.5000
v 9.5000 6.0000 -23.5000
v 9.5000 5.0000 -23.5000
v 9.5000 0.0000 -24.5000
v 9.5000 5.0000 -24.5000
v 9.5000 4.0000 -24.5000
v 9.5000 0.0000 -25.5000
v 9.5000 4.0000 -25.5000
v 9.5000 3.0000 -25.5000
v 9.5000 0.0000 -26.5000
v 9.5000 3.0000 -26.5000
v 9.5000 0.0000 -27.5000
v 9.5000 3.0000 -27.5000
v 9.5000 2.0000 -27.5000
v 9.5000 0.0000 -28.5000
v 9.5000 2.0000 -28.5000
v 9.5000 0.0000 -29.5000
v 9.5000 2.0000 -29.5000
v 9.5000 1.0000 -29.5000
v 9.5000 1.0000 -30.5000
v 9.5000 0.0000 -30.5000
v 10.5000 0.0000 30.5000
v 10.5000 0.0000 29.5000
v 10.5000 1.0000 29.5000
v 10.5000 1.0000 30.5000
v 10.5000 1.0000 28.5000
v 10.5000 0.0000 28.5000
v 10.5000 1.0000 27.5000
v 10.5000 0.0000 27.5000
v 10.5000 1.0000 26.5000
v 10.5000 0.0000 26.5000
v 10.5000 1.0000 25.5000
v 10.5000 0.0000 25.5000
v 10.5000 0.0000 24.5000
v 10.5000 1.0000 24.5000
v 10.5000 2.0000 24.5000
v 10.5000 2.0000 25.5000
v 10.5000 0.0000 23.5000
v 10.5000 2.0000 23.5000
v 10.5000 0.0000 22.5000
v 10.5000 2.0000 22.5000
v 10.5000 0.0000 21.5000
v 10.5000 2.0000 21.5000
v 10.5000 3.0000 21.5000
v 10.5000 3.0000 22.5000
v 10.5000 0.0000 20.5000
v 10.5000 3.0000 20.5000
v 10.5000 0.0000 19.5000
v 10.5000 3.0000 19.5000
v 10.5000 0.0000 18.5000
v 10.5000 3.0000 18.5000
v 10.5000 4.0000 18.5000
v 10.5000 4.0000 19.5000
v 10.5000 0.0000 17.5000
v 10.5000 4.0000 17.5000
v 10.5000 0.0000 16.5000
v 10.5000 4.0000 16.5000
v 10.5000 5.0000 16.5000
v 10.5000 5.0000 17.5000
v 10.5000 0.0000 15.5000
v 10.5000 5.0000 15.5000
v 10.5000 0.0000 14.5000
v 10.5000 5.0000 14.5000
v 10.5000 6.0000 14.5000
v 10.5000 6.0000 15.5000
v 10.5000 0.0000 13.5000
v 10.5000 6.0000 13.5000
v 10.5000 0.0000 12.5000
v 10.5000 6.0000 12.5000
v 10.5000 7.0000 12.5000
v 10.5000 7.0000 13.5000
v 10.5000 0.0000 11.5000
v 10.5000 7.0000 11.5000
v 10.5000 8.0000 11.5000
v 10.5000 8.0000 12.5000
v 10.5000 0.0000 10.5000
v 10.5000 8.0000 10.5000
v 10.5000 0.0000 9.5000
v 10.5000 9.0000 10.5000
v 10.5000 9.0000 9.5000
v 10.5000 0.0000 8.5000
v 10.5000 9.0000 8.5000
v 10.5000 10.0000 8.5000
v 10.5000 10.0000 9.5000
v 10.5000 0.0000 7.5000
v 10.5000 10.0000 7.5000
v 10.5000 11.0000 7.5000
v 10.5000 11.0000 8.5000
v 10.5000 0.0000 6.5000
v 10.5000 11.0000 6.5000
v 10.5000 12.0000 6.5000
v 10.5000 12.0000 7.5000
v 10.5000 0.0000 5.5000
v 10.5000 12.0000 5.5000
v 10.5000 13.0000 5.5000
v 10.5000 13.0000 6.5000
v 10.5000 0.0000 4.5000
v 10.5000 13.0000 4.5000
v 10.5000 14.0000 4.5000
v 10.5000 14.0000 5.5000
v 10.5000 0.0000 3.5000
v 10.5000 14.0000 3.5000
v 10.5000 15.0000 3.5000
v 10.5000 15.0000 4.5000
v 10.5000 0.0000 2.5000
v 10.5000 15.0000 2.5000
v 10.5000 16.0000 2.5000
v 10.5000 16.0000 3.5000
v 10.5000 0.0000 1.5000
v 10.5000 17.0000 2.5000
v 10.5000 17.0000 1.5000
v 10.5000 0.0000 0.5000
v 10.5000 18.0000 1.5000
v 10.5000 18.0000 0.5000
v 10.5000 0.0000 -0.5000
v 10.5000 19.0000 0.5000
v 10.5000 19.0000 -0.5000
v 10.5000 0.0000 -1.5000
v 10.5000 20.0000 -0.5000
v 10.5000 20.0000 -1.5000
v 10.5000 0.0000 -2.5000
v 10.5000 20.0000 -2.5000
v 10.5000 0.0000 -3.5000
v 10.5000 21.0000 -2.5000
v 10.5000 21.0000 -3.5000
v 10.5000 0.0000 -4.5000
v 9.5000 22.0000 -3.5000
v 10.5000 22.0000 -3.5000
v 10.5000 22.0000 -4.5000
v 10.5000 0.0000 -5.5000
v 10.5000 22.0000 -5.5000
v 10.5000 0.0000 -6.5000
v 10.5000 22.0000 -6.5000
v 10.5000 0.0000 -7.5000
v 10.5000 22.0000 -7.5000
v 10.5000 0.0000 -8.5000
v 10.5000 22.0000 -8.5000
v 10.5000 0.0000 -9.5000
v 9.5000 22.0000 -9.5000
v 10.5000 22.0000 -9.5000
v 10.5000 21.0000 -9.5000
v 10.5000 0.0000 -10.5000
v 10.5000 21.0000 -10.5000
v 10.5000 20.0000 -10.5000
v 10.5000 0.0000 -11.5000
v 10.5000 20.0000 -11.5000
v 10.5000 0.0000 -12.5000
v 9.5000 20.0000 -12.5000
v 10.5000 20.0000 -12.5000
v 10.5000 19.0000 -12.5000
v 10.5000 0.0000 -13.5000
v 10.5000 18.0000 -13.5000
v 10.5000 17.0000 -13.5000
v 9.5000 19.0000 -13.5000
v 10.5000 19.0000 -13.5000
v 10.5000 0.0000 -14.5000
v 10.5000 17.0000 -14.5000
v 10.5000 16.0000 -14.5000
v 10.5000 0.0000 -15.5000
v 10.5000 16.0000 -15.5000
v 10.5000 15.0000 -15.5000
v 10.5000 0.0000 -16.5000
v 9.5000 15.0000 -16.5000
v 10.5000 15.0000 -16.5000
v 10.5000 14.0000 -16.5000
v 10.5000 0.0000 -17.5000
v 10.5000 13.0000 -17.5000
v 10.5000 12.0000 -17.5000
v 9.5000 14.0000 -17.5000
v 10.5000 14.0000 -17.5000
v 10.5000 0.0000 -18.5000
v 10.5000 12.0000 -18.5000
v 10.5000 11.0000 -18.5000
v 10.5000 0.0000 -19.5000
v 10.5000 11.0000 -19.5000
v 10.5000 10.0000 -19.5000
v 10.5000 0.0000 -20.5000
v 10.5000 9.0000 -20.5000
v 10.5000 8.0000 -20.5000
v 9.5000 10.0000 -20.5000
v 10.5000 10.0000 -20.5000
v 10.5000 0.0000 -21.5000
v 10.5000 8.0000 -21.5000
v 10.5000 7.0000 -21.5000
v 10.5000 0.0000 -22.5000
v 10.5000 7.0000 -22.5000
v 10.5000 6.0000 -22.5000
v 10.5000 0.0000 -23.5000
v 10.5000 6.0000 -23.5000
v 10.5000 5.0000 -23.5000
v 10.5000 0.0000 -24.5000
v 10.5000 5.0000 -24.5000
v 10.5000 4.0000 -24.5000
v 10.5000 0.0000 -25.5000
v 10.5000 4.0000 -25.5000
v 10.5000 0.0000 -26.5000
v 9.5000 4.0000 -26.5000
v 10.5000 4.0000 -26.5000
v 10.5000 3.0000 -26.5000
v 10.5000 0.0000 -27.5000
v 10.5000 3.0000 -27.5000
v 10.5000 2.0000 -27.5000
v 10.5000 0.0000 -28.5000
v 10.5000 2.0000 -28.5000
v 10.5000 0.0000 -29.5000
v 10.5000 2.0000 -29.5000
v 10.5000 1.0000 -29.5000
v 10.5000 1.0000 -30.5000
v 10.5000 0.0000 -30.5000
v 11.5000 0.0000 29.5000
v 11.5000 0.0000 28.5000
v 11.5000 1.0000 28.5000
v 11.5000 1.0000 29.5000
v 11.5000 1.0000 27.5000
v 11.5000 0.0000 27.5000
v 11.5000 1.0000 26.5000
v 11.5000 0.0000 26.5000
v 11.5000 1.0000 25.5000
v 11.5000 0.0000 25.5000
v 11.5000 1.0000 24.5000
v 11.5000 0.0000 24.5000
v 11.5000 0.0000 23.5000
v 11.5000 1.0000 23.5000
v 11.5000 2.0000 23.5000
v 11.5000 2.0000 24.5000
v 11.5000 0.0000 22.5000
v 11.5000 2.0000 22.5000
v 11.5000 0.0000 21.5000
v 11.5000 2.0000 21.5000
v 11.5000 0.0000 20.5000
v 11.5000 2.0000 20.5000
v 11.5000 3.0000 20.5000
v 11.5000 3.0000 21.5000
v 11.5000 0.0000 19.5000
v 11.5000 3.0000 19.5000
v 11.5000 0.0000 18.5000
v 11.5000 3.0000 18.5000
v 11.5000 0.0000 17.5000
v 11.5000 3.0000 17.5000
v 11.5000 4.0000 17.5000
v 11.5000 4.0000 18.5000
v 11.5000 0.0000 16.5000
v 11.5000 4.0000 16.5000
v 11.5000 0.0000 15.5000
v 11.5000 4.0000 15.5000
v 11.5000 5.0000 15.5000
v 11.5000 5.0000 16.5000
v 11.5000 0.0000 14.5000
v 11.5000 5.0000 14.5000
v 11.5000 0.0000 13.5000
v 11.5000 5.0000 13.5000
v 11.5000 6.0000 13.5000
v 11.5000 6.0000 14.5000
v 11.5000 0.0000 12.5000
v 11.5000 6.0000 12.5000
v 11.5000 0.0000 11.5000
v 11.5000 7.0000 12.5000
v 11.5000 7.0000 11.5000
v 11.5000 0.0000 10.5000
v 11.5000 7.0000 10.5000
v 11.5000 8.0000 10.5000
v 11.5000 8.0000 11.5000
v 11.5000 0.0000 9.5000
v 11.5000 8.0000 9.5000
v 11.5000 9.0000 9.5000
v 11.5000 9.0000 10.5000
v 11.5000 0.0000 8.5000
v 11.5000 9.0000 8.5000
v 11.5000 0.0000 7.5000
v 11.5000 10.0000 8.5000
v 11.5000 10.0000 7.5000
v 11.5000 0.0000 6.5000
v 11.5000 11.0000 7.5000
v 11.5000 11.0000 6.5000
v 11.5000 0.0000 5.5000
v 11.5000 12.0000 6.5000
v 11.5000 12.0000 5.5000
v 11.5000 0.0000 4.5000
v 11.5000 13.0000 5.5000
v 11.5000 13.0000 4.5000
v 11.5000 0.0000 3.5000
v 11.5000 14.0000 4.5000
v 11.5000 14.0000 3.5000
v 11.5000 0.0000 2.5000
v 11.5000 15.0000 3.5000
v 11.5000 15.0000 2.5000
v 11.5000 0.0000 1.5000
v 11.5000 16.0000 2.5000
v 11.5000 16.0000 1.5000
v 11.5000 17.0000 1.5000
v 11.5000 17.0000 2.5000
v 11.5000 0.0000 0.5000
v 11.5000 17.0000 0.5000
v 11.5000 18.0000 0.5000
v 11.5000 18.0000 1.5000
v 11.5000 0.0000 -0.5000
v 11.5000 18.0000 -0.5000
v 11.5000 19.0000 -0.5000
v 11.5000 19.0000 0.5000
v 11.5000 0.0000 -1.5000
v 11.5000 19.0000 -1.5000
v 11.5000 20.0000 -1.5000
v 11.5000 20.0000 -0.5000
v 11.5000 0.0000 -2.5000
v 11.5000 20.0000 -2.5000
v 11.5000 0.0000 -3.5000
v 11.5000 21.0000 -2.5000
v 11.5000 21.0000 -3.5000
v 11.5000 0.0000 -4.5000
v 11.5000 22.0000 -3.5000
v 11.5000 22.0000 -4.5000
v 11.5000 0.0000 -5.5000
v 11.5000 22.0000 -5.5000
v 11.5000 0.0000 -6.5000
v 11.5000 22.0000 -6.5000
v 11.5000 0.0000 -7.5000
v 11.5000 22.0000 -7.5000
v 11.5000 0.0000 -8.5000
v 11.5000 22.0000 -8.5000
v 11.5000 0.0000 -9.5000
v 11.5000 22.0000 -9.5000
v 11.5000 0.0000 -10.5000
v 10.5000 22.0000 -10.5000
v 11.5000 22.0000 -10.5000
v 11.5000 21.0000 -10.5000
v 11.5000 0.0000 -11.5000
v 10.5000 21.0000 -11.5000
v 11.5000 21.0000 -11.5000
v 11.5000 20.0000 -11.5000
v 11.5000 0.0000 -12.5000
v 11.5000 20.0000 -12.5000
v 11.5000 19.0000 -12.5000
v 11.5000 0.0000 -13.5000
v 11.5000 19.0000 -13.5000
v 11.5000 18.0000 -13.5000
v 11.5000 0.0000 -14.5000
v 10.5000 18.0000 -14.5000
v 11.5000 18.0000 -14.5000
v 11.5000 17.0000 -14.5000
v 11.5000 0.0000 -15.5000
v 11.5000 16.0000 -15.5000
v 11.5000 15.0000 -15.5000
v 10.5000 17.0000 -15.5000
v 11.5000 17.0000 -15.5000
v 11.5000 0.0000 -16.5000
v 11.5000 15.0000 -16.5000
v 11.5000 14.0000 -16.5000
v 11.5000 0.0000 -17.5000
v 11.5000 14.0000 -17.5000
v 11.5000 13.0000 -17.5000
v 11.5000 0.0000 -18.5000
v 11.5000 12.0000 -18.5000
v 11.5000 11.0000 -18.5000
v 10.5000 13.0000 -18.5000
v 11.5000 13.0000 -18.5000
v 11.5000 0.0000 -19.5000
v 11.5000 11.0000 -19.5000
v 11.5000 10.0000 -19.5000
v 11.5000 0.0000 -20.5000
v 11.5000 10.0000 -20.5000
v 11.5000 9.0000 -20.5000
v 11.5000 0.0000 -21.5000
v 10.5000 9.0000 -21.5000
v 11.5000 9.0000 -21.5000
v 11.5000 8.0000 -21.5000
v 11.5000 0.0000 -22.5000
v 11.5000 7.0000 -22.5000
v 11.5000 6.0000 -22.5000
v 10.5000 8.0000 -22.5000
v 11.5000 8.0000 -22.5000
v 11.5000 0.0000 -23.5000
v 11.5000 6.0000 -23.5000
v 11.5000 5.0000 -23.5000
v 11.5000 0.0000 -24.5000
v 11.5000 5.0000 -24.5000
v 11.5000 0.0000 -25.5000
v 10.5000 5.0000 -25.5000
v 11.5000 5.0000 -25.5000
v 11.5000 4.0000 -25.5000
v 11.5000 0.0000 -26.5000
v 11.5000 4.0000 -26.5000
v 11.5000 3.0000 -26.5000
v 11.5000 0.0000 -27.5000
v 11.5000 3.0000 -27.5000
v 11.5000 2.0000 -27.5000
v 11.5000 0.0000 -28.5000
v 11.5000 2.0000 -28.5000
v 11.5000 0.0000 -29.5000
v 11.5000 2.0000 -29.5000
v 11.5000 1.0000 -29.5000
v 11.5000 1.0000 -30.5000
v 11.5000 0.0000 -30.5000
v 12.5000 0.0000 28.5000
v 12.5000 0.0000 27.5000
v 12.5000 1.0000 27.5000
v 12.5000 1.0000 28.5000
v 12.5000 1.0000 26.5000
v 12.5000 0.0000 26.5000
v 12.5000 1.0000 25.5000
v 12.5000 0.0000 25.5000
v 12.5000 1.0000 24.5000
v 12.5000 0.0000 24.5000
v 12.5000 1.0000 23.5000
v 12.5000 0.0000 23.5000
v 12.5000 0.0000 22.5000
v 12.5000 1.0000 22.5000
v 12.5000 2.0000 22.5000
v 12.5000 2.0000 23.5000
v 12.5000 0.0000 21.5000
v 12.5000 2.0000 21.5000
v 12.5000 0.0000 20.5000
v 12.5000 2.0000 20.5000
v 12.5000 0.0000 19.5000
v 12.5000 2.0000 19.5000
v 12.5000 3.0000 19.5000
v 12.5000 3.0000 20.5000
v 12.5000 0.0000 18.5000
v 12.5000 3.0000 18.5000
v 12.5000 0.0000 17.5000
v 12.5000 3.0000 17.5000
v 12.5000 0.0000 16.5000
v 12.5000 3.0000 16.5000
v 12.5000 4.0000 16.5000
v 12.5000 4.0000 17.5000
v 12.5000 0.0000 15.5000
v 12.5000 4.0000 15.5000
v 12.5000 0.0000 14.5000
v 12.5000 4.0000 14.5000
v 12.5000 5.0000 14.5000
v 12.5000 5.0000 15.5000
v 12.5000 0.0000 13.5000
v 12.5000 5.0000 13.5000
v 12.5000 0.0000 12.5000
v 12.5000 5.0000 12.5000
v 12.5000 6.0000 12.5000
v 12.5000 6.0000 13.5000
v 12.5000 0.0000 11.5000
v 12.5000 6.0000 11.5000
v 12.5000 7.0000 11.5000
v 12.5000 7.0000 12.5000
v 12.5000 0.0000 10.5000
v 12.5000 7.0000 10.5000
v 12.5000 0.0000 9.5000
v 12.5000 8.0000 10.5000
v 12.5000 8.0000 9.5000
v 12.5000 0.0000 8.5000
v 12.5000 8.0000 8.5000
v 12.5000 9.0000 8.5000
v 12.5000 9.0000 9.5000
v 12.5000 0.0000 7.5000
v 12.5000 9.0000 7.5000
v 12.5000 10.0000 7.5000
v 12.5000 10.0000 8.5000
v 12.5000 0.0000 6.5000
v 12.5000 10.0000 6.5000
v 12.5000 11.0000 6.5000
v 12.5000 11.0000 7.5000
v 12.5000 0.0000 5.5000
v 12.5000 11.0000 5.5000
v 12.5000 12.0000 5.5000
v 12.5000 12.0000 6.5000
v 12.5000 0.0000 4.5000
v 12.5000 12.0000 4.5000
v 12.5000 13.0000 4.5000
v 12.5000 13.0000 5.5000
v 12.5000 0.0000 3.5000
v 12.5000 14.0000 4.5000
v 12.5000 14.0000 3.5000
v 12.5000 0.0000 2.5000
v 12.5000 15.0000 3.5000
v 12.5000 15.0000 2.5000
v 12.5000 0.0000 1.5000
v 12.5000 16.0000 2.5000
v 12.5000 16.0000 1.5000
v 12.5000 0.0000 0.5000
v 12.5000 17.0000 1.5000
v 12.5000 17.0000 0.5000
v 12.5000 0.0000 -0.5000
v 12.5000 18.0000 0.5000
v 12.5000 18.0000 -0.5000
v 12.5000 0.0000 -1.5000
v 12.5000 19.0000 -0.5000
v 12.5000 19.0000 -1.5000
v 12.5000 0.0000 -2.5000
v 12.5000 20.0000 -1.5000
v 12.5000 20.0000 -2.5000
v 12.5000 0.0000 -3.5000
v 12.5000 21.0000 -2.5000
v 12.5000 21.0000 -3.5000
v 12.5000 0.0000 -4.5000
v 12.5000 22.0000 -3.5000
v 12.5000 22.0000 -4.5000
v 12.5000 0.0000 -5.5000
v 12.5000 22.0000 -5.5000
v 12.5000 0.0000 -6.5000
v 11.5000 23.0000 -5.5000
v 11.5000 23.0000 -6.5000
v 12.5000 23.0000 -5.5000
v 12.5000 23.0000 -6.5000
v 12.5000 0.0000 -7.5000
v 11.5000 23.0000 -7.5000
v 12.5000 23.0000 -7.5000
v 12.5000 0.0000 -8.5000
v 11.5000 23.0000 -8.5000
v 12.5000 23.0000 -8.5000
v 12.5000 22.0000 -8.5000
v 12.5000 0.0000 -9.5000
v 12.5000 22.0000 -9.5000
v 12.5000 0.0000 -10.5000
v 12.5000 22.0000 -10.5000
v 12.5000 21.0000 -10.5000
v 12.5000 0.0000 -11.5000
v 12.5000 21.0000 -11.5000
v 12.5000 20.0000 -11.5000
v 12.5000 0.0000 -12.5000
v 12.5000 20.0000 -12.5000
v 12.5000 19.0000 -12.5000
v 12.5000 0.0000 -13.5000
v 12.5000 19.0000 -13.5000
v 12.5000 18.0000 -13.5000
v 12.5000 0.0000 -14.5000
v 12.5000 18.0000 -14.5000
v 12.5000 17.0000 -14.5000
v 12.5000 0.0000 -15.5000
v 12.5000 17.0000 -15.5000
v 12.5000 16.0000 -15.5000
v 12.5000 0.0000 -16.5000
v 12.5000 15.0000 -16.5000
v 12.5000 14.0000 -16.5000
v 11.5000 16.0000 -16.5000
v 12.5000 16.0000 -16.5000
v 12.5000 0.0000 -17.5000
v 12.5000 14.0000 -17.5000
v 12.5000 13.0000 -17.5000
v 12.5000 0.0000 -18.5000
v 12.5000 12.0000 -18.5000
v 12.5000 11.0000 -18.5000
v 12.5000 13.0000 -18.5000
v 12.5000 0.0000 -19.5000
v 12.5000 11.0000 -19.5000
v 12.5000 10.0000 -19.5000
v 12.5000 0.0000 -20.5000
v 12.5000 10.0000 -20.5000
v 12.5000 9.0000 -20.5000
v 12.5000 0.0000 -21.5000
v 12.5000 9.0000 -21.5000
v 12.5000 8.0000 -21.5000
v 12.5000 0.0000 -22.5000
v 12.5000 8.0000 -22.5000
v 12.5000 7.0000 -22.5000
v 12.5000 0.0000 -23.5000
v 11.5000 7.0000 -23.5000
v 12.5000 7.0000 -23.5000
v 12.5000 6.0000 -23.5000
v 12.5000 0.0000 -24.5000
v 11.5000 6.0000 -24.5000
v 12.5000 6.0000 -24.5000
v 12.5000 5.0000 -24.5000
v 12.5000 0.0000 -25.5000
v 12.5000 5.0000 -25.5000
v 12.5000 4.0000 -25.5000
v 12.5000 0.0000 -26.5000
v 12.5000 4.0000 -26.5000
v 12.5000 3.0000 -26.5000
v 12.5000 0.0000 -27.5000
v 12.5000 3.0000 -27.5000
v 12.5000 2.0000 -27.5000
v 12.5000 0.0000 -28.5000
v 12.5000 2.0000 -28.5000
v 12.5000 0.0000 -29.5000
v 12.5000 2.0000 -29.5000
v 12.5000 1.0000 -29.5000
v 12.5000 1.0000 -30.5000
v 12.5000 0.0000 -30.5000
v 13.5000 0.0000 27.5000
v 13.5000 0.0000 26.5000
v 13.5000 1.0000 26.5000
v 13.5000 1.0000 27.5000
v 13.5000 1.0000 25.5000
v 13.5000 0.0000 25.5000
v 13.5000 1.0000 24.5000
v 13.5000 0.0000 24.5000
v 13.5000 1.0000 23.5000
v 13.5000 0.0000 23.5000
v 13.5000 1.0000 22.5000
v 13.5000 0.0000 22.5000
v 13.5000 0.0000 21.5000
v 13.5000 1.0000 21.5000
v 13.5000 2.0000 21.5000
v 13.5000 2.0000 22.5000
v 13.5000 0.0000 20.5000
v 13.5000 2.0000 20.5000
v 13.5000 0.0000 19.5000
v 13.5000 2.0000 19.5000
v 13.5000 0.0000 18.5000
v 13.5000 2.0000 18.5000
v 13.5000 3.0000 18.5000
v 13.5000 3.0000 19.5000
v 13.5000 0.0000 17.5000
v 13.5000 3.0000 17.5000
v 13.5000 0.0000 16.5000
v 13.5000 3.0000 16.5000
v 13.5000 0.0000 15.5000
v 13.5000 3.0000 15.5000
v 13.5000 4.0000 15.5000
v 13.5000 4.0000 16.5000
v 13.5000 0.0000 14.5000
v 13.5000 4.0000 14.5000
v 13.5000 0.0000 13.5000
v 13.5000 4.0000 13.5000
v 13.5000 5.0000 13.5000
v 13.5000 5.0000 14.5000
v 13.5000 0.0000 12.5000
v 13.5000 5.0000 12.5000
v 13.5000 0.0000 11.5000
v 13.5000 6.0000 12.5000
v 13.5000 6.0000 11.5000
v 13.5000 0.0000 10.5000
v 13.5000 6.0000 10.5000
v 13.5000 7.0000 10.5000
v 13.5000 7.0000 11.5000
v 13.5000 0.0000 9.5000
v 13.5000 7.0000 9.5000
v 13.5000 8.0000 9.5000
v 13.5000 8.0000 10.5000
v 13.5000 0.0000 8.5000
v 13.5000 8.0000 8.5000
v 13.5000 0.0000 7.5000
v 13.5000 9.0000 8.5000
v 13.5000 9.0000 7.5000
v 13.5000 0.0000 6.5000
v 13.5000 10.0000 7.5000
v 13.5000 10.0000 6.5000
v 13.5000 0.0000 5.5000
v 13.5000 11.0000 6.5000
v 13.5000 11.0000 5.5000
v 13.5000 0.0000 4.5000
v 13.5000 12.0000 5.5000
v 13.5000 12.0000 4.5000
v 13.5000 0.0000 3.5000
v 13.5000 13.0000 4.5000
v 13.5000 13.0000 3.5000
v 13.5000 14.0000 3.5000
v 13.5000 14.0000 4.5000
v 13.5000 0.0000 2.5000
v 13.5000 14.0000 2.5000
v 13.5000 15.0000 2.5000
v 13.5000 15.0000 3.5000
v 13.5000 0.0000 1.5000
v 13.5000 16.0000 2.5000
v 13.5000 16.0000 1.5000
v 13.5000 0.0000 0.5000
v 13.5000 17.0000 1.5000
v 13.5000 17.0000 0.5000
v 13.5000 0.0000 -0.5000
v 13.5000 18.0000 0.5000
v 13.5000 18.0000 -0.5000
v 13.5000 0.0000 -1.5000
v 13.5000 19.0000 -0.5000
v 13.5000 19.0000 -1.5000
v 13.5000 0.0000 -2.5000
v 13.5000 20.0000 -1.5000
v 13.5000 20.0000 -2.5000
v 13.5000 0.0000 -3.5000
v 13.5000 21.0000 -2.5000
v 13.5000 21.0000 -3.5000
v 13.5000 0.0000 -4.5000
v 13.5000 22.0000 -3.5000
v 13.5000 22.0000 -4.5000
v 13.5000 0.0000 -5.5000
v 13.5000 22.0000 -5.5000
v 13.5000 0.0000 -6.5000
v 13.5000 23.0000 -5.5000
v 13.5000 23.0000 -6.5000
v 13.5000 0.0000 -7.5000
v 13.5000 23.0000 -7.5000
v 13.5000 0.0000 -8.5000
v 13.5000 23.0000 -8.5000
v 13.5000 22.0000 -8.5000
v 13.5000 0.0000 -9.5000
v 13.5000 22.0000 -9.5000
v 13.5000 0.0000 -10.5000
v 13.5000 22.0000 -10.5000
v 13.5000 21.0000 -10.5000
v 13.5000 0.0000 -11.5000
v 13.5000 21.0000 -11.5000
v 13.5000 20.0000 -11.5000
v 13.5000 0.0000 -12.5000
v 13.5000 20.0000 -12.5000
v 13.5000 19.0000 -12.5000
v 13.5000 0.0000 -13.5000
v 13.5000 19.0000 -13.5000
v 13.5000 18.0000 -13.5000
v 13.5000 0.0000 -14.5000
v 13.5000 18.0000 -14.5000
v 13.5000 17.0000 -14.5000
v 13.5000 0.0000 -15.5000
v 13.5000 17.0000 -15.5000
v 13.5000 16.0000 -15.5000
v 13.5000 0.0000 -16.5000
v 13.5000 15.0000 -16.5000
v 13.5000 14.0000 -16.5000
v 13.5000 16.0000 -16.5000
v 13.5000 0.0000 -17.5000
v 13.5000 14.0000 -17.5000
v 13.5000 13.0000 -17.5000
v 13.5000 0.0000 -18.5000
v 13.5000 13.0000 -18.5000
v 13.5000 12.0000 -18.5000
v 13.5000 0.0000 -19.5000
v 13.5000 11.0000 -19.5000
v 13.5000 10.0000 -19.5000
v 12.5000 12.0000 -19.5000
v 13.5000 12.0000 -19.5000
v 13.5000 0.0000 -20.5000
v 13.5000 10.0000 -20.5000
v 13.5000 9.0000 -20.5000
v 13.5000 0.0000 -21.5000
v 13.5000 9.0000 -21.5000
v 13.5000 8.0000 -21.5000
v 13.5000 0.0000 -22.5000
v 13.5000 8.0000 -22.5000
v 13.5000 7.0000 -22.5000
v 13.5000 0.0000 -23.5000
v 13.5000 7.0000 -23.5000
v 13.5000 6.0000 -23.5000
v 13.5000 0.0000 -24.5000
v 13.5000 6.0000 -24.5000
v 13.5000 5.0000 -24.5000
v 13.5000 0.0000 -25.5000
v 13.5000 5.0000 -25.5000
v 13.5000 4.0000 -25.5000
v 13.5000 0.0000 -26.5000
v 13.5000 4.0000 -26.5000
v 13.5000 3.0000 -26.5000
v 13.5000 0.0000 -27.5000
v 13.5000 3.0000 -27.5000
v 13.5000 2.0000 -27.5000
v 13.5000 0.0000 -28.5000
v 13.5000 2.0000 -28.5000
v 13.5000 0.0000 -29.5000
v 13.5000 2.0000 -29.5000
v 13.5000 1.0000 -29.5000
v 13.5000 1.0000 -30.5000
v 13.5000 0.0000 -30.5000
v 14.5000 0.0000 26.5000
v 14.5000 0.0000 25.5000
v 14.5000 1.0000 25.5000
v 14.5000 1.0000 26.5000
v 14.5000 1.0000 24.5000
v 14.5000 0.0000 24.5000
v 14.5000 1.0000 23.5000
v 14.5000 0.0000 23.5000
v 14.5000 1.0000 22.5000
v 14.5000 0.0000 22.5000
v 14.5000 1.0000 21.5000
v 14.5000 0.0000 21.5000
v 14.5000 0.0000 20.5000
v 14.5000 1.0000 20.5000
v 14.5000 2.0000 20.5000
v 14.5000 2.0000 21.5000
v 14.5000 0.0000 19.5000
v 14.5000 2.0000 19.5000
v 14.5000 0.0000 18.5000
v 14.5000 2.0000 18.5000
v 14.5000 0.0000 17.5000
v 14.5000 2.0000 17.5000
v 14.5000 3.0000 17.5000
v 14.5000 3.0000 18.5000
v 14.5000 0.0000 16.5000
v 14.5000 3.0000 16.5000
v 14.5000 0.0000 15.5000
v 14.5000 3.0000 15.5000
v 14.5000 0.0000 14.5000
v 14.5000 3.0000 14.5000
v 14.5000 4.0000 14.5000
v 14.5000 4.0000 15.5000
v 14.5000 0.0000 13.5000
v 14.5000 4.0000 13.5000
v 14.5000 0.0000 12.5000
v 14.5000 5.0000 13.5000
v 14.5000 5.0000 12.5000
v 14.5000 0.0000 11.5000
v 14.5000 5.0000 11.5000
v 14.5000 6.0000 11.5000
v 14.5000 6.0000 12.5000
v 14.5000 0.0000 10.5000
v 14.5000 6.0000 10.5000
v 14.5000 0.0000 9.5000
v 14.5000 7.0000 10.5000
v 14.5000 7.0000 9.5000
v 14.5000 0.0000 8.5000
v 14.5000 7.0000 8.5000
v 14.5000 8.0000 8.5000
v 14.5000 8.0000 9.5000
v 14.5000 0.0000 7.5000
v 14.5000 8.0000 7.5000
v 14.5000 9.0000 7.5000
v 14.5000 9.0000 8.5000
v 14.5000 0.0000 6.5000
v 14.5000 9.0000 6.5000
v 14.5000 10.0000 6.5000
v 14.5000 10.0000 7.5000
v 14.5000 0.0000 5.5000
v 14.5000 11.0000 6.5000
v 14.5000 11.0000 5.5000
v 14.5000 0.0000 4.5000
v 14.5000 12.0000 5.5000
v 14.5000 12.0000 4.5000
v 14.5000 0.0000 3.5000
v 14.5000 13.0000 4.5000
v 14.5000 13.0000 3.5000
v 14.5000 0.0000 2.5000
v 14.5000 14.0000 3.5000
v 14.5000 14.0000 2.5000
v 14.5000 0.0000 1.5000
v 14.5000 15.0000 2.5000
v 14.5000 15.0000 1.5000
v 14.5000 16.0000 1.5000
v 14.5000 16.0000 2.5000
v 14.5000 0.0000 0.5000
v 14.5000 17.0000 1.5000
v 14.5000 17.0000 0.5000
v 14.5000 0.0000 -0.5000
v 14.5000 18.0000 0.5000
v 14.5000 18.0000 -0.5000
v 14.5000 0.0000 -1.5000
v 14.5000 19.0000 -0.5000
v 14.5000 19.0000 -1.5000
v 14.5000 0.0000 -2.5000
v 14.5000 20.0000 -1.5000
v 14.5000 20.0000 -2.5000
v 14.5000 0.0000 -3.5000
v 14.5000 21.0000 -2.5000
v 14.5000 21.0000 -3.5000
v 14.5000 0.0000 -4.5000
v 14.5000 22.0000 -3.5000
v 14.5000 22.0000 -4.5000
v 14.5000 0.0000 -5.5000
v 14.5000 22.0000 -5.5000
v 14.5000 0.0000 -6.5000
v 14.5000 22.0000 -6.5000
v 14.5000 23.0000 -6.5000
v 14.5000 23.0000 -5.5000
v 14.5000 0.0000 -7.5000
v 14.5000 23.0000 -7.5000
v 14.5000 0.0000 -8.5000
v 14.5000 23.0000 -8.5000
v 14.5000 0.0000 -9.5000
v 14.5000 22.0000 -8.5000
v 14.5000 22.0000 -9.5000
v 14.5000 23.0000 -9.5000
v 13.5000 23.0000 -9.5000
v 14.5000 0.0000 -10.5000
v 14.5000 22.0000 -10.5000
v 14.5000 21.0000 -10.5000
v 14.5000 0.0000 -11.5000
v 14.5000 21.0000 -11.5000
v 14.5000 0.0000 -12.5000
v 13.5000 21.0000 -12.5000
v 14.5000 21.0000 -12.5000
v 14.5000 20.0000 -12.5000
v 14.5000 0.0000 -13.5000
v 14.5000 19.0000 -13.5000
v 14.5000 18.0000 -13.5000
v 13.5000 20.0000 -13.5000
v 14.5000 20.0000 -13.5000
v 14.5000 0.0000 -14.5000
v 14.5000 18.0000 -14.5000
v 14.5000 17.0000 -14.5000
v 14.5000 0.0000 -15.5000
v 14.5000 17.0000 -15.5000
v 14.5000 16.0000 -15.5000
v 14.5000 0.0000 -16.5000
v 14.5000 15.0000 -16.5000
v 14.5000 14.0000 -16.5000
v 14.5000 16.0000 -16.5000
v 14.5000 0.0000 -17.5000
v 14.5000 14.0000 -17.5000
v 14.5000 13.0000 -17.5000
v 14.5000 0.0000 -18.5000
v 14.5000 13.0000 -18.5000
v 14.5000 12.0000 -18.5000
v 14.5000 0.0000 -19.5000
v 14.5000 11.0000 -19.5000
v 14.5000 10.0000 -19.5000
v 14.5000 12.0000 -19.5000
v 14.5000 0.0000 -20.5000
v 14.5000 10.0000 -20.5000
v 14.5000 9.0000 -20.5000
v 14.5000 0.0000 -21.5000
v 14.5000 9.0000 -21.5000
v 14.5000 8.0000 -21.5000
v 14.5000 0.0000 -22.5000
v 14.5000 8.0000 -22.5000
v 14.5000 7.0000 -22.5000
v 14.5000 0.0000 -23.5000
v 14.5000 7.0000 -23.5000
v 14.5000 6.0000 -23.5000
v 14.5000 0.0000 -24.5000
v 14.5000 6.0000 -24.5000
v 14.5000 5.0000 -24.5000
v 14.5000 0.0000 -25.5000
v 14.5000 5.0000 -25.5000
v 14.5000 4.0000 -25.5000
v 14.5000 0.0000 -26.5000
v 14.5000 4.0000 -26.5000
v 14.5000 3.0000 -26.5000
v 14.5000 0.0000 -27.5000
v 14.5000 3.0000 -27.5000
v 14.5000 0.0000 -28.5000
v 13.5000 3.0000 -28.5000
v 14.5000 3.0000 -28.5000
v 14.5000 2.0000 -28.5000
v 14.5000 0.0000 -29.5000
v 14.5000 2.0000 -29.5000
v 14.5000 1.0000 -29.5000
v 14.5000 1.0000 -30.5000
v 14.5000 0.0000 -30.5000
v 15.5000 0.0000 25.5000
v 15.5000 0.0000 24.5000
v 15.5000 1.0000 24.5000
v 15.5000 1.0000 25.5000
v 15.5000 1.0000 23.5000
v 15.5000 0.0000 23.5000
v 15.5000 1.0000 22.5000
v 15.5000 0.0000 22.5000
v 15.5000 1.0000 21.5000
v 15.5000 0.0000 21.5000
v 15.5000 1.0000 20.5000
v 15.5000 0.0000 20.5000
v 15.5000 0.0000 19.5000
v 15.5000 1.0000 19.5000
v 15.5000 2.0000 19.5000
v 15.5000 2.0000 20.5000
v 15.5000 0.0000 18.5000
v 15.5000 2.0000 18.5000
v 15.5000 0.0000 17.5000
v 15.5000 2.0000 17.5000
v 15.5000 0.0000 16.5000
v 15.5000 2.0000 16.5000
v 15.5000 3.0000 16.5000
v 15.5000 3.0000 17.5000
v 15.5000 0.0000 15.5000
v 15.5000 3.0000 15.5000
v 15.5000 0.0000 14.5000
v 15.5000 3.0000 14.5000
v 15.5000 0.0000 13.5000
v 15.5000 4.0000 14.5000
v 15.5000 4.0000 13.5000
v 15.5000 0.0000 12.5000
v 15.5000 4.0000 12.5000
v 15.5000 5.0000 12.5000
v 15.5000 5.0000 13.5000
v 15.5000 0.0000 11.5000
v 15.5000 5.0000 11.5000
v 15.5000 0.0000 10.5000
v 15.5000 5.0000 10.5000
v 15.5000 6.0000 10.5000
v 15.5000 6.0000 11.5000
v 15.5000 0.0000 9.5000
v 15.5000 6.0000 9.5000
v 15.5000 7.0000 9.5000
v 15.5000 7.0000 10.5000
v 15.5000 0.0000 8.5000
v 15.5000 7.0000 8.5000
v 15.5000 0.0000 7.5000
v 15.5000 8.0000 8.5000
v 15.5000 8.0000 7.5000
v 15.5000 0.0000 6.5000
v 15.5000 9.0000 7.5000
v 15.5000 9.0000 6.5000
v 15.5000 0.0000 5.5000
v 15.5000 10.0000 6.5000
v 15.5000 10.0000 5.5000
v 15.5000 11.0000 5.5000
v 15.5000 11.0000 6.5000
v 15.5000 0.0000 4.5000
v 15.5000 11.0000 4.5000
v 15.5000 12.0000 4.5000
v 15.5000 12.0000 5.5000
v 15.5000 0.0000 3.5000
v 15.5000 12.0000 3.5000
v 15.5000 13.0000 3.5000
v 15.5000 13.0000 4.5000
v 15.5000 0.0000 2.5000
v 15.5000 14.0000 3.5000
v 15.5000 14.0000 2.5000
v 15.5000 0.0000 1.5000
v 15.5000 15.0000 2.5000
v 15.5000 15.0000 1.5000
v 15.5000 0.0000 0.5000
v 15.5000 16.0000 1.5000
v 15.5000 16.0000 0.5000
v 15.5000 17.0000 0.5000
v 15.5000 17.0000 1.5000
v 15.5000 0.0000 -0.5000
v 15.5000 17.0000 -0.5000
v 15.5000 18.0000 -0.5000
v 15.5000 18.0000 0.5000
v 15.5000 0.0000 -1.5000
v 15.5000 18.0000 -1.5000
v 15.5000 19.0000 -1.5000
v 15.5000 19.0000 -0.5000
v 15.5000 0.0000 -2.5000
v 15.5000 20.0000 -1.5000
v 15.5000 20.0000 -2.5000
v 15.5000 0.0000 -3.5000
v 15.5000 20.0000 -3.5000
v 15.5000 21.0000 -3.5000
v 15.5000 21.0000 -2.5000
v 15.5000 0.0000 -4.5000
v 15.5000 21.0000 -4.5000
v 15.5000 22.0000 -4.5000
v 15.5000 22.0000 -3.5000
v 15.5000 0.0000 -5.5000
v 15.5000 22.0000 -5.5000
v 15.5000 0.0000 -6.5000
v 15.5000 22.0000 -6.5000
v 15.5000 0.0000 -7.5000
v 15.5000 22.0000 -7.5000
v 15.5000 23.0000 -7.5000
v 15.5000 23.0000 -6.5000
v 15.5000 0.0000 -8.5000
v 15.5000 22.0000 -8.5000
v 15.5000 23.0000 -8.5000
v 15.5000 0.0000 -9.5000
v 15.5000 22.0000 -9.5000
v 15.5000 0.0000 -10.5000
v 15.5000 22.0000 -10.5000
v 15.5000 21.0000 -10.5000
v 15.5000 0.0000 -11.5000
v 15.5000 21.0000 -11.5000
v 15.5000 0.0000 -12.5000
v 15.5000 20.0000 -11.5000
v 15.5000 20.0000 -12.5000
v 15.5000 21.0000 -12.5000
v 15.5000 0.0000 -13.5000
v 15.5000 19.0000 -13.5000
v 15.5000 18.0000 -13.5000
v 15.5000 19.0000 -12.5000
v 15.5000 20.0000 -13.5000
v 15.5000 0.0000 -14.5000
v 15.5000 18.0000 -14.5000
v 15.5000 17.0000 -14.5000
v 15.5000 0.0000 -15.5000
v 15.5000 17.0000 -15.5000
v 15.5000 16.0000 -15.5000
v 15.5000 0.0000 -16.5000
v 15.5000 15.0000 -16.5000
v 15.5000 14.0000 -16.5000
v 15.5000 16.0000 -16.5000
v 15.5000 0.0000 -17.5000
v 15.5000 14.0000 -17.5000
v 15.5000 13.0000 -17.5000
v 15.5000 0.0000 -18.5000
v 15.5000 13.0000 -18.5000
v 15.5000 12.0000 -18.5000
v 15.5000 0.0000 -19.5000
v 15.5000 11.0000 -19.5000
v 15.5000 10.0000 -19.5000
v 15.5000 12.0000 -19.5000
v 15.5000 0.0000 -20.5000
v 15.5000 10.0000 -20.5000
v 15.5000 9.0000 -20.5000
v 15.5000 0.0000 -21.5000
v 15.5000 9.0000 -21.5000
v 15.5000 8.0000 -21.5000
v 15.5000 0.0000 -22.5000
v 15.5000 8.0000 -22.5000
v 15.5000 7.0000 -22.5000
v 15.5000 0.0000 -23.5000
v 15.5000 7.0000 -23.5000
v 15.5000 6.0000 -23.5000
v 15.5000 0.0000 -24.5000
v 15.5000 6.0000 -24.5000
v 15.5000 5.0000 -24.5000
v 15.5000 0.0000 -25.5000
v 15.5000 5.0000 -25.5000
v 15.5000 4.0000 -25.5000
v 15.5000 0.0000 -26.5000
v 15.5000 4.0000 -26.5000
v 15.5000 3.0000 -26.5000
v 15.5000 0.0000 -27.5000
v 15.5000 3.0000 -27.5000
v 15.5000 0.0000 -28.5000
v 15.5000 2.0000 -27.5000
v 15.5000 2.0000 -28.5000
v 15.5000 3.0000 -28.5000
v 15.5000 0.0000 -29.5000
v 15.5000 2.0000 -29.5000
v 15.5000 1.0000 -29.5000
v 15.5000 1.0000 -30.5000
v 15.5000 0.0000 -30.5000
v 16.5000 0.0000 24.5000
v 16.5000 0.0000 23.5000
v 16.5000 1.0000 23.5000
v 16.5000 1.0000 24.5000
v 16.5000 1.0000 22.5000
v 16.5000 0.0000 22.5000
v 16.5000 1.0000 21.5000
v 16.5000 0.0000 21.5000
v 16.5000 1.0000 20.5000
v 16.5000 0.0000 20.5000
v 16.5000 1.0000 19.5000
v 16.5000 0.0000 19.5000
v 16.5000 0.0000 18.5000
v 16.5000 1.0000 18.5000
v 16.5000 2.0000 18.5000
v 16.5000 2.0000 19.5000
v 16.5000 0.0000 17.5000
v 16.5000 2.0000 17.5000
v 16.5000 0.0000 16.5000
v 16.5000 2.0000 16.5000
v 16.5000 0.0000 15.5000
v 16.5000 2.0000 15.5000
v 16.5000 3.0000 15.5000
v 16.5000 3.0000 16.5000
v 16.5000 0.0000 14.5000
v 16.5000 3.0000 14.5000
v 16.5000 0.0000 13.5000
v 16.5000 3.0000 13.5000
v 16.5000 4.0000 13.5000
v 16.5000 4.0000 14.5000
v 16.5000 0.0000 12.5000
v 16.5000 4.0000 12.5000
v 16.5000 0.0000 11.5000
v 16.5000 4.0000 11.5000
v 16.5000 5.0000 11.5000
v 16.5000 5.0000 12.5000
v 16.5000 0.0000 10.5000
v 16.5000 5.0000 10.5000
v 16.5000 0.0000 9.5000
v 16.5000 6.0000 10.5000
v 16.5000 6.0000 9.5000
v 16.5000 0.0000 8.5000
v 16.5000 7.0000 9.5000
v 16.5000 7.0000 8.5000
v 16.5000 0.0000 7.5000
v 16.5000 8.0000 8.5000
v 16.5000 8.0000 7.5000
v 16.5000 0.0000 6.5000
v 16.5000 9.0000 7.5000
v 16.5000 9.0000 6.5000
v 16.5000 0.0000 5.5000
v 16.5000 10.0000 6.5000
v 16.5000 10.0000 5.5000
v 16.5000 0.0000 4.5000
v 16.5000 11.0000 5.5000
v 16.5000 11.0000 4.5000
v 16.5000 0.0000 3.5000
v 16.5000 12.0000 4.5000
v 16.5000 12.0000 3.5000
v 16.5000 0.0000 2.5000
v 16.5000 13.0000 3.5000
v 16.5000 13.0000 2.5000
v 16.5000 14.0000 2.5000
v 16.5000 14.0000 3.5000
v 16.5000 0.0000 1.5000
v 16.5000 14.0000 1.5000
v 16.5000 15.0000 1.5000
v 16.5000 15.0000 2.5000
v 16.5000 0.0000 0.5000
v 16.5000 16.0000 1.5000
v 16.5000 16.0000 0.5000
v 16.5000 0.0000 -0.5000
v 16.5000 17.0000 0.5000
v 16.5000 17.0000 -0.5000
v 16.5000 0.0000 -1.5000
v 16.5000 18.0000 -0.5000
v 16.5000 18.0000 -1.5000
v 16.5000 0.0000 -2.5000
v 16.5000 19.0000 -1.5000
v 16.5000 19.0000 -2.5000
v 16.5000 20.0000 -2.5000
v 16.5000 20.0000 -1.5000
v 16.5000 0.0000 -3.5000
v 16.5000 20.0000 -3.5000
v 16.5000 0.0000 -4.5000
v 16.5000 21.0000 -3.5000
v 16.5000 21.0000 -4.5000
v 16.5000 0.0000 -5.5000
v 16.5000 21.0000 -5.5000
v 16.5000 22.0000 -5.5000
v 16.5000 22.0000 -4.5000
v 16.5000 0.0000 -6.5000
v 16.5000 22.0000 -6.5000
v 16.5000 0.0000 -7.5000
v 16.5000 22.0000 -7.5000
v 16.5000 0.0000 -8.5000
v 16.5000 22.0000 -8.5000
v 16.5000 0.0000 -9.5000
v 16.5000 22.0000 -9.5000
v 16.5000 0.0000 -10.5000
v 16.5000 21.0000 -9.5000
v 16.5000 21.0000 -10.5000
v 16.5000 22.0000 -10.5000
v 16.5000 0.0000 -11.5000
v 16.5000 21.0000 -11.5000
v 16.5000 20.0000 -11.5000
v 16.5000 0.0000 -12.5000
v 16.5000 20.0000 -12.5000
v 16.5000 19.0000 -12.5000
v 16.5000 0.0000 -13.5000
v 16.5000 19.0000 -13.5000
v 16.5000 18.0000 -13.5000
v 16.5000 0.0000 -14.5000
v 16.5000 18.0000 -14.5000
v 16.5000 17.0000 -14.5000
v 16.5000 0.0000 -15.5000
v 16.5000 17.0000 -15.5000
v 16.5000 16.0000 -15.5000
v 16.5000 0.0000 -16.5000
v 16.5000 15.0000 -16.5000
v 16.5000 14.0000 -16.5000
v 16.5000 16.0000 -16.5000
v 16.5000 0.0000 -17.5000
v 16.5000 14.0000 -17.5000
v 16.5000 13.0000 -17.5000
v 16.5000 0.0000 -18.5000
v 16.5000 13.0000 -18.5000
v 16.5000 12.0000 -18.5000
v 16.5000 0.0000 -19.5000
v 16.5000 11.0000 -19.5000
v 16.5000 10.0000 -19.5000
v 16.5000 12.0000 -19.5000
v 16.5000 0.0000 -20.5000
v 16.5000 10.0000 -20.5000
v 16.5000 9.0000 -20.5000
v 16.5000 0.0000 -21.5000
v 16.5000 9.0000 -21.5000
v 16.5000 8.0000 -21.5000
v 16.5000 0.0000 -22.5000
v 16.5000 8.0000 -22.5000
v 16.5000 7.0000 -22.5000
v 16.5000 0.0000 -23.5000
v 16.5000 7.0000 -23.5000
v 16.5000 6.0000 -23.5000
v 16.5000 0.0000 -24.5000
v 16.5000 6.0000 -24.5000
v 16.5000 5.0000 -24.5000
v 16.5000 0.0000 -25.5000
v 16.5000 5.0000 -25.5000
v 16.5000 4.0000 -25.5000
v 16.5000 0.0000 -26.5000
v 16.5000 4.0000 -26.5000
v 16.5000 3.0000 -26.5000
v 16.5000 0.0000 -27.5000
v 16.5000 3.0000 -27.5000
v 16.5000 2.0000 -27.5000
v 16.5000 0.0000 -28.5000
v 16.5000 2.0000 -28.5000
v 16.5000 0.0000 -29.5000
v 16.5000 2.0000 -29.5000
v 16.5000 1.0000 -29.5000
v 16.5000 1.0000 -30.5000
v 16.5000 0.0000 -30.5000
v 17.5000 0.0000 23.5000
v 17.5000 0.0000 22.5000
v 17.5000 1.0000 22.5000
v 17.5000 1.0000 23.5000
v 17.5000 1.0000 21.5000
v 17.5000 0.0000 21.5000
v 17.5000 1.0000 20.5000
v 17.5000 0.0000 20.5000
v 17.5000 1.0000 19.5000
v 17.5000 0.0000 19.5000
v 17.5000 1.0000 18.5000
v 17.5000 0.0000 18.5000
v 17.5000 0.0000 17.5000
v 17.5000 1.0000 17.5000
v 17.5000 2.0000 17.5000
v 17.5000 2.0000 18.5000
v 17.5000 0.0000 16.5000
v 17.5000 2.0000 16.5000
v 17.5000 0.0000 15.5000
v 17.5000 2.0000 15.5000
v 17.5000 0.0000 14.5000
v 17.5000 2.0000 14.5000
v 17.5000 3.0000 14.5000
v 17.5000 3.0000 15.5000
v 17.5000 0.0000 13.5000
v 17.5000 3.0000 13.5000
v 17.5000 0.0000 12.5000
v 17.5000 3.0000 12.5000
v 17.5000 4.0000 12.5000
v 17.5000 4.0000 13.5000
v 17.5000 0.0000 11.5000
v 17.5000 4.0000 11.5000
v 17.5000 0.0000 10.5000
v 17.5000 5.0000 11.5000
v 17.5000 5.0000 10.5000
v 17.5000 0.0000 9.5000
v 17.5000 5.0000 9.5000
v 17.5000 6.0000 9.5000
v 17.5000 6.0000 10.5000
v 17.5000 0.0000 8.5000
v 17.5000 6.0000 8.5000
v 17.5000 7.0000 8.5000
v 17.5000 7.0000 9.5000
v 17.5000 0.0000 7.5000
v 17.5000 7.0000 7.5000
v 17.5000 8.0000 7.5000
v 17.5000 8.0000 8.5000
v 17.5000 0.0000 6.5000
v 17.5000 8.0000 6.5000
v 17.5000 9.0000 6.5000
v 17.5000 9.0000 7.5000
v 17.5000 0.0000 5.5000
v 17.5000 9.0000 5.5000
v 17.5000 10.0000 5.5000
v 17.5000 10.0000 6.5000
v 17.5000 0.0000 4.5000
v 17.5000 10.0000 4.5000
v 17.5000 11.0000 4.5000
v 17.5000 11.0000 5.5000
v 17.5000 0.0000 3.5000
v 17.5000 12.0000 4.5000
v 17.5000 12.0000 3.5000
v 17.5000 0.0000 2.5000
v 17.5000 13.0000 3.5000
v 17.5000 13.0000 2.5000
v 17.5000 0.0000 1.5000
v 17.5000 14.0000 2.5000
v 17.5000 14.0000 1.5000
v 17.5000 0.0000 0.5000
v 17.5000 15.0000 1.5000
v 17.5000 15.0000 0.5000
v 17.5000 16.0000 0.5000
v 17.5000 16.0000 1.5000
v 17.5000 0.0000 -0.5000
v 17.5000 16.0000 -0.5000
v 17.5000 17.0000 -0.5000
v 17.5000 17.0000 0.5000
v 17.5000 0.0000 -1.5000
v 17.5000 18.0000 -0.5000
v 17.5000 18.0000 -1.5000
v 17.5000 0.0000 -2.5000
v 17.5000 19.0000 -1.5000
v 17.5000 19.0000 -2.5000
v 17.5000 0.0000 -3.5000
v 17.5000 19.0000 -3.5000
v 17.5000 20.0000 -3.5000
v 17.5000 20.0000 -2.5000
v 17.5000 0.0000 -4.5000
v 17.5000 20.0000 -4.5000
v 17.5000 21.0000 -4.5000
v 17.5000 21.0000 -3.5000
v 17.5000 0.0000 -5.5000
v 17.5000 21.0000 -5.5000
v 17.5000 0.0000 -6.5000
v 17.5000 21.0000 -6.5000
v 17.5000 22.0000 -6.5000
v 17.5000 22.0000 -5.5000
v 17.5000 0.0000 -7.5000
v 17.5000 22.0000 -7.5000
v 17.5000 0.0000 -8.5000
v 17.5000 22.0000 -8.5000
v 17.5000 0.0000 -9.5000
v 17.5000 21.0000 -8.5000
v 17.5000 21.0000 -9.5000
v 17.5000 22.0000 -9.5000
v 17.5000 0.0000 -10.5000
v 17.5000 21.0000 -10.5000
v 17.5000 0.0000 -11.5000
v 17.5000 20.0000 -10.5000
v 17.5000 20.0000 -11.5000
v 17.5000 21.0000 -11.5000
v 17.5000 0.0000 -12.5000
v 17.5000 20.0000 -12.5000
v 17.5000 19.0000 -12.5000
v 17.5000 0.0000 -13.5000
v 17.5000 19.0000 -13.5000
v 17.5000 18.0000 -13.5000
v 17.5000 0.0000 -14.5000
v 17.5000 18.0000 -14.5000
v 17.5000 17.0000 -14.5000
v 17.5000 0.0000 -15.5000
v 17.5000 16.0000 -14.5000
v 17.5000 16.0000 -15.5000
v 17.5000 17.0000 -15.5000
v 17.5000 0.0000 -16.5000
v 17.5000 15.0000 -16.5000
v 17.5000 14.0000 -16.5000
v 17.5000 15.0000 -15.5000
v 17.5000 16.0000 -16.5000
v 17.5000 0.0000 -17.5000
v 17.5000 14.0000 -17.5000
v 17.5000 13.0000 -17.5000
v 17.5000 0.0000 -18.5000
v 17.5000 13.0000 -18.5000
v 17.5000 12.0000 -18.5000
v 17.5000 0.0000 -19.5000
v 17.5000 11.0000 -19.5000
v 17.5000 10.0000 -19.5000
v 17.5000 11.0000 -18.5000
v 17.5000 12.0000 -19.5000
v 17.5000 0.0000 -20.5000
v 17.5000 10.0000 -20.5000
v 17.5000 9.0000 -20.5000
v 17.5000 0.0000 -21.5000
v 17.5000 9.0000 -21.5000
v 17.5000 8.0000 -21.5000
v 17.5000 0.0000 -22.5000
v 17.5000 8.0000 -22.5000
v 17.5000 7.0000 -22.5000
v 17.5000 0.0000 -23.5000
v 17.5000 6.0000 -22.5000
v 17.5000 6.0000 -23.5000
v 17.5000 7.0000 -23.5000
v 17.5000 0.0000 -24.5000
v 17.5000 5.0000 -23.5000
v 17.5000 5.0000 -24.5000
v 17.5000 6.0000 -24.5000
v 17.5000 0.0000 -25.5000
v 17.5000 5.0000 -25.5000
v 17.5000 4.0000 -25.5000
v 17.5000 0.0000 -26.5000
v 17.5000 4.0000 -26.5000
v 17.5000 3.0000 -26.5000
v 17.5000 0.0000 -27.5000
v 17.5000 3.0000 -27.5000
v 17.5000 2.0000 -27.5000
v 17.5000 0.0000 -28.5000
v 17.5000 2.0000 -28.5000
v 17.5000 0.0000 -29.5000
v 17.5000 2.0000 -29.5000
v 17.5000 1.0000 -29.5000
v 17.5000 1.0000 -30.5000
v 17.5000 0.0000 -30.5000
v 18.5000 0.0000 22.5000
v 18.5000 0.0000 21.5000
v 18.5000 1.0000 21.5000
v 18.5000 1.0000 22.5000
v 18.5000 1.0000 20.5000
v 18.5000 0.0000 20.5000
v 18.5000 1.0000 19.5000
v 18.5000 0.0000 19.5000
v 18.5000 1.0000 18.5000
v 18.5000 0.0000 18.5000
v 18.5000 1.0000 17.5000
v 18.5000 0.0000 17.5000
v 18.5000 0.0000 16.5000
v 18.5000 2.0000 17.5000
v 18.5000 2.0000 16.5000
v 18.5000 0.0000 15.5000
v 18.5000 2.0000 15.5000
v 18.5000 0.0000 14.5000
v 18.5000 2.0000 14.5000
v 18.5000 0.0000 13.5000
v 18.5000 3.0000 14.5000
v 18.5000 3.0000 13.5000
v 18.5000 0.0000 12.5000
v 18.5000 3.0000 12.5000
v 18.5000 0.0000 11.5000
v 18.5000 4.0000 12.5000
v 18.5000 4.0000 11.5000
v 18.5000 0.0000 10.5000
v 18.5000 4.0000 10.5000
v 18.5000 5.0000 10.5000
v 18.5000 5.0000 11.5000
v 18.5000 0.0000 9.5000
v 18.5000 5.0000 9.5000
v 18.5000 0.0000 8.5000
v 18.5000 6.0000 9.5000
v 18.5000 6.0000 8.5000
v 18.5000 0.0000 7.5000
v 18.5000 7.0000 8.5000
v 18.5000 7.0000 7.5000
v 18.5000 0.0000 6.5000
v 18.5000 8.0000 7.5000
v 18.5000 8.0000 6.5000
v 18.5000 0.0000 5.5000
v 18.5000 9.0000 6.5000
v 18.5000 9.0000 5.5000
v 18.5000 0.0000 4.5000
v 18.5000 10.0000 5.5000
v 18.5000 10.0000 4.5000
v 18.5000 0.0000 3.5000
v 18.5000 11.0000 4.5000
v 18.5000 11.0000 3.5000
v 18.5000 12.0000 3.5000
v 18.5000 12.0000 4.5000
v 18.5000 0.0000 2.5000
v 18.5000 12.0000 2.5000
v 18.5000 13.0000 2.5000
v 18.5000 13.0000 3.5000
v 18.5000 0.0000 1.5000
v 18.5000 13.0000 1.5000
v 18.5000 14.0000 1.5000
v 18.5000 14.0000 2.5000
v 18.5000 0.0000 0.5000
v 18.5000 15.0000 1.5000
v 18.5000 15.0000 0.5000
v 18.5000 0.0000 -0.5000
v 18.5000 16.0000 0.5000
v 18.5000 16.0000 -0.5000
v 18.5000 0.0000 -1.5000
v 18.5000 17.0000 -0.5000
v 18.5000 17.0000 -1.5000
v 18.5000 18.0000 -1.5000
v 18.5000 18.0000 -0.5000
v 18.5000 0.0000 -2.5000
v 18.5000 18.0000 -2.5000
v 18.5000 19.0000 -2.5000
v 18.5000 19.0000 -1.5000
v 18.5000 0.0000 -3.5000
v 18.5000 19.0000 -3.5000
v 18.5000 0.0000 -4.5000
v 18.5000 20.0000 -3.5000
v 18.5000 20.0000 -4.5000
v 18.5000 0.0000 -5.5000
v 18.5000 20.0000 -5.5000
v 18.5000 21.0000 -5.5000
v 18.5000 21.0000 -4.5000
v 18.5000 0.0000 -6.5000
v 18.5000 21.0000 -6.5000
v 18.5000 0.0000 -7.5000
v 18.5000 21.0000 -7.5000
v 18.5000 22.0000 -7.5000
v 18.5000 22.0000 -6.5000
v 18.5000 0.0000 -8.5000
v 18.5000 21.0000 -8.5000
v 18.5000 22.0000 -8.5000
v 18.5000 0.0000 -9.5000
v 18.5000 21.0000 -9.5000
v 18.5000 0.0000 -10.5000
v 18.5000 20.0000 -9.5000
v 18.5000 20.0000 -10.5000
v 18.5000 21.0000 -10.5000
v 18.5000 0.0000 -11.5000
v 18.5000 20.0000 -11.5000
v 18.5000 0.0000 -12.5000
v 18.5000 19.0000 -11.5000
v 18.5000 19.0000 -12.5000
v 18.5000 20.0000 -12.5000
v 18.5000 0.0000 -13.5000
v 18.5000 18.0000 -12.5000
v 18.5000 18.0000 -13.5000
v 18.5000 19.0000 -13.5000
v 18.5000 0.0000 -14.5000
v 18.5000 17.0000 -14.5000
v 18.5000 16.0000 -14.5000
v 18.5000 17.0000 -13.5000
v 18.5000 18.0000 -14.5000
v 18.5000 0.0000 -15.5000
v 18.5000 16.0000 -15.5000
v 18.5000 15.0000 -15.5000
v 18.5000 0.0000 -16.5000
v 18.5000 15.0000 -16.5000
v 18.5000 14.0000 -16.5000
v 18.5000 0.0000 -17.5000
v 18.5000 14.0000 -17.5000
v 18.5000 13.0000 -17.5000
v 18.5000 0.0000 -18.5000
v 18.5000 12.0000 -18.5000
v 18.5000 11.0000 -18.5000
v 18.5000 12.0000 -17.5000
v 18.5000 13.0000 -18.5000
v 18.5000 0.0000 -19.5000
v 18.5000 11.0000 -19.5000
v 18.5000 10.0000 -19.5000
v 18.5000 0.0000 -20.5000
v 18.5000 10.0000 -20.5000
v 18.5000 9.0000 -20.5000
v 18.5000 0.0000 -21.5000
v 18.5000 9.0000 -21.5000
v 18.5000 8.0000 -21.5000
v 18.5000 0.0000 -22.5000
v 18.5000 7.0000 -22.5000
v 18.5000 6.0000 -22.5000
v 18.5000 7.0000 -21.5000
v 18.5000 8.0000 -22.5000
v 18.5000 0.0000 -23.5000
v 18.5000 6.0000 -23.5000
v 18.5000 5.0000 -23.5000
v 18.5000 0.0000 -24.5000
v 18.5000 5.0000 -24.5000
v 18.5000 0.0000 -25.5000
v 18.5000 4.0000 -24.5000
v 18.5000 4.0000 -25.5000
v 18.5000 5.0000 -25.5000
v 18.5000 0.0000 -26.5000
v 18.5000 4.0000 -26.5000
v 18.5000 3.0000 -26.5000
v 18.5000 0.0000 -27.5000
v 18.5000 3.0000 -27.5000
v 18.5000 2.0000 -27.5000
v 18.5000 0.0000 -28.5000
v 18.5000 2.0000 -28.5000
v 18.5000 0.0000 -29.5000
v 18.5000 2.0000 -29.5000
v 18.5000 1.0000 -29.5000
v 18.5000 1.0000 -30.5000
v 18.5000 0.0000 -30.5000
v 19.5000 0.0000 21.5000
v 19.5000 0.0000 20.5000
v 19.5000 1.0000 20.5000
v 19.5000 1.0000 21.5000
v 19.5000 1.0000 19.5000
v 19.5000 0.0000 19.5000
v 19.5000 1.0000 18.5000
v 19.5000 0.0000 18.5000
v 19.5000 1.0000 17.5000
v 19.5000 0.0000 17.5000
v 19.5000 0.0000 16.5000
v 19.5000 1.0000 16.5000
v 19.5000 2.0000 16.5000
v 19.5000 2.0000 17.5000
v 19.5000 0.0000 15.5000
v 19.5000 2.0000 15.5000
v 19.5000 0.0000 14.5000
v 19.5000 2.0000 14.5000
v 19.5000 0.0000 13.5000
v 19.5000 2.0000 13.5000
v 19.5000 3.0000 13.5000
v 19.5000 3.0000 14.5000
v 19.5000 0.0000 12.5000
v 19.5000 3.0000 12.5000
v 19.5000 0.0000 11.5000
v 19.5000 3.0000 11.5000
v 19.5000 4.0000 11.5000
v 19.5000 4.0000 12.5000
v 19.5000 0.0000 10.5000
v 19.5000 4.0000 10.5000
v 19.5000 0.0000 9.5000
v 19.5000 5.0000 10.5000
v 19.5000 5.0000 9.5000
v 19.5000 0.0000 8.5000
v 19.5000 5.0000 8.5000
v 19.5000 6.0000 8.5000
v 19.5000 6.0000 9.5000
v 19.5000 0.0000 7.5000
v 19.5000 6.0000 7.5000
v 19.5000 7.0000 7.5000
v 19.5000 7.0000 8.5000
v 19.5000 0.0000 6.5000
v 19.5000 7.0000 6.5000
v 19.5000 8.0000 6.5000
v 19.5000 8.0000 7.5000
v 19.5000 0.0000 5.5000
v 19.5000 8.0000 5.5000
v 19.5000 9.0000 5.5000
v 19.5000 9.0000 6.5000
v 19.5000 0.0000 4.5000
v 19.5000 9.0000 4.5000
v 19.5000 10.0000 4.5000
v 19.5000 10.0000 5.5000
v 19.5000 0.0000 3.5000
v 19.5000 10.0000 3.5000
v 19.5000 11.0000 3.5000
v 19.5000 11.0000 4.5000
v 19.5000 0.0000 2.5000
v 19.5000 12.0000 3.5000
v 19.5000 12.0000 2.5000
v 19.5000 0.0000 1.5000
v 19.5000 13.0000 2.5000
v 19.5000 13.0000 1.5000
v 19.5000 0.0000 0.5000
v 19.5000 14.0000 1.5000
v 19.5000 14.0000 0.5000
v 19.5000 15.0000 0.5000
v 19.5000 15.0000 1.5000
v 19.5000 0.0000 -0.5000
v 19.5000 15.0000 -0.5000
v 19.5000 16.0000 -0.5000
v 19.5000 16.0000 0.5000
v 19.5000 0.0000 -1.5000
v 19.5000 16.0000 -1.5000
v 19.5000 17.0000 -1.5000
v 19.5000 17.0000 -0.5000
v 19.5000 0.0000 -2.5000
v 19.5000 17.0000 -2.5000
v 19.5000 18.0000 -2.5000
v 19.5000 18.0000 -1.5000
v 19.5000 0.0000 -3.5000
v 19.5000 18.0000 -3.5000
v 19.5000 19.0000 -3.5000
v 19.5000 19.0000 -2.5000
v 19.5000 0.0000 -4.5000
v 19.5000 19.0000 -4.5000
v 19.5000 20.0000 -4.5000
v 19.5000 20.0000 -3.5000
v 19.5000 0.0000 -5.5000
v 19.5000 19.0000 -5.5000
v 19.5000 20.0000 -5.5000
v 19.5000 0.0000 -6.5000
v 19.5000 20.0000 -6.5000
v 19.5000 21.0000 -6.5000
v 19.5000 21.0000 -5.5000
v 19.5000 0.0000 -7.5000
v 19.5000 20.0000 -7.5000
v 19.5000 21.0000 -7.5000
v 19.5000 0.0000 -8.5000
v 19.5000 20.0000 -8.5000
v 19.5000 21.0000 -8.5000
v 19.5000 0.0000 -9.5000
v 19.5000 20.0000 -9.5000
v 19.5000 21.0000 -9.5000
v 19.5000 0.0000 -10.5000
v 19.5000 20.0000 -10.5000
v 19.5000 0.0000 -11.5000
v 19.5000 19.0000 -10.5000
v 19.5000 19.0000 -11.5000
v 19.5000 20.0000 -11.5000
v 19.5000 0.0000 -12.5000
v 19.5000 18.0000 -11.5000
v 19.5000 18.0000 -12.5000
v 19.5000 19.0000 -12.5000
v 19.5000 0.0000 -13.5000
v 19.5000 18.0000 -13.5000
v 19.5000 17.0000 -13.5000
v 19.5000 0.0000 -14.5000
v 19.5000 17.0000 -14.5000
v 19.5000 16.0000 -14.5000
v 19.5000 0.0000 -15.5000
v 19.5000 15.0000 -14.5000
v 19.5000 15.0000 -15.5000
v 19.5000 16.0000 -15.5000
v 19.5000 0.0000 -16.5000
v 19.5000 14.0000 -15.5000
v 19.5000 14.0000 -16.5000
v 19.5000 15.0000 -16.5000
v 19.5000 0.0000 -17.5000
v 19.5000 13.0000 -17.5000
v 19.5000 12.0000 -17.5000
v 19.5000 13.0000 -16.5000
v 19.5000 14.0000 -17.5000
v 19.5000 0.0000 -18.5000
v 19.5000 12.0000 -18.5000
v 19.5000 11.0000 -18.5000
v 19.5000 0.0000 -19.5000
v 19.5000 11.0000 -19.5000
v 19.5000 10.0000 -19.5000
v 19.5000 0.0000 -20.5000
v 19.5000 9.0000 -19.5000
v 19.5000 9.0000 -20.5000
v 19.5000 10.0000 -20.5000
v 19.5000 0.0000 -21.5000
v 19.5000 8.0000 -21.5000
v 19.5000 7.0000 -21.5000
v 19.5000 8.0000 -20.5000
v 19.5000 9.0000 -21.5000
v 19.5000 0.0000 -22.5000
v 19.5000 7.0000 -22.5000
v 19.5000 6.0000 -22.5000
v 19.5000 0.0000 -23.5000
v 19.5000 6.0000 -23.5000
v 19.5000 5.0000 -23.5000
v 19.5000 0.0000 -24.5000
v 19.5000 5.0000 -24.5000
v 19.5000 4.0000 -24.5000
v 19.5000 0.0000 -25.5000
v 19.5000 4.0000 -25.5000
v 19.5000 0.0000 -26.5000
v 19.5000 4.0000 -26.5000
v 19.5000 3.0000 -26.5000
v 19.5000 0.0000 -27.5000
v 19.5000 3.0000 -27.5000
v 19.5000 2.0000 -27.5000
v 19.5000 0.0000 -28.5000
v 19.5000 2.0000 -28.5000
v 19.5000 0.0000 -29.5000
v 19.5000 2.0000 -29.5000
v 19.5000 1.0000 -29.5000
v 19.5000 1.0000 -30.5000
v 19.5000 0.0000 -30.5000
v 20.5000 0.0000 20.5000
v 20.5000 1.0000 20.5000
v 20.5000 1.0000 19.5000
v 20.5000 0.0000 19.5000
v 20.5000 1.0000 18.5000
v 20.5000 0.0000 18.5000
v 20.5000 1.0000 17.5000
v 20.5000 0.0000 17.5000
v 20.5000 1.0000 16.5000
v 20.5000 0.0000 16.5000
v 20.5000 0.0000 15.5000
v 20.5000 1.0000 15.5000
v 20.5000 2.0000 15.5000
v 20.5000 2.0000 16.5000
v 20.5000 0.0000 14.5000
v 20.5000 2.0000 14.5000
v 20.5000 0.0000 13.5000
v 20.5000 2.0000 13.5000
v 20.5000 0.0000 12.5000
v 20.5000 3.0000 13.5000
v 20.5000 3.0000 12.5000
v 20.5000 0.0000 11.5000
v 20.5000 3.0000 11.5000
v 20.5000 0.0000 10.5000
v 20.5000 4.0000 11.5000
v 20.5000 4.0000 10.5000
v 20.5000 0.0000 9.5000
v 20.5000 4.0000 9.5000
v 20.5000 5.0000 9.5000
v 20.5000 5.0000 10.5000
v 20.5000 0.0000 8.5000
v 20.5000 5.0000 8.5000
v 20.5000 0.0000 7.5000
v 20.5000 6.0000 8.5000
v 20.5000 6.0000 7.5000
v 20.5000 0.0000 6.5000
v 20.5000 7.0000 7.5000
v 20.5000 7.0000 6.5000
v 20.5000 0.0000 5.5000
v 20.5000 8.0000 6.5000
v 20.5000 8.0000 5.5000
v 20.5000 0.0000 4.5000
v 20.5000 9.0000 5.5000
v 20.5000 9.0000 4.5000
v 20.5000 0.0000 3.5000
v 20.5000 10.0000 4.5000
v 20.5000 10.0000 3.5000
v 20.5000 0.0000 2.5000
v 20.5000 11.0000 3.5000
v 20.5000 11.0000 2.5000
v 20.5000 12.0000 2.5000
v 20.5000 12.0000 3.5000
v 20.5000 0.0000 1.5000
v 20.5000 12.0000 1.5000
v 20.5000 13.0000 1.5000
v 20.5000 13.0000 2.5000
v 20.5000 0.0000 0.5000
v 20.5000 13.0000 0.5000
v 20.5000 14.0000 0.5000
v 20.5000 14.0000 1.5000
v 20.5000 0.0000 -0.5000
v 20.5000 14.0000 -0.5000
v 20.5000 15.0000 -0.5000
v 20.5000 15.0000 0.5000
v 20.5000 0.0000 -1.5000
v 20.5000 15.0000 -1.5000
v 20.5000 16.0000 -1.5000
v 20.5000 16.0000 -0.5000
v 20.5000 0.0000 -2.5000
v 20.5000 16.0000 -2.5000
v 20.5000 17.0000 -2.5000
v 20.5000 17.0000 -1.5000
v 20.5000 0.0000 -3.5000
v 20.5000 17.0000 -3.5000
v 20.5000 18.0000 -3.5000
v 20.5000 18.0000 -2.5000
v 20.5000 0.0000 -4.5000
v 20.5000 18.0000 -4.5000
v 20.5000 19.0000 -4.5000
v 20.5000 19.0000 -3.5000
v 20.5000 0.0000 -5.5000
v 20.5000 19.0000 -5.5000
v 20.5000 0.0000 -6.5000
v 20.5000 19.0000 -6.5000
v 20.5000 20.0000 -6.5000
v 20.5000 20.0000 -5.5000
v 20.5000 0.0000 -7.5000
v 20.5000 19.0000 -7.5000
v 20.5000 20.0000 -7.5000
v 20.5000 0.0000 -8.5000
v 20.5000 19.0000 -8.5000
v 20.5000 20.0000 -8.5000
v 20.5000 0.0000 -9.5000
v 20.5000 19.0000 -9.5000
v 20.5000 20.0000 -9.5000
v 20.5000 0.0000 -10.5000
v 20.5000 19.0000 -10.5000
v 20.5000 20.0000 -10.5000
v 20.5000 0.0000 -11.5000
v 20.5000 18.0000 -10.5000
v 20.5000 18.0000 -11.5000
v 20.5000 19.0000 -11.5000
v 20.5000 0.0000 -12.5000
v 20.5000 18.0000 -12.5000
v 20.5000 0.0000 -13.5000
v 20.5000 17.0000 -12.5000
v 20.5000 17.0000 -13.5000
v 20.5000 18.0000 -13.5000
v 20.5000 0.0000 -14.5000
v 20.5000 16.0000 -14.5000
v 20.5000 15.0000 -14.5000
v 20.5000 16.0000 -13.5000
v 20.5000 17.0000 -14.5000
v 20.5000 0.0000 -15.5000
v 20.5000 15.0000 -15.5000
v 20.5000 14.0000 -15.5000
v 20.5000 0.0000 -16.5000
v 20.5000 14.0000 -16.5000
v 20.5000 13.0000 -16.5000
v 20.5000 0.0000 -17.5000
v 20.5000 13.0000 -17.5000
v 20.5000 12.0000 -17.5000
v 20.5000 0.0000 -18.5000
v 20.5000 11.0000 -17.5000
v 20.5000 11.0000 -18.5000
v 20.5000 12.0000 -18.5000
v 20.5000 0.0000 -19.5000
v 20.5000 10.0000 -19.5000
v 20.5000 9.0000 -19.5000
v 20.5000 10.0000 -18.5000
v 20.5000 11.0000 -19.5000
v 20.5000 0.0000 -20.5000
v 20.5000 9.0000 -20.5000
v 20.5000 8.0000 -20.5000
v 20.5000 0.0000 -21.5000
v 20.5000 8.0000 -21.5000
v 20.5000 7.0000 -21.5000
v 20.5000 0.0000 -22.5000
v 20.5000 7.0000 -22.5000
v 20.5000 6.0000 -22.5000
v 20.5000 0.0000 -23.5000
v 20.5000 6.0000 -23.5000
v 20.5000 5.0000 -23.5000
v 20.5000 0.0000 -24.5000
v 20.5000 5.0000 -24.5000
v 20.5000 4.0000 -24.5000
v 20.5000 0.0000 -25.5000
v 20.5000 4.0000 -25.5000
v 20.5000 0.0000 -26.5000
v 20.5000 3.0000 -25.5000
v 20.5000 3.0000 -26.5000
v 20.5000 4.0000 -26.5000
v 20.5000 0.0000 -27.5000
v 20.5000 3.0000 -27.5000
v 20.5000 2.0000 -27.5000
v 20.5000 0.0000 -28.5000
v 20.5000 2.0000 -28.5000
v 20.5000 0.0000 -29.5000
v 20.5000 2.0000 -29.5000
v 20.5000 1.0000 -29.5000
v 20.5000 1.0000 -30.5000
v 20.5000 0.0000 -30.5000
v 21.5000 0.0000 20.5000
v 21.5000 0.0000 19.5000
v 21.5000 1.0000 19.5000
v 21.5000 1.0000 20.5000
v 21.5000 1.0000 18.5000
v 21.5000 0.0000 18.5000
v 21.5000 1.0000 17.5000
v 21.5000 0.0000 17.5000
v 21.5000 1.0000 16.5000
v 21.5000 0.0000 16.5000
v 21.5000 1.0000 15.5000
v 21.5000 0.0000 15.5000
v 21.5000 0.0000 14.5000
v 21.5000 2.0000 15.5000
v 21.5000 2.0000 14.5000
v 21.5000 0.0000 13.5000
v 21.5000 2.0000 13.5000
v 21.5000 0.0000 12.5000
v 21.5000 2.0000 12.5000
v 21.5000 3.0000 12.5000
v 21.5000 3.0000 13.5000
v 21.5000 0.0000 11.5000
v 21.5000 3.0000 11.5000
v 21.5000 0.0000 10.5000
v 21.5000 3.0000 10.5000
v 21.5000 4.0000 10.5000
v 21.5000 4.0000 11.5000
v 21.5000 0.0000 9.5000
v 21.5000 4.0000 9.5000
v 21.5000 0.0000 8.5000
v 21.5000 5.0000 9.5000
v 21.5000 5.0000 8.5000
v 21.5000 0.0000 7.5000
v 21.5000 6.0000 8.5000
v 21.5000 6.0000 7.5000
v 21.5000 0.0000 6.5000
v 21.5000 6.0000 6.5000
v 21.5000 7.0000 6.5000
v 21.5000 7.0000 7.5000
v 21.5000 0.0000 5.5000
v 21.5000 7.0000 5.5000
v 21.5000 8.0000 5.5000
v 21.5000 8.0000 6.5000
v 21.5000 0.0000 4.5000
v 21.5000 8.0000 4.5000
v 21.5000 9.0000 4.5000
v 21.5000 9.0000 5.5000
v 21.5000 0.0000 3.5000
v 21.5000 9.0000 3.5000
v 21.5000 10.0000 3.5000
v 21.5000 10.0000 4.5000
v 21.5000 0.0000 2.5000
v 21.5000 10.0000 2.5000
v 21.5000 11.0000 2.5000
v 21.5000 11.0000 3.5000
v 21.5000 0.0000 1.5000
v 21.5000 12.0000 2.5000
v 21.5000 12.0000 1.5000
v 21.5000 0.0000 0.5000
v 21.5000 13.0000 1.5000
v 21.5000 13.0000 0.5000
v 21.5000 0.0000 -0.5000
v 21.5000 14.0000 0.5000
v 21.5000 14.0000 -0.5000
v 21.5000 0.0000 -1.5000
v 21.5000 15.0000 -0.5000
v 21.5000 15.0000 -1.5000
v 21.5000 0.0000 -2.5000
v 21.5000 16.0000 -1.5000
v 21.5000 16.0000 -2.5000
v 21.5000 0.0000 -3.5000
v 21.5000 16.0000 -3.5000
v 21.5000 17.0000 -3.5000
v 21.5000 17.0000 -2.5000
v 21.5000 0.0000 -4.5000
v 21.5000 17.0000 -4.5000
v 21.5000 18.0000 -4.5000
v 21.5000 18.0000 -3.5000
v 21.5000 0.0000 -5.5000
v 21.5000 18.0000 -5.5000
v 21.5000 19.0000 -5.5000
v 21.5000 19.0000 -4.5000
v 21.5000 0.0000 -6.5000
v 21.5000 18.0000 -6.5000
v 21.5000 19.0000 -6.5000
v 21.5000 0.0000 -7.5000
v 21.5000 18.0000 -7.5000
v 21.5000 19.0000 -7.5000
v 21.5000 0.0000 -8.5000
v 21.5000 18.0000 -8.5000
v 21.5000 19.0000 -8.5000
v 21.5000 0.0000 -9.5000
v 21.5000 18.0000 -9.5000
v 21.5000 19.0000 -9.5000
v 21.5000 0.0000 -10.5000
v 21.5000 18.0000 -10.5000
v 21.5000 19.0000 -10.5000
v 21.5000 0.0000 -11.5000
v 21.5000 17.0000 -10.5000
v 21.5000 17.0000 -11.5000
v 21.5000 18.0000 -11.5000
v 21.5000 0.0000 -12.5000
v 21.5000 17.0000 -12.5000
v 21.5000 18.0000 -12.5000
v 21.5000 0.0000 -13.5000
v 21.5000 16.0000 -12.5000
v 21.5000 16.0000 -13.5000
v 21.5000 17.0000 -13.5000
v 21.5000 0.0000 -14.5000
v 21.5000 15.0000 -13.5000
v 21.5000 15.0000 -14.5000
v 21.5000 16.0000 -14.5000
v 21.5000 0.0000 -15.5000
v 21.5000 14.0000 -14.5000
v 21.5000 14.0000 -15.5000
v 21.5000 15.0000 -15.5000
v 21.5000 0.0000 -16.5000
v 21.5000 13.0000 -15.5000
v 21.5000 13.0000 -16.5000
v 21.5000 14.0000 -16.5000
v 21.5000 0.0000 -17.5000
v 21.5000 12.0000 -17.5000
v 21.5000 11.0000 -17.5000
v 21.5000 12.0000 -16.5000
v 21.5000 13.0000 -17.5000
v 21.5000 0.0000 -18.5000
v 21.5000 11.0000 -18.5000
v 21.5000 10.0000 -18.5000
v 21.5000 0.0000 -19.5000
v 21.5000 10.0000 -19.5000
v 21.5000 9.0000 -19.5000
v 21.5000 0.0000 -20.5000
v 21.5000 9.0000 -20.5000
v 21.5000 8.0000 -20.5000
v 21.5000 0.0000 -21.5000
v 21.5000 8.0000 -21.5000
v 21.5000 7.0000 -21.5000
v 21.5000 0.0000 -22.5000
v 21.5000 7.0000 -22.5000
v 21.5000 6.0000 -22.5000
v 21.5000 0.0000 -23.5000
v 21.5000 6.0000 -23.5000
v 21.5000 5.0000 -23.5000
v 21.5000 0.0000 -24.5000
v 21.5000 5.0000 -24.5000
v 21.5000 4.0000 -24.5000
v 21.5000 0.0000 -25.5000
v 21.5000 4.0000 -25.5000
v 21.5000 3.0000 -25.5000
v 21.5000 0.0000 -26.5000
v 21.5000 3.0000 -26.5000
v 21.5000 0.0000 -27.5000
v 21.5000 3.0000 -27.5000
v 21.5000 2.0000 -27.5000
v 21.5000 0.0000 -28.5000
v 21.5000 2.0000 -28.5000
v 21.5000 0.0000 -29.5000
v 21.5000 2.0000 -29.5000
v 21.5000 1.0000 -29.5000
v 21.5000 1.0000 -30.5000
v 21.5000 0.0000 -30.5000
v 22.5000 0.0000 19.5000
v 22.5000 0.0000 18.5000
v 22.5000 1.0000 18.5000
v 22.5000 1.0000 19.5000
v 22.5000 1.0000 17.5000
v 22.5000 0.0000 17.5000
v 22.5000 1.0000 16.5000
v 22.5000 0.0000 16.5000
v 22.5000 1.0000 15.5000
v 22.5000 0.0000 15.5000
v 22.5000 0.0000 14.5000
v 22.5000 1.0000 14.5000
v 22.5000 2.0000 14.5000
v 22.5000 2.0000 15.5000
v 22.5000 0.0000 13.5000
v 22.5000 2.0000 13.5000
v 22.5000 0.0000 12.5000
v 22.5000 2.0000 12.5000
v 22.5000 0.0000 11.5000
v 22.5000 3.0000 12.5000
v 22.5000 3.0000 11.5000
v 22.5000 0.0000 10.5000
v 22.5000 3.0000 10.5000
v 22.5000 0.0000 9.5000
v 22.5000 4.0000 10.5000
v 22.5000 4.0000 9.5000
v 22.5000 0.0000 8.5000
v 22.5000 4.0000 8.5000
v 22.5000 5.0000 8.5000
v 22.5000 5.0000 9.5000
v 22.5000 0.0000 7.5000
v 22.5000 5.0000 7.5000
v 22.5000 6.0000 7.5000
v 22.5000 6.0000 8.5000
v 22.5000 0.0000 6.5000
v 22.5000 6.0000 6.5000
v 22.5000 0.0000 5.5000
v 22.5000 7.0000 6.5000
v 22.5000 7.0000 5.5000
v 22.5000 0.0000 4.5000
v 22.5000 8.0000 5.5000
v 22.5000 8.0000 4.5000
v 22.5000 0.0000 3.5000
v 22.5000 9.0000 4.5000
v 22.5000 9.0000 3.5000
v 22.5000 0.0000 2.5000
v 22.5000 10.0000 3.5000
v 22.5000 10.0000 2.5000
v 22.5000 0.0000 1.5000
v 22.5000 11.0000 2.5000
v 22.5000 11.0000 1.5000
v 22.5000 12.0000 1.5000
v 22.5000 12.0000 2.5000
v 22.5000 0.0000 0.5000
v 22.5000 12.0000 0.5000
v 22.5000 13.0000 0.5000
v 22.5000 13.0000 1.5000
v 22.5000 0.0000 -0.5000
v 22.5000 13.0000 -0.5000
v 22.5000 14.0000 -0.5000
v 22.5000 14.0000 0.5000
v 22.5000 0.0000 -1.5000
v 22.5000 14.0000 -1.5000
v 22.5000 15.0000 -1.5000
v 22.5000 15.0000 -0.5000
v 22.5000 0.0000 -2.5000
v 22.5000 15.0000 -2.5000
v 22.5000 16.0000 -2.5000
v 22.5000 16.0000 -1.5000
v 22.5000 0.0000 -3.5000
v 22.5000 16.0000 -3.5000
v 22.5000 0.0000 -4.5000
v 22.5000 16.0000 -4.5000
v 22.5000 17.0000 -4.5000
v 22.5000 17.0000 -3.5000
v 22.5000 0.0000 -5.5000
v 22.5000 17.0000 -5.5000
v 22.5000 18.0000 -5.5000
v 22.5000 18.0000 -4.5000
v 22.5000 0.0000 -6.5000
v 22.5000 17.0000 -6.5000
v 22.5000 18.0000 -6.5000
v 22.5000 0.0000 -7.5000
v 22.5000 17.0000 -7.5000
v 22.5000 18.0000 -7.5000
v 22.5000 0.0000 -8.5000
v 22.5000 17.0000 -8.5000
v 22.5000 18.0000 -8.5000
v 22.5000 0.0000 -9.5000
v 22.5000 17.0000 -9.5000
v 22.5000 18.0000 -9.5000
v 22.5000 0.0000 -10.5000
v 22.5000 17.0000 -10.5000
v 22.5000 18.0000 -10.5000
v 22.5000 0.0000 -11.5000
v 22.5000 17.0000 -11.5000
v 22.5000 0.0000 -12.5000
v 22.5000 16.0000 -11.5000
v 22.5000 16.0000 -12.5000
v 22.5000 17.0000 -12.5000
v 22.5000 0.0000 -13.5000
v 22.5000 15.0000 -12.5000
v 22.5000 15.0000 -13.5000
v 22.5000 16.0000 -13.5000
v 22.5000 0.0000 -14.5000
v 22.5000 14.0000 -13.5000
v 22.5000 14.0000 -14.5000
v 22.5000 15.0000 -14.5000
v 22.5000 0.0000 -15.5000
v 22.5000 13.0000 -14.5000
v 22.5000 13.0000 -15.5000
v 22.5000 14.0000 -15.5000
v 22.5000 0.0000 -16.5000
v 22.5000 12.0000 -15.5000
v 22.5000 12.0000 -16.5000
v 22.5000 13.0000 -16.5000
v 22.5000 0.0000 -17.5000
v 22.5000 11.0000 -16.5000
v 22.5000 11.0000 -17.5000
v 22.5000 12.0000 -17.5000
v 22.5000 0.0000 -18.5000
v 22.5000 10.0000 -17.5000
v 22.5000 10.0000 -18.5000
v 22.5000 11.0000 -18.5000
v 22.5000 0.0000 -19.5000
v 22.5000 9.0000 -18.5000
v 22.5000 9.0000 -19.5000
v 22.5000 10.0000 -19.5000
v 22.5000 0.0000 -20.5000
v 22.5000 8.0000 -19.5000
v 22.5000 8.0000 -20.5000
v 22.5000 9.0000 -20.5000
v 22.5000 0.0000 -21.5000
v 22.5000 7.0000 -20.5000
v 22.5000 7.0000 -21.5000
v 22.5000 8.0000 -21.5000
v 22.5000 0.0000 -22.5000
v 22.5000 6.0000 -21.5000
v 22.5000 6.0000 -22.5000
v 22.5000 7.0000 -22.5000
v 22.5000 0.0000 -23.5000
v 22.5000 5.0000 -22.5000
v 22.5000 5.0000 -23.5000
v 22.5000 6.0000 -23.5000
v 22.5000 0.0000 -24.5000
v 22.5000 4.0000 -23.5000
v 22.5000 4.0000 -24.5000
v 22.5000 5.0000 -24.5000
v 22.5000 0.0000 -25.5000
v 22.5000 4.0000 -25.5000
v 22.5000 3.0000 -25.5000
v 22.5000 0.0000 -26.5000
v 22.5000 3.0000 -26.5000
v 22.5000 0.0000 -27.5000
v 22.5000 2.0000 -26.5000
v 22.5000 2.0000 -27.5000
v 22.5000 3.0000 -27.5000
v 22.5000 0.0000 -28.5000
v 22.5000 2.0000 -28.5000
v 22.5000 0.0000 -29.5000
v 22.5000 1.0000 -28.5000
v 22.5000 1.0000 -29.5000
v 22.5000 2.0000 -29.5000
v 22.5000 1.0000 -30.5000
v 22.5000 0.0000 -30.5000
v 23.5000 0.0000 18.5000
v 23.5000 0.0000 17.5000
v 23.5000 1.0000 17.5000
v 23.5000 1.0000 18.5000
v 23.5000 1.0000 16.5000
v 23.5000 0.0000 16.5000
v 23.5000 1.0000 15.5000
v 23.5000 0.0000 15.5000
v 23.5000 1.0000 14.5000
v 23.5000 0.0000 14.5000
v 23.5000 0.0000 13.5000
v 23.5000 1.0000 13.5000
v 23.5000 2.0000 13.5000
v 23.5000 2.0000 14.5000
v 23.5000 0.0000 12.5000
v 23.5000 2.0000 12.5000
v 23.5000 0.0000 11.5000
v 23.5000 2.0000 11.5000
v 23.5000 3.0000 11.5000
v 23.5000 3.0000 12.5000
v 23.5000 0.0000 10.5000
v 23.5000 3.0000 10.5000
v 23.5000 0.0000 9.5000
v 23.5000 3.0000 9.5000
v 23.5000 4.0000 9.5000
v 23.5000 4.0000 10.5000
v 23.5000 0.0000 8.5000
v 23.5000 4.0000 8.5000
v 23.5000 0.0000 7.5000
v 23.5000 5.0000 8.5000
v 23.5000 5.0000 7.5000
v 23.5000 0.0000 6.5000
v 23.5000 5.0000 6.5000
v 23.5000 6.0000 6.5000
v 23.5000 6.0000 7.5000
v 23.5000 0.0000 5.5000
v 23.5000 6.0000 5.5000
v 23.5000 7.0000 5.5000
v 23.5000 7.0000 6.5000
v 23.5000 0.0000 4.5000
v 23.5000 7.0000 4.5000
v 23.5000 8.0000 4.5000
v 23.5000 8.0000 5.5000
v 23.5000 0.0000 3.5000
v 23.5000 8.0000 3.5000
v 23.5000 9.0000 3.5000
v 23.5000 9.0000 4.5000
v 23.5000 0.0000 2.5000
v 23.5000 9.0000 2.5000
v 23.5000 10.0000 2.5000
v 23.5000 10.0000 3.5000
v 23.5000 0.0000 1.5000
v 23.5000 10.0000 1.5000
v 23.5000 11.0000 1.5000
v 23.5000 11.0000 2.5000
v 23.5000 0.0000 0.5000
v 23.5000 11.0000 0.5000
v 23.5000 12.0000 0.5000
v 23.5000 12.0000 1.5000
v 23.5000 0.0000 -0.5000
v 23.5000 12.0000 -0.5000
v 23.5000 13.0000 -0.5000
v 23.5000 13.0000 0.5000
v 23.5000 0.0000 -1.5000
v 23.5000 13.0000 -1.5000
v 23.5000 14.0000 -1.5000
v 23.5000 14.0000 -0.5000
v 23.5000 0.0000 -2.5000
v 23.5000 14.0000 -2.5000
v 23.5000 15.0000 -2.5000
v 23.5000 15.0000 -1.5000
v 23.5000 0.0000 -3.5000
v 23.5000 15.0000 -3.5000
v 23.5000 16.0000 -3.5000
v 23.5000 16.0000 -2.5000
v 23.5000 0.0000 -4.5000
v 23.5000 15.0000 -4.5000
v 23.5000 16.0000 -4.5000
v 23.5000 0.0000 -5.5000
v 23.5000 16.0000 -5.5000
v 23.5000 17.0000 -5.5000
v 23.5000 17.0000 -4.5000
v 23.5000 0.0000 -6.5000
v 23.5000 16.0000 -6.5000
v 23.5000 17.0000 -6.5000
v 23.5000 0.0000 -7.5000
v 23.5000 16.0000 -7.5000
v 23.5000 17.0000 -7.5000
v 23.5000 0.0000 -8.5000
v 23.5000 16.0000 -8.5000
v 23.5000 17.0000 -8.5000
v 23.5000 0.0000 -9.5000
v 23.5000 16.0000 -9.5000
v 23.5000 17.0000 -9.5000
v 23.5000 0.0000 -10.5000
v 23.5000 16.0000 -10.5000
v 23.5000 17.0000 -10.5000
v 23.5000 0.0000 -11.5000
v 23.5000 16.0000 -11.5000
v 23.5000 17.0000 -11.5000
v 23.5000 0.0000 -12.5000
v 23.5000 15.0000 -11.5000
v 23.5000 15.0000 -12.5000
v 23.5000 16.0000 -12.5000
v 23.5000 0.0000 -13.5000
v 23.5000 14.0000 -12.5000
v 23.5000 14.0000 -13.5000
v 23.5000 15.0000 -13.5000
v 23.5000 0.0000 -14.5000
v 23.5000 13.0000 -13.5000
v 23.5000 13.0000 -14.5000
v 23.5000 14.0000 -14.5000
v 23.5000 0.0000 -15.5000
v 23.5000 13.0000 -15.5000
v 23.5000 12.0000 -15.5000
v 23.5000 0.0000 -16.5000
v 23.5000 12.0000 -16.5000
v 23.5000 11.0000 -16.5000
v 23.5000 0.0000 -17.5000
v 23.5000 11.0000 -17.5000
v 23.5000 10.0000 -17.5000
v 23.5000 0.0000 -18.5000
v 23.5000 10.0000 -18.5000
v 23.5000 9.0000 -18.5000
v 23.5000 0.0000 -19.5000
v 23.5000 9.0000 -19.5000
v 23.5000 8.0000 -19.5000
v 23.5000 0.0000 -20.5000
v 23.5000 8.0000 -20.5000
v 23.5000 7.0000 -20.5000
v 23.5000 0.0000 -21.5000
v 23.5000 7.0000 -21.5000
v 23.5000 6.0000 -21.5000
v 23.5000 0.0000 -22.5000
v 23.5000 6.0000 -22.5000
v 23.5000 5.0000 -22.5000
v 23.5000 0.0000 -23.5000
v 23.5000 5.0000 -23.5000
v 23.5000 4.0000 -23.5000
v 23.5000 0.0000 -24.5000
v 23.5000 4.0000 -24.5000
v 23.5000 0.0000 -25.5000
v 23.5000 3.0000 -24.5000
v 23.5000 3.0000 -25.5000
v 23.5000 4.0000 -25.5000
v 23.5000 0.0000 -26.5000
v 23.5000 3.0000 -26.5000
v 23.5000 2.0000 -26.5000
v 23.5000 0.0000 -27.5000
v 23.5000 2.0000 -27.5000
v 23.5000 0.0000 -28.5000
v 23.5000 2.0000 -28.5000
v 23.5000 1.0000 -28.5000
v 23.5000 1.0000 -29.5000
v 23.5000 0.0000 -29.5000
v 23.5000 1.0000 -30.5000
v 23.5000 0.0000 -30.5000
v 24.5000 0.0000 17.5000
v 24.5000 1.0000 17.5000
v 24.5000 1.0000 16.5000
v 24.5000 0.0000 16.5000
v 24.5000 1.0000 15.5000
v 24.5000 0.0000 15.5000
v 24.5000 1.0000 14.5000
v 24.5000 0.0000 14.5000
v 24.5000 1.0000 13.5000
v 24.5000 0.0000 13.5000
v 24.5000 0.0000 12.5000
v 24.5000 2.0000 13.5000
v 24.5000 2.0000 12.5000
v 24.5000 0.0000 11.5000
v 24.5000 2.0000 11.5000
v 24.5000 0.0000 10.5000
v 24.5000 3.0000 11.5000
v 24.5000 3.0000 10.5000
v 24.5000 0.0000 9.5000
v 24.5000 3.0000 9.5000
v 24.5000 0.0000 8.5000
v 24.5000 4.0000 9.5000
v 24.5000 4.0000 8.5000
v 24.5000 0.0000 7.5000
v 24.5000 4.0000 7.5000
v 24.5000 5.0000 7.5000
v 24.5000 5.0000 8.5000
v 24.5000 0.0000 6.5000
v 24.5000 5.0000 6.5000
v 24.5000 0.0000 5.5000
v 24.5000 6.0000 6.5000
v 24.5000 6.0000 5.5000
v 24.5000 0.0000 4.5000
v 24.5000 7.0000 5.5000
v 24.5000 7.0000 4.5000
v 24.5000 0.0000 3.5000
v 24.5000 8.0000 4.5000
v 24.5000 8.0000 3.5000
v 24.5000 0.0000 2.5000
v 24.5000 8.0000 2.5000
v 24.5000 9.0000 2.5000
v 24.5000 9.0000 3.5000
v 24.5000 0.0000 1.5000
v 24.5000 9.0000 1.5000
v 24.5000 10.0000 1.5000
v 24.5000 10.0000 2.5000
v 24.5000 0.0000 0.5000
v 24.5000 10.0000 0.5000
v 24.5000 11.0000 0.5000
v 24.5000 11.0000 1.5000
v 24.5000 0.0000 -0.5000
v 24.5000 11.0000 -0.5000
v 24.5000 12.0000 -0.5000
v 24.5000 12.0000 0.5000
v 24.5000 0.0000 -1.5000
v 24.5000 12.0000 -1.5000
v 24.5000 13.0000 -1.5000
v 24.5000 13.0000 -0.5000
v 24.5000 0.0000 -2.5000
v 24.5000 13.0000 -2.5000
v 24.5000 14.0000 -2.5000
v 24.5000 14.0000 -1.5000
v 24.5000 0.0000 -3.5000
v 24.5000 14.0000 -3.5000
v 24.5000 15.0000 -3.5000
v 24.5000 15.0000 -2.5000
v 24.5000 0.0000 -4.5000
v 24.5000 14.0000 -4.5000
v 24.5000 15.0000 -4.5000
v 24.5000 0.0000 -5.5000
v 24.5000 15.0000 -5.5000
v 24.5000 16.0000 -5.5000
v 24.5000 16.0000 -4.5000
v 24.5000 0.0000 -6.5000
v 24.5000 15.0000 -6.5000
v 24.5000 16.0000 -6.5000
v 24.5000 0.0000 -7.5000
v 24.5000 15.0000 -7.5000
v 24.5000 16.0000 -7.5000
v 24.5000 0.0000 -8.5000
v 24.5000 15.0000 -8.5000
v 24.5000 16.0000 -8.5000
v 24.5000 0.0000 -9.5000
v 24.5000 15.0000 -9.5000
v 24.5000 16.0000 -9.5000
v 24.5000 0.0000 -10.5000
v 24.5000 15.0000 -10.5000
v 24.5000 16.0000 -10.5000
v 24.5000 0.0000 -11.5000
v 24.5000 14.0000 -10.5000
v 24.5000 14.0000 -11.5000
v 24.5000 15.0000 -11.5000
v 24.5000 16.0000 -11.5000
v 24.5000 0.0000 -12.5000
v 24.5000 14.0000 -12.5000
v 24.5000 15.0000 -12.5000
v 24.5000 0.0000 -13.5000
v 24.5000 13.0000 -12.5000
v 24.5000 13.0000 -13.5000
v 24.5000 14.0000 -13.5000
v 24.5000 0.0000 -14.5000
v 24.5000 13.0000 -14.5000
v 24.5000 0.0000 -15.5000
v 24.5000 12.0000 -14.5000
v 24.5000 12.0000 -15.5000
v 24.5000 13.0000 -15.5000
v 24.5000 0.0000 -16.5000
v 24.5000 11.0000 -15.5000
v 24.5000 11.0000 -16.5000
v 24.5000 12.0000 -16.5000
v 24.5000 0.0000 -17.5000
v 24.5000 10.0000 -16.5000
v 24.5000 10.0000 -17.5000
v 24.5000 11.0000 -17.5000
v 24.5000 0.0000 -18.5000
v 24.5000 9.0000 -17.5000
v 24.5000 9.0000 -18.5000
v 24.5000 10.0000 -18.5000
v 24.5000 0.0000 -19.5000
v 24.5000 8.0000 -18.5000
v 24.5000 8.0000 -19.5000
v 24.5000 9.0000 -19.5000
v 24.5000 0.0000 -20.5000
v 24.5000 7.0000 -19.5000
v 24.5000 7.0000 -20.5000
v 24.5000 8.0000 -20.5000
v 24.5000 0.0000 -21.5000
v 24.5000 6.0000 -20.5000
v 24.5000 6.0000 -21.5000
v 24.5000 7.0000 -21.5000
v 24.5000 0.0000 -22.5000
v 24.5000 5.0000 -21.5000
v 24.5000 5.0000 -22.5000
v 24.5000 6.0000 -22.5000
v 24.5000 0.0000 -23.5000
v 24.5000 5.0000 -23.5000
v 24.5000 4.0000 -23.5000
v 24.5000 0.0000 -24.5000
v 24.5000 4.0000 -24.5000
v 24.5000 3.0000 -24.5000
v 24.5000 0.0000 -25.5000
v 24.5000 3.0000 -25.5000
v 24.5000 0.0000 -26.5000
v 24.5000 3.0000 -26.5000
v 24.5000 2.0000 -26.5000
v 24.5000 0.0000 -27.5000
v 24.5000 2.0000 -27.5000
v 24.5000 0.0000 -28.5000
v 24.5000 2.0000 -28.5000
v 24.5000 1.0000 -28.5000
v 24.5000 1.0000 -29.5000
v 24.5000 0.0000 -29.5000
v 24.5000 1.0000 -30.5000
v 24.5000 0.0000 -30.5000
v 25.5000 0.0000 17.5000
v 25.5000 0.0000 16.5000
v 25.5000 1.0000 16.5000
v 25.5000 1.0000 17.5000
v 25.5000 1.0000 15.5000
v 25.5000 0.0000 15.5000
v 25.5000 1.0000 14.5000
v 25.5000 0.0000 14.5000
v 25.5000 1.0000 13.5000
v 25.5000 0.0000 13.5000
v 25.5000 0.0000 12.5000
v 25.5000 1.0000 12.5000
v 25.5000 2.0000 12.5000
v 25.5000 2.0000 13.5000
v 25.5000 0.0000 11.5000
v 25.5000 2.0000 11.5000
v 25.5000 0.0000 10.5000
v 25.5000 2.0000 10.5000
v 25.5000 3.0000 10.5000
v 25.5000 3.0000 11.5000
v 25.5000 0.0000 9.5000
v 25.5000 3.0000 9.5000
v 25.5000 0.0000 8.5000
v 25.5000 3.0000 8.5000
v 25.5000 4.0000 8.5000
v 25.5000 4.0000 9.5000
v 25.5000 0.0000 7.5000
v 25.5000 4.0000 7.5000
v 25.5000 0.0000 6.5000
v 25.5000 5.0000 7.5000
v 25.5000 5.0000 6.5000
v 25.5000 0.0000 5.5000
v 25.5000 5.0000 5.5000
v 25.5000 6.0000 5.5000
v 25.5000 6.0000 6.5000
v 25.5000 0.0000 4.5000
v 25.5000 6.0000 4.5000
v 25.5000 7.0000 4.5000
v 25.5000 7.0000 5.5000
v 25.5000 0.0000 3.5000
v 25.5000 7.0000 3.5000
v 25.5000 8.0000 3.5000
v 25.5000 8.0000 4.5000
v 25.5000 0.0000 2.5000
v 25.5000 8.0000 2.5000
v 25.5000 0.0000 1.5000
v 25.5000 9.0000 2.5000
v 25.5000 9.0000 1.5000
v 25.5000 0.0000 0.5000
v 25.5000 9.0000 0.5000
v 25.5000 10.0000 0.5000
v 25.5000 10.0000 1.5000
v 25.5000 0.0000 -0.5000
v 25.5000 10.0000 -0.5000
v 25.5000 11.0000 -0.5000
v 25.5000 11.0000 0.5000
v 25.5000 0.0000 -1.5000
v 25.5000 11.0000 -1.5000
v 25.5000 12.0000 -1.5000
v 25.5000 12.0000 -0.5000
v 25.5000 0.0000 -2.5000
v 25.5000 12.0000 -2.5000
v 25.5000 13.0000 -2.5000
v 25.5000 13.0000 -1.5000
v 25.5000 0.0000 -3.5000
v 25.5000 13.0000 -3.5000
v 25.5000 14.0000 -3.5000
v 25.5000 14.0000 -2.5000
v 25.5000 0.0000 -4.5000
v 25.5000 13.0000 -4.5000
v 25.5000 14.0000 -4.5000
v 25.5000 0.0000 -5.5000
v 25.5000 14.0000 -5.5000
v 25.5000 15.0000 -5.5000
v 25.5000 15.0000 -4.5000
v 25.5000 0.0000 -6.5000
v 25.5000 14.0000 -6.5000
v 25.5000 15.0000 -6.5000
v 25.5000 0.0000 -7.5000
v 25.5000 14.0000 -7.5000
v 25.5000 15.0000 -7.5000
v 25.5000 0.0000 -8.5000
v 25.5000 14.0000 -8.5000
v 25.5000 15.0000 -8.5000
v 25.5000 0.0000 -9.5000
v 25.5000 14.0000 -9.5000
v 25.5000 15.0000 -9.5000
v 25.5000 0.0000 -10.5000
v 25.5000 14.0000 -10.5000
v 25.5000 15.0000 -10.5000
v 25.5000 0.0000 -11.5000
v 25.5000 13.0000 -10.5000
v 25.5000 13.0000 -11.5000
v 25.5000 14.0000 -11.5000
v 25.5000 0.0000 -12.5000
v 25.5000 13.0000 -12.5000
v 25.5000 14.0000 -12.5000
v 25.5000 0.0000 -13.5000
v 25.5000 12.0000 -12.5000
v 25.5000 12.0000 -13.5000
v 25.5000 13.0000 -13.5000
v 25.5000 0.0000 -14.5000
v 25.5000 12.0000 -14.5000
v 25.5000 13.0000 -14.5000
v 25.5000 0.0000 -15.5000
v 25.5000 11.0000 -14.5000
v 25.5000 11.0000 -15.5000
v 25.5000 12.0000 -15.5000
v 25.5000 0.0000 -16.5000
v 25.5000 10.0000 -15.5000
v 25.5000 10.0000 -16.5000
v 25.5000 11.0000 -16.5000
v 25.5000 0.0000 -17.5000
v 25.5000 9.0000 -16.5000
v 25.5000 9.0000 -17.5000
v 25.5000 10.0000 -17.5000
v 25.5000 0.0000 -18.5000
v 25.5000 8.0000 -17.5000
v 25.5000 8.0000 -18.5000
v 25.5000 9.0000 -18.5000
v 25.5000 0.0000 -19.5000
v 25.5000 7.0000 -18.5000
v 25.5000 7.0000 -19.5000
v 25.5000 8.0000 -19.5000
v 25.5000 0.0000 -20.5000
v 25.5000 7.0000 -20.5000
v 25.5000 6.0000 -20.5000
v 25.5000 0.0000 -21.5000
v 25.5000 6.0000 -21.5000
v 25.5000 5.0000 -21.5000
v 25.5000 0.0000 -22.5000
v 25.5000 5.0000 -22.5000
v 25.5000 0.0000 -23.5000
v 25.5000 4.0000 -22.5000
v 25.5000 4.0000 -23.5000
v 25.5000 5.0000 -23.5000
v 25.5000 0.0000 -24.5000
v 25.5000 4.0000 -24.5000
v 25.5000 3.0000 -24.5000
v 25.5000 0.0000 -25.5000
v 25.5000 3.0000 -25.5000
v 25.5000 0.0000 -26.5000
v 25.5000 2.0000 -25.5000
v 25.5000 2.0000 -26.5000
v 25.5000 3.0000 -26.5000
v 25.5000 0.0000 -27.5000
v 25.5000 2.0000 -27.5000
v 25.5000 0.0000 -28.5000
v 25.5000 1.0000 -27.5000
v 25.5000 1.0000 -28.5000
v 25.5000 2.0000 -28.5000
v 25.5000 1.0000 -29.5000
v 25.5000 0.0000 -29.5000
v 25.5000 1.0000 -30.5000
v 25.5000 0.0000 -30.5000
v 26.5000 0.0000 16.5000
v 26.5000 0.0000 15.5000
v 26.5000 1.0000 15.5000
v 26.5000 1.0000 16.5000
v 26.5000 1.0000 14.5000
v 26.5000 0.0000 14.5000
v 26.5000 1.0000 13.5000
v 26.5000 0.0000 13.5000
v 26.5000 1.0000 12.5000
v 26.5000 0.0000 12.5000
v 26.5000 0.0000 11.5000
v 26.5000 2.0000 12.5000
v 26.5000 2.0000 11.5000
v 26.5000 0.0000 10.5000
v 26.5000 2.0000 10.5000
v 26.5000 0.0000 9.5000
v 26.5000 2.0000 9.5000
v 26.5000 3.0000 9.5000
v 26.5000 3.0000 10.5000
v 26.5000 0.0000 8.5000
v 26.5000 3.0000 8.5000
v 26.5000 0.0000 7.5000
v 26.5000 4.0000 8.5000
v 26.5000 4.0000 7.5000
v 26.5000 0.0000 6.5000
v 26.5000 4.0000 6.5000
v 26.5000 5.0000 6.5000
v 26.5000 5.0000 7.5000
v 26.5000 0.0000 5.5000
v 26.5000 5.0000 5.5000
v 26.5000 0.0000 4.5000
v 26.5000 6.0000 5.5000
v 26.5000 6.0000 4.5000
v 26.5000 0.0000 3.5000
v 26.5000 6.0000 3.5000
v 26.5000 7.0000 3.5000
v 26.5000 7.0000 4.5000
v 26.5000 0.0000 2.5000
v 26.5000 7.0000 2.5000
v 26.5000 8.0000 2.5000
v 26.5000 8.0000 3.5000
v 26.5000 0.0000 1.5000
v 26.5000 8.0000 1.5000
v 26.5000 9.0000 1.5000
v 26.5000 9.0000 2.5000
v 26.5000 0.0000 0.5000
v 26.5000 9.0000 0.5000
v 26.5000 0.0000 -0.5000
v 26.5000 9.0000 -0.5000
v 26.5000 10.0000 -0.5000
v 26.5000 10.0000 0.5000
v 26.5000 0.0000 -1.5000
v 26.5000 10.0000 -1.5000
v 26.5000 11.0000 -1.5000
v 26.5000 11.0000 -0.5000
v 26.5000 0.0000 -2.5000
v 26.5000 11.0000 -2.5000
v 26.5000 12.0000 -2.5000
v 26.5000 12.0000 -1.5000
v 26.5000 0.0000 -3.5000
v 26.5000 11.0000 -3.5000
v 26.5000 12.0000 -3.5000
v 26.5000 13.0000 -3.5000
v 26.5000 13.0000 -2.5000
v 26.5000 0.0000 -4.5000
v 26.5000 12.0000 -4.5000
v 26.5000 13.0000 -4.5000
v 26.5000 0.0000 -5.5000
v 26.5000 12.0000 -5.5000
v 26.5000 13.0000 -5.5000
v 26.5000 14.0000 -5.5000
v 26.5000 14.0000 -4.5000
v 26.5000 0.0000 -6.5000
v 26.5000 13.0000 -6.5000
v 26.5000 14.0000 -6.5000
v 26.5000 0.0000 -7.5000
v 26.5000 13.0000 -7.5000
v 26.5000 14.0000 -7.5000
v 26.5000 0.0000 -8.5000
v 26.5000 13.0000 -8.5000
v 26.5000 14.0000 -8.5000
v 26.5000 0.0000 -9.5000
v 26.5000 13.0000 -9.5000
v 26.5000 14.0000 -9.5000
v 26.5000 0.0000 -10.5000
v 26.5000 13.0000 -10.5000
v 26.5000 14.0000 -10.5000
v 26.5000 0.0000 -11.5000
v 26.5000 12.0000 -10.5000
v 26.5000 12.0000 -11.5000
v 26.5000 13.0000 -11.5000
v 26.5000 0.0000 -12.5000
v 26.5000 12.0000 -12.5000
v 26.5000 13.0000 -12.5000
v 26.5000 0.0000 -13.5000
v 26.5000 11.0000 -12.5000
v 26.5000 11.0000 -13.5000
v 26.5000 12.0000 -13.5000
v 26.5000 0.0000 -14.5000
v 26.5000 11.0000 -14.5000
v 26.5000 12.0000 -14.5000
v 26.5000 0.0000 -15.5000
v 26.5000 10.0000 -14.5000
v 26.5000 10.0000 -15.5000
v 26.5000 11.0000 -15.5000
v 26.5000 0.0000 -16.5000
v 26.5000 9.0000 -15.5000
v 26.5000 9.0000 -16.5000
v 26.5000 10.0000 -16.5000
v 26.5000 0.0000 -17.5000
v 26.5000 8.0000 -16.5000
v 26.5000 8.0000 -17.5000
v 26.5000 9.0000 -17.5000
v 26.5000 0.0000 -18.5000
v 26.5000 8.0000 -18.5000
v 26.5000 7.0000 -18.5000
v 26.5000 0.0000 -19.5000
v 26.5000 7.0000 -19.5000
v 26.5000 0.0000 -20.5000
v 26.5000 6.0000 -19.5000
v 26.5000 6.0000 -20.5000
v 26.5000 7.0000 -20.5000
v 26.5000 0.0000 -21.5000
v 26.5000 5.0000 -20.5000
v 26.5000 5.0000 -21.5000
v 26.5000 6.0000 -21.5000
v 26.5000 0.0000 -22.5000
v 26.5000 5.0000 -22.5000
v 26.5000 4.0000 -22.5000
v 26.5000 0.0000 -23.5000
v 26.5000 4.0000 -23.5000
v 26.5000 0.0000 -24.5000
v 26.5000 3.0000 -23.5000
v 26.5000 3.0000 -24.5000
v 26.5000 4.0000 -24.5000
v 26.5000 0.0000 -25.5000
v 26.5000 3.0000 -25.5000
v 26.5000 2.0000 -25.5000
v 26.5000 0.0000 -26.5000
v 26.5000 2.0000 -26.5000
v 26.5000 0.0000 -27.5000
v 26.5000 2.0000 -27.5000
v 26.5000 1.0000 -27.5000
v 26.5000 1.0000 -28.5000
v 26.5000 0.0000 -28.5000
v 26.5000 1.0000 -29.5000
v 26.5000 0.0000 -29.5000
v 26.5000 1.0000 -30.5000
v 26.5000 0.0000 -30.5000
v 27.5000 0.0000 15.5000
v 27.5000 1.0000 15.5000
v 27.5000 1.0000 14.5000
v 27.5000 0.0000 14.5000
v 27.5000 1.0000 13.5000
v 27.5000 0.0000 13.5000
v 27.5000 1.0000 12.5000
v 27.5000 0.0000 12.5000
v 27.5000 0.0000 11.5000
v 27.5000 1.0000 11.5000
v 27.5000 2.0000 11.5000
v 27.5000 2.0000 12.5000
v 27.5000 0.0000 10.5000
v 27.5000 2.0000 10.5000
v 27.5000 0.0000 9.5000
v 27.5000 2.0000 9.5000
v 27.5000 0.0000 8.5000
v 27.5000 3.0000 9.5000
v 27.5000 3.0000 8.5000
v 27.5000 0.0000 7.5000
v 27.5000 3.0000 7.5000
v 27.5000 4.0000 7.5000
v 27.5000 4.0000 8.5000
v 27.5000 0.0000 6.5000
v 27.5000 4.0000 6.5000
v 27.5000 0.0000 5.5000
v 27.5000 4.0000 5.5000
v 27.5000 5.0000 5.5000
v 27.5000 5.0000 6.5000
v 27.5000 0.0000 4.5000
v 27.5000 5.0000 4.5000
v 27.5000 6.0000 4.5000
v 27.5000 6.0000 5.5000
v 27.5000 0.0000 3.5000
v 27.5000 6.0000 3.5000
v 27.5000 0.0000 2.5000
v 27.5000 6.0000 2.5000
v 27.5000 7.0000 2.5000
v 27.5000 7.0000 3.5000
v 27.5000 0.0000 1.5000
v 27.5000 7.0000 1.5000
v 27.5000 8.0000 1.5000
v 27.5000 8.0000 2.5000
v 27.5000 0.0000 0.5000
v 27.5000 8.0000 0.5000
v 27.5000 9.0000 0.5000
v 27.5000 9.0000 1.5000
v 27.5000 0.0000 -0.5000
v 27.5000 9.0000 -0.5000
v 27.5000 0.0000 -1.5000
v 27.5000 9.0000 -1.5000
v 27.5000 10.0000 -1.5000
v 27.5000 10.0000 -0.5000
v 27.5000 0.0000 -2.5000
v 27.5000 10.0000 -2.5000
v 27.5000 11.0000 -2.5000
v 27.5000 11.0000 -1.5000
v 27.5000 0.0000 -3.5000
v 27.5000 10.0000 -3.5000
v 27.5000 11.0000 -3.5000
v 27.5000 0.0000 -4.5000
v 27.5000 11.0000 -4.5000
v 27.5000 12.0000 -4.5000
v 27.5000 12.0000 -3.5000
v 27.5000 0.0000 -5.5000
v 27.5000 11.0000 -5.5000
v 27.5000 12.0000 -5.5000
v 27.5000 0.0000 -6.5000
v 27.5000 12.0000 -6.5000
v 27.5000 13.0000 -6.5000
v 27.5000 13.0000 -5.5000
v 27.5000 0.0000 -7.5000
v 27.5000 12.0000 -7.5000
v 27.5000 13.0000 -7.5000
v 27.5000 0.0000 -8.5000
v 27.5000 12.0000 -8.5000
v 27.5000 13.0000 -8.5000
v 27.5000 0.0000 -9.5000
v 27.5000 12.0000 -9.5000
v 27.5000 13.0000 -9.5000
v 27.5000 0.0000 -10.5000
v 27.5000 12.0000 -10.5000
v 27.5000 13.0000 -10.5000
v 27.5000 0.0000 -11.5000
v 27.5000 11.0000 -10.5000
v 27.5000 11.0000 -11.5000
v 27.5000 12.0000 -11.5000
v 27.5000 0.0000 -12.5000
v 27.5000 11.0000 -12.5000
v 27.5000 12.0000 -12.5000
v 27.5000 0.0000 -13.5000
v 27.5000 10.0000 -12.5000
v 27.5000 10.0000 -13.5000
v 27.5000 11.0000 -13.5000
v 27.5000 0.0000 -14.5000
v 27.5000 10.0000 -14.5000
v 27.5000 11.0000 -14.5000
v 27.5000 0.0000 -15.5000
v 27.5000 9.0000 -14.5000
v 27.5000 9.0000 -15.5000
v 27.5000 10.0000 -15.5000
v 27.5000 0.0000 -16.5000
v 27.5000 8.0000 -15.5000
v 27.5000 8.0000 -16.5000
v 27.5000 9.0000 -16.5000
v 27.5000 0.0000 -17.5000
v 27.5000 8.0000 -17.5000
v 27.5000 0.0000 -18.5000
v 27.5000 7.0000 -17.5000
v 27.5000 7.0000 -18.5000
v 27.5000 8.0000 -18.5000
v 27.5000 0.0000 -19.5000
v 27.5000 6.0000 -18.5000
v 27.5000 6.0000 -19.5000
v 27.5000 7.0000 -19.5000
v 27.5000 0.0000 -20.5000
v 27.5000 5.0000 -19.5000
v 27.5000 5.0000 -20.5000
v 27.5000 6.0000 -20.5000
v 27.5000 0.0000 -21.5000
v 27.5000 5.0000 -21.5000
v 27.5000 0.0000 -22.5000
v 27.5000 4.0000 -21.5000
v 27.5000 4.0000 -22.5000
v 27.5000 5.0000 -22.5000
v 27.5000 0.0000 -23.5000
v 27.5000 3.0000 -22.5000
v 27.5000 3.0000 -23.5000
v 27.5000 4.0000 -23.5000
v 27.5000 0.0000 -24.5000
v 27.5000 3.0000 -24.5000
v 27.5000 0.0000 -25.5000
v 27.5000 2.0000 -24.5000
v 27.5000 2.0000 -25.5000
v 27.5000 3.0000 -25.5000
v 27.5000 0.0000 -26.5000
v 27.5000 2.0000 -26.5000
v 27.5000 0.0000 -27.5000
v 27.5000 2.0000 -27.5000
v 27.5000 1.0000 -27.5000
v 27.5000 1.0000 -28.5000
v 27.5000 0.0000 -28.5000
v 27.5000 1.0000 -29.5000
v 27.5000 0.0000 -29.5000
v 27.5000 1.0000 -30.5000
v 27.5000 0.0000 -30.5000
v 28.5000 0.0000 15.5000
v 28.5000 0.0000 14.5000
v 28.5000 1.0000 14.5000
v 28.5000 1.0000 15.5000
v 28.5000 1.0000 13.5000
v 28.5000 0.0000 13.5000
v 28.5000 1.0000 12.5000
v 28.5000 0.0000 12.5000
v 28.5000 1.0000 11.5000
v 28.5000 0.0000 11.5000
v 28.5000 0.0000 10.5000
v 28.5000 2.0000 11.5000
v 28.5000 2.0000 10.5000
v 28.5000 0.0000 9.5000
v 28.5000 2.0000 9.5000
v 28.5000 0.0000 8.5000
v 28.5000 2.0000 8.5000
v 28.5000 3.0000 8.5000
v 28.5000 3.0000 9.5000
v 28.5000 0.0000 7.5000
v 28.5000 3.0000 7.5000
v 28.5000 0.0000 6.5000
v 28.5000 3.0000 6.5000
v 28.5000 4.0000 6.5000
v 28.5000 4.0000 7.5000
v 28.5000 0.0000 5.5000
v 28.5000 4.0000 5.5000
v 28.5000 0.0000 4.5000
v 28.5000 4.0000 4.5000
v 28.5000 5.0000 4.5000
v 28.5000 5.0000 5.5000
v 28.5000 0.0000 3.5000
v 28.5000 5.0000 3.5000
v 28.5000 6.0000 3.5000
v 28.5000 6.0000 4.5000
v 28.5000 0.0000 2.5000
v 28.5000 6.0000 2.5000
v 28.5000 0.0000 1.5000
v 28.5000 6.0000 1.5000
v 28.5000 7.0000 1.5000
v 28.5000 7.0000 2.5000
v 28.5000 0.0000 0.5000
v 28.5000 7.0000 0.5000
v 28.5000 8.0000 0.5000
v 28.5000 8.0000 1.5000
v 28.5000 0.0000 -0.5000
v 28.5000 8.0000 -0.5000
v 28.5000 9.0000 -0.5000
v 28.5000 9.0000 0.5000
v 28.5000 0.0000 -1.5000
v 28.5000 8.0000 -1.5000
v 28.5000 9.0000 -1.5000
v 28.5000 0.0000 -2.5000
v 28.5000 9.0000 -2.5000
v 28.5000 10.0000 -2.5000
v 28.5000 10.0000 -1.5000
v 28.5000 0.0000 -3.5000
v 28.5000 9.0000 -3.5000
v 28.5000 10.0000 -3.5000
v 28.5000 0.0000 -4.5000
v 28.5000 10.0000 -4.5000
v 28.5000 11.0000 -4.5000
v 28.5000 11.0000 -3.5000
v 28.5000 0.0000 -5.5000
v 28.5000 10.0000 -5.5000
v 28.5000 11.0000 -5.5000
v 28.5000 0.0000 -6.5000
v 28.5000 11.0000 -6.5000
v 28.5000 12.0000 -6.5000
v 28.5000 12.0000 -5.5000
v 28.5000 0.0000 -7.5000
v 28.5000 11.0000 -7.5000
v 28.5000 12.0000 -7.5000
v 28.5000 0.0000 -8.5000
v 28.5000 11.0000 -8.5000
v 28.5000 12.0000 -8.5000
v 28.5000 0.0000 -9.5000
v 28.5000 11.0000 -9.5000
v 28.5000 12.0000 -9.5000
v 28.5000 0.0000 -10.5000
v 28.5000 10.0000 -9.5000
v 28.5000 10.0000 -10.5000
v 28.5000 11.0000 -10.5000
v 28.5000 12.0000 -10.5000
v 28.5000 0.0000 -11.5000
v 28.5000 10.0000 -11.5000
v 28.5000 11.0000 -11.5000
v 28.5000 0.0000 -12.5000
v 28.5000 10.0000 -12.5000
v 28.5000 11.0000 -12.5000
v 28.5000 0.0000 -13.5000
v 28.5000 9.0000 -12.5000
v 28.5000 9.0000 -13.5000
v 28.5000 10.0000 -13.5000
v 28.5000 0.0000 -14.5000
v 28.5000 9.0000 -14.5000
v 28.5000 10.0000 -14.5000
v 28.5000 0.0000 -15.5000
v 28.5000 8.0000 -14.5000
v 28.5000 8.0000 -15.5000
v 28.5000 9.0000 -15.5000
v 28.5000 0.0000 -16.5000
v 28.5000 8.0000 -16.5000
v 28.5000 0.0000 -17.5000
v 28.5000 7.0000 -16.5000
v 28.5000 7.0000 -17.5000
v 28.5000 8.0000 -17.5000
v 28.5000 0.0000 -18.5000
v 28.5000 6.0000 -17.5000
v 28.5000 6.0000 -18.5000
v 28.5000 7.0000 -18.5000
v 28.5000 0.0000 -19.5000
v 28.5000 6.0000 -19.5000
v 28.5000 5.0000 -19.5000
v 28.5000 0.0000 -20.5000
v 28.5000 5.0000 -20.5000
v 28.5000 0.0000 -21.5000
v 28.5000 4.0000 -20.5000
v 28.5000 4.0000 -21.5000
v 28.5000 5.0000 -21.5000
v 28.5000 0.0000 -22.5000
v 28.5000 4.0000 -22.5000
v 28.5000 3.0000 -22.5000
v 28.5000 0.0000 -23.5000
v 28.5000 3.0000 -23.5000
v 28.5000 0.0000 -24.5000
v 28.5000 3.0000 -24.5000
v 28.5000 2.0000 -24.5000
v 28.5000 0.0000 -25.5000
v 28.5000 2.0000 -25.5000
v 28.5000 0.0000 -26.5000
v 28.5000 2.0000 -26.5000
v 28.5000 0.0000 -27.5000
v 28.5000 1.0000 -26.5000
v 28.5000 1.0000 -27.5000
v 28.5000 2.0000 -27.5000
v 28.5000 1.0000 -28.5000
v 28.5000 0.0000 -28.5000
v 28.5000 1.0000 -29.5000
v 28.5000 0.0000 -29.5000
v 28.5000 0.0000 -30.5000
v 28.5000 1.0000 -30.5000
v 29.5000 0.0000 14.5000
v 29.5000 1.0000 14.5000
v 29.5000 1.0000 13.5000
v 29.5000 0.0000 13.5000
v 29.5000 1.0000 12.5000
v 29.5000 0.0000 12.5000
v 29.5000 1.0000 11.5000
v 29.5000 0.0000 11.5000
v 29.5000 0.0000 10.5000
v 29.5000 1.0000 10.5000
v 29.5000 2.0000 10.5000
v 29.5000 2.0000 11.5000
v 29.5000 0.0000 9.5000
v 29.5000 2.0000 9.5000
v 29.5000 0.0000 8.5000
v 29.5000 2.0000 8.5000
v 29.5000 0.0000 7.5000
v 29.5000 2.0000 7.5000
v 29.5000 3.0000 7.5000
v 29.5000 3.0000 8.5000
v 29.5000 0.0000 6.5000
v 29.5000 3.0000 6.5000
v 29.5000 0.0000 5.5000
v 29.5000 3.0000 5.5000
v 29.5000 4.0000 5.5000
v 29.5000 4.0000 6.5000
v 29.5000 0.0000 4.5000
v 29.5000 4.0000 4.5000
v 29.5000 0.0000 3.5000
v 29.5000 5.0000 4.5000
v 29.5000 5.0000 3.5000
v 29.5000 0.0000 2.5000
v 29.5000 5.0000 2.5000
v 29.5000 6.0000 2.5000
v 29.5000 6.0000 3.5000
v 29.5000 0.0000 1.5000
v 29.5000 6.0000 1.5000
v 29.5000 0.0000 0.5000
v 29.5000 6.0000 0.5000
v 29.5000 7.0000 0.5000
v 29.5000 7.0000 1.5000
v 29.5000 0.0000 -0.5000
v 29.5000 7.0000 -0.5000
v 29.5000 8.0000 -0.5000
v 29.5000 8.0000 0.5000
v 29.5000 0.0000 -1.5000
v 29.5000 8.0000 -1.5000
v 29.5000 0.0000 -2.5000
v 29.5000 8.0000 -2.5000
v 29.5000 9.0000 -2.5000
v 29.5000 9.0000 -1.5000
v 29.5000 0.0000 -3.5000
v 29.5000 8.0000 -3.5000
v 29.5000 9.0000 -3.5000
v 29.5000 0.0000 -4.5000
v 29.5000 9.0000 -4.5000
v 29.5000 10.0000 -4.5000
v 29.5000 10.0000 -3.5000
v 29.5000 0.0000 -5.5000
v 29.5000 9.0000 -5.5000
v 29.5000 10.0000 -5.5000
v 29.5000 0.0000 -6.5000
v 29.5000 9.0000 -6.5000
v 29.5000 10.0000 -6.5000
v 29.5000 11.0000 -6.5000
v 29.5000 11.0000 -5.5000
v 29.5000 0.0000 -7.5000
v 29.5000 10.0000 -7.5000
v 29.5000 11.0000 -7.5000
v 29.5000 0.0000 -8.5000
v 29.5000 10.0000 -8.5000
v 29.5000 11.0000 -8.5000
v 29.5000 0.0000 -9.5000
v 29.5000 10.0000 -9.5000
v 29.5000 11.0000 -9.5000
v 29.5000 0.0000 -10.5000
v 29.5000 9.0000 -9.5000
v 29.5000 9.0000 -10.5000
v 29.5000 10.0000 -10.5000
v 29.5000 0.0000 -11.5000
v 29.5000 9.0000 -11.5000
v 29.5000 10.0000 -11.5000
v 29.5000 0.0000 -12.5000
v 29.5000 9.0000 -12.5000
v 29.5000 10.0000 -12.5000
v 29.5000 0.0000 -13.5000
v 29.5000 8.0000 -12.5000
v 29.5000 8.0000 -13.5000
v 29.5000 9.0000 -13.5000
v 29.5000 0.0000 -14.5000
v 29.5000 8.0000 -14.5000
v 29.5000 9.0000 -14.5000
v 29.5000 0.0000 -15.5000
v 29.5000 7.0000 -14.5000
v 29.5000 7.0000 -15.5000
v 29.5000 8.0000 -15.5000
v 29.5000 0.0000 -16.5000
v 29.5000 7.0000 -16.5000
v 29.5000 8.0000 -16.5000
v 29.5000 0.0000 -17.5000
v 29.5000 6.0000 -16.5000
v 29.5000 6.0000 -17.5000
v 29.5000 7.0000 -17.5000
v 29.5000 0.0000 -18.5000
v 29.5000 6.0000 -18.5000
v 29.5000 0.0000 -19.5000
v 29.5000 5.0000 -18.5000
v 29.5000 5.0000 -19.5000
v 29.5000 6.0000 -19.5000
v 29.5000 0.0000 -20.5000
v 29.5000 4.0000 -19.5000
v 29.5000 4.0000 -20.5000
v 29.5000 5.0000 -20.5000
v 29.5000 0.0000 -21.5000
v 29.5000 4.0000 -21.5000
v 29.5000 0.0000 -22.5000
v 29.5000 3.0000 -21.5000
v 29.5000 3.0000 -22.5000
v 29.5000 4.0000 -22.5000
v 29.5000 0.0000 -23.5000
v 29.5000 3.0000 -23.5000
v 29.5000 0.0000 -24.5000
v 29.5000 2.0000 -23.5000
v 29.5000 2.0000 -24.5000
v 29.5000 3.0000 -24.5000
v 29.5000 0.0000 -25.5000
v 29.5000 2.0000 -25.5000
v 29.5000 0.0000 -26.5000
v 29.5000 1.0000 -25.5000
v 29.5000 1.0000 -26.5000
v 29.5000 2.0000 -26.5000
v 29.5000 1.0000 -27.5000
v 29.5000 0.0000 -27.5000
v 29.5000 1.0000 -28.5000
v 29.5000 0.0000 -28.5000
v 29.5000 1.0000 -29.5000
v 29.5000 0.0000 -29.5000
v 30.5000 0.0000 14.5000
v 30.5000 0.0000 13.5000
v 30.5000 1.0000 13.5000
v 30.5000 1.0000 14.5000
v 30.5000 1.0000 12.5000
v 30.5000 0.0000 12.5000
v 30.5000 1.0000 11.5000
v 30.5000 0.0000 11.5000
v 30.5000 1.0000 10.5000
v 30.5000 0.0000 10.5000
v 30.5000 0.0000 9.5000
v 30.5000 1.0000 9.5000
v 30.5000 2.0000 9.5000
v 30.5000 2.0000 10.5000
v 30.5000 0.0000 8.5000
v 30.5000 2.0000 8.5000
v 30.5000 0.0000 7.5000
v 30.5000 2.0000 7.5000
v 30.5000 0.0000 6.5000
v 30.5000 3.0000 7.5000
v 30.5000 3.0000 6.5000
v 30.5000 0.0000 5.5000
v 30.5000 3.0000 5.5000
v 30.5000 0.0000 4.5000
v 30.5000 4.0000 5.5000
v 30.5000 4.0000 4.5000
v 30.5000 0.0000 3.5000
v 30.5000 4.0000 3.5000
v 30.5000 5.0000 3.5000
v 30.5000 5.0000 4.5000
v 30.5000 0.0000 2.5000
v 30.5000 5.0000 2.5000
v 30.5000 0.0000 1.5000
v 30.5000 5.0000 1.5000
v 30.5000 6.0000 1.5000
v 30.5000 6.0000 2.5000
v 30.5000 0.0000 0.5000
v 30.5000 6.0000 0.5000
v 30.5000 0.0000 -0.5000
v 30.5000 6.0000 -0.5000
v 30.5000 7.0000 -0.5000
v 30.5000 7.0000 0.5000
v 30.5000 0.0000 -1.5000
v 30.5000 7.0000 -1.5000
v 30.5000 8.0000 -1.5000
v 30.5000 8.0000 -0.5000
v 30.5000 0.0000 -2.5000
v 30.5000 7.0000 -2.5000
v 30.5000 8.0000 -2.5000
v 30.5000 0.0000 -3.5000
v 30.5000 8.0000 -3.5000
v 30.5000 0.0000 -4.5000
v 30.5000 8.0000 -4.5000
v 30.5000 9.0000 -4.5000
v 30.5000 9.0000 -3.5000
v 30.5000 0.0000 -5.5000
v 30.5000 8.0000 -5.5000
v 30.5000 9.0000 -5.5000
v 30.5000 0.0000 -6.5000
v 30.5000 8.0000 -6.5000
v 30.5000 9.0000 -6.5000
v 30.5000 0.0000 -7.5000
v 30.5000 9.0000 -7.5000
v 30.5000 10.0000 -7.5000
v 30.5000 10.0000 -6.5000
v 30.5000 0.0000 -8.5000
v 30.5000 9.0000 -8.5000
v 30.5000 10.0000 -8.5000
v 30.5000 0.0000 -9.5000
v 30.5000 9.0000 -9.5000
v 30.5000 10.0000 -9.5000
v 30.5000 0.0000 -10.5000
v 30.5000 8.0000 -9.5000
v 30.5000 8.0000 -10.5000
v 30.5000 9.0000 -10.5000
v 30.5000 0.0000 -11.5000
v 30.5000 8.0000 -11.5000
v 30.5000 9.0000 -11.5000
v 30.5000 0.0000 -12.5000
v 30.5000 8.0000 -12.5000
v 30.5000 9.0000 -12.5000
v 30.5000 0.0000 -13.5000
v 30.5000 8.0000 -13.5000
v 30.5000 0.0000 -14.5000
v 30.5000 7.0000 -13.5000
v 30.5000 7.0000 -14.5000
v 30.5000 8.0000 -14.5000
v 30.5000 0.0000 -15.5000
v 30.5000 7.0000 -15.5000
v 30.5000 0.0000 -16.5000
v 30.5000 6.0000 -15.5000
v 30.5000 6.0000 -16.5000
v 30.5000 7.0000 -16.5000
v 30.5000 0.0000 -17.5000
v 30.5000 6.0000 -17.5000
v 30.5000 0.0000 -18.5000
v 30.5000 5.0000 -17.5000
v 30.5000 5.0000 -18.5000
v 30.5000 6.0000 -18.5000
v 30.5000 0.0000 -19.5000
v 30.5000 4.0000 -18.5000
v 30.5000 4.0000 -19.5000
v 30.5000 5.0000 -19.5000
v 30.5000 0.0000 -20.5000
v 30.5000 4.0000 -20.5000
v 30.5000 0.0000 -21.5000
v 30.5000 3.0000 -20.5000
v 30.5000 3.0000 -21.5000
v 30.5000 4.0000 -21.5000
v 30.5000 0.0000 -22.5000
v 30.5000 3.0000 -22.5000
v 30.5000 0.0000 -23.5000
v 30.5000 2.0000 -22.5000
v 30.5000 2.0000 -23.5000
v 30.5000 3.0000 -23.5000
v 30.5000 0.0000 -24.5000
v 30.5000 2.0000 -24.5000
v 30.5000 0.0000 -25.5000
v 30.5000 2.0000 -25.5000
v 30.5000 1.0000 -25.5000
v 30.5000 1.0000 -26.5000
v 30.5000 0.0000 -26.5000
v 30.5000 1.0000 -27.5000
v 30.5000 0.0000 -27.5000
v 30.5000 1.0000 -28.5000
v 30.5000 0.0000 -28.5000
v 30.5000 0.0000 -29.5000
v 30.5000 1.0000 -29.5000
v 31.5000 0.0000 13.5000
v 31.5000 0.0000 12.5000
v 31.5000 1.0000 12.5000
v 31.5000 1.0000 13.5000
v 31.5000 1.0000 11.5000
v 31.5000 0.0000 11.5000
v 31.5000 1.0000 10.5000
v 31.5000 0.0000 10.5000
v 31.5000 1.0000 9.5000
v 31.5000 0.0000 9.5000
v 31.5000 0.0000 8.5000
v 31.5000 2.0000 9.5000
v 31.5000 2.0000 8.5000
v 31.5000 0.0000 7.5000
v 31.5000 2.0000 7.5000
v 31.5000 0.0000 6.5000
v 31.5000 2.0000 6.5000
v 31.5000 3.0000 6.5000
v 31.5000 3.0000 7.5000
v 31.5000 0.0000 5.5000
v 31.5000 3.0000 5.5000
v 31.5000 0.0000 4.5000
v 31.5000 3.0000 4.5000
v 31.5000 4.0000 4.5000
v 31.5000 4.0000 5.5000
v 31.5000 0.0000 3.5000
v 31.5000 4.0000 3.5000
v 31.5000 0.0000 2.5000
v 31.5000 4.0000 2.5000
v 31.5000 5.0000 2.5000
v 31.5000 5.0000 3.5000
v 31.5000 0.0000 1.5000
v 31.5000 4.0000 1.5000
v 31.5000 5.0000 1.5000
v 31.5000 0.0000 0.5000
v 31.5000 5.0000 0.5000
v 31.5000 6.0000 0.5000
v 31.5000 6.0000 1.5000
v 31.5000 0.0000 -0.5000
v 31.5000 5.0000 -0.5000
v 31.5000 6.0000 -0.5000
v 31.5000 0.0000 -1.5000
v 31.5000 6.0000 -1.5000
v 31.5000 7.0000 -1.5000
v 31.5000 7.0000 -0.5000
v 31.5000 0.0000 -2.5000
v 31.5000 6.0000 -2.5000
v 31.5000 7.0000 -2.5000
v 31.5000 0.0000 -3.5000
v 31.5000 7.0000 -3.5000
v 31.5000 8.0000 -3.5000
v 31.5000 8.0000 -2.5000
v 31.5000 0.0000 -4.5000
v 31.5000 7.0000 -4.5000
v 31.5000 8.0000 -4.5000
v 31.5000 0.0000 -5.5000
v 31.5000 7.0000 -5.5000
v 31.5000 8.0000 -5.5000
v 31.5000 0.0000 -6.5000
v 31.5000 7.0000 -6.5000
v 31.5000 8.0000 -6.5000
v 31.5000 0.0000 -7.5000
v 31.5000 8.0000 -7.5000
v 31.5000 9.0000 -7.5000
v 31.5000 9.0000 -6.5000
v 31.5000 0.0000 -8.5000
v 31.5000 8.0000 -8.5000
v 31.5000 9.0000 -8.5000
v 31.5000 0.0000 -9.5000
v 31.5000 8.0000 -9.5000
v 31.5000 9.0000 -9.5000
v 31.5000 0.0000 -10.5000
v 31.5000 7.0000 -9.5000
v 31.5000 7.0000 -10.5000
v 31.5000 8.0000 -10.5000
v 31.5000 0.0000 -11.5000
v 31.5000 7.0000 -11.5000
v 31.5000 8.0000 -11.5000
v 31.5000 0.0000 -12.5000
v 31.5000 7.0000 -12.5000
v 31.5000 8.0000 -12.5000
v 31.5000 0.0000 -13.5000
v 31.5000 7.0000 -13.5000
v 31.5000 8.0000 -13.5000
v 31.5000 0.0000 -14.5000
v 31.5000 6.0000 -13.5000
v 31.5000 6.0000 -14.5000
v 31.5000 7.0000 -14.5000
v 31.5000 0.0000 -15.5000
v 31.5000 6.0000 -15.5000
v 31.5000 7.0000 -15.5000
v 31.5000 0.0000 -16.5000
v 31.5000 5.0000 -15.5000
v 31.5000 5.0000 -16.5000
v 31.5000 6.0000 -16.5000
v 31.5000 0.0000 -17.5000
v 31.5000 5.0000 -17.5000
v 31.5000 6.0000 -17.5000
v 31.5000 0.0000 -18.5000
v 31.5000 4.0000 -17.5000
v 31.5000 4.0000 -18.5000
v 31.5000 5.0000 -18.5000
v 31.5000 0.0000 -19.5000
v 31.5000 4.0000 -19.5000
v 31.5000 0.0000 -20.5000
v 31.5000 3.0000 -19.5000
v 31.5000 3.0000 -20.5000
v 31.5000 4.0000 -20.5000
v 31.5000 0.0000 -21.5000
v 31.5000 3.0000 -21.5000
v 31.5000 0.0000 -22.5000
v 31.5000 3.0000 -22.5000
v 31.5000 2.0000 -22.5000
v 31.5000 0.0000 -23.5000
v 31.5000 2.0000 -23.5000
v 31.5000 0.0000 -24.5000
v 31.5000 2.0000 -24.5000
v 31.5000 0.0000 -25.5000
v 31.5000 1.0000 -24.5000
v 31.5000 1.0000 -25.5000
v 31.5000 2.0000 -25.5000
v 31.5000 1.0000 -26.5000
v 31.5000 0.0000 -26.5000
v 31.5000 1.0000 -27.5000
v 31.5000 0.0000 -27.5000
v 31.5000 1.0000 -28.5000
v 31.5000 0.0000 -28.5000
v 32.5000 0.0000 12.5000
v 32.5000 1.0000 12.5000
v 32.5000 1.0000 11.5000
v 32.5000 0.0000 11.5000
v 32.5000 1.0000 10.5000
v 32.5000 0.0000 10.5000
v 32.5000 1.0000 9.5000
v 32.5000 0.0000 9.5000
v 32.5000 0.0000 8.5000
v 32.5000 1.0000 8.5000
v 32.5000 2.0000 8.5000
v 32.5000 2.0000 9.5000
v 32.5000 0.0000 7.5000
v 32.5000 2.0000 7.5000
v 32.5000 0.0000 6.5000
v 32.5000 2.0000 6.5000
v 32.5000 0.0000 5.5000
v 32.5000 2.0000 5.5000
v 32.5000 3.0000 5.5000
v 32.5000 3.0000 6.5000
v 32.5000 0.0000 4.5000
v 32.5000 3.0000 4.5000
v 32.5000 0.0000 3.5000
v 32.5000 3.0000 3.5000
v 32.5000 4.0000 3.5000
v 32.5000 4.0000 4.5000
v 32.5000 0.0000 2.5000
v 32.5000 3.0000 2.5000
v 32.5000 4.0000 2.5000
v 32.5000 0.0000 1.5000
v 32.5000 4.0000 1.5000
v 32.5000 0.0000 0.5000
v 32.5000 4.0000 0.5000
v 32.5000 5.0000 0.5000
v 32.5000 5.0000 1.5000
v 32.5000 0.0000 -0.5000
v 32.5000 5.0000 -0.5000
v 32.5000 0.0000 -1.5000
v 32.5000 5.0000 -1.5000
v 32.5000 6.0000 -1.5000
v 32.5000 6.0000 -0.5000
v 32.5000 0.0000 -2.5000
v 32.5000 6.0000 -2.5000
v 32.5000 0.0000 -3.5000
v 32.5000 6.0000 -3.5000
v 32.5000 7.0000 -3.5000
v 32.5000 7.0000 -2.5000
v 32.5000 0.0000 -4.5000
v 32.5000 6.0000 -4.5000
v 32.5000 7.0000 -4.5000
v 32.5000 0.0000 -5.5000
v 32.5000 6.0000 -5.5000
v 32.5000 7.0000 -5.5000
v 32.5000 0.0000 -6.5000
v 32.5000 7.0000 -6.5000
v 32.5000 0.0000 -7.5000
v 32.5000 7.0000 -7.5000
v 32.5000 8.0000 -7.5000
v 32.5000 8.0000 -6.5000
v 32.5000 0.0000 -8.5000
v 32.5000 7.0000 -8.5000
v 32.5000 8.0000 -8.5000
v 32.5000 0.0000 -9.5000
v 32.5000 7.0000 -9.5000
v 32.5000 8.0000 -9.5000
v 32.5000 0.0000 -10.5000
v 32.5000 7.0000 -10.5000
v 32.5000 0.0000 -11.5000
v 32.5000 6.0000 -10.5000
v 32.5000 6.0000 -11.5000
v 32.5000 7.0000 -11.5000
v 32.5000 0.0000 -12.5000
v 32.5000 6.0000 -12.5000
v 32.5000 7.0000 -12.5000
v 32.5000 0.0000 -13.5000
v 32.5000 6.0000 -13.5000
v 32.5000 7.0000 -13.5000
v 32.5000 0.0000 -14.5000
v 32.5000 5.0000 -13.5000
v 32.5000 5.0000 -14.5000
v 32.5000 6.0000 -14.5000
v 32.5000 0.0000 -15.5000
v 32.5000 5.0000 -15.5000
v 32.5000 6.0000 -15.5000
v 32.5000 0.0000 -16.5000
v 32.5000 5.0000 -16.5000
v 32.5000 0.0000 -17.5000
v 32.5000 4.0000 -16.5000
v 32.5000 4.0000 -17.5000
v 32.5000 5.0000 -17.5000
v 32.5000 0.0000 -18.5000
v 32.5000 4.0000 -18.5000
v 32.5000 0.0000 -19.5000
v 32.5000 3.0000 -18.5000
v 32.5000 3.0000 -19.5000
v 32.5000 4.0000 -19.5000
v 32.5000 0.0000 -20.5000
v 32.5000 3.0000 -20.5000
v 32.5000 0.0000 -21.5000
v 32.5000 3.0000 -21.5000
v 32.5000 0.0000 -22.5000
v 32.5000 2.0000 -21.5000
v 32.5000 2.0000 -22.5000
v 32.5000 3.0000 -22.5000
v 32.5000 0.0000 -23.5000
v 32.5000 2.0000 -23.5000
v 32.5000 0.0000 -24.5000
v 32.5000 1.0000 -23.5000
v 32.5000 1.0000 -24.5000
v 32.5000 2.0000 -24.5000
v 32.5000 1.0000 -25.5000
v 32.5000 0.0000 -25.5000
v 32.5000 1.0000 -26.5000
v 32.5000 0.0000 -26.5000
v 32.5000 1.0000 -27.5000
v 32.5000 0.0000 -27.5000
v 32.5000 0.0000 -28.5000
v 32.5000 1.0000 -28.5000
v 33.5000 0.0000 12.5000
v 33.5000 0.0000 11.5000
v 33.5000 1.0000 11.5000
v 33.5000 1.0000 12.5000
v 33.5000 1.0000 10.5000
v 33.5000 0.0000 10.5000
v 33.5000 1.0000 9.5000
v 33.5000 0.0000 9.5000
v 33.5000 1.0000 8.5000
v 33.5000 0.0000 8.5000
v 33.5000 0.0000 7.5000
v 33.5000 1.0000 7.5000
v 33.5000 2.0000 7.5000
v 33.5000 2.0000 8.5000
v 33.5000 0.0000 6.5000
v 33.5000 2.0000 6.5000
v 33.5000 0.0000 5.5000
v 33.5000 2.0000 5.5000
v 33.5000 0.0000 4.5000
v 33.5000 2.0000 4.5000
v 33.5000 3.0000 4.5000
v 33.5000 3.0000 5.5000
v 33.5000 0.0000 3.5000
v 33.5000 3.0000 3.5000
v 33.5000 0.0000 2.5000
v 33.5000 3.0000 2.5000
v 33.5000 0.0000 1.5000
v 33.5000 3.0000 1.5000
v 33.5000 4.0000 1.5000
v 33.5000 4.0000 2.5000
v 33.5000 0.0000 0.5000
v 33.5000 4.0000 0.5000
v 33.5000 0.0000 -0.5000
v 33.5000 4.0000 -0.5000
v 33.5000 5.0000 -0.5000
v 33.5000 5.0000 0.5000
v 33.5000 0.0000 -1.5000
v 33.5000 4.0000 -1.5000
v 33.5000 5.0000 -1.5000
v 33.5000 0.0000 -2.5000
v 33.5000 5.0000 -2.5000
v 33.5000 6.0000 -2.5000
v 33.5000 6.0000 -1.5000
v 33.5000 0.0000 -3.5000
v 33.5000 5.0000 -3.5000
v 33.5000 6.0000 -3.5000
v 33.5000 0.0000 -4.5000
v 33.5000 5.0000 -4.5000
v 33.5000 6.0000 -4.5000
v 33.5000 0.0000 -5.5000
v 33.5000 6.0000 -5.5000
v 33.5000 0.0000 -6.5000
v 33.5000 6.0000 -6.5000
v 33.5000 7.0000 -6.5000
v 33.5000 7.0000 -5.5000
v 33.5000 0.0000 -7.5000
v 33.5000 6.0000 -7.5000
v 33.5000 7.0000 -7.5000
v 33.5000 0.0000 -8.5000
v 33.5000 6.0000 -8.5000
v 33.5000 7.0000 -8.5000
v 33.5000 0.0000 -9.5000
v 33.5000 6.0000 -9.5000
v 33.5000 7.0000 -9.5000
v 33.5000 0.0000 -10.5000
v 33.5000 6.0000 -10.5000
v 33.5000 7.0000 -10.5000
v 33.5000 0.0000 -11.5000
v 33.5000 6.0000 -11.5000
v 33.5000 0.0000 -12.5000
v 33.5000 5.0000 -11.5000
v 33.5000 5.0000 -12.5000
v 33.5000 6.0000 -12.5000
v 33.5000 0.0000 -13.5000
v 33.5000 5.0000 -13.5000
v 33.5000 6.0000 -13.5000
v 33.5000 0.0000 -14.5000
v 33.5000 5.0000 -14.5000
v 33.5000 0.0000 -15.5000
v 33.5000 4.0000 -14.5000
v 33.5000 4.0000 -15.5000
v 33.5000 5.0000 -15.5000
v 33.5000 0.0000 -16.5000
v 33.5000 4.0000 -16.5000
v 33.5000 5.0000 -16.5000
v 33.5000 0.0000 -17.5000
v 33.5000 4.0000 -17.5000
v 33.5000 0.0000 -18.5000
v 33.5000 3.0000 -17.5000
v 33.5000 3.0000 -18.5000
v 33.5000 4.0000 -18.5000
v 33.5000 0.0000 -19.5000
v 33.5000 3.0000 -19.5000
v 33.5000 0.0000 -20.5000
v 33.5000 3.0000 -20.5000
v 33.5000 0.0000 -21.5000
v 33.5000 2.0000 -20.5000
v 33.5000 2.0000 -21.5000
v 33.5000 3.0000 -21.5000
v 33.5000 0.0000 -22.5000
v 33.5000 2.0000 -22.5000
v 33.5000 0.0000 -23.5000
v 33.5000 2.0000 -23.5000
v 33.5000 1.0000 -23.5000
v 33.5000 1.0000 -24.5000
v 33.5000 0.0000 -24.5000
v 33.5000 1.0000 -25.5000
v 33.5000 0.0000 -25.5000
v 33.5000 1.0000 -26.5000
v 33.5000 0.0000 -26.5000
v 33.5000 1.0000 -27.5000
v 33.5000 0.0000 -27.5000
v 34.5000 0.0000 11.5000
v 34.5000 0.0000 10.5000
v 34.5000 1.0000 10.5000
v 34.5000 1.0000 11.5000
v 34.5000 1.0000 9.5000
v 34.5000 0.0000 9.5000
v 34.5000 1.0000 8.5000
v 34.5000 0.0000 8.5000
v 34.5000 1.0000 7.5000
v 34.5000 0.0000 7.5000
v 34.5000 0.0000 6.5000
v 34.5000 1.0000 6.5000
v 34.5000 2.0000 6.5000
v 34.5000 2.0000 7.5000
v 34.5000 0.0000 5.5000
v 34.5000 2.0000 5.5000
v 34.5000 0.0000 4.5000
v 34.5000 2.0000 4.5000
v 34.5000 0.0000 3.5000
v 34.5000 2.0000 3.5000
v 34.5000 3.0000 3.5000
v 34.5000 3.0000 4.5000
v 34.5000 0.0000 2.5000
v 34.5000 3.0000 2.5000
v 34.5000 0.0000 1.5000
v 34.5000 3.0000 1.5000
v 34.5000 0.0000 0.5000
v 34.5000 3.0000 0.5000
v 34.5000 4.0000 0.5000
v 34.5000 4.0000 1.5000
v 34.5000 0.0000 -0.5000
v 34.5000 4.0000 -0.5000
v 34.5000 0.0000 -1.5000
v 34.5000 4.0000 -1.5000
v 34.5000 0.0000 -2.5000
v 34.5000 4.0000 -2.5000
v 34.5000 5.0000 -2.5000
v 34.5000 5.0000 -1.5000
v 34.5000 0.0000 -3.5000
v 34.5000 4.0000 -3.5000
v 34.5000 5.0000 -3.5000
v 34.5000 0.0000 -4.5000
v 34.5000 5.0000 -4.5000
v 34.5000 0.0000 -5.5000
v 34.5000 5.0000 -5.5000
v 34.5000 6.0000 -5.5000
v 34.5000 6.0000 -4.5000
v 34.5000 0.0000 -6.5000
v 34.5000 5.0000 -6.5000
v 34.5000 6.0000 -6.5000
v 34.5000 0.0000 -7.5000
v 34.5000 5.0000 -7.5000
v 34.5000 6.0000 -7.5000
v 34.5000 0.0000 -8.5000
v 34.5000 5.0000 -8.5000
v 34.5000 6.0000 -8.5000
v 34.5000 0.0000 -9.5000
v 34.5000 5.0000 -9.5000
v 34.5000 6.0000 -9.5000
v 34.5000 0.0000 -10.5000
v 34.5000 5.0000 -10.5000
v 34.5000 6.0000 -10.5000
v 34.5000 0.0000 -11.5000
v 34.5000 5.0000 -11.5000
v 34.5000 6.0000 -11.5000
v 34.5000 0.0000 -12.5000
v 34.5000 5.0000 -12.5000
v 34.5000 0.0000 -13.5000
v 34.5000 4.0000 -12.5000
v 34.5000 4.0000 -13.5000
v 34.5000 5.0000 -13.5000
v 34.5000 0.0000 -14.5000
v 34.5000 4.0000 -14.5000
v 34.5000 5.0000 -14.5000
v 34.5000 0.0000 -15.5000
v 34.5000 4.0000 -15.5000
v 34.5000 0.0000 -16.5000
v 34.5000 3.0000 -15.5000
v 34.5000 3.0000 -16.5000
v 34.5000 4.0000 -16.5000
v 34.5000 0.0000 -17.5000
v 34.5000 3.0000 -17.5000
v 34.5000 4.0000 -17.5000
v 34.5000 0.0000 -18.5000
v 34.5000 3.0000 -18.5000
v 34.5000 0.0000 -19.5000
v 34.5000 2.0000 -18.5000
v 34.5000 2.0000 -19.5000
v 34.5000 3.0000 -19.5000
v 34.5000 0.0000 -20.5000
v 34.5000 2.0000 -20.5000
v 34.5000 3.0000 -20.5000
v 34.5000 0.0000 -21.5000
v 34.5000 2.0000 -21.5000
v 34.5000 0.0000 -22.5000
v 34.5000 2.0000 -22.5000
v 34.5000 0.0000 -23.5000
v 34.5000 1.0000 -22.5000
v 34.5000 1.0000 -23.5000
v 34.5000 2.0000 -23.5000
v 34.5000 1.0000 -24.5000
v 34.5000 0.0000 -24.5000
v 34.5000 1.0000 -25.5000
v 34.5000 0.0000 -25.5000
v 34.5000 1.0000 -26.5000
v 34.5000 0.0000 -26.5000
v 34.5000 0.0000 -27.5000
v 34.5000 1.0000 -27.5000
v 35.5000 0.0000 10.5000
v 35.5000 0.0000 9.5000
v 35.5000 1.0000 9.5000
v 35.5000 1.0000 10.5000
v 35.5000 1.0000 8.5000
v 35.5000 0.0000 8.5000
v 35.5000 1.0000 7.5000
v 35.5000 0.0000 7.5000
v 35.5000 1.0000 6.5000
v 35.5000 0.0000 6.5000
v 35.5000 0.0000 5.5000
v 35.5000 1.0000 5.5000
v 35.5000 2.0000 5.5000
v 35.5000 2.0000 6.5000
v 35.5000 0.0000 4.5000
v 35.5000 2.0000 4.5000
v 35.5000 0.0000 3.5000
v 35.5000 2.0000 3.5000
v 35.5000 0.0000 2.5000
v 35.5000 2.0000 2.5000
v 35.5000 3.0000 2.5000
v 35.5000 3.0000 3.5000
v 35.5000 0.0000 1.5000
v 35.5000 2.0000 1.5000
v 35.5000 3.0000 1.5000
v 35.5000 0.0000 0.5000
v 35.5000 3.0000 0.5000
v 35.5000 0.0000 -0.5000
v 35.5000 3.0000 -0.5000
v 35.5000 4.0000 -0.5000
v 35.5000 4.0000 0.5000
v 35.5000 0.0000 -1.5000
v 35.5000 3.0000 -1.5000
v 35.5000 4.0000 -1.5000
v 35.5000 0.0000 -2.5000
v 35.5000 4.0000 -2.5000
v 35.5000 0.0000 -3.5000
v 35.5000 4.0000 -3.5000
v 35.5000 0.0000 -4.5000
v 35.5000 4.0000 -4.5000
v 35.5000 5.0000 -4.5000
v 35.5000 5.0000 -3.5000
v 35.5000 0.0000 -5.5000
v 35.5000 4.0000 -5.5000
v 35.5000 5.0000 -5.5000
v 35.5000 0.0000 -6.5000
v 35.5000 4.0000 -6.5000
v 35.5000 5.0000 -6.5000
v 35.5000 0.0000 -7.5000
v 35.5000 4.0000 -7.5000
v 35.5000 5.0000 -7.5000
v 35.5000 0.0000 -8.5000
v 35.5000 4.0000 -8.5000
v 35.5000 5.0000 -8.5000
v 35.5000 0.0000 -9.5000
v 35.5000 4.0000 -9.5000
v 35.5000 5.0000 -9.5000
v 35.5000 0.0000 -10.5000
v 35.5000 4.0000 -10.5000
v 35.5000 5.0000 -10.5000
v 35.5000 0.0000 -11.5000
v 35.5000 4.0000 -11.5000
v 35.5000 5.0000 -11.5000
v 35.5000 0.0000 -12.5000
v 35.5000 4.0000 -12.5000
v 35.5000 5.0000 -12.5000
v 35.5000 0.0000 -13.5000
v 35.5000 4.0000 -13.5000
v 35.5000 0.0000 -14.5000
v 35.5000 3.0000 -13.5000
v 35.5000 3.0000 -14.5000
v 35.5000 4.0000 -14.5000
v 35.5000 0.0000 -15.5000
v 35.5000 3.0000 -15.5000
v 35.5000 4.0000 -15.5000
v 35.5000 0.0000 -16.5000
v 35.5000 3.0000 -16.5000
v 35.5000 0.0000 -17.5000
v 35.5000 3.0000 -17.5000
v 35.5000 0.0000 -18.5000
v 35.5000 2.0000 -17.5000
v 35.5000 2.0000 -18.5000
v 35.5000 3.0000 -18.5000
v 35.5000 0.0000 -19.5000
v 35.5000 2.0000 -19.5000
v 35.5000 0.0000 -20.5000
v 35.5000 2.0000 -20.5000
v 35.5000 0.0000 -21.5000
v 35.5000 2.0000 -21.5000
v 35.5000 0.0000 -22.5000
v 35.5000 1.0000 -21.5000
v 35.5000 1.0000 -22.5000
v 35.5000 2.0000 -22.5000
v 35.5000 1.0000 -23.5000
v 35.5000 0.0000 -23.5000
v 35.5000 1.0000 -24.5000
v 35.5000 0.0000 -24.5000
v 35.5000 1.0000 -25.5000
v 35.5000 0.0000 -25.5000
v 35.5000 0.0000 -26.5000
v 35.5000 1.0000 -26.5000
v 36.5000 0.0000 9.5000
v 36.5000 0.0000 8.5000
v 36.5000 1.0000 8.5000
v 36.5000 1.0000 9.5000
v 36.5000 1.0000 7.5000
v 36.5000 0.0000 7.5000
v 36.5000 1.0000 6.5000
v 36.5000 0.0000 6.5000
v 36.5000 1.0000 5.5000
v 36.5000 0.0000 5.5000
v 36.5000 0.0000 4.5000
v 36.5000 1.0000 4.5000
v 36.5000 2.0000 4.5000
v 36.5000 2.0000 5.5000
v 36.5000 0.0000 3.5000
v 36.5000 2.0000 3.5000
v 36.5000 0.0000 2.5000
v 36.5000 2.0000 2.5000
v 36.5000 0.0000 1.5000
v 36.5000 2.0000 1.5000
v 36.5000 0.0000 0.5000
v 36.5000 2.0000 0.5000
v 36.5000 3.0000 0.5000
v 36.5000 3.0000 1.5000
v 36.5000 0.0000 -0.5000
v 36.5000 2.0000 -0.5000
v 36.5000 3.0000 -0.5000
v 36.5000 0.0000 -1.5000
v 36.5000 3.0000 -1.5000
v 36.5000 0.0000 -2.5000
v 36.5000 3.0000 -2.5000
v 36.5000 4.0000 -2.5000
v 36.5000 4.0000 -1.5000
v 36.5000 0.0000 -3.5000
v 36.5000 3.0000 -3.5000
v 36.5000 4.0000 -3.5000
v 36.5000 0.0000 -4.5000
v 36.5000 3.0000 -4.5000
v 36.5000 4.0000 -4.5000
v 36.5000 0.0000 -5.5000
v 36.5000 3.0000 -5.5000
v 36.5000 4.0000 -5.5000
v 36.5000 0.0000 -6.5000
v 36.5000 4.0000 -6.5000
v 36.5000 0.0000 -7.5000
v 36.5000 4.0000 -7.5000
v 36.5000 0.0000 -8.5000
v 36.5000 4.0000 -8.5000
v 36.5000 0.0000 -9.5000
v 36.5000 4.0000 -9.5000
v 36.5000 0.0000 -10.5000
v 36.5000 4.0000 -10.5000
v 36.5000 0.0000 -11.5000
v 36.5000 3.0000 -10.5000
v 36.5000 3.0000 -11.5000
v 36.5000 4.0000 -11.5000
v 36.5000 0.0000 -12.5000
v 36.5000 3.0000 -12.5000
v 36.5000 4.0000 -12.5000
v 36.5000 0.0000 -13.5000
v 36.5000 3.0000 -13.5000
v 36.5000 4.0000 -13.5000
v 36.5000 0.0000 -14.5000
v 36.5000 3.0000 -14.5000
v 36.5000 0.0000 -15.5000
v 36.5000 3.0000 -15.5000
v 36.5000 0.0000 -16.5000
v 36.5000 2.0000 -15.5000
v 36.5000 2.0000 -16.5000
v 36.5000 3.0000 -16.5000
v 36.5000 0.0000 -17.5000
v 36.5000 2.0000 -17.5000
v 36.5000 3.0000 -17.5000
v 36.5000 0.0000 -18.5000
v 36.5000 2.0000 -18.5000
v 36.5000 0.0000 -19.5000
v 36.5000 2.0000 -19.5000
v 36.5000 0.0000 -20.5000
v 36.5000 1.0000 -19.5000
v 36.5000 1.0000 -20.5000
v 36.5000 2.0000 -20.5000
v 36.5000 0.0000 -21.5000
v 36.5000 1.0000 -21.5000
v 36.5000 2.0000 -21.5000
v 36.5000 1.0000 -22.5000
v 36.5000 0.0000 -22.5000
v 36.5000 1.0000 -23.5000
v 36.5000 0.0000 -23.5000
v 36.5000 1.0000 -24.5000
v 36.5000 0.0000 -24.5000
v 36.5000 0.0000 -25.5000
v 36.5000 1.0000 -25.5000
v 37.5000 0.0000 8.5000
v 37.5000 0.0000 7.5000
v 37.5000 1.0000 7.5000
v 37.5000 1.0000 8.5000
v 37.5000 1.0000 6.5000
v 37.5000 0.0000 6.5000
v 37.5000 1.0000 5.5000
v 37.5000 0.0000 5.5000
v 37.5000 1.0000 4.5000
v 37.5000 0.0000 4.5000
v 37.5000 0.0000 3.5000
v 37.5000 1.0000 3.5000
v 37.5000 2.0000 3.5000
v 37.5000 2.0000 4.5000
v 37.5000 0.0000 2.5000
v 37.5000 1.0000 2.5000
v 37.5000 2.0000 2.5000
v 37.5000 0.0000 1.5000
v 37.5000 2.0000 1.5000
v 37.5000 0.0000 0.5000
v 37.5000 2.0000 0.5000
v 37.5000 0.0000 -0.5000
v 37.5000 2.0000 -0.5000
v 37.5000 0.0000 -1.5000
v 37.5000 2.0000 -1.5000
v 37.5000 3.0000 -1.5000
v 37.5000 3.0000 -0.5000
v 37.5000 0.0000 -2.5000
v 37.5000 2.0000 -2.5000
v 37.5000 3.0000 -2.5000
v 37.5000 0.0000 -3.5000
v 37.5000 3.0000 -3.5000
v 37.5000 0.0000 -4.5000
v 37.5000 3.0000 -4.5000
v 37.5000 0.0000 -5.5000
v 37.5000 3.0000 -5.5000
v 37.5000 0.0000 -6.5000
v 37.5000 3.0000 -6.5000
v 37.5000 4.0000 -6.5000
v 37.5000 4.0000 -5.5000
v 37.5000 0.0000 -7.5000
v 37.5000 3.0000 -7.5000
v 37.5000 4.0000 -7.5000
v 37.5000 0.0000 -8.5000
v 37.5000 3.0000 -8.5000
v 37.5000 4.0000 -8.5000
v 37.5000 0.0000 -9.5000
v 37.5000 3.0000 -9.5000
v 37.5000 4.0000 -9.5000
v 37.5000 0.0000 -10.5000
v 37.5000 3.0000 -10.5000
v 37.5000 4.0000 -10.5000
v 37.5000 0.0000 -11.5000
v 37.5000 3.0000 -11.5000
v 37.5000 0.0000 -12.5000
v 37.5000 3.0000 -12.5000
v 37.5000 0.0000 -13.5000
v 37.5000 3.0000 -13.5000
v 37.5000 0.0000 -14.5000
v 37.5000 2.0000 -13.5000
v 37.5000 2.0000 -14.5000
v 37.5000 3.0000 -14.5000
v 37.5000 0.0000 -15.5000
v 37.5000 2.0000 -15.5000
v 37.5000 3.0000 -15.5000
v 37.5000 0.0000 -16.5000
v 37.5000 2.0000 -16.5000
v 37.5000 0.0000 -17.5000
v 37.5000 2.0000 -17.5000
v 37.5000 0.0000 -18.5000
v 37.5000 2.0000 -18.5000
v 37.5000 0.0000 -19.5000
v 37.5000 1.0000 -18.5000
v 37.5000 1.0000 -19.5000
v 37.5000 2.0000 -19.5000
v 37.5000 1.0000 -20.5000
v 37.5000 0.0000 -20.5000
v 37.5000 1.0000 -21.5000
v 37.5000 0.0000 -21.5000
v 37.5000 1.0000 -22.5000
v 37.5000 0.0000 -22.5000
v 37.5000 1.0000 -23.5000
v 37.5000 0.0000 -23.5000
v 37.5000 0.0000 -24.5000
v 37.5000 1.0000 -24.5000
v 38.5000 0.0000 7.5000
v 38.5000 0.0000 6.5000
v 38.5000 1.0000 6.5000
v 38.5000 1.0000 7.5000
v 38.5000 1.0000 5.5000
v 38.5000 0.0000 5.5000
v 38.5000 1.0000 4.5000
v 38.5000 0.0000 4.5000
v 38.5000 1.0000 3.5000
v 38.5000 0.0000 3.5000
v 38.5000 1.0000 2.5000
v 38.5000 0.0000 2.5000
v 38.5000 0.0000 1.5000
v 38.5000 1.0000 1.5000
v 38.5000 2.0000 1.5000
v 38.5000 2.0000 2.5000
v 38.5000 0.0000 0.5000
v 38.5000 1.0000 0.5000
v 38.5000 2.0000 0.5000
v 38.5000 0.0000 -0.5000
v 38.5000 2.0000 -0.5000
v 38.5000 0.0000 -1.5000
v 38.5000 2.0000 -1.5000
v 38.5000 0.0000 -2.5000
v 38.5000 2.0000 -2.5000
v 38.5000 0.0000 -3.5000
v 38.5000 2.0000 -3.5000
v 38.5000 3.0000 -3.5000
v 38.5000 3.0000 -2.5000
v 38.5000 0.0000 -4.5000
v 38.5000 2.0000 -4.5000
v 38.5000 3.0000 -4.5000
v 38.5000 0.0000 -5.5000
v 38.5000 2.0000 -5.5000
v 38.5000 3.0000 -5.5000
v 38.5000 0.0000 -6.5000
v 38.5000 2.0000 -6.5000
v 38.5000 3.0000 -6.5000
v 38.5000 0.0000 -7.5000
v 38.5000 2.0000 -7.5000
v 38.5000 3.0000 -7.5000
v 38.5000 0.0000 -8.5000
v 38.5000 2.0000 -8.5000
v 38.5000 3.0000 -8.5000
v 38.5000 0.0000 -9.5000
v 38.5000 2.0000 -9.5000
v 38.5000 3.0000 -9.5000
v 38.5000 0.0000 -10.5000
v 38.5000 2.0000 -10.5000
v 38.5000 3.0000 -10.5000
v 38.5000 0.0000 -11.5000
v 38.5000 2.0000 -11.5000
v 38.5000 3.0000 -11.5000
v 38.5000 0.0000 -12.5000
v 38.5000 2.0000 -12.5000
v 38.5000 3.0000 -12.5000
v 38.5000 0.0000 -13.5000
v 38.5000 2.0000 -13.5000
v 38.5000 3.0000 -13.5000
v 38.5000 0.0000 -14.5000
v 38.5000 2.0000 -14.5000
v 38.5000 0.0000 -15.5000
v 38.5000 2.0000 -15.5000
v 38.5000 0.0000 -16.5000
v 38.5000 2.0000 -16.5000
v 38.5000 0.0000 -17.5000
v 38.5000 1.0000 -16.5000
v 38.5000 1.0000 -17.5000
v 38.5000 2.0000 -17.5000
v 38.5000 0.0000 -18.5000
v 38.5000 1.0000 -18.5000
v 38.5000 2.0000 -18.5000
v 38.5000 1.0000 -19.5000
v 38.5000 0.0000 -19.5000
v 38.5000 1.0000 -20.5000
v 38.5000 0.0000 -20.5000
v 38.5000 1.0000 -21.5000
v 38.5000 0.0000 -21.5000
v 38.5000 1.0000 -22.5000
v 38.5000 0.0000 -22.5000
v 38.5000 0.0000 -23.5000
v 38.5000 1.0000 -23.5000
v 39.5000 0.0000 6.5000
v 39.5000 0.0000 5.5000
v 39.5000 1.0000 5.5000
v 39.5000 1.0000 6.5000
v 39.5000 1.0000 4.5000
v 39.5000 0.0000 4.5000
v 39.5000 1.0000 3.5000
v 39.5000 0.0000 3.5000
v 39.5000 1.0000 2.5000
v 39.5000 0.0000 2.5000
v 39.5000 1.0000 1.5000
v 39.5000 0.0000 1.5000
v 39.5000 1.0000 0.5000
v 39.5000 0.0000 0.5000
v 39.5000 0.0000 -0.5000
v 39.5000 1.0000 -0.5000
v 39.5000 2.0000 -0.5000
v 39.5000 2.0000 0.5000
v 39.5000 0.0000 -1.5000
v 39.5000 1.0000 -1.5000
v 39.5000 2.0000 -1.5000
v 39.5000 0.0000 -2.5000
v 39.5000 2.0000 -2.5000
v 39.5000 0.0000 -3.5000
v 39.5000 2.0000 -3.5000
v 39.5000 0.0000 -4.5000
v 39.5000 2.0000 -4.5000
v 39.5000 0.0000 -5.5000
v 39.5000 2.0000 -5.5000
v 39.5000 0.0000 -6.5000
v 39.5000 2.0000 -6.5000
v 39.5000 0.0000 -7.5000
v 39.5000 2.0000 -7.5000
v 39.5000 0.0000 -8.5000
v 39.5000 2.0000 -8.5000
v 39.5000 0.0000 -9.5000
v 39.5000 2.0000 -9.5000
v 39.5000 0.0000 -10.5000
v 39.5000 2.0000 -10.5000
v 39.5000 0.0000 -11.5000
v 39.5000 2.0000 -11.5000
v 39.5000 0.0000 -12.5000
v 39.5000 2.0000 -12.5000
v 39.5000 0.0000 -13.5000
v 39.5000 2.0000 -13.5000
v 39.5000 0.0000 -14.5000
v 39.5000 2.0000 -14.5000
v 39.5000 0.0000 -15.5000
v 39.5000 1.0000 -14.5000
v 39.5000 1.0000 -15.5000
v 39.5000 2.0000 -15.5000
v 39.5000 0.0000 -16.5000
v 39.5000 1.0000 -16.5000
v 39.5000 2.0000 -16.5000
v 39.5000 1.0000 -17.5000
v 39.5000 0.0000 -17.5000
v 39.5000 1.0000 -18.5000
v 39.5000 0.0000 -18.5000
v 39.5000 1.0000 -19.5000
v 39.5000 0.0000 -19.5000
v 39.5000 1.0000 -20.5000
v 39.5000 0.0000 -20.5000
v 39.5000 1.0000 -21.5000
v 39.5000 0.0000 -21.5000
v 39.5000 0.0000 -22.5000
v 39.5000 1.0000 -22.5000
v 40.5000 0.0000 5.5000
v 40.5000 0.0000 4.5000
v 40.5000 1.0000 4.5000
v 40.5000 1.0000 5.5000
v 40.5000 0.0000 3.5000
v 40.5000 1.0000 3.5000
v 40.5000 0.0000 2.5000
v 40.5000 1.0000 2.5000
v 40.5000 0.0000 1.5000
v 40.5000 1.0000 1.5000
v 40.5000 0.0000 0.5000
v 40.5000 1.0000 0.5000
v 40.5000 0.0000 -0.5000
v 40.5000 1.0000 -0.5000
v 40.5000 0.0000 -1.5000
v 40.5000 1.0000 -1.5000
v 40.5000 0.0000 -2.5000
v 40.5000 1.0000 -2.5000
v 40.5000 2.0000 -2.5000
v 40.5000 2.0000 -1.5000
v 40.5000 0.0000 -3.5000
v 40.5000 1.0000 -3.5000
v 40.5000 2.0000 -3.5000
v 40.5000 0.0000 -4.5000
v 40.5000 1.0000 -4.5000
v 40.5000 2.0000 -4.5000
v 40.5000 0.0000 -5.5000
v 40.5000 1.0000 -5.5000
v 40.5000 2.0000 -5.5000
v 40.5000 0.0000 -6.5000
v 40.5000 1.0000 -6.5000
v 40.5000 2.0000 -6.5000
v 40.5000 0.0000 -7.5000
v 40.5000 1.0000 -7.5000
v 40.5000 2.0000 -7.5000
v 40.5000 0.0000 -8.5000
v 40.5000 1.0000 -8.5000
v 40.5000 2.0000 -8.5000
v 40.5000 0.0000 -9.5000
v 40.5000 1.0000 -9.5000
v 40.5000 2.0000 -9.5000
v 40.5000 0.0000 -10.5000
v 40.5000 1.0000 -10.5000
v 40.5000 2.0000 -10.5000
v 40.5000 0.0000 -11.5000
v 40.5000 1.0000 -11.5000
v 40.5000 2.0000 -11.5000
v 40.5000 0.0000 -12.5000
v 40.5000 1.0000 -12.5000
v 40.5000 2.0000 -12.5000
v 40.5000 0.0000 -13.5000
v 40.5000 1.0000 -13.5000
v 40.5000 2.0000 -13.5000
v 40.5000 0.0000 -14.5000
v 40.5000 1.0000 -14.5000
v 40.5000 2.0000 -14.5000
v 40.5000 0.0000 -15.5000
v 40.5000 1.0000 -15.5000
v 40.5000 0.0000 -16.5000
v 40.5000 1.0000 -16.5000
v 40.5000 0.0000 -17.5000
v 40.5000 1.0000 -17.5000
v 40.5000 0.0000 -18.5000
v 40.5000 1.0000 -18.5000
v 40.5000 0.0000 -19.5000
v 40.5000 1.0000 -19.5000
v 40.5000 0.0000 -20.5000
v 40.5000 1.0000 -20.5000
v 40.5000 0.0000 -21.5000
v 40.5000 1.0000 -21.5000
usemtl c40
f 109 117 340 338
f 117 125 345 340
f 125 133 348 345
f 133 141 351 348
f 141 149 354 351
f 149 157 357 354
f 157 165 360 357
f 165 173 363 360
f 173 181 366 363
f 329 334 461 459
f 334 336 466 461
f 336 338 469 466
f 338 340 471 469
f 340 345 473 471
f 345 348 478 473
f 348 351 481 478
f 351 354 484 481
f 354 357 487 484
f 357 360 490 487
f 360 363 493 490
f 363 366 497 493
f 366 370 499 497
f 370 372 502 499
f 372 374 505 502
f 452 457 587 585
f 457 459 592 587
f 459 461 594 592
f 461 466 596 594
f 466 469 601 596
f 469 471 604 601
f 471 473 606 604
f 473 478 608 606
f 478 481 613 608
f 481 484 616 613
f 484 487 619 616
f 487 490 622 619
f 490 493 626 622
f 493 497 628 626
f 497 499 631 628
f 499 502 634 631
f 502 505 638 634
f 505 509 640 638
f 509 511 643 640
f 581 585 721 719
f 585 587 725 721
f 587 592 727 725
f 592 594 732 727
f 594 596 734 732
f 596 601 739 734
f 601 604 742 739
f 604 606 745 742
f 606 608 747 745
f 608 613 749 747
f 613 616 754 749
f 616 619 757 754
f 619 622 761 757
f 622 626 763 761
f 626 628 766 763
f 628 631 769 766
f 631 634 772 769
f 634 638 776 772
f 638 640 779 776
f 640 643 783 779
f 643 647 785 783
f 712 717 859 857
f 717 719 864 859
f 719 721 866 864
f 721 725 871 866
f 725 727 873 871
f 727 732 878 873
f 732 734 880 878
f 734 739 882 880
f 739 742 887 882
f 742 745 890 887
f 745 747 893 890
f 747 749 895 893
f 749 754 900 895
f 754 757 903 900
f 757 761 907 903
f 761 763 910 907
f 763 766 913 910
f 766 769 916 913
f 769 772 920 916
f 772 776 922 920
f 776 779 925 922
f 779 783 929 925
f 783 785 932 929
f 785 789 936 932
f 789 791 939 936
f 853 857 1005 1003
f 857 859 1009 1005
f 859 864 1011 1009
f 864 866 1015 1011
f 866 871 1017 1015
f 871 873 1021 1017
f 873 878 1023 1021
f 878 880 1028 1023
f 880 882 1030 1028
f 882 887 1035 1030
f 887 890 1038 1035
f 890 893 1041 1038
f 893 895 1043 1041
f 895 900 1048 1043
f 900 903 1051 1048
f 903 907 1055 1051
f 907 910 1058 1055
f 910 913 1061 1058
f 913 916 1064 1061
f 916 920 1068 1064
f 920 922 1071 1068
f 922 925 1075 1071
f 925 929 1077 1075
f 929 932 1081 1077
f 932 936 1083 1081
f 936 939 1087 1083
f 939 943 1089 1087
f 999 1003 1153 1151
f 1003 1005 1157 1153
f 1005 1009 1159 1157
f 1009 1011 1163 1159
f 1011 1015 1168 1163
f 1015 1017 1170 1168
f 1017 1021 1175 1170
f 1021 1023 1177 1175
f 1023 1028 1182 1177
f 1028 1030 1184 1182
f 1030 1035 1189 1184
f 1035 1038 1192 1189
f 1038 1041 1195 1192
f 1041 1043 1200 1195
f 1043 1048 1203 1200
f 1048 1051 1206 1203
f 1051 1055 1209 1206
f 1055 1058 1214 1209
f 1058 1061 1217 1214
f 1061 1064 1220 1217
f 1064 1068 1224 1220
f 1068 1071 1227 1224
f 1071 1075 1231 1227
f 1075 1077 1234 1231
f 1077 1081 1238 1234
f 1081 1083 1241 1238
f 1083 1087 1245 1241
f 1087 1089 1249 1245
f 1089 1093 1251 1249
f 1147 1151 1306 1303
f 1151 1153 1310 1306
f 1153 1157 1312 1310
f 1157 1159 1316 1312
f 1159 1163 1320 1316
f 1163 1168 1322 1320
f 1168 1170 1326 1322
f 1170 1175 1331 1326
f 1175 1177 1333 1331
f 1177 1182 1338 1333
f 1182 1184 1340 1338
f 1184 1189 1345 1340
f 1189 1192 1348 1345
f 1209 1214 1368 1364
f 1214 1217 1371 1368
f 1217 1220 1374 1371
f 1220 1224 1378 1374
f 1224 1227 1381 1378
f 1227 1231 1385 1381
f 1231 1234 1388 1385
f 1234 1238 1392 1388
f 1238 1241 1396 1392
f 1241 1245 1398 1396
f 1245 1249 1402 1398
f 1249 1251 1406 1402
f 1251 1255 1408 1406
f 1303 1306 1467 1465
f 1306 1310 1470 1467
f 1310 1312 1474 1470
f 1312 1316 1478 1474
f 1316 1320 1480 1478
f 1320 1322 1484 1480
f 1322 1326 1488 1484
f 1326 1331 1493 1488
f 1331 1333 1495 1493
f 1333 1338 1500 1495
f 1374 1378 1542 1538
f 1378 1381 1545 1542
f 1381 1385 1549 1545
f 1385 1388 1552 1549
f 1388 1392 1556 1552
f 1392 1396 1560 1556
f 1396 1398 1564 1560
f 1398 1402 1566 1564
f 1402 1406 1570 1566
f 1406 1408 1574 1570
f 1408 1412 1576 1574
f 1461 1465 1628 1626
f 1465 1467 1632 1628
f 1467 1470 1636 1632
f 1470 1474 1638 1636
f 1474 1478 1641 1638
f 1478 1480 1645 1641
f 1480 1484 1649 1645
f 1484 1488 1653 1649
f 1488 1493 1655 1653
f 1545 1549 1711 1707
f 1549 1552 1715 1711
f 1552 1556 1717 1715
f 1556 1560 1721 1717
f 1560 1564 1725 1721
f 1564 1566 1729 1725
f 1566 1570 1731 1729
f 1570 1574 1735 1731
f 1574 1576 1739 1735
f 1622 1626 1792 1789
f 1626 1628 1796 1792
f 1628 1632 1798 1796
f 1632 1636 1801 1798
f 1636 1638 1805 1801
f 1638 1641 1809 1805
f 1641 1645 1813 1809
f 1645 1649 1817 1813
f 1649 1653 1822 1817
f 1711 1715 1887 1883
f 1715 1717 1890 1887
f 1717 1721 1894 1890
f 1721 1725 1898 1894
f 1725 1729 1902 1898
f 1729 1731 1906 1902
f 1731 1735 1909 1906
f 1735 1739 1911 1909
f 1739 1742 1915 1911
f 1789 1792 1964 1962
f 1792 1796 1967 1964
f 1796 1798 1971 1967
f 1798 1801 1975 1971
f 1801 1805 1979 1975
f 1805 1809 1983 1979
f 1809 1813 1987 1983
f 1813 1817 1989 1987
f 1887 1890 2067 2063
f 1890 1894 2070 2067
f 1894 1898 2072 2070
f 1898 1902 2076 2072
f 1902 1906 2080 2076
f 1906 1909 2084 2080
f 1909 1911 2088 2084
f 1911 1915 2091 2088
f 1958 1962 2137 2134
f 1962 1964 2141 2137
f 1964 1967 2145 2141
f 1967 1971 2147 2145
f 1971 1975 2150 2147
f 1975 1979 2153 2150
f 1979 1983 2156 2153
f 1983 1987 2159 2156
f 2067 2070 2243 2239
f 2070 2072 2247 2243
f 2072 2076 2250 2247
f 2076 2080 2253 2250
f 2080 2084 2256 2253
f 2084 2088 2258 2256
f 2088 2091 2262 2258
f 2091 2094 2266 2262
f 2134 2137 2315 2313
f 2137 2141 2318 2315
f 2141 2145 2321 2318
f 2145 2147 2325 2321
f 2147 2150 2329 2325
f 2150 2153 2333 2329
f 2153 2156 2337 2333
f 2243 2247 2427 2423
f 2247 2250 2431 2427
f 2250 2253 2435 2431
f 2253 2256 2439 2435
f 2256 2258 2443 2439
f 2258 2262 2446 2443
f 2262 2266 2449 2446
f 2309 2313 2493 2490
f 2313 2315 2497 2493
f 2315 2318 2501 2497
f 2318 2321 2503 2501
f 2321 2325 2506 2503
f 2325 2329 2509 2506
f 2329 2333 2512 2509
f 2427 2431 2613 2609
f 2431 2435 2617 2613
f 2435 2439 2621 2617
f 2439 2443 2625 2621
f 2443 2446 2629 2625
f 2446 2449 2633 2629
f 2449 2452 2637 2633
f 2490 2493 2678 2675
f 2493 2497 2681 2678
f 2497 2501 2684 2681
f 2501 2503 2688 2684
f 2503 2506 2692 2688
f 2506 2509 2696 2692
f 2509 2512 2700 2696
f 2609 2613 2796 2793
f 2613 2617 2799 2796
f 2617 2621 2802 2799
f 2621 2625 2805 2802
f 2625 2629 2808 2805
f 2629 2633 2811 2808
f 2633 2637 2814 2811
f 2675 2678 2860 2858
f 2678 2681 2863 2860
f 2681 2684 2866 2863
f 2684 2688 2869 2866
f 2688 2692 2872 2869
f 2692 2696 2875 2872
f 2796 2799 2980 2976
f 2799 2802 2984 2980
f 2802 2805 2989 2984
f 2805 2808 2992 2989
f 2808 2811 2995 2992
f 2811 2814 2998 2995
f 2814 2817 3000 2998
f 2854 2858 3038 3035
f 2858 2860 3042 3038
f 2860 2863 3046 3042
f 2863 2866 3050 3046
f 2866 2869 3054 3050
f 2869 2872 3058 3054
f 2872 2875 3062 3058
f 2976 2980 3160 3157
f 2980 2984 3163 3160
f 2984 2989 3166 3163
f 2989 2992 3170 3166
f 2992 2995 3174 3170
f 2995 2998 3178 3174
f 2998 3000 3182 3178
f 3035 3038 3221 3218
f 3038 3042 3224 3221
f 3042 3046 3227 3224
f 3046 3050 3230 3227
f 3050 3054 3233 3230
f 3054 3058 3236 3233
f 3058 3062 3239 3236
f 3160 3163 3350 3345
f 3163 3166 3353 3350
f 3166 3170 3356 3353
f 3170 3174 3359 3356
f 3174 3178 3362 3359
f 3178 3182 3365 3362
f 3218 3221 3403 3400
f 3221 3224 3406 3403
f 3224 3227 3409 3406
f 3227 3230 3412 3409
f 3230 3233 3415 3412
f 3233 3236 3418 3415
f 3345 3350 3530 3527
f 3350 3353 3534 3530
f 3353 3356 3539 3534
f 3356 3359 3542 3539
f 3359 3362 3545 3542
f 3362 3365 3548 3545
f 3400 3403 3591 3589
f 3403 3406 3594 3591
f 3406 3409 3597 3594
f 3409 3412 3600 3597
f 3412 3415 3603 3600
f 3415 3418 3608 3603
f 3527 3530 3707 3704
f 3530 3534 3710 3707
f 3534 3539 3713 3710
f 3539 3542 3717 3713
f 3542 3545 3721 3717
f 3545 3548 3725 3721
f 3548 3551 3729 3725
f 3589 3591 3767 3765
f 3591 3594 3770 3767
f 3594 3597 3773 3770
f 3597 3600 3776 3773
f 3600 3603 3781 3776
f 3603 3608 3784 3781
f 3707 3710 3897 3892
f 3710 3713 3900 3897
f 3713 3717 3903 3900
f 3717 3721 3906 3903
f 3721 3725 3909 3906
f 3725 3729 3912 3909
f 3765 3767 3951 3949
f 3767 3770 3954 3951
f 3770 3773 3957 3954
f 3773 3776 3960 3957
f 3776 3781 3964 3960
f 3781 3784 3967 3964
f 3892 3897 4067 4064
f 3897 3900 4072 4067
f 3900 3903 4075 4072
f 3903 3906 4078 4075
f 3906 3909 4081 4078
f 3909 3912 4084 4081
f 3943 3949 4120 4114
f 3949 3951 4124 4120
f 3951 3954 4126 4124
f 3954 3957 4129 4126
f 3957 3960 4134 4129
f 3960 3964 4137 4134
f 3964 3967 4140 4137
f 4064 4067 4245 4242
f 4067 4072 4248 4245
f 4072 4075 4253 4248
f 4075 4078 4256 4253
f 4078 4081 4259 4256
f 4081 4084 4262 4259
f 4114 4120 4302 4296
f 4120 4124 4305 4302
f 4124 4126 4307 4305
f 4126 4129 4310 4307
f 4129 4134 4314 4310
f 4134 4137 4317 4314
f 4137 4140 4320 4317
f 4242 4245 4419 4416
f 4245 4248 4422 4419
f 4248 4253 4425 4422
f 4253 4256 4430 4425
f 4256 4259 4433 4430
f 4259 4262 4436 4433
f 4262 4265 4438 4436
f 4296 4302 4474 4468
f 4302 4305 4478 4474
f 4305 4307 4480 4478
f 4307 4310 4483 4480
f 4310 4314 4487 4483
f 4314 4317 4490 4487
f 4317 4320 4493 4490
f 4416 4419 4592 4589
f 4419 4422 4595 4592
f 4422 4425 4598 4595
f 4425 4430 4601 4598
f 4430 4433 4605 4601
f 4433 4436 4609 4605
f 4436 4438 4613 4609
f 4474 4478 4651 4649
f 4478 4480 4654 4651
f 4480 4483 4657 4654
f 4483 4487 4662 4657
f 4487 4490 4665 4662
f 4490 4493 4668 4665
f 4589 4592 4767 4762
f 4592 4595 4770 4767
f 4595 4598 4773 4770
f 4598 4601 4776 4773
f 4601 4605 4779 4776
f 4605 4609 4782 4779
f 4609 4613 4785 4782
f 4649 4651 4823 4821
f 4651 4654 4826 4823
f 4654 4657 4829 4826
f 4657 4662 4832 4829
f 4662 4665 4837 4832
f 4665 4668 4840 4837
f 4767 4770 4949 4944
f 4770 4773 4952 4949
f 4773 4776 4955 4952
f 4776 4779 4958 4955
f 4779 4782 4961 4958
f 4782 4785 4964 4961
f 4821 4823 5007 5005
f 4823 4826 5010 5007
f 4826 4829 5013 5010
f 4829 4832 5016 5013
f 4832 4837 5019 5016
f 4837 4840 5024 5019
f 4944 4949 5129 5125
f 4949 4952 5132 5129
f 4952 4955 5135 5132
f 4955 4958 5138 5135
f 4958 4961 5141 5138
f 4961 4964 5144 5141
f 5005 5007 5184 5181
f 5007 5010 5187 5184
f 5010 5013 5190 5187
f 5013 5016 5193 5190
f 5016 5019 5196 5193
f 5019 5024 5199 5196
f 5125 5129 5304 5301
f 5129 5132 5309 5304
f 5132 5135 5312 5309
f 5135 5138 5315 5312
f 5138 5141 5318 5315
f 5141 5144 5321 5318
f 5144 5147 5323 5321
f 5181 5184 5363 5360
f 5184 5187 5366 5363
f 5187 5190 5369 5366
f 5190 5193 5372 5369
f 5193 5196 5375 5372
f 5196 5199 5378 5375
f 5199 5204 5381 5378
f 5301 5304 5484 5481
f 5304 5309 5487 5484
f 5309 5312 5491 5487
f 5312 5315 5495 5491
f 5315 5318 5499 5495
f 5318 5321 5503 5499
f 5321 5323 5507 5503
f 5360 5363 5549 5546
f 5363 5366 5553 5549
f 5366 5369 5557 5553
f 5369 5372 5561 5557
f 5372 5375 5565 5561
f 5375 5378 5569 5565
f 5378 5381 5573 5569
f 5481 5484 5676 5673
f 5484 5487 5679 5676
f 5487 5491 5682 5679
f 5491 5495 5685 5682
f 5495 5499 5688 5685
f 5499 5503 5691 5688
f 5503 5507 5694 5691
f 5549 5553 5738 5736
f 5553 5557 5741 5738
f 5557 5561 5744 5741
f 5561 5565 5747 5744
f 5565 5569 5750 5747
f 5569 5573 5753 5750
f 5673 5676 5861 5858
f 5676 5679 5864 5861
f 5679 5682 5867 5864
f 5682 5685 5870 5867
f 5685 5688 5873 5870
f 5688 5691 5876 5873
f 5691 5694 5879 5876
f 5694 5697 5881 5879
f 5736 5738 5927 5924
f 5738 5741 5930 5927
f 5741 5744 5933 5930
f 5744 5747 5937 5933
f 5747 5750 5941 5937
f 5750 5753 5945 5941
f 5753 5758 5948 5945
f 5861 5864 6055 6051
f 5864 5867 6059 6055
f 5867 5870 6063 6059
f 5870 5873 6067 6063
f 5873 5876 6071 6067
f 5876 5879 6075 6071
f 5879 5881 6079 6075
f 5924 5927 6122 6119
f 5927 5930 6126 6122
f 5930 5933 6130 6126
f 5933 5937 6132 6130
f 5937 5941 6135 6132
f 5941 5945 6138 6135
f 5945 5948 6143 6138
f 6051 6055 6246 6243
f 6055 6059 6249 6246
f 6059 6063 6252 6249
f 6063 6067 6255 6252
f 6067 6071 6258 6255
f 6071 6075 6261 6258
f 6075 6079 6264 6261
f 6079 6082 6266 6264
f 6122 6126 6312 6310
f 6126 6130 6315 6312
f 6130 6132 6318 6315
f 6132 6135 6321 6318
f 6135 6138 6325 6321
f 6138 6143 6329 6325
f 6143 6147 6333 6329
f 6243 6246 6431 6428
f 6246 6249 6434 6431
f 6249 6252 6437 6434
f 6252 6255 6440 6437
f 6255 6258 6442 6440
f 6258 6261 6446 6442
f 6261 6264 6450 6446
f 6264 6266 6454 6450
f 6310 6312 6501 6498
f 6312 6315 6505 6501
f 6315 6318 6509 6505
f 6318 6321 6513 6509
f 6321 6325 6515 6513
f 6325 6329 6518 6515
f 6329 6333 6521 6518
f 6333 6337 6524 6521
f 6431 6434 6618 6614
f 6434 6437 6622 6618
f 6437 6440 6626 6622
f 6440 6442 6630 6626
f 6442 6446 6633 6630
f 6446 6450 6636 6633
f 6450 6454 6639 6636
f 6454 6457 6641 6639
f 6501 6505 6689 6687
f 6505 6509 6692 6689
f 6509 6513 6695 6692
f 6513 6515 6699 6695
f 6515 6518 6703 6699
f 6518 6521 6707 6703
f 6521 6524 6711 6707
f 6614 6618 6808 6805
f 6618 6622 6811 6808
f 6622 6626 6813 6811
f 6626 6630 6817 6813
f 6630 6633 6821 6817
f 6633 6636 6825 6821
f 6636 6639 6829 6825
f 6639 6641 6833 6829
f 6687 6689 6883 6880
f 6689 6692 6887 6883
f 6692 6695 6891 6887
f 6695 6699 6893 6891
f 6699 6703 6896 6893
f 6703 6707 6900 6896
f 6707 6711 6904 6900
f 6711 6715 6908 6904
f 6808 6811 7006 7002
f 6811 6813 7010 7006
f 6813 6817 7013 7010
f 6817 6821 7016 7013
f 6821 6825 7019 7016
f 6825 6829 7022 7019
f 6829 6833 7024 7022
f 6833 6836 7028 7024
f 6883 6887 7077 7075
f 6887 6891 7080 7077
f 6891 6893 7084 7080
f 6893 6896 7088 7084
f 6896 6900 7090 7088
f 6900 6904 7093 7090
f 6904 6908 7097 7093
f 6908 6912 7101 7097
f 7006 7010 7194 7190
f 7010 7013 7198 7194
f 7013 7016 7202 7198
f 7016 7019 7206 7202
f 7019 7022 7210 7206
f 7022 7024 7214 7210
f 7024 7028 7217 7214
f 7075 7077 7271 7267
f 7077 7080 7275 7271
f 7080 7084 7277 7275
f 7084 7088 7281 7277
f 7088 7090 7285 7281
f 7090 7093 7289 7285
f 7093 7097 7291 7289
f 7097 7101 7295 7291
f 7101 7105 7299 7295
f 7190 7194 7390 7387
f 7194 7198 7392 7390
f 7198 7202 7396 7392
f 7202 7206 7400 7396
f 7206 7210 7404 7400
f 7210 7214 7408 7404
f 7214 7217 7412 7408
f 7217 7220 7416 7412
f 7271 7275 7466 7463
f 7275 7277 7470 7466
f 7277 7281 7472 7470
f 7281 7285 7475 7472
f 7285 7289 7479 7475
f 7289 7291 7483 7479
f 7291 7295 7485 7483
f 7295 7299 7489 7485
f 7299 7303 7493 7489
f 7303 7307 7497 7493
f 7390 7392 7583 7579
f 7392 7396 7586 7583
f 7396 7400 7589 7586
f 7400 7404 7592 7589
f 7404 7408 7595 7592
f 7408 7412 7598 7595
f 7412 7416 7601 7598
f 7466 7470 7655 7653
f 7470 7472 7659 7655
f 7472 7475 7663 7659
f 7475 7479 7665 7663
f 7479 7483 7669 7665
f 7483 7485 7673 7669
f 7485 7489 7675 7673
f 7489 7493 7679 7675
f 7493 7497 7683 7679
f 7497 7500 7685 7683
f 7583 7586 7771 7767
f 7586 7589 7775 7771
f 7589 7592 7779 7775
f 7592 7595 7783 7779
f 7595 7598 7787 7783
f 7598 7601 7791 7787
f 7601 7604 7795 7791
f 7655 7659 7850 7848
f 7659 7663 7854 7850
f 7663 7665 7858 7854
f 7665 7669 7860 7858
f 7669 7673 7864 7860
f 7673 7675 7868 7864
f 7675 7679 7871 7868
f 7679 7683 7875 7871
f 7683 7685 7879 7875
f 7685 7689 7882 7879
f 7771 7775 7975 7971
f 7775 7779 7980 7975
f 7779 7783 7983 7980
f 7783 7787 7986 7983
f 7787 7791 7989 7986
f 7791 7795 7992 7989
f 7850 7854 8049 8047
f 7854 7858 8053 8049
f 7858 7860 8057 8053
f 7860 7864 8060 8057
f 7864 7868 8064 8060
f 7868 7871 8066 8064
f 7871 7875 8070 8066
f 7875 7879 8074 8070
f 7879 7882 8076 8074
f 7882 7886 8080 8076
f 7971 7975 8163 8160
f 7975 7980 8166 8163
f 7980 7983 8170 8166
f 7983 7986 8174 8170
f 7986 7989 8178 8174
f 7989 7992 8182 8178
f 7992 7995 8186 8182
f 8049 8053 8241 8239
f 8053 8057 8245 8241
f 8057 8060 8247 8245
f 8060 8064 8251 8247
f 8064 8066 8255 8251
f 8066 8070 8257 8255
f 8070 8074 8261 8257
f 8074 8076 8265 8261
f 8076 8080 8267 8265
f 8080 8084 8271 8267
f 8084 8088 8275 8271
f 8163 8166 8354 8350
f 8166 8170 8359 8354
f 8170 8174 8362 8359
f 8174 8178 8365 8362
f 8178 8182 8368 8365
f 8182 8186 8371 8368
f 8241 8245 8429 8427
f 8245 8247 8433 8429
f 8247 8251 8435 8433
f 8251 8255 8439 8435
f 8255 8257 8443 8439
f 8257 8261 8445 8443
f 8261 8265 8449 8445
f 8265 8267 8453 8449
f 8267 8271 8455 8453
f 8271 8275 8459 8455
f 8350 8354 8545 8542
f 8354 8359 8548 8545
f 8359 8362 8552 8548
f 8362 8365 8556 8552
f 8365 8368 8560 8556
f 8368 8371 8565 8560
f 8371 8374 8567 8565
f 8429 8433 8628 8626
f 8433 8435 8632 8628
f 8435 8439 8634 8632
f 8439 8443 8638 8634
f 8443 8445 8642 8638
f 8445 8449 8644 8642
f 8449 8453 8648 8644
f 8453 8455 8652 8648
f 8455 8459 8654 8652
f 8459 8463 8658 8654
f 8545 8548 8741 8736
f 8548 8552 8744 8741
f 8552 8556 8747 8744
f 8556 8560 8750 8747
f 8560 8565 8753 8750
f 8565 8567 8757 8753
f 8628 8632 8816 8814
f 8632 8634 8820 8816
f 8634 8638 8822 8820
f 8638 8642 8826 8822
f 8642 8644 8830 8826
f 8644 8648 8832 8830
f 8648 8652 8836 8832
f 8652 8654 8840 8836
f 8654 8658 8842 8840
f 8658 8662 8845 8842
f 8736 8741 8927 8924
f 8741 8744 8931 8927
f 8744 8747 8936 8931
f 8747 8750 8939 8936
f 8750 8753 8942 8939
f 8753 8757 8945 8942
f 8816 8820 9006 9004
f 8820 8822 9010 9006
f 8822 8826 9012 9010
f 8826 8830 9016 9012
f 8830 8832 9020 9016
f 8832 8836 9022 9020
f 8836 8840 9025 9022
f 8840 8842 9029 9025
f 8842 8845 9033 9029
f 8924 8927 9115 9110
f 8927 8931 9118 9115
f 8931 8936 9121 9118
f 8936 8939 9126 9121
f 8939 8942 9129 9126
f 8942 8945 9132 9129
f 9006 9010 9194 9192
f 9010 9012 9198 9194
f 9012 9016 9200 9198
f 9016 9020 9203 9200
f 9020 9022 9207 9203
f 9022 9025 9211 9207
f 9025 9029 9213 9211
f 9029 9033 9216 9213
f 9033 9037 9219 9216
f 9115 9118 9300 9295
f 9118 9121 9303 9300
f 9121 9126 9306 9303
f 9126 9129 9310 9306
f 9129 9132 9315 9310
f 9194 9198 9377 9375
f 9198 9200 9381 9377
f 9200 9203 9385 9381
f 9203 9207 9387 9385
f 9207 9211 9390 9387
f 9211 9213 9394 9390
f 9213 9216 9398 9394
f 9216 9219 9402 9398
f 9295 9300 9483 9479
f 9300 9303 9486 9483
f 9303 9306 9489 9486
f 9306 9310 9492 9489
f 9310 9315 9495 9492
f 9315 9318 9499 9495
f 9377 9381 9559 9557
f 9381 9385 9562 9559
f 9385 9387 9566 9562
f 9387 9390 9570 9566
f 9390 9394 9572 9570
f 9394 9398 9575 9572
f 9398 9402 9578 9575
f 9402 9406 9581 9578
f 9479 9483 9654 9651
f 9483 9486 9659 9654
f 9486 9489 9662 9659
f 9489 9492 9665 9662
f 9492 9495 9668 9665
f 9495 9499 9671 9668
f 9557 9559 9727 9724
f 9559 9562 9731 9727
f 9562 9566 9733 9731
f 9566 9570 9736 9733
f 9570 9572 9740 9736
f 9572 9575 9744 9740
f 9575 9578 9748 9744
f 9578 9581 9751 9748
f 9651 9654 9828 9825
f 9654 9659 9832 9828
f 9659 9662 9835 9832
f 9662 9665 9838 9835
f 9665 9668 9841 9838
f 9668 9671 9844 9841
f 9727 9731 9901 9899
f 9731 9733 9905 9901
f 9733 9736 9909 9905
f 9736 9740 9911 9909
f 9740 9744 9914 9911
f 9744 9748 9917 9914
f 9748 9751 9922 9917
f 9825 9828 10003 10000
f 9828 9832 10007 10003
f 9832 9835 10010 10007
f 9835 9838 10013 10010
f 9838 9841 10016 10013
f 9841 9844 10019 10016
f 9901 9905 10077 10075
f 9905 9909 10080 10077
f 9909 9911 10083 10080
f 9911 9914 10086 10083
f 9914 9917 10089 10086
f 9917 9922 10092 10089
f 9922 9926 10095 10092
f 10000 10003 10167 10164
f 10003 10007 10171 10167
f 10007 10010 10174 10171
f 10010 10013 10177 10174
f 10013 10016 10180 10177
f 10016 10019 10183 10180
f 10075 10077 10237 10234
f 10077 10080 10241 10237
f 10080 10083 10245 10241
f 10083 10086 10249 10245
f 10086 10089 10253 10249
f 10089 10092 10257 10253
f 10092 10095 10261 10257
f 10164 10167 10337 10334
f 10167 10171 10342 10337
f 10171 10174 10345 10342
f 10174 10177 10348 10345
f 10177 10180 10351 10348
f 10180 10183 10355 10351
f 10237 10241 10408 10406
f 10241 10245 10411 10408
f 10245 10249 10414 10411
f 10249 10253 10417 10414
f 10253 10257 10420 10417
f 10257 10261 10423 10420
f 10334 10337 10504 10499
f 10337 10342 10507 10504
f 10342 10345 10510 10507
f 10345 10348 10513 10510
f 10348 10351 10518 10513
f 10406 10408 10573 10570
f 10408 10411 10577 10573
f 10411 10414 10581 10577
f 10414 10417 10585 10581
f 10417 10420 10589 10585
f 10420 10423 10593 10589
f 10423 10428 10597 10593
f 10496 10499 10673 10668
f 10499 10504 10676 10673
f 10504 10507 10679 10676
f 10507 10510 10683 10679
f 10510 10513 10688 10683
f 10513 10518 10691 10688
f 10573 10577 10744 10742
f 10577 10581 10747 10744
f 10581 10585 10750 10747
f 10585 10589 10753 10750
f 10589 10593 10756 10753
f 10593 10597 10759 10756
f 10668 10673 10834 10831
f 10673 10676 10838 10834
f 10676 10679 10843 10838
f 10679 10683 10846 10843
f 10683 10688 10849 10846
f 10688 10691 10852 10849
f 10742 10744 10906 10903
f 10744 10747 10909 10906
f 10747 10750 10913 10909
f 10750 10753 10917 10913
f 10753 10756 10921 10917
f 10756 10759 10925 10921
f 10759 10764 10929 10925
f 10831 10834 10999 10994
f 10834 10838 11002 10999
f 10838 10843 11005 11002
f 10843 10846 11008 11005
f 10846 10849 11011 11008
f 10849 10852 11014 11011
f 10903 10906 11065 11061
f 10906 10909 11069 11065
f 10909 10913 11071 11069
f 10913 10917 11074 11071
f 10917 10921 11077 11074
f 10921 10925 11080 11077
f 10925 10929 11083 11080
f 10990 10994 11151 11147
f 10994 10999 11155 11151
f 10999 11002 11159 11155
f 11002 11005 11163 11159
f 11005 11008 11167 11163
f 11008 11011 11171 11167
f 11011 11014 11175 11171
f 11065 11069 11231 11228
f 11069 11071 11235 11231
f 11071 11074 11239 11235
f 11074 11077 11243 11239
f 11077 11080 11247 11243
f 11080 11083 11251 11247
f 11083 11088 11255 11251
f 11143 11147 11315 11312
f 11147 11151 11318 11315
f 11151 11155 11321 11318
f 11155 11159 11324 11321
f 11159 11163 11327 11324
f 11163 11167 11330 11327
f 11167 11171 11333 11330
f 11231 11235 11386 11384
f 11235 11239 11389 11386
f 11239 11243 11392 11389
f 11243 11247 11395 11392
f 11247 11251 11399 11395
f 11251 11255 11403 11399
f 11255 11259 11407 11403
f 11312 11315 11463 11459
f 11315 11318 11467 11463
f 11318 11321 11471 11467
f 11321 11324 11475 11471
f 11324 11327 11479 11475
f 11327 11330 11483 11479
f 11330 11333 11487 11483
f 11384 11386 11542 11539
f 11386 11389 11546 11542
f 11389 11392 11550 11546
f 11392 11395 11554 11550
f 11395 11399 11556 11554
f 11399 11403 11559 11556
f 11403 11407 11563 11559
f 11407 11411 11567 11563
f 11457 11459 11615 11612
f 11459 11463 11619 11615
f 11463 11467 11623 11619
f 11467 11471 11627 11623
f 11471 11475 11631 11627
f 11475 11479 11635 11631
f 11479 11483 11638 11635
f 11542 11546 11696 11694
f 11546 11550 11699 11696
f 11550 11554 11703 11699
f 11554 11556 11707 11703
f 11556 11559 11711 11707
f 11559 11563 11713 11711
f 11563 11567 11717 11713
f 11567 11571 11721 11717
f 11605 11608 11760 11757
f 11608 11612 11764 11760
f 11612 11615 11767 11764
f 11615 11619 11771 11767
f 11619 11623 11775 11771
f 11623 11627 11779 11775
f 11627 11631 11782 11779
f 11631 11635 11784 11782
f 11635 11638 11788 11784
f 11694 11696 11844 11840
f 11696 11699 11848 11844
f 11699 11703 11850 11848
f 11703 11707 11854 11850
f 11707 11711 11858 11854
f 11711 11713 11862 11858
f 11713 11717 11864 11862
f 11717 11721 11868 11864
f 11721 11725 11872 11868
f 11725 11730 11875 11872
f 11730 11733 11879 11875
f 11750 11753 11898 11895
f 11753 11757 11902 11898
f 11757 11760 11905 11902
f 11760 11764 11909 11905
f 11764 11767 11912 11909
f 11767 11771 11916 11912
f 11771 11775 11920 11916
f 11775 11779 11922 11920
f 11779 11782 11926 11922
f 11782 11784 11930 11926
f 11844 11848 11992 11988
f 11848 11850 11996 11992
f 11850 11854 11998 11996
f 11854 11858 12002 11998
f 11858 11862 12006 12002
f 11862 11864 12010 12006
f 11864 11868 12013 12010
f 11868 11872 12017 12013
f 11872 11875 12020 12017
f 11875 11879 12024 12020
f 11879 11882 12027 12024
f 11882 11886 12031 12027
f 11886 11889 12034 12031
f 11889 11892 12037 12034
f 11892 11895 12040 12037
f 11895 11898 12045 12040
f 11898 11902 12048 12045
f 11902 11905 12051 12048
f 11905 11909 12055 12051
f 11909 11912 12058 12055
f 11912 11916 12062 12058
f 11916 11920 12064 12062
f 11920 11922 12068 12064
f 11922 11926 12072 12068
f 11992 11996 12134 12131
f 11996 11998 12138 12134
f 11998 12002 12140 12138
f 12002 12006 12144 12140
f 12006 12010 12148 12144
f 12010 12013 12150 12148
f 12013 12017 12154 12150
f 12017 12020 12157 12154
f 12020 12024 12161 12157
f 12024 12027 12164 12161
f 12027 12031 12169 12164
f 12031 12034 12172 12169
f 12034 12037 12175 12172
f 12037 12040 12178 12175
f 12040 12045 12182 12178
f 12045 12048 12185 12182
f 12048 12051 12188 12185
f 12051 12055 12192 12188
f 12055 12058 12195 12192
f 12058 12062 12199 12195
f 12062 12064 12202 12199
f 12064 12068 12206 12202
f 12068 12072 12208 12206
f 12134 12138 12272 12270
f 12138 12140 12276 12272
f 12140 12144 12278 12276
f 12144 12148 12282 12278
f 12148 12150 12286 12282
f 12150 12154 12289 12286
f 12154 12157 12291 12289
f 12157 12161 12295 12291
f 12161 12164 12298 12295
f 12164 12169 12301 12298
f 12169 12172 12305 12301
f 12172 12175 12308 12305
f 12175 12178 12311 12308
f 12178 12182 12315 12311
f 12182 12185 12318 12315
f 12185 12188 12321 12318
f 12188 12192 12323 12321
f 12192 12195 12327 12323
f 12195 12199 12329 12327
f 12199 12202 12333 12329
f 12202 12206 12335 12333
f 12272 12276 12402 12399
f 12276 12278 12406 12402
f 12278 12282 12409 12406
f 12282 12286 12413 12409
f 12286 12289 12416 12413
f 12289 12291 12420 12416
f 12291 12295 12423 12420
f 12295 12298 12426 12423
f 12298 12301 12429 12426
f 12301 12305 12433 12429
f 12305 12308 12436 12433
f 12308 12311 12439 12436
f 12311 12315 12443 12439
f 12315 12318 12446 12443
f 12318 12321 12449 12446
f 12321 12323 12452 12449
f 12323 12327 12456 12452
f 12327 12329 12459 12456
f 12329 12333 12463 12459
f 12406 12409 12532 12530
f 12409 12413 12536 12532
f 12413 12416 12538 12536
f 12416 12420 12542 12538
f 12420 12423 12545 12542
f 12423 12426 12548 12545
f 12426 12429 12550 12548
f 12429 12433 12554 12550
f 12433 12436 12557 12554
f 12436 12439 12560 12557
f 12439 12443 12562 12560
f 12443 12446 12566 12562
f 12446 12449 12569 12566
f 12449 12452 12572 12569
f 12452 12456 12576 12572
f 12532 12536 12652 12649
f 12536 12538 12656 12652
f 12538 12542 12659 12656
f 12542 12545 12662 12659
f 12545 12548 12664 12662
f 12548 12550 12668 12664
f 12550 12554 12671 12668
f 12554 12557 12674 12671
f 12557 12560 12677 12674
f 12560 12562 12680 12677
f 12562 12566 12682 12680
f 12566 12569 12686 12682
f 12659 12662 12768 12766
f 12662 12664 12772 12768
f 12664 12668 12775 12772
f 12668 12671 12778 12775
f 12671 12674 12781 12778
f 12674 12677 12784 12781
f 12677 12680 12787 12784
usemtl c41
f 1192 1195 1350 1348
f 1195 1200 1355 1350
f 1200 1203 1358 1355
f 1203 1206 1361 1358
f 1206 1209 1364 1361
f 1338 1340 1502 1500
f 1340 1345 1507 1502
f 1345 1348 1510 1507
f 1348 1350 1515 1510
f 1350 1355 1518 1515
f 1355 1358 1521 1518
f 1358 1361 1524 1521
f 1361 1364 1527 1524
f 1364 1368 1530 1527
f 1368 1371 1535 1530
f 1371 1374 1538 1535
f 1493 1495 1659 1655
f 1495 1500 1664 1659
f 1500 1502 1666 1664
f 1502 1507 1671 1666
f 1507 1510 1673 1671
f 1510 1515 1678 1673
f 1515 1518 1681 1678
f 1518 1521 1684 1681
f 1521 1524 1687 1684
f 1524 1527 1690 1687
f 1527 1530 1693 1690
f 1530 1535 1697 1693
f 1535 1538 1700 1697
f 1538 1542 1704 1700
f 1542 1545 1707 1704
f 1653 1655 1824 1822
f 1655 1659 1828 1824
f 1659 1664 1833 1828
f 1664 1666 1835 1833
f 1666 1671 1840 1835
f 1671 1673 1845 1840
f 1673 1678 1848 1845
f 1678 1681 1851 1848
f 1681 1684 1854 1851
f 1684 1687 1857 1854
f 1687 1690 1860 1857
f 1690 1693 1863 1860
f 1693 1697 1866 1863
f 1697 1700 1871 1866
f 1700 1704 1874 1871
f 1704 1707 1879 1874
f 1707 1711 1883 1879
f 1817 1822 1992 1989
f 1822 1824 1996 1992
f 1824 1828 2000 1996
f 1828 1833 2005 2000
f 1833 1835 2010 2005
f 1835 1840 2012 2010
f 1840 1845 2017 2012
f 1845 1848 2020 2017
f 1848 1851 2023 2020
f 1851 1854 2029 2023
f 1854 1857 2033 2029
f 1857 1860 2038 2033
f 1860 1863 2041 2038
f 1863 1866 2044 2041
f 1866 1871 2048 2044
f 1871 1874 2051 2048
f 1874 1879 2055 2051
f 1879 1883 2059 2055
f 1883 1887 2063 2059
f 1987 1989 2163 2159
f 1989 1992 2167 2163
f 1992 1996 2171 2167
f 1996 2000 2175 2171
f 2000 2005 2179 2175
f 2005 2010 2184 2179
f 2010 2012 2186 2184
f 2012 2017 2191 2186
f 2017 2020 2194 2191
f 2020 2023 2199 2194
f 2023 2029 2202 2199
f 2029 2033 2205 2202
f 2033 2038 2208 2205
f 2038 2041 2213 2208
f 2041 2044 2216 2213
f 2044 2048 2220 2216
f 2048 2051 2223 2220
f 2051 2055 2227 2223
f 2055 2059 2231 2227
f 2059 2063 2235 2231
f 2063 2067 2239 2235
f 2156 2159 2341 2337
f 2159 2163 2345 2341
f 2163 2167 2349 2345
f 2167 2171 2353 2349
f 2171 2175 2357 2353
f 2175 2179 2361 2357
f 2179 2184 2366 2361
f 2184 2186 2368 2366
f 2186 2191 2373 2368
f 2191 2194 2375 2373
f 2194 2199 2380 2375
f 2199 2202 2383 2380
f 2202 2205 2386 2383
f 2205 2208 2389 2386
f 2208 2213 2393 2389
f 2213 2216 2396 2393
f 2216 2220 2400 2396
f 2220 2223 2403 2400
f 2223 2227 2407 2403
f 2227 2231 2411 2407
f 2231 2235 2415 2411
f 2235 2239 2419 2415
f 2239 2243 2423 2419
f 2333 2337 2517 2512
f 2337 2341 2521 2517
f 2341 2345 2525 2521
f 2345 2349 2529 2525
f 2349 2353 2533 2529
f 2353 2357 2537 2533
f 2357 2361 2541 2537
f 2361 2366 2546 2541
f 2366 2368 2548 2546
f 2368 2373 2553 2548
f 2373 2375 2558 2553
f 2375 2380 2561 2558
f 2380 2383 2564 2561
f 2383 2386 2567 2564
f 2386 2389 2570 2567
f 2389 2393 2573 2570
f 2393 2396 2578 2573
f 2396 2400 2582 2578
f 2400 2403 2585 2582
f 2403 2407 2589 2585
f 2407 2411 2593 2589
f 2411 2415 2597 2593
f 2415 2419 2601 2597
f 2419 2423 2605 2601
f 2423 2427 2609 2605
f 2512 2517 2703 2700
f 2517 2521 2706 2703
f 2521 2525 2709 2706
f 2525 2529 2714 2709
f 2529 2533 2718 2714
f 2533 2537 2722 2718
f 2537 2541 2726 2722
f 2541 2546 2731 2726
f 2546 2548 2733 2731
f 2548 2553 2737 2733
f 2553 2558 2742 2737
f 2558 2561 2745 2742
f 2561 2564 2748 2745
f 2564 2567 2751 2748
f 2567 2570 2754 2751
f 2570 2573 2757 2754
f 2573 2578 2761 2757
f 2578 2582 2765 2761
f 2582 2585 2768 2765
f 2585 2589 2772 2768
f 2589 2593 2776 2772
f 2593 2597 2780 2776
f 2597 2601 2784 2780
f 2601 2605 2788 2784
f 2605 2609 2793 2788
f 2696 2700 2880 2875
f 2700 2703 2884 2880
f 2703 2706 2888 2884
f 2706 2709 2892 2888
f 2709 2714 2895 2892
f 2714 2718 2898 2895
f 2718 2722 2903 2898
f 2722 2726 2907 2903
f 2726 2731 2912 2907
f 2731 2733 2914 2912
f 2733 2737 2918 2914
f 2737 2742 2923 2918
f 2742 2745 2926 2923
f 2745 2748 2929 2926
f 2748 2751 2932 2929
f 2751 2754 2935 2932
f 2754 2757 2938 2935
f 2757 2761 2942 2938
f 2761 2765 2946 2942
f 2765 2768 2949 2946
f 2768 2772 2953 2949
f 2772 2776 2957 2953
f 2776 2780 2961 2957
f 2780 2784 2966 2961
f 2784 2788 2969 2966
f 2788 2793 2972 2969
f 2793 2796 2976 2972
f 2875 2880 3065 3062
f 2880 2884 3068 3065
f 2884 2888 3071 3068
f 2888 2892 3076 3071
f 2892 2895 3080 3076
f 2895 2898 3084 3080
f 2898 2903 3087 3084
f 2903 2907 3090 3087
f 2907 2912 3093 3090
f 2912 2914 3097 3093
f 2914 2918 3101 3097
f 2918 2923 3103 3101
f 2923 2926 3108 3103
f 2926 2929 3111 3108
f 2929 2932 3114 3111
f 2932 2935 3117 3114
f 2935 2938 3120 3117
f 2938 2942 3124 3120
f 2942 2946 3128 3124
f 2946 2949 3132 3128
f 2949 2953 3135 3132
f 2953 2957 3138 3135
f 2957 2961 3141 3138
f 2961 2966 3144 3141
f 2966 2969 3148 3144
f 2969 2972 3152 3148
f 2972 2976 3157 3152
f 3062 3065 3242 3239
f 3065 3068 3247 3242
f 3068 3071 3251 3247
f 3071 3076 3254 3251
f 3076 3080 3259 3254
f 3080 3084 3263 3259
f 3084 3087 3267 3263
f 3087 3090 3271 3267
f 3090 3093 3275 3271
f 3093 3097 3279 3275
f 3097 3101 3284 3279
f 3101 3103 3286 3284
f 3103 3108 3291 3286
f 3108 3111 3294 3291
f 3111 3114 3297 3294
f 3114 3117 3300 3297
f 3117 3120 3304 3300
f 3120 3124 3306 3304
f 3124 3128 3310 3306
f 3128 3132 3314 3310
f 3132 3135 3318 3314
f 3135 3138 3322 3318
f 3138 3141 3326 3322
f 3141 3144 3330 3326
f 3144 3148 3335 3330
f 3148 3152 3338 3335
f 3152 3157 3341 3338
f 3157 3160 3345 3341
f 3236 3239 3423 3418
f 3239 3242 3427 3423
f 3242 3247 3430 3427
f 3247 3251 3433 3430
f 3251 3254 3438 3433
f 3254 3259 3441 3438
f 3259 3263 3444 3441
f 3263 3267 3449 3444
f 3267 3271 3453 3449
f 3271 3275 3457 3453
f 3275 3279 3461 3457
f 3279 3284 3463 3461
f 3284 3286 3467 3463
f 3286 3291 3469 3467
f 3291 3294 3474 3469
f 3294 3297 3477 3474
f 3297 3300 3480 3477
f 3300 3304 3484 3480
f 3304 3306 3487 3484
f 3306 3310 3491 3487
f 3310 3314 3495 3491
f 3314 3318 3499 3495
f 3318 3322 3503 3499
f 3322 3326 3507 3503
f 3326 3330 3512 3507
f 3330 3335 3515 3512
f 3335 3338 3519 3515
f 3338 3341 3524 3519
f 3341 3345 3527 3524
f 3418 3423 3611 3608
f 3423 3427 3614 3611
f 3427 3430 3617 3614
f 3430 3433 3622 3617
f 3433 3438 3625 3622
f 3438 3441 3630 3625
f 3441 3444 3634 3630
f 3444 3449 3637 3634
f 3449 3453 3640 3637
f 3453 3457 3643 3640
f 3457 3461 3646 3643
f 3461 3463 3650 3646
f 3463 3467 3655 3650
f 3467 3469 3657 3655
f 3469 3474 3659 3657
f 3474 3477 3661 3659
f 3477 3480 3663 3661
f 3480 3484 3665 3663
f 3484 3487 3669 3665
f 3487 3491 3672 3669
f 3491 3495 3675 3672
f 3495 3499 3678 3675
f 3499 3503 3681 3678
f 3503 3507 3684 3681
f 3507 3512 3687 3684
f 3512 3515 3691 3687
f 3515 3519 3696 3691
f 3519 3524 3699 3696
f 3524 3527 3704 3699
f 3608 3611 3787 3784
f 3611 3614 3790 3787
f 3614 3617 3795 3790
f 3617 3622 3798 3795
f 3622 3625 3801 3798
f 3625 3630 3805 3801
f 3630 3634 3808 3805
f 3634 3637 3811 3808
f 3637 3640 3816 3811
f 3640 3643 3820 3816
f 3643 3646 3824 3820
f 3646 3650 3826 3824
f 3650 3655 3829 3826
f 3655 3657 3834 3829
f 3657 3659 3837 3834
f 3659 3661 3840 3837
f 3661 3663 3843 3840
f 3663 3665 3847 3843
f 3665 3669 3849 3847
f 3669 3672 3853 3849
f 3672 3675 3857 3853
f 3675 3678 3861 3857
f 3678 3681 3865 3861
f 3681 3684 3869 3865
f 3684 3687 3874 3869
f 3687 3691 3877 3874
f 3691 3696 3880 3877
f 3696 3699 3885 3880
f 3699 3704 3888 3885
f 3704 3707 3892 3888
f 3784 3787 3970 3967
f 3787 3790 3975 3970
f 3790 3795 3978 3975
f 3795 3798 3981 3978
f 3798 3801 3986 3981
f 3801 3805 3989 3986
f 3805 3808 3992 3989
f 3808 3811 3997 3992
f 3811 3816 4000 3997
f 3816 3820 4003 4000
f 3820 3824 4006 4003
f 3824 3826 4010 4006
f 3826 3829 4012 4010
f 3829 3834 4015 4012
f 3834 3837 4017 4015
f 3837 3840 4019 4017
f 3840 3843 4021 4019
f 3843 3847 4023 4021
f 3847 3849 4027 4023
f 3849 3853 4030 4027
f 3853 3857 4033 4030
f 3857 3861 4036 4033
f 3861 3865 4039 4036
f 3865 3869 4042 4039
f 3869 3874 4045 4042
f 3874 3877 4050 4045
f 3877 3880 4053 4050
f 3880 3885 4056 4053
f 3885 3888 4061 4056
f 3888 3892 4064 4061
f 3967 3970 4143 4140
f 3970 3975 4147 4143
f 3975 3978 4150 4147
f 3978 3981 4153 4150
f 3981 3986 4157 4153
f 3986 3989 4160 4157
f 3989 3992 4165 4160
f 3992 3997 4168 4165
f 3997 4000 4171 4168
f 4000 4003 4174 4171
f 4003 4006 4177 4174
f 4006 4010 4180 4177
f 4010 4012 4184 4180
f 4012 4015 4186 4184
f 4015 4017 4191 4186
f 4017 4019 4194 4191
f 4019 4021 4198 4194
f 4021 4023 4200 4198
f 4023 4027 4203 4200
f 4027 4030 4205 4203
f 4030 4033 4209 4205
f 4033 4036 4213 4209
f 4036 4039 4218 4213
f 4039 4042 4221 4218
f 4042 4045 4224 4221
f 4045 4050 4227 4224
f 4050 4053 4232 4227
f 4053 4056 4235 4232
f 4056 4061 4239 4235
f 4061 4064 4242 4239
f 4140 4143 4323 4320
f 4143 4147 4327 4323
f 4147 4150 4330 4327
f 4150 4153 4336 4330
f 4153 4157 4339 4336
f 4157 4160 4342 4339
f 4160 4165 4346 4342
f 4165 4168 4349 4346
f 4168 4171 4352 4349
f 4171 4174 4355 4352
f 4174 4177 4358 4355
f 4177 4180 4361 4358
f 4180 4184 4364 4361
f 4184 4186 4366 4364
f 4186 4191 4369 4366
f 4191 4194 4371 4369
f 4194 4198 4374 4371
f 4198 4200 4376 4374
f 4200 4203 4379 4376
f 4203 4205 4381 4379
f 4205 4209 4384 4381
f 4209 4213 4387 4384
f 4213 4218 4390 4387
f 4218 4221 4395 4390
f 4221 4224 4398 4395
f 4224 4227 4401 4398
f 4227 4232 4405 4401
f 4232 4235 4408 4405
f 4235 4239 4411 4408
f 4239 4242 4416 4411
f 4320 4323 4496 4493
f 4323 4327 4500 4496
f 4327 4330 4503 4500
f 4330 4336 4506 4503
f 4336 4339 4510 4506
f 4339 4342 4513 4510
f 4342 4346 4518 4513
f 4346 4349 4521 4518
f 4349 4352 4524 4521
f 4352 4355 4527 4524
f 4355 4358 4530 4527
f 4358 4361 4533 4530
f 4361 4364 4536 4533
f 4364 4366 4538 4536
f 4366 4369 4542 4538
f 4369 4371 4544 4542
f 4371 4374 4547 4544
f 4374 4376 4549 4547
f 4376 4379 4552 4549
f 4379 4381 4554 4552
f 4381 4384 4557 4554
f 4384 4387 4560 4557
f 4387 4390 4563 4560
f 4390 4395 4566 4563
f 4395 4398 4571 4566
f 4398 4401 4574 4571
f 4401 4405 4577 4574
f 4405 4408 4582 4577
f 4408 4411 4585 4582
f 4411 4416 4589 4585
f 4493 4496 4671 4668
f 4496 4500 4676 4671
f 4500 4503 4679 4676
f 4503 4506 4682 4679
f 4506 4510 4686 4682
f 4510 4513 4689 4686
f 4513 4518 4692 4689
f 4518 4521 4696 4692
f 4521 4524 4699 4696
f 4524 4527 4702 4699
f 4527 4530 4705 4702
f 4530 4533 4708 4705
f 4533 4536 4712 4708
f 4536 4538 4714 4712
f 4538 4542 4716 4714
f 4542 4544 4720 4716
f 4544 4547 4723 4720
f 4547 4549 4725 4723
f 4549 4552 4728 4725
f 4552 4554 4730 4728
f 4554 4557 4733 4730
f 4557 4560 4736 4733
f 4560 4563 4739 4736
f 4563 4566 4742 4739
f 4566 4571 4746 4742
f 4571 4574 4749 4746
f 4574 4577 4752 4749
f 4577 4582 4756 4752
f 4582 4585 4759 4756
f 4585 4589 4762 4759
f 4668 4671 4843 4840
f 4671 4676 4846 4843
f 4676 4679 4851 4846
f 4679 4682 4854 4851
f 4682 4686 4859 4854
f 4686 4689 4862 4859
f 4689 4692 4865 4862
f 4692 4696 4870 4865
f 4696 4699 4874 4870
f 4699 4702 4878 4874
f 4702 4705 4882 4878
f 4705 4708 4886 4882
f 4708 4712 4888 4886
f 4712 4714 4892 4888
f 4714 4716 4894 4892
f 4716 4720 4896 4894
f 4720 4723 4898 4896
f 4723 4725 4900 4898
f 4725 4728 4904 4900
f 4728 4730 4906 4904
f 4730 4733 4910 4906
f 4733 4736 4914 4910
f 4736 4739 4917 4914
f 4739 4742 4920 4917
f 4742 4746 4925 4920
f 4746 4749 4928 4925
f 4749 4752 4931 4928
f 4752 4756 4935 4931
f 4756 4759 4938 4935
f 4759 4762 4941 4938
f 4762 4767 4944 4941
f 4840 4843 5027 5024
f 4843 4846 5030 5027
f 4846 4851 5033 5030
f 4851 4854 5038 5033
f 4854 4859 5041 5038
f 4859 4862 5046 5041
f 4862 4865 5050 5046
f 4865 4870 5053 5050
f 4870 4874 5056 5053
f 4874 4878 5059 5056
f 4878 4882 5062 5059
f 4882 4886 5065 5062
f 4886 4888 5069 5065
f 4888 4892 5071 5069
f 4892 4894 5075 5071
f 4894 4896 5078 5075
f 4896 4898 5081 5078
f 4898 4900 5084 5081
f 4900 4904 5086 5084
f 4904 4906 5089 5086
f 4906 4910 5092 5089
f 4910 4914 5094 5092
f 4914 4917 5098 5094
f 4917 4920 5103 5098
f 4920 4925 5106 5103
f 4925 4928 5109 5106
f 4928 4931 5112 5109
f 4931 4935 5116 5112
f 4935 4938 5119 5116
f 4938 4941 5122 5119
f 4941 4944 5125 5122
f 5024 5027 5204 5199
f 5027 5030 5208 5204
f 5030 5033 5211 5208
f 5033 5038 5214 5211
f 5038 5041 5219 5214
f 5041 5046 5222 5219
f 5046 5050 5225 5222
f 5050 5053 5230 5225
f 5053 5056 5234 5230
f 5056 5059 5238 5234
f 5059 5062 5242 5238
f 5062 5065 5246 5242
f 5065 5069 5248 5246
f 5069 5071 5252 5248
f 5071 5075 5254 5252
f 5075 5078 5256 5254
f 5078 5081 5258 5256
f 5081 5084 5260 5258
f 5084 5086 5262 5260
f 5086 5089 5266 5262
f 5089 5092 5269 5266
f 5092 5094 5272 5269
f 5094 5098 5275 5272
f 5098 5103 5278 5275
f 5103 5106 5281 5278
f 5106 5109 5284 5281
f 5109 5112 5287 5284
f 5112 5116 5290 5287
f 5116 5119 5295 5290
f 5119 5122 5298 5295
f 5122 5125 5301 5298
f 5204 5208 5384 5381
f 5208 5211 5389 5384
f 5211 5214 5392 5389
f 5214 5219 5395 5392
f 5219 5222 5400 5395
f 5222 5225 5404 5400
f 5225 5230 5408 5404
f 5230 5234 5411 5408
f 5234 5238 5414 5411
f 5238 5242 5417 5414
f 5242 5246 5421 5417
f 5246 5248 5425 5421
f 5248 5252 5427 5425
f 5252 5254 5431 5427
f 5254 5256 5434 5431
f 5256 5258 5437 5434
f 5258 5260 5440 5437
f 5260 5262 5443 5440
f 5262 5266 5445 5443
f 5266 5269 5449 5445
f 5269 5272 5453 5449
f 5272 5275 5456 5453
f 5275 5278 5459 5456
f 5278 5281 5462 5459
f 5281 5284 5465 5462
f 5284 5287 5468 5465
f 5287 5290 5471 5468
f 5290 5295 5475 5471
f 5295 5298 5478 5475
f 5298 5301 5481 5478
f 5381 5384 5576 5573
f 5384 5389 5579 5576
f 5389 5392 5584 5579
f 5392 5395 5588 5584
f 5395 5400 5592 5588
f 5400 5404 5595 5592
f 5404 5408 5598 5595
f 5408 5411 5603 5598
f 5411 5414 5607 5603
f 5414 5417 5611 5607
f 5417 5421 5613 5611
f 5421 5425 5617 5613
f 5425 5427 5621 5617
f 5427 5431 5624 5621
f 5431 5434 5627 5624
f 5434 5437 5629 5627
f 5437 5440 5633 5629
f 5440 5443 5636 5633
f 5443 5445 5639 5636
f 5445 5449 5642 5639
f 5449 5453 5644 5642
f 5453 5456 5648 5644
f 5456 5459 5651 5648
f 5459 5462 5654 5651
f 5462 5465 5657 5654
f 5465 5468 5660 5657
f 5468 5471 5663 5660
f 5471 5475 5667 5663
f 5475 5478 5670 5667
f 5478 5481 5673 5670
f 5573 5576 5758 5753
f 5576 5579 5762 5758
f 5579 5584 5766 5762
f 5584 5588 5769 5766
f 5588 5592 5772 5769
f 5592 5595 5777 5772
f 5595 5598 5781 5777
f 5598 5603 5785 5781
f 5603 5607 5789 5785
f 5607 5611 5793 5789
f 5611 5613 5797 5793
f 5613 5617 5800 5797
f 5617 5621 5804 5800
f 5621 5624 5807 5804
f 5624 5627 5809 5807
f 5627 5629 5813 5809
f 5629 5633 5815 5813
f 5633 5636 5817 5815
f 5636 5639 5821 5817
f 5639 5642 5824 5821
f 5642 5644 5828 5824
f 5644 5648 5830 5828
f 5648 5651 5834 5830
f 5651 5654 5838 5834
f 5654 5657 5841 5838
f 5657 5660 5844 5841
f 5660 5663 5847 5844
f 5663 5667 5850 5847
f 5667 5670 5855 5850
f 5670 5673 5858 5855
f 5758 5762 5951 5948
f 5762 5766 5954 5951
f 5766 5769 5959 5954
f 5769 5772 5963 5959
f 5772 5777 5967 5963
f 5777 5781 5971 5967
f 5781 5785 5975 5971
f 5785 5789 5979 5975
f 5789 5793 5983 5979
f 5793 5797 5987 5983
f 5797 5800 5990 5987
f 5800 5804 5994 5990
f 5804 5807 5997 5994
f 5807 5809 6001 5997
f 5809 5813 6004 6001
f 5813 5815 6007 6004
f 5815 5817 6010 6007
f 5817 5821 6012 6010
f 5821 5824 6016 6012
f 5824 5828 6018 6016
f 5828 5830 6022 6018
f 5830 5834 6025 6022
f 5834 5838 6027 6025
f 5838 5841 6031 6027
f 5841 5844 6034 6031
f 5844 5847 6037 6034
f 5847 5850 6040 6037
f 5850 5855 6043 6040
f 5855 5858 6047 6043
f 5858 5861 6051 6047
f 5948 5951 6147 6143
f 5951 5954 6151 6147
f 5954 5959 6155 6151
f 5959 5963 6159 6155
f 5963 5967 6163 6159
f 5967 5971 6167 6163
f 5971 5975 6171 6167
f 5975 5979 6175 6171
f 5979 5983 6179 6175
f 5983 5987 6183 6179
f 5987 5990 6186 6183
f 5990 5994 6190 6186
f 5994 5997 6193 6190
f 5997 6001 6197 6193
f 6001 6004 6200 6197
f 6004 6007 6203 6200
f 6007 6010 6206 6203
f 6010 6012 6209 6206
f 6012 6016 6211 6209
f 6016 6018 6215 6211
f 6018 6022 6217 6215
f 6022 6025 6220 6217
f 6025 6027 6223 6220
f 6027 6031 6225 6223
f 6031 6034 6228 6225
f 6034 6037 6231 6228
f 6037 6040 6234 6231
f 6040 6043 6237 6234
f 6043 6047 6240 6237
f 6047 6051 6243 6240
f 6147 6151 6337 6333
f 6151 6155 6341 6337
f 6155 6159 6345 6341
f 6159 6163 6349 6345
f 6163 6167 6353 6349
f 6167 6171 6357 6353
f 6171 6175 6361 6357
f 6175 6179 6365 6361
f 6179 6183 6369 6365
f 6183 6186 6372 6369
f 6186 6190 6376 6372
f 6190 6193 6378 6376
f 6193 6197 6382 6378
f 6197 6200 6385 6382
f 6200 6203 6388 6385
f 6203 6206 6391 6388
f 6206 6209 6394 6391
f 6209 6211 6397 6394
f 6211 6215 6399 6397
f 6215 6217 6401 6399
f 6217 6220 6405 6401
f 6220 6223 6408 6405
f 6223 6225 6410 6408
f 6225 6228 6413 6410
f 6228 6231 6416 6413
f 6231 6234 6419 6416
f 6234 6237 6422 6419
f 6237 6240 6425 6422
f 6240 6243 6428 6425
f 6337 6341 6527 6524
f 6341 6345 6530 6527
f 6345 6349 6533 6530
f 6349 6353 6536 6533
f 6353 6357 6540 6536
f 6357 6361 6544 6540
f 6361 6365 6548 6544
f 6365 6369 6552 6548
f 6369 6372 6555 6552
f 6372 6376 6559 6555
f 6376 6378 6563 6559
f 6378 6382 6566 6563
f 6382 6385 6569 6566
f 6385 6388 6572 6569
f 6388 6391 6574 6572
f 6391 6394 6576 6574
f 6394 6397 6578 6576
f 6397 6399 6582 6578
f 6399 6401 6585 6582
f 6401 6405 6587 6585
f 6405 6408 6590 6587
f 6408 6410 6592 6590
f 6410 6413 6595 6592
f 6413 6416 6598 6595
f 6416 6419 6601 6598
f 6419 6422 6604 6601
f 6422 6425 6606 6604
f 6425 6428 6610 6606
f 6428 6431 6614 6610
f 6524 6527 6715 6711
f 6527 6530 6719 6715
f 6530 6533 6723 6719
f 6533 6536 6727 6723
f 6536 6540 6730 6727
f 6540 6544 6734 6730
f 6544 6548 6738 6734
f 6548 6552 6742 6738
f 6552 6555 6745 6742
f 6555 6559 6749 6745
f 6559 6563 6753 6749
f 6563 6566 6756 6753
f 6566 6569 6759 6756
f 6569 6572 6761 6759
f 6572 6574 6765 6761
f 6574 6576 6768 6765
f 6576 6578 6771 6768
f 6578 6582 6773 6771
f 6582 6585 6775 6773
f 6585 6587 6777 6775
f 6587 6590 6781 6777
f 6590 6592 6783 6781
f 6592 6595 6786 6783
f 6595 6598 6789 6786
f 6598 6601 6791 6789
f 6601 6604 6795 6791
f 6604 6606 6799 6795
f 6606 6610 6802 6799
f 6610 6614 6805 6802
f 6715 6719 6912 6908
f 6719 6723 6916 6912
f 6723 6727 6920 6916
f 6727 6730 6922 6920
f 6730 6734 6926 6922
f 6734 6738 6930 6926
f 6738 6742 6934 6930
f 6742 6745 6937 6934
f 6745 6749 6941 6937
f 6749 6753 6945 6941
f 6753 6756 6948 6945
f 6756 6759 6951 6948
f 6759 6761 6955 6951
f 6761 6765 6958 6955
f 6765 6768 6961 6958
f 6768 6771 6964 6961
f 6771 6773 6966 6964
f 6773 6775 6968 6966
f 6775 6777 6972 6968
f 6777 6781 6974 6972
f 6781 6783 6976 6974
f 6783 6786 6979 6976
f 6786 6789 6981 6979
f 6789 6791 6985 6981
f 6791 6795 6988 6985
f 6795 6799 6990 6988
f 6799 6802 6994 6990
f 6802 6805 6998 6994
f 6805 6808 7002 6998
f 6912 6916 7105 7101
f 6916 6920 7109 7105
f 6920 6922 7113 7109
f 6922 6926 7116 7113
f 6926 6930 7120 7116
f 6930 6934 7124 7120
f 6934 6937 7127 7124
f 6937 6941 7131 7127
f 6941 6945 7135 7131
f 6945 6948 7138 7135
f 6948 6951 7140 7138
f 6951 6955 7144 7140
f 6955 6958 7147 7144
f 6958 6961 7149 7147
f 6961 6964 7151 7149
f 6964 6966 7155 7151
f 6966 6968 7158 7155
f 6968 6972 7160 7158
f 6972 6974 7162 7160
f 6974 6976 7164 7162
f 6976 6979 7167 7164
f 6979 6981 7169 7167
f 6981 6985 7172 7169
f 6985 6988 7174 7172
f 6988 6990 7178 7174
f 6990 6994 7181 7178
f 6994 6998 7184 7181
f 6998 7002 7186 7184
f 7002 7006 7190 7186
f 7105 7109 7303 7299
f 7109 7113 7307 7303
f 7113 7116 7310 7307
f 7116 7120 7314 7310
f 7120 7124 7318 7314
f 7124 7127 7321 7318
f 7127 7131 7325 7321
f 7131 7135 7329 7325
f 7135 7138 7332 7329
f 7138 7140 7336 7332
f 7140 7144 7339 7336
f 7144 7147 7341 7339
f 7147 7149 7345 7341
f 7149 7151 7348 7345
f 7151 7155 7350 7348
f 7155 7158 7352 7350
f 7158 7160 7354 7352
f 7160 7162 7356 7354
f 7162 7164 7358 7356
f 7164 7167 7360 7358
f 7167 7169 7364 7360
f 7169 7172 7366 7364
f 7172 7174 7370 7366
f 7174 7178 7372 7370
f 7178 7181 7376 7372
f 7181 7184 7380 7376
f 7184 7186 7384 7380
f 7186 7190 7387 7384
f 7307 7310 7500 7497
f 7310 7314 7504 7500
f 7314 7318 7508 7504
f 7318 7321 7510 7508
f 7321 7325 7514 7510
f 7325 7329 7518 7514
f 7329 7332 7521 7518
f 7332 7336 7525 7521
f 7336 7339 7527 7525
f 7339 7341 7531 7527
f 7341 7345 7533 7531
f 7345 7348 7535 7533
f 7348 7350 7539 7535
f 7350 7352 7541 7539
f 7352 7354 7543 7541
f 7354 7356 7545 7543
f 7356 7358 7547 7545
f 7358 7360 7549 7547
f 7360 7364 7551 7549
f 7364 7366 7555 7551
f 7366 7370 7557 7555
f 7370 7372 7561 7557
f 7372 7376 7563 7561
f 7376 7380 7567 7563
f 7380 7384 7571 7567
f 7384 7387 7575 7571
f 7387 7390 7579 7575
f 7500 7504 7689 7685
f 7504 7508 7693 7689
f 7508 7510 7697 7693
f 7510 7514 7700 7697
f 7514 7518 7704 7700
f 7518 7521 7706 7704
f 7521 7525 7710 7706
f 7525 7527 7714 7710
f 7527 7531 7716 7714
f 7531 7533 7720 7716
f 7533 7535 7722 7720
f 7535 7539 7724 7722
f 7539 7541 7727 7724
f 7541 7543 7729 7727
f 7543 7545 7731 7729
f 7545 7547 7733 7731
f 7547 7549 7735 7733
f 7549 7551 7737 7735
f 7551 7555 7739 7737
f 7555 7557 7743 7739
f 7557 7561 7745 7743
f 7561 7563 7749 7745
f 7563 7567 7751 7749
f 7567 7571 7755 7751
f 7571 7575 7759 7755
f 7575 7579 7763 7759
f 7579 7583 7767 7763
f 7689 7693 7886 7882
f 7693 7697 7890 7886
f 7697 7700 7892 7890
f 7700 7704 7896 7892
f 7704 7706 7900 7896
f 7706 7710 7902 7900
f 7710 7714 7906 7902
f 7714 7716 7910 7906
f 7716 7720 7912 7910
f 7720 7722 7916 7912
f 7722 7724 7918 7916
f 7724 7727 7922 7918
f 7727 7729 7924 7922
f 7729 7731 7926 7924
f 7731 7733 7928 7926
f 7733 7735 7933 7928
f 7735 7737 7936 7933
f 7737 7739 7940 7936
f 7739 7743 7942 7940
f 7743 7745 7945 7942
f 7745 7749 7949 7945
f 7749 7751 7953 7949
f 7751 7755 7955 7953
f 7755 7759 7959 7955
f 7759 7763 7963 7959
f 7763 7767 7967 7963
f 7767 7771 7971 7967
f 7886 7890 8084 8080
f 7890 7892 8088 8084
f 7892 7896 8091 8088
f 7896 7900 8095 8091
f 7900 7902 8099 8095
f 7902 7906 8101 8099
f 7906 7910 8105 8101
f 7910 7912 8109 8105
f 7912 7916 8111 8109
f 7916 7918 8114 8111
f 7918 7922 8116 8114
f 7922 7924 8119 8116
f 7924 7926 8121 8119
f 7926 7928 8125 8121
f 7928 7933 8127 8125
f 7933 7936 8129 8127
f 7936 7940 8131 8129
f 7940 7942 8134 8131
f 7942 7945 8138 8134
f 7945 7949 8140 8138
f 7949 7953 8144 8140
f 7953 7955 8148 8144
f 7955 7959 8151 8148
f 7959 7963 8154 8151
f 7963 7967 8157 8154
f 7967 7971 8160 8157
f 8088 8091 8277 8275
f 8091 8095 8280 8277
f 8095 8099 8284 8280
f 8099 8101 8288 8284
f 8101 8105 8290 8288
f 8105 8109 8293 8290
f 8109 8111 8296 8293
f 8111 8114 8300 8296
f 8114 8116 8302 8300
f 8116 8119 8305 8302
f 8119 8121 8307 8305
f 8121 8125 8310 8307
f 8125 8127 8312 8310
f 8127 8129 8314 8312
f 8129 8131 8316 8314
f 8131 8134 8318 8316
f 8134 8138 8320 8318
f 8138 8140 8324 8320
f 8140 8144 8326 8324
f 8144 8148 8330 8326
f 8148 8151 8334 8330
f 8151 8154 8338 8334
f 8154 8157 8342 8338
f 8157 8160 8346 8342
f 8160 8163 8350 8346
f 8275 8277 8463 8459
f 8277 8280 8467 8463
f 8280 8284 8469 8467
f 8284 8288 8472 8469
f 8288 8290 8475 8472
f 8290 8293 8479 8475
f 8293 8296 8483 8479
f 8296 8300 8485 8483
f 8300 8302 8488 8485
f 8302 8305 8491 8488
f 8305 8307 8493 8491
f 8307 8310 8496 8493
f 8310 8312 8498 8496
f 8312 8314 8503 8498
f 8314 8316 8506 8503
f 8316 8318 8509 8506
f 8318 8320 8513 8509
f 8320 8324 8515 8513
f 8324 8326 8519 8515
f 8326 8330 8521 8519
f 8330 8334 8525 8521
f 8334 8338 8529 8525
f 8338 8342 8533 8529
f 8342 8346 8537 8533
f 8346 8350 8542 8537
f 8463 8467 8662 8658
f 8467 8469 8666 8662
f 8469 8472 8670 8666
f 8472 8475 8674 8670
f 8475 8479 8676 8674
f 8479 8483 8679 8676
f 8483 8485 8682 8679
f 8485 8488 8685 8682
f 8488 8491 8688 8685
f 8491 8493 8692 8688
f 8493 8496 8694 8692
f 8496 8498 8698 8694
f 8498 8503 8700 8698
f 8503 8506 8702 8700
f 8506 8509 8704 8702
f 8509 8513 8706 8704
f 8513 8515 8709 8706
f 8515 8519 8713 8709
f 8519 8521 8717 8713
f 8521 8525 8720 8717
f 8525 8529 8723 8720
f 8529 8533 8726 8723
f 8533 8537 8729 8726
f 8537 8542 8732 8729
f 8542 8545 8736 8732
f 8662 8666 8848 8845
f 8666 8670 8851 8848
f 8670 8674 8854 8851
f 8674 8676 8857 8854
f 8676 8679 8860 8857
f 8679 8682 8863 8860
f 8682 8685 8866 8863
f 8685 8688 8869 8866
f 8688 8692 8872 8869
f 8692 8694 8874 8872
f 8694 8698 8877 8874
f 8698 8700 8879 8877
f 8700 8702 8884 8879
f 8702 8704 8887 8884
f 8704 8706 8890 8887
f 8706 8709 8894 8890
f 8709 8713 8896 8894
f 8713 8717 8900 8896
f 8717 8720 8904 8900
f 8720 8723 8908 8904
f 8723 8726 8912 8908
f 8726 8729 8916 8912
f 8729 8732 8921 8916
f 8732 8736 8924 8921
f 8845 8848 9037 9033
f 8848 8851 9041 9037
f 8851 8854 9045 9041
f 8854 8857 9049 9045
f 8857 8860 9053 9049
f 8860 8863 9056 9053
f 8863 8866 9059 9056
f 8866 8869 9062 9059
f 8869 8872 9065 9062
f 8872 8874 9067 9065
f 8874 8877 9070 9067
f 8877 8879 9074 9070
f 8879 8884 9076 9074
f 8884 8887 9078 9076
f 8887 8890 9080 9078
f 8890 8894 9082 9080
f 8894 8896 9086 9082
f 8896 8900 9089 9086
f 8900 8904 9091 9089
f 8904 8908 9095 9091
f 8908 8912 9100 9095
f 8912 8916 9103 9100
f 8916 8921 9106 9103
f 8921 8924 9110 9106
f 9037 9041 9222 9219
f 9041 9045 9225 9222
f 9045 9049 9228 9225
f 9049 9053 9231 9228
f 9053 9056 9236 9231
f 9056 9059 9240 9236
f 9059 9062 9244 9240
f 9062 9065 9248 9244
f 9065 9067 9250 9248
f 9067 9070 9253 9250
f 9070 9074 9256 9253
f 9074 9076 9258 9256
f 9076 9078 9260 9258
f 9078 9080 9262 9260
f 9080 9082 9264 9262
f 9082 9086 9266 9264
f 9086 9089 9270 9266
f 9089 9091 9274 9270
f 9091 9095 9277 9274
f 9095 9100 9280 9277
f 9100 9103 9284 9280
f 9103 9106 9289 9284
f 9106 9110 9292 9289
f 9110 9115 9295 9292
f 9219 9222 9406 9402
f 9222 9225 9410 9406
f 9225 9228 9413 9410
f 9228 9231 9416 9413
f 9231 9236 9419 9416
f 9236 9240 9422 9419
f 9240 9244 9425 9422
f 9244 9248 9428 9425
f 9248 9250 9431 9428
f 9250 9253 9434 9431
f 9253 9256 9437 9434
f 9256 9258 9439 9437
f 9258 9260 9444 9439
f 9260 9262 9447 9444
f 9262 9264 9451 9447
f 9264 9266 9453 9451
f 9266 9270 9456 9453
f 9270 9274 9459 9456
f 9274 9277 9462 9459
f 9277 9280 9465 9462
f 9280 9284 9468 9465
f 9284 9289 9471 9468
f 9289 9292 9476 9471
f 9292 9295 9479 9476
f 9406 9410 9584 9581
f 9410 9413 9589 9584
f 9413 9416 9593 9589
f 9416 9419 9596 9593
f 9419 9422 9599 9596
f 9422 9425 9602 9599
f 9425 9428 9605 9602
f 9428 9431 9608 9605
f 9431 9434 9611 9608
f 9434 9437 9614 9611
f 9437 9439 9616 9614
f 9439 9444 9619 9616
f 9444 9447 9621 9619
f 9447 9451 9624 9621
f 9451 9453 9626 9624
f 9453 9456 9629 9626
f 9456 9459 9632 9629
f 9459 9462 9635 9632
f 9462 9465 9638 9635
f 9465 9468 9641 9638
f 9468 9471 9644 9641
f 9471 9476 9648 9644
f 9476 9479 9651 9648
f 9581 9584 9754 9751
f 9584 9589 9757 9754
f 9589 9593 9760 9757
f 9593 9596 9765 9760
f 9596 9599 9768 9765
f 9599 9602 9771 9768
f 9602 9605 9774 9771
f 9605 9608 9777 9774
f 9608 9611 9780 9777
f 9611 9614 9783 9780
f 9614 9616 9785 9783
f 9616 9619 9789 9785
f 9619 9621 9791 9789
f 9621 9624 9793 9791
f 9624 9626 9798 9793
f 9626 9629 9801 9798
f 9629 9632 9803 9801
f 9632 9635 9807 9803
f 9635 9638 9812 9807
f 9638 9641 9815 9812
f 9641 9644 9818 9815
f 9644 9648 9822 9818
f 9648 9651 9825 9822
f 9751 9754 9926 9922
f 9754 9757 9930 9926
f 9757 9760 9933 9930
f 9760 9765 9936 9933
f 9765 9768 9941 9936
f 9768 9771 9945 9941
f 9771 9774 9949 9945
f 9774 9777 9952 9949
f 9777 9780 9956 9952
f 9780 9783 9960 9956
f 9783 9785 9962 9960
f 9785 9789 9964 9962
f 9789 9791 9968 9964
f 9791 9793 9971 9968
f 9793 9798 9973 9971
f 9798 9801 9976 9973
f 9801 9803 9978 9976
f 9803 9807 9982 9978
f 9807 9812 9987 9982
f 9812 9815 9990 9987
f 9815 9818 9993 9990
f 9818 9822 9997 9993
f 9822 9825 10000 9997
f 9926 9930 10098 10095
f 9930 9933 10103 10098
f 9933 9936 10107 10103
f 9936 9941 10110 10107
f 9941 9945 10113 10110
f 9945 9949 10116 10113
f 9949 9952 10121 10116
f 9952 9956 10123 10121
f 9956 9960 10126 10123
f 9960 9962 10130 10126
f 9962 9964 10132 10130
f 9964 9968 10134 10132
f 9968 9971 10136 10134
f 9971 9973 10138 10136
f 9973 9976 10142 10138
f 9976 9978 10145 10142
f 9978 9982 10148 10145
f 9982 9987 10151 10148
f 9987 9990 10154 10151
f 9990 9993 10157 10154
f 9993 9997 10161 10157
f 9997 10000 10164 10161
f 10095 10098 10264 10261
f 10098 10103 10267 10264
f 10103 10107 10270 10267
f 10107 10110 10275 10270
f 10110 10113 10279 10275
f 10113 10116 10282 10279
f 10116 10121 10285 10282
f 10121 10123 10289 10285
f 10123 10126 10293 10289
f 10126 10130 10295 10293
f 10130 10132 10299 10295
f 10132 10134 10301 10299
f 10134 10136 10303 10301
f 10136 10138 10307 10303
f 10138 10142 10309 10307
f 10142 10145 10313 10309
f 10145 10148 10316 10313
f 10148 10151 10319 10316
f 10151 10154 10322 10319
f 10154 10157 10326 10322
f 10157 10161 10331 10326
f 10161 10164 10334 10331
f 10261 10264 10428 10423
f 10264 10267 10432 10428
f 10267 10270 10436 10432
f 10270 10275 10439 10436
f 10275 10279 10442 10439
f 10279 10282 10447 10442
f 10282 10285 10451 10447
f 10285 10289 10453 10451
f 10289 10293 10456 10453
f 10293 10295 10460 10456
f 10295 10299 10462 10460
f 10299 10301 10466 10462
f 10301 10303 10469 10466
f 10303 10307 10471 10469
f 10307 10309 10475 10471
f 10309 10313 10477 10475
f 10313 10316 10481 10477
f 10316 10319 10485 10481
f 10319 10322 10490 10485
f 10322 10326 10493 10490
f 10326 10331 10496 10493
f 10331 10334 10499 10496
f 10428 10432 10600 10597
f 10432 10436 10603 10600
f 10436 10439 10608 10603
f 10439 10442 10612 10608
f 10442 10447 10616 10612
f 10447 10451 10620 10616
f 10451 10453 10624 10620
f 10453 10456 10628 10624
f 10456 10460 10631 10628
f 10460 10462 10635 10631
f 10462 10466 10638 10635
f 10466 10469 10641 10638
f 10469 10471 10644 10641
f 10471 10475 10646 10644
f 10475 10477 10650 10646
f 10477 10481 10654 10650
f 10481 10485 10657 10654
f 10485 10490 10660 10657
f 10490 10493 10664 10660
f 10493 10496 10668 10664
f 10597 10600 10764 10759
f 10600 10603 10768 10764
f 10603 10608 10772 10768
f 10608 10612 10776 10772
f 10612 10616 10780 10776
f 10616 10620 10784 10780
f 10620 10624 10788 10784
f 10624 10628 10792 10788
f 10628 10631 10794 10792
f 10631 10635 10798 10794
f 10635 10638 10801 10798
f 10638 10641 10804 10801
f 10641 10644 10807 10804
f 10644 10646 10810 10807
f 10646 10650 10814 10810
f 10650 10654 10816 10814
f 10654 10657 10820 10816
f 10657 10660 10825 10820
f 10660 10664 10828 10825
f 10664 10668 10831 10828
f 10764 10768 10932 10929
f 10768 10772 10935 10932
f 10772 10776 10938 10935
f 10776 10780 10941 10938
f 10780 10784 10944 10941
f 10784 10788 10948 10944
f 10788 10792 10952 10948
f 10792 10794 10956 10952
f 10794 10798 10959 10956
f 10798 10801 10962 10959
f 10801 10804 10965 10962
f 10804 10807 10968 10965
f 10807 10810 10971 10968
f 10810 10814 10975 10971
f 10814 10816 10978 10975
f 10816 10820 10982 10978
f 10820 10825 10986 10982
f 10825 10828 10990 10986
f 10828 10831 10994 10990
f 10929 10932 11088 11083
f 10932 10935 11092 11088
f 10935 10938 11096 11092
f 10938 10941 11100 11096
f 10941 10944 11104 11100
f 10944 10948 11106 11104
f 10948 10952 11110 11106
f 10952 10956 11114 11110
f 10956 10959 11117 11114
f 10959 10962 11120 11117
f 10962 10965 11123 11120
f 10965 10968 11126 11123
f 10968 10971 11129 11126
f 10971 10975 11131 11129
f 10975 10978 11135 11131
f 10978 10982 11139 11135
f 10982 10986 11143 11139
f 10986 10990 11147 11143
f 11088 11092 11259 11255
f 11092 11096 11263 11259
f 11096 11100 11267 11263
f 11100 11104 11271 11267
f 11104 11106 11275 11271
f 11106 11110 11278 11275
f 11110 11114 11282 11278
f 11114 11117 11285 11282
f 11117 11120 11288 11285
f 11120 11123 11291 11288
f 11123 11126 11294 11291
f 11126 11129 11297 11294
f 11129 11131 11300 11297
f 11131 11135 11304 11300
f 11135 11139 11308 11304
f 11139 11143 11312 11308
f 11259 11263 11411 11407
f 11263 11267 11415 11411
f 11267 11271 11419 11415
f 11271 11275 11423 11419
f 11275 11278 11426 11423
f 11278 11282 11430 11426
f 11282 11285 11433 11430
f 11285 11288 11436 11433
f 11288 11291 11439 11436
f 11291 11294 11442 11439
f 11294 11297 11445 11442
f 11297 11300 11450 11445
f 11300 11304 11453 11450
f 11304 11308 11457 11453
f 11308 11312 11459 11457
f 11411 11415 11571 11567
f 11415 11419 11575 11571
f 11419 11423 11579 11575
f 11423 11426 11582 11579
f 11426 11430 11586 11582
f 11430 11433 11589 11586
f 11433 11436 11592 11589
f 11436 11439 11595 11592
f 11439 11442 11598 11595
f 11442 11445 11601 11598
f 11445 11450 11605 11601
f 11450 11453 11608 11605
f 11453 11457 11612 11608
f 11571 11575 11725 11721
f 11575 11579 11730 11725
f 11579 11582 11733 11730
f 11582 11586 11738 11733
f 11586 11589 11741 11738
f 11589 11592 11744 11741
f 11592 11595 11747 11744
f 11595 11598 11750 11747
f 11598 11601 11753 11750
f 11601 11605 11757 11753
f 11733 11738 11882 11879
f 11738 11741 11886 11882
f 11741 11744 11889 11886
f 11744 11747 11892 11889
f 11747 11750 11895 11892
usemtl c42
f 43 42 47 48
f 43 48 49 44
f 48 47 55 56
f 48 56 57 49
f 56 55 61 62
f 56 62 63 57
f 62 61 67 68
f 62 68 69 63
f 61 64 70 67
f 68 67 76 77
f 68 77 78 69
f 67 70 79 76
f 77 76 83 84
f 77 84 85 78
f 76 79 86 83
f 84 83 90 91
f 84 91 92 85
f 83 86 93 90
f 91 90 97 98
f 91 98 99 92
f 90 93 100 97
f 93 94 101 100
f 98 97 107 108
f 98 108 109 99
f 97 100 110 107
f 100 101 111 110
f 108 107 115 116
f 108 116 117 109
f 107 110 118 115
f 110 111 119 118
f 116 115 123 124
f 116 124 125 117
f 115 118 126 123
f 118 119 127 126
f 124 123 131 132
f 124 132 133 125
f 123 126 134 131
f 126 127 135 134
f 132 131 139 140
f 132 140 141 133
f 131 134 142 139
f 134 135 143 142
f 140 139 147 148
f 140 148 149 141
f 139 142 150 147
f 142 143 151 150
f 148 147 155 156
f 148 156 157 149
f 147 150 158 155
f 150 151 159 158
f 156 155 163 164
f 156 164 165 157
f 155 158 166 163
f 158 159 167 166
f 164 163 171 172
f 164 172 173 165
f 163 166 174 171
f 166 167 175 174
f 172 171 179 180
f 172 180 181 173
f 171 174 182 179
f 174 175 183 182
f 180 179 187 188
f 180 188 189 181
f 179 182 190 187
f 182 183 191 190
f 188 187 195 196
f 188 196 197 189
f 187 190 198 195
f 190 191 199 198
f 196 195 204 205
f 196 205 206 197
f 195 198 207 204
f 205 204 211 212
f 205 212 213 206
f 204 207 214 211
f 212 211 218 219
f 212 219 220 213
f 211 214 221 218
f 219 218 225 226
f 219 226 227 220
f 218 221 228 225
f 226 225 233 234
f 226 234 235 227
f 234 233 239 240
f 234 240 241 235
f 240 239 245 246
f 240 246 247 241
f 39 44 313 311
f 44 49 317 313
f 49 57 319 317
f 57 63 321 319
f 63 69 325 321
f 69 78 327 325
f 78 85 329 327
f 85 92 334 329
f 92 99 336 334
f 99 109 338 336
f 181 189 370 366
f 189 197 372 370
f 197 206 374 372
f 206 213 377 374
f 213 220 381 377
f 220 227 383 381
f 227 235 385 383
f 235 241 389 385
f 241 247 391 389
f 247 254 393 391
f 309 311 437 435
f 311 313 441 437
f 313 317 443 441
f 317 319 448 443
f 319 321 450 448
f 321 325 452 450
f 325 327 457 452
f 327 329 459 457
f 374 377 509 505
f 377 381 511 509
f 381 383 514 511
f 383 385 518 514
f 385 389 520 518
f 389 391 523 520
f 391 393 527 523
f 393 397 529 527
f 433 435 567 565
f 435 437 571 567
f 437 441 573 571
f 441 443 577 573
f 443 448 579 577
f 448 450 581 579
f 450 452 585 581
f 511 514 647 643
f 514 518 649 647
f 518 520 653 649
f 520 523 655 653
f 523 527 657 655
f 527 529 661 657
f 529 533 663 661
f 563 565 700 698
f 565 567 704 700
f 567 571 706 704
f 571 573 710 706
f 573 577 712 710
f 577 579 717 712
f 579 581 719 717
f 647 649 789 785
f 649 653 791 789
f 653 655 794 791
f 655 657 798 794
f 657 661 800 798
f 661 663 804 800
f 663 667 806 804
f 696 698 841 839
f 698 700 845 841
f 700 704 847 845
f 704 706 851 847
f 706 710 853 851
f 710 712 857 853
f 791 794 943 939
f 794 798 945 943
f 798 800 949 945
f 800 804 951 949
f 804 806 955 951
f 806 810 957 955
f 837 839 987 985
f 839 841 991 987
f 841 845 993 991
f 845 847 997 993
f 847 851 999 997
f 851 853 1003 999
f 943 945 1093 1089
f 945 949 1095 1093
f 949 951 1099 1095
f 951 955 1101 1099
f 955 957 1105 1101
f 957 961 1107 1105
f 983 985 1136 1134
f 985 987 1140 1136
f 987 991 1142 1140
f 991 993 1144 1142
f 993 997 1147 1144
f 997 999 1151 1147
f 1093 1095 1255 1251
f 1095 1099 1257 1255
f 1099 1101 1261 1257
f 1101 1105 1264 1261
f 1105 1107 1266 1264
f 1107 1111 1268 1266
f 1134 1136 1292 1290
f 1136 1140 1295 1292
f 1140 1142 1297 1295
f 1142 1144 1301 1297
f 1144 1147 1303 1301
f 1255 1257 1412 1408
f 1257 1261 1415 1412
f 1261 1264 1417 1415
f 1264 1266 1421 1417
f 1266 1268 1423 1421
f 1287 1290 1449 1446
f 1290 1292 1453 1449
f 1292 1295 1455 1453
f 1295 1297 1459 1455
f 1297 1301 1461 1459
f 1301 1303 1465 1461
f 1412 1415 1580 1576
f 1415 1417 1584 1580
f 1417 1421 1586 1584
f 1421 1423 1590 1586
f 1423 1426 1592 1590
f 1446 1449 1614 1611
f 1449 1453 1617 1614
f 1453 1455 1619 1617
f 1455 1459 1622 1619
f 1459 1461 1626 1622
f 1576 1580 1742 1739
f 1580 1584 1744 1742
f 1584 1586 1748 1744
f 1586 1590 1751 1748
f 1590 1592 1753 1751
f 1609 1774 1775 1610
f 1609 1611 1776 1774
f 1611 1614 1781 1776
f 1614 1617 1783 1781
f 1617 1619 1787 1783
f 1619 1622 1789 1787
f 1742 1744 1919 1915
f 1744 1748 1922 1919
f 1748 1751 1924 1922
f 1751 1753 1928 1924
f 1753 1756 1930 1928
f 1774 1947 1948 1775
f 1774 1776 1949 1947
f 1776 1781 1953 1949
f 1781 1783 1955 1953
f 1783 1787 1958 1955
f 1787 1789 1962 1958
f 1915 1919 2094 2091
f 1919 1922 2096 2094
f 1922 1924 2100 2096
f 1924 1928 2103 2100
f 1928 1930 2105 2103
f 1947 2122 2123 1948
f 1947 1949 2124 2122
f 1949 1953 2128 2124
f 1953 1955 2132 2128
f 1955 1958 2134 2132
f 2094 2096 2270 2266
f 2096 2100 2273 2270
f 2100 2103 2275 2273
f 2103 2105 2279 2275
f 2105 2108 2281 2279
f 2122 2300 2301 2123
f 2122 2124 2302 2300
f 2124 2128 2306 2302
f 2128 2132 2309 2306
f 2132 2134 2313 2309
f 2266 2270 2452 2449
f 2270 2273 2454 2452
f 2273 2275 2458 2454
f 2275 2279 2461 2458
f 2279 2281 2463 2461
f 2300 2480 2481 2301
f 2300 2302 2482 2480
f 2301 2481 2483 2303
f 2302 2306 2488 2482
f 2306 2309 2490 2488
f 2452 2454 2641 2637
f 2454 2458 2644 2641
f 2458 2461 2646 2644
f 2461 2463 2650 2646
f 2480 2666 2667 2481
f 2480 2482 2668 2666
f 2481 2667 2669 2483
f 2482 2488 2673 2668
f 2488 2490 2675 2673
f 2637 2641 2817 2814
f 2641 2644 2819 2817
f 2644 2646 2823 2819
f 2646 2650 2826 2823
f 2650 2653 2828 2826
f 2666 2847 2848 2667
f 2666 2668 2849 2847
f 2667 2848 2850 2669
f 2668 2673 2854 2849
f 2673 2675 2858 2854
f 2817 2819 3004 3000
f 2819 2823 3007 3004
f 2823 2826 3010 3007
f 2826 2828 3012 3010
f 2847 3028 3029 2848
f 2847 2849 3030 3028
f 2848 3029 3031 2850
f 2849 2854 3035 3030
f 3000 3004 3185 3182
f 3004 3007 3188 3185
f 3007 3010 3190 3188
f 3010 3012 3194 3190
f 3028 3211 3212 3029
f 3028 3030 3213 3211
f 3029 3212 3214 3031
f 3030 3035 3218 3213
f 3182 3185 3368 3365
f 3185 3188 3371 3368
f 3188 3190 3373 3371
f 3190 3194 3376 3373
f 3194 3197 3378 3376
f 3211 3393 3394 3212
f 3211 3213 3395 3393
f 3212 3394 3396 3214
f 3213 3218 3400 3395
f 3365 3368 3551 3548
f 3368 3371 3553 3551
f 3371 3373 3557 3553
f 3373 3376 3560 3557
f 3376 3378 3562 3560
f 3393 3580 3581 3394
f 3393 3395 3582 3580
f 3394 3581 3583 3396
f 3396 3583 3584 3397
f 3395 3400 3589 3582
f 3551 3553 3733 3729
f 3553 3557 3736 3733
f 3557 3560 3739 3736
f 3560 3562 3741 3739
f 3580 3757 3758 3581
f 3580 3582 3759 3757
f 3581 3758 3760 3583
f 3583 3760 3761 3584
f 3582 3589 3765 3759
f 3729 3733 3915 3912
f 3733 3736 3918 3915
f 3736 3739 3920 3918
f 3739 3741 3924 3920
f 3757 3941 3942 3758
f 3757 3759 3943 3941
f 3758 3942 3944 3760
f 3760 3944 3945 3761
f 3759 3765 3949 3943
f 3912 3915 4087 4084
f 3915 3918 4090 4087
f 3918 3920 4092 4090
f 3920 3924 4095 4092
f 3924 3927 4097 4095
f 3941 4112 4113 3942
f 3941 3943 4114 4112
f 3942 4113 4115 3944
f 3944 4115 4116 3945
f 4084 4087 4265 4262
f 4087 4090 4267 4265
f 4090 4092 4271 4267
f 4092 4095 4274 4271
f 4095 4097 4276 4274
f 4112 4294 4295 4113
f 4112 4114 4296 4294
f 4113 4295 4297 4115
f 4115 4297 4298 4116
f 4265 4267 4442 4438
f 4267 4271 4445 4442
f 4271 4274 4448 4445
f 4274 4276 4450 4448
f 4294 4466 4467 4295
f 4294 4296 4468 4466
f 4295 4467 4469 4297
f 4297 4469 4470 4298
f 4438 4442 4616 4613
f 4442 4445 4619 4616
f 4445 4448 4622 4619
f 4448 4450 4624 4622
f 4466 4641 4642 4467
f 4466 4468 4643 4641
f 4467 4642 4644 4469
f 4469 4644 4645 4470
f 4468 4474 4649 4643
f 4613 4616 4788 4785
f 4616 4619 4791 4788
f 4619 4622 4793 4791
f 4622 4624 4797 4793
f 4641 4813 4814 4642
f 4641 4643 4815 4813
f 4642 4814 4816 4644
f 4644 4816 4817 4645
f 4643 4649 4821 4815
f 4785 4788 4967 4964
f 4788 4791 4970 4967
f 4791 4793 4972 4970
f 4793 4797 4975 4972
f 4797 4800 4977 4975
f 4813 4996 4997 4814
f 4813 4815 4998 4996
f 4814 4997 4999 4816
f 4816 4999 5000 4817
f 4815 4821 5005 4998
f 4964 4967 5147 5144
f 4967 4970 5149 5147
f 4970 4972 5153 5149
f 4972 4975 5156 5153
f 4975 4977 5158 5156
f 4996 5174 5175 4997
f 4996 4998 5176 5174
f 4997 5175 5177 4999
f 4998 5005 5181 5176
f 5147 5149 5327 5323
f 5149 5153 5330 5327
f 5153 5156 5332 5330
f 5156 5158 5336 5332
f 5174 5353 5354 5175
f 5174 5176 5355 5353
f 5175 5354 5356 5177
f 5176 5181 5360 5355
f 5323 5327 5510 5507
f 5327 5330 5513 5510
f 5330 5332 5515 5513
f 5332 5336 5518 5515
f 5336 5339 5520 5518
f 5353 5539 5540 5354
f 5353 5355 5541 5539
f 5354 5540 5542 5356
f 5355 5360 5546 5541
f 5507 5510 5697 5694
f 5510 5513 5699 5697
f 5513 5515 5703 5699
f 5515 5518 5706 5703
f 5518 5520 5708 5706
f 5539 5725 5726 5540
f 5539 5541 5727 5725
f 5540 5726 5728 5542
f 5541 5546 5732 5727
f 5546 5549 5736 5732
f 5697 5699 5885 5881
f 5699 5703 5888 5885
f 5703 5706 5890 5888
f 5706 5708 5894 5890
f 5708 5711 5896 5894
f 5725 5915 5916 5726
f 5725 5727 5917 5915
f 5726 5916 5918 5728
f 5727 5732 5922 5917
f 5732 5736 5924 5922
f 5881 5885 6082 6079
f 5885 5888 6084 6082
f 5888 5890 6088 6084
f 5890 5894 6091 6088
f 5894 5896 6093 6091
f 5915 6109 6110 5916
f 5915 5917 6111 6109
f 5916 6110 6112 5918
f 5917 5922 6117 6111
f 5922 5924 6119 6117
f 6082 6084 6270 6266
f 6084 6088 6273 6270
f 6088 6091 6275 6273
f 6091 6093 6279 6275
f 6093 6096 6281 6279
f 6109 6297 6298 6110
f 6109 6111 6299 6297
f 6111 6117 6303 6299
f 6117 6119 6306 6303
f 6119 6122 6310 6306
f 6266 6270 6457 6454
f 6270 6273 6459 6457
f 6273 6275 6463 6459
f 6275 6279 6466 6463
f 6279 6281 6468 6466
f 6297 6486 6487 6298
f 6297 6299 6488 6486
f 6299 6303 6492 6488
f 6303 6306 6496 6492
f 6306 6310 6498 6496
f 6457 6459 6645 6641
f 6459 6463 6648 6645
f 6463 6466 6650 6648
f 6466 6468 6654 6650
f 6468 6471 6656 6654
f 6486 6672 6673 6487
f 6486 6488 6674 6672
f 6488 6492 6678 6674
f 6492 6496 6680 6678
f 6496 6498 6683 6680
f 6498 6501 6687 6683
f 6641 6645 6836 6833
f 6645 6648 6838 6836
f 6648 6650 6842 6838
f 6650 6654 6845 6842
f 6654 6656 6847 6845
f 6672 6865 6866 6673
f 6672 6674 6867 6865
f 6674 6678 6872 6867
f 6678 6680 6874 6872
f 6680 6683 6878 6874
f 6683 6687 6880 6878
f 6836 6838 7032 7028
f 6838 6842 7035 7032
f 6842 6845 7037 7035
f 6845 6847 7041 7037
f 6867 6872 7063 7060
f 6872 6874 7066 7063
f 6874 6878 7068 7066
f 6878 6880 7071 7068
f 6880 6883 7075 7071
f 7028 7032 7220 7217
f 7032 7035 7222 7220
f 7035 7037 7226 7222
f 7037 7041 7229 7226
f 7041 7044 7231 7229
f 7060 7063 7255 7252
f 7063 7066 7259 7255
f 7066 7068 7261 7259
f 7068 7071 7265 7261
f 7071 7075 7267 7265
f 7220 7222 7420 7416
f 7222 7226 7423 7420
f 7226 7229 7425 7423
f 7229 7231 7429 7425
f 7255 7259 7453 7451
f 7259 7261 7456 7453
f 7261 7265 7458 7456
f 7265 7267 7461 7458
f 7267 7271 7463 7461
f 7416 7420 7604 7601
f 7420 7423 7606 7604
f 7423 7425 7610 7606
f 7425 7429 7613 7610
f 7429 7432 7615 7613
f 7451 7453 7637 7635
f 7453 7456 7641 7637
f 7456 7458 7643 7641
f 7458 7461 7647 7643
f 7461 7463 7649 7647
f 7463 7466 7653 7649
f 7604 7606 7799 7795
f 7606 7610 7802 7799
f 7610 7613 7804 7802
f 7613 7615 7808 7804
f 7637 7641 7832 7830
f 7641 7643 7836 7832
f 7643 7647 7838 7836
f 7647 7649 7842 7838
f 7649 7653 7844 7842
f 7653 7655 7848 7844
f 7795 7799 7995 7992
f 7799 7802 7997 7995
f 7802 7804 8001 7997
f 7804 7808 8004 8001
f 7808 7811 8006 8004
f 7832 7836 8032 8030
f 7836 7838 8035 8032
f 7838 7842 8037 8035
f 7842 7844 8041 8037
f 7844 7848 8043 8041
f 7848 7850 8047 8043
f 7995 7997 8190 8186
f 7997 8001 8193 8190
f 8001 8004 8196 8193
f 8004 8006 8198 8196
f 8030 8032 8221 8219
f 8032 8035 8225 8221
f 8035 8037 8227 8225
f 8037 8041 8229 8227
f 8041 8043 8233 8229
f 8043 8047 8235 8233
f 8047 8049 8239 8235
f 8186 8190 8374 8371
f 8190 8193 8377 8374
f 8193 8196 8379 8377
f 8196 8198 8383 8379
f 8221 8225 8409 8407
f 8225 8227 8413 8409
f 8227 8229 8415 8413
f 8229 8233 8417 8415
f 8233 8235 8421 8417
f 8235 8239 8423 8421
f 8239 8241 8427 8423
f 8374 8377 8571 8567
f 8377 8379 8575 8571
f 8379 8383 8578 8575
f 8383 8386 8580 8578
f 8409 8413 8608 8606
f 8413 8415 8612 8608
f 8415 8417 8614 8612
f 8417 8421 8616 8614
f 8421 8423 8620 8616
f 8423 8427 8622 8620
f 8427 8429 8626 8622
f 8567 8571 8760 8757
f 8571 8575 8763 8760
f 8575 8578 8766 8763
f 8578 8580 8768 8766
f 8608 8612 8796 8794
f 8612 8614 8800 8796
f 8614 8616 8802 8800
f 8616 8620 8804 8802
f 8620 8622 8808 8804
f 8622 8626 8810 8808
f 8626 8628 8814 8810
f 8757 8760 8948 8945
f 8760 8763 8951 8948
f 8763 8766 8954 8951
f 8766 8768 8956 8954
f 8796 8800 8986 8984
f 8800 8802 8990 8986
f 8802 8804 8992 8990
f 8804 8808 8994 8992
f 8808 8810 8998 8994
f 8810 8814 9000 8998
f 8814 8816 9004 9000
f 8945 8948 9135 9132
f 8948 8951 9138 9135
f 8951 8954 9140 9138
f 8954 8956 9144 9140
f 8986 8990 9174 9172
f 8990 8992 9178 9174
f 8992 8994 9180 9178
f 8994 8998 9182 9180
f 8998 9000 9186 9182
f 9000 9004 9188 9186
f 9004 9006 9192 9188
f 9132 9135 9318 9315
f 9135 9138 9320 9318
f 9138 9140 9324 9320
f 9140 9144 9327 9324
f 9174 9178 9357 9355
f 9178 9180 9361 9357
f 9180 9182 9363 9361
f 9182 9186 9365 9363
f 9186 9188 9369 9365
f 9188 9192 9371 9369
f 9192 9194 9375 9371
f 9318 9320 9503 9499
f 9320 9324 9506 9503
f 9324 9327 9509 9506
f 9357 9361 9539 9537
f 9361 9363 9543 9539
f 9363 9365 9545 9543
f 9365 9369 9547 9545
f 9369 9371 9551 9547
f 9371 9375 9553 9551
f 9375 9377 9557 9553
f 9499 9503 9674 9671
f 9503 9506 9677 9674
f 9506 9509 9680 9677
f 9539 9543 9710 9708
f 9543 9545 9714 9710
f 9545 9547 9716 9714
f 9547 9551 9718 9716
f 9551 9553 9722 9718
f 9553 9557 9724 9722
f 9671 9674 9847 9844
f 9674 9677 9850 9847
f 9677 9680 9853 9850
f 9680 9683 9855 9853
f 9710 9714 9884 9882
f 9714 9716 9888 9884
f 9716 9718 9890 9888
f 9718 9722 9892 9890
f 9722 9724 9895 9892
f 9724 9727 9899 9895
f 9844 9847 10022 10019
f 9847 9850 10025 10022
f 9850 9853 10028 10025
f 9853 9855 10030 10028
f 9884 9888 10059 10057
f 9888 9890 10063 10059
f 9890 9892 10065 10063
f 9892 9895 10069 10065
f 9895 9899 10071 10069
f 9899 9901 10075 10071
f 10019 10022 10186 10183
f 10022 10025 10189 10186
f 10025 10028 10192 10189
f 10059 10063 10222 10220
f 10063 10065 10226 10222
f 10065 10069 10228 10226
f 10069 10071 10232 10228
f 10071 10075 10234 10232
f 10183 10186 10359 10355
f 10186 10189 10362 10359
f 10189 10192 10365 10362
f 10222 10226 10394 10392
f 10226 10228 10397 10394
f 10228 10232 10399 10397
f 10232 10234 10402 10399
f 10234 10237 10406 10402
f 10351 10355 10521 10518
f 10355 10359 10523 10521
f 10359 10362 10527 10523
f 10362 10365 10530 10527
f 10392 10394 10558 10556
f 10394 10397 10562 10558
f 10397 10399 10564 10562
f 10399 10402 10568 10564
f 10402 10406 10570 10568
f 10518 10521 10694 10691
f 10521 10523 10697 10694
f 10523 10527 10699 10697
f 10527 10530 10702 10699
f 10558 10562 10730 10728
f 10562 10564 10733 10730
f 10564 10568 10735 10733
f 10568 10570 10738 10735
f 10570 10573 10742 10738
f 10691 10694 10855 10852
f 10694 10697 10858 10855
f 10697 10699 10860 10858
f 10699 10702 10864 10860
f 10728 10730 10891 10889
f 10730 10733 10895 10891
f 10733 10735 10897 10895
f 10735 10738 10901 10897
f 10738 10742 10903 10901
f 10852 10855 11017 11014
f 10855 10858 11020 11017
f 10858 10860 11023 11020
f 10860 10864 11025 11023
f 10891 10895 11053 11051
f 10895 10897 11056 11053
f 10897 10901 11058 11056
f 10901 10903 11061 11058
f 11014 11017 11179 11175
f 11017 11020 11183 11179
f 11020 11023 11186 11183
f 11023 11025 11188 11186
f 11051 11053 11216 11214
f 11053 11056 11220 11216
f 11056 11058 11222 11220
f 11058 11061 11226 11222
f 11061 11065 11228 11226
f 11171 11175 11336 11333
f 11175 11179 11339 11336
f 11179 11183 11341 11339
f 11183 11186 11345 11341
f 11216 11220 11372 11370
f 11220 11222 11375 11372
f 11222 11226 11377 11375
f 11226 11228 11380 11377
f 11228 11231 11384 11380
f 11333 11336 11491 11487
f 11336 11339 11494 11491
f 11339 11341 11497 11494
f 11341 11345 11499 11497
f 11370 11372 11527 11525
f 11372 11375 11531 11527
f 11375 11377 11533 11531
f 11377 11380 11537 11533
f 11380 11384 11539 11537
f 11483 11487 11641 11638
f 11487 11491 11643 11641
f 11491 11494 11647 11643
f 11494 11497 11650 11647
f 11497 11499 11652 11650
f 11527 11531 11681 11679
f 11531 11533 11685 11681
f 11533 11537 11687 11685
f 11537 11539 11690 11687
f 11539 11542 11694 11690
f 11638 11641 11792 11788
f 11641 11643 11795 11792
f 11643 11647 11797 11795
f 11647 11650 11801 11797
f 11681 11685 11831 11829
f 11685 11687 11834 11831
f 11687 11690 11838 11834
f 11690 11694 11840 11838
f 11784 11788 11934 11930
f 11788 11792 11936 11934
f 11792 11795 11940 11936
f 11795 11797 11944 11940
f 11797 11801 11946 11944
f 11829 11831 11976 11974
f 11831 11834 11980 11976
f 11834 11838 11982 11980
f 11838 11840 11986 11982
f 11840 11844 11988 11986
f 11926 11930 12075 12072
f 11930 11934 12077 12075
f 11934 11936 12081 12077
f 11936 11940 12084 12081
f 11940 11944 12086 12084
f 11976 11980 12119 12117
f 11980 11982 12123 12119
f 11982 11986 12125 12123
f 11986 11988 12129 12125
f 11988 11992 12131 12129
f 12072 12075 12212 12208
f 12075 12077 12216 12212
f 12077 12081 12218 12216
f 12081 12084 12222 12218
f 12084 12086 12224 12222
f 12119 12123 12258 12256
f 12123 12125 12261 12258
f 12125 12129 12263 12261
f 12129 12131 12266 12263
f 12131 12134 12270 12266
f 12206 12208 12339 12335
f 12208 12212 12343 12339
f 12212 12216 12345 12343
f 12216 12218 12349 12345
f 12218 12222 12351 12349
f 12256 12258 12383 12381
f 12258 12261 12387 12383
f 12261 12263 12389 12387
f 12263 12266 12393 12389
f 12266 12270 12395 12393
f 12270 12272 12399 12395
f 12333 12335 12466 12463
f 12335 12339 12470 12466
f 12339 12343 12472 12470
f 12343 12345 12476 12472
f 12345 12349 12478 12476
f 12383 12387 12511 12509
f 12387 12389 12515 12511
f 12389 12393 12517 12515
f 12393 12395 12521 12517
f 12395 12399 12524 12521
f 12399 12402 12526 12524
f 12402 12406 12530 12526
f 12456 12459 12579 12576
f 12459 12463 12581 12579
f 12463 12466 12585 12581
f 12466 12470 12587 12585
f 12470 12472 12591 12587
f 12472 12476 12593 12591
f 12476 12478 12595 12593
f 12511 12515 12631 12629
f 12515 12517 12635 12631
f 12517 12521 12637 12635
f 12521 12524 12639 12637
f 12524 12526 12643 12639
f 12526 12530 12645 12643
f 12530 12532 12649 12645
f 12569 12572 12689 12686
f 12572 12576 12691 12689
f 12576 12579 12695 12691
f 12579 12581 12698 12695
f 12581 12585 12700 12698
f 12585 12587 12704 12700
f 12587 12591 12706 12704
f 12591 12593 12708 12706
f 12631 12635 12743 12741
f 12635 12637 12747 12743
f 12637 12639 12749 12747
f 12639 12643 12751 12749
f 12643 12645 12755 12751
f 12645 12649 12757 12755
f 12649 12652 12759 12757
f 12652 12656 12763 12759
f 12656 12659 12766 12763
f 12680 12682 12790 12787
f 12682 12686 12792 12790
f 12686 12689 12796 12792
f 12689 12691 12799 12796
f 12691 12695 12801 12799
f 12695 12698 12805 12801
f 12698 12700 12808 12805
f 12700 12704 12810 12808
f 12704 12706 12814 12810
f 12743 12747 12851 12849
f 12747 12749 12855 12851
f 12749 12751 12858 12855
f 12751 12755 12860 12858
f 12755 12757 12864 12860
f 12757 12759 12867 12864
f 12759 12763 12869 12867
f 12763 12766 12871 12869
f 12766 12768 12875 12871
f 12768 12772 12878 12875
f 12772 12775 12881 12878
f 12775 12778 12884 12881
f 12778 12781 12887 12884
f 12781 12784 12890 12887
f 12784 12787 12893 12890
f 12787 12790 12896 12893
f 12790 12792 12899 12896
f 12792 12796 12901 12899
f 12796 12799 12905 12901
f 12799 12801 12908 12905
f 12801 12805 12910 12908
f 12805 12808 12912 12910
f 12855 12858 12954 12952
f 12858 12860 12958 12954
f 12860 12864 12961 12958
f 12864 12867 12963 12961
f 12867 12869 12967 12963
f 12869 12871 12970 12967
f 12871 12875 12973 12970
f 12875 12878 12976 12973
f 12878 12881 12978 12976
f 12881 12884 12980 12978
f 12884 12887 12982 12980
f 12887 12890 12984 12982
f 12890 12893 12986 12984
f 12893 12896 12990 12986
f 12896 12899 12993 12990
f 12899 12901 12996 12993
f 12901 12905 12998 12996
f 12905 12908 13000 12998
f 12908 12910 13004 13000
f 12958 12961 13049 13047
f 12961 12963 13053 13049
f 12963 12967 13056 13053
f 12967 12970 13058 13056
f 12970 12973 13060 13058
f 12973 12976 13062 13060
f 12976 12978 13066 13062
f 12978 12980 13069 13066
f 12980 12982 13072 13069
f 12982 12984 13075 13072
f 12984 12986 13078 13075
f 12986 12990 13080 13078
f 12990 12993 13082 13080
f 12993 12996 13084 13082
f 12996 12998 13088 13084
f 13053 13056 13136 13134
f 13056 13058 13140 13136
f 13058 13060 13143 13140
f 13060 13062 13146 13143
f 13062 13066 13149 13146
f 13066 13069 13152 13149
f 13069 13072 13155 13152
f 13072 13075 13158 13155
f 13075 13078 13161 13158
f 13078 13080 13164 13161
f 13080 13082 13167 13164
usemtl c43
f 1 2 3 4
f 1 5 6 2
f 2 6 7 3
f 1 4 8 5
f 4 3 9 10
f 3 7 11 9
f 4 10 12 8
f 10 9 13 14
f 9 11 15 13
f 10 14 16 12
f 14 13 17 18
f 13 15 19 17
f 14 18 20 16
f 18 17 21 22
f 17 19 23 21
f 18 22 24 20
f 22 21 25 26
f 22 26 27 24
f 21 28 29 25
f 21 23 30 28
f 28 30 31 29
f 26 25 32 33
f 26 33 34 27
f 25 29 35 32
f 29 31 36 35
f 33 32 37 38
f 33 38 39 34
f 32 35 40 37
f 35 36 41 40
f 38 37 42 43
f 38 43 44 39
f 37 40 45 42
f 40 41 46 45
f 42 45 50 47
f 45 51 52 50
f 45 46 53 51
f 51 53 54 52
f 47 50 58 55
f 50 52 59 58
f 52 54 60 59
f 55 58 64 61
f 58 59 65 64
f 59 60 66 65
f 64 65 71 70
f 65 72 73 71
f 65 66 74 72
f 72 74 75 73
f 70 71 80 79
f 71 73 81 80
f 73 75 82 81
f 79 80 87 86
f 80 81 88 87
f 81 82 89 88
f 86 87 94 93
f 87 88 95 94
f 88 89 96 95
f 94 95 102 101
f 95 103 104 102
f 95 96 105 103
f 103 105 106 104
f 101 102 112 111
f 102 104 113 112
f 104 106 114 113
f 111 112 120 119
f 112 113 121 120
f 113 114 122 121
f 119 120 128 127
f 120 121 129 128
f 121 122 130 129
f 127 128 136 135
f 128 129 137 136
f 129 130 138 137
f 135 136 144 143
f 136 137 145 144
f 137 138 146 145
f 143 144 152 151
f 144 145 153 152
f 145 146 154 153
f 151 152 160 159
f 152 153 161 160
f 153 154 162 161
f 159 160 168 167
f 160 161 169 168
f 161 162 170 169
f 167 168 176 175
f 168 169 177 176
f 169 170 178 177
f 175 176 184 183
f 176 177 185 184
f 177 178 186 185
f 183 184 192 191
f 184 185 193 192
f 185 186 194 193
f 191 192 200 199
f 192 193 201 200
f 200 201 202 203
f 193 194 202 201
f 198 199 208 207
f 199 200 209 208
f 200 203 210 209
f 207 208 215 214
f 208 209 216 215
f 209 210 217 216
f 214 215 222 221
f 215 216 223 222
f 216 217 224 223
f 221 222 229 228
f 222 223 230 229
f 229 230 231 232
f 223 224 231 230
f 225 228 236 233
f 228 229 237 236
f 229 232 238 237
f 233 236 242 239
f 236 237 243 242
f 237 238 244 243
f 239 242 248 245
f 242 243 249 248
f 248 249 250 251
f 243 244 250 249
f 246 245 252 253
f 246 253 254 247
f 245 248 255 252
f 248 251 256 255
f 253 252 257 258
f 253 258 259 254
f 252 255 260 257
f 255 256 261 260
f 258 257 262 263
f 258 263 264 259
f 257 260 265 262
f 260 261 266 265
f 263 262 267 268
f 263 268 269 264
f 262 265 270 267
f 267 270 271 272
f 265 266 271 270
f 268 267 273 274
f 267 272 275 273
f 268 274 276 269
f 274 273 277 278
f 273 275 279 277
f 274 278 280 276
f 278 277 281 282
f 277 279 283 281
f 278 282 284 280
f 282 281 285 286
f 281 283 287 285
f 282 286 288 284
f 286 285 289 290
f 290 289 291 292
f 285 287 291 289
f 286 290 292 288
f 5 293 294 6
f 6 294 295 7
f 5 8 296 293
f 7 295 297 11
f 8 12 298 296
f 11 297 299 15
f 12 16 300 298
f 15 299 301 19
f 16 20 302 300
f 20 24 303 302
f 19 304 30 23
f 19 301 305 304
f 304 305 306 30
f 24 27 307 303
f 30 306 308 31
f 27 34 309 307
f 31 308 310 36
f 34 39 311 309
f 36 310 312 41
f 41 314 53 46
f 41 312 315 314
f 314 315 316 53
f 53 316 318 54
f 54 318 320 60
f 60 322 74 66
f 60 320 323 322
f 322 323 324 74
f 74 324 326 75
f 75 326 328 82
f 82 330 331 89
f 82 328 332 330
f 330 332 333 331
f 89 331 105 96
f 331 333 335 105
f 105 335 337 106
f 106 337 339 114
f 114 341 342 122
f 114 339 343 341
f 341 343 344 342
f 122 342 346 130
f 342 344 347 346
f 130 346 349 138
f 346 347 350 349
f 138 349 352 146
f 349 350 353 352
f 146 352 355 154
f 352 353 356 355
f 154 355 358 162
f 355 356 359 358
f 162 358 361 170
f 358 359 362 361
f 170 361 364 178
f 361 362 365 364
f 178 364 367 186
f 186 367 368 369
f 364 365 368 367
f 186 369 371 194
f 194 371 373 202
f 203 202 375 210
f 202 373 376 375
f 210 375 378 217
f 217 378 379 380
f 375 376 379 378
f 217 380 382 224
f 224 382 384 231
f 232 231 386 238
f 238 386 387 388
f 231 384 387 386
f 238 388 390 244
f 244 390 392 250
f 251 250 394 256
f 256 394 395 396
f 250 392 395 394
f 254 259 397 393
f 256 396 398 261
f 259 264 399 397
f 261 398 400 266
f 264 269 401 399
f 266 400 402 271
f 269 276 403 401
f 272 271 404 275
f 275 404 405 406
f 271 402 405 404
f 275 406 407 279
f 276 280 408 403
f 279 407 409 283
f 280 284 410 408
f 283 409 411 287
f 284 288 412 410
f 287 411 413 291
f 288 292 414 412
f 292 291 415 416
f 416 415 417 418
f 291 413 417 415
f 292 416 418 414
f 293 419 420 294
f 294 420 421 295
f 293 296 422 419
f 295 421 423 297
f 296 298 424 422
f 297 423 425 299
f 298 300 426 424
f 300 302 427 426
f 299 428 305 301
f 299 425 429 428
f 428 429 430 305
f 302 303 431 427
f 305 430 432 306
f 303 307 433 431
f 306 432 434 308
f 307 309 435 433
f 308 434 436 310
f 310 438 315 312
f 310 436 439 438
f 438 439 440 315
f 315 440 442 316
f 316 444 445 318
f 316 442 446 444
f 444 446 447 445
f 318 445 323 320
f 445 447 449 323
f 323 449 451 324
f 324 453 454 326
f 324 451 455 453
f 453 455 456 454
f 326 454 332 328
f 454 456 458 332
f 332 458 460 333
f 333 462 463 335
f 333 460 464 462
f 462 464 465 463
f 335 463 467 337
f 463 465 468 467
f 337 467 343 339
f 467 468 470 343
f 343 470 472 344
f 344 474 475 347
f 344 472 476 474
f 474 476 477 475
f 347 475 479 350
f 475 477 480 479
f 350 479 482 353
f 479 480 483 482
f 353 482 485 356
f 482 483 486 485
f 356 485 488 359
f 485 486 489 488
f 359 488 491 362
f 488 489 492 491
f 362 491 494 365
f 365 494 495 496
f 491 492 495 494
f 365 496 498 368
f 369 368 500 371
f 368 498 501 500
f 371 500 503 373
f 500 501 504 503
f 373 503 506 376
f 376 506 507 508
f 503 504 507 506
f 376 508 510 379
f 380 379 512 382
f 379 510 513 512
f 382 512 515 384
f 384 515 516 517
f 512 513 516 515
f 384 517 519 387
f 388 387 521 390
f 387 519 522 521
f 390 521 524 392
f 392 524 525 526
f 521 522 525 524
f 392 526 528 395
f 396 395 530 398
f 398 530 531 532
f 395 528 531 530
f 397 399 533 529
f 398 532 534 400
f 399 401 535 533
f 400 534 536 402
f 401 403 537 535
f 402 536 538 405
f 403 408 539 537
f 406 405 540 407
f 407 540 541 542
f 405 538 541 540
f 407 542 543 409
f 408 410 544 539
f 409 543 545 411
f 410 412 546 544
f 411 545 547 413
f 412 414 548 546
f 418 417 549 550
f 413 547 549 417
f 414 418 550 548
f 419 551 552 420
f 420 552 553 421
f 419 422 554 551
f 421 553 555 423
f 422 424 556 554
f 424 426 557 556
f 423 558 429 425
f 423 555 559 558
f 558 559 560 429
f 426 427 561 557
f 429 560 562 430
f 427 431 563 561
f 430 562 564 432
f 431 433 565 563
f 432 564 566 434
f 434 568 439 436
f 434 566 569 568
f 568 569 570 439
f 439 570 572 440
f 440 574 446 442
f 440 572 575 574
f 574 575 576 446
f 446 576 578 447
f 447 578 580 449
f 449 582 455 451
f 449 580 583 582
f 582 583 584 455
f 455 584 586 456
f 456 588 589 458
f 456 586 590 588
f 588 590 591 589
f 458 589 464 460
f 589 591 593 464
f 464 593 595 465
f 465 597 598 468
f 465 595 599 597
f 597 599 600 598
f 468 598 602 470
f 598 600 603 602
f 470 602 476 472
f 602 603 605 476
f 476 605 607 477
f 477 609 610 480
f 477 607 611 609
f 609 611 612 610
f 480 610 614 483
f 610 612 615 614
f 483 614 617 486
f 614 615 618 617
f 486 617 620 489
f 617 618 621 620
f 489 620 623 492
f 492 623 624 625
f 620 621 624 623
f 492 625 627 495
f 496 495 629 498
f 495 627 630 629
f 498 629 632 501
f 629 630 633 632
f 501 632 635 504
f 504 635 636 637
f 632 633 636 635
f 504 637 639 507
f 508 507 641 510
f 507 639 642 641
f 510 641 644 513
f 513 644 645 646
f 641 642 645 644
f 513 646 648 516
f 517 516 650 519
f 519 650 651 652
f 516 648 651 650
f 519 652 654 522
f 522 654 656 525
f 526 525 658 528
f 528 658 659 660
f 525 656 659 658
f 528 660 662 531
f 532 531 664 534
f 534 664 665 666
f 531 662 665 664
f 533 535 667 663
f 534 666 668 536
f 535 537 669 667
f 536 668 670 538
f 537 539 671 669
f 538 670 672 541
f 539 544 673 671
f 542 541 674 543
f 543 674 675 676
f 541 672 675 674
f 543 676 677 545
f 544 546 678 673
f 545 677 679 547
f 546 548 680 678
f 547 679 681 549
f 548 550 682 680
f 550 549 683 684
f 684 683 685 686
f 549 681 685 683
f 550 684 686 682
f 551 687 688 552
f 552 688 689 553
f 551 554 690 687
f 553 689 691 555
f 554 556 692 690
f 556 557 693 692
f 555 691 694 559
f 559 694 695 560
f 557 561 696 693
f 560 695 697 562
f 561 563 698 696
f 562 697 699 564
f 564 701 569 566
f 564 699 702 701
f 701 702 703 569
f 569 703 705 570
f 570 707 575 572
f 570 705 708 707
f 707 708 709 575
f 575 709 711 576
f 576 713 714 578
f 576 711 715 713
f 713 715 716 714
f 578 714 583 580
f 714 716 718 583
f 583 718 720 584
f 584 722 590 586
f 584 720 723 722
f 722 723 724 590
f 590 724 726 591
f 591 728 729 593
f 591 726 730 728
f 728 730 731 729
f 593 729 599 595
f 729 731 733 599
f 599 735 736 600
f 599 733 737 735
f 735 737 738 736
f 600 736 740 603
f 736 738 741 740
f 603 740 743 605
f 740 741 744 743
f 605 743 611 607
f 743 744 746 611
f 611 746 748 612
f 612 750 751 615
f 612 748 752 750
f 750 752 753 751
f 615 751 755 618
f 751 753 756 755
f 618 755 758 621
f 621 758 759 760
f 755 756 759 758
f 621 760 762 624
f 625 624 764 627
f 624 762 765 764
f 627 764 767 630
f 764 765 768 767
f 630 767 770 633
f 767 768 771 770
f 633 770 773 636
f 636 773 774 775
f 770 771 774 773
f 637 636 777 639
f 636 775 778 777
f 639 777 780 642
f 642 780 781 782
f 777 778 781 780
f 642 782 784 645
f 646 645 786 648
f 648 786 787 788
f 645 784 787 786
f 648 788 790 651
f 652 651 792 654
f 651 790 793 792
f 654 792 795 656
f 656 795 796 797
f 792 793 796 795
f 656 797 799 659
f 660 659 801 662
f 662 801 802 803
f 659 799 802 801
f 662 803 805 665
f 666 665 807 668
f 668 807 808 809
f 665 805 808 807
f 667 669 810 806
f 668 809 811 670
f 669 671 812 810
f 670 811 813 672
f 671 673 814 812
f 676 675 815 816
f 672 813 815 675
f 676 816 817 677
f 673 678 818 814
f 677 817 819 679
f 678 680 820 818
f 679 819 821 681
f 680 682 822 820
f 681 821 823 685
f 682 686 824 822
f 686 685 825 826
f 826 825 827 828
f 685 823 827 825
f 686 826 828 824
f 687 829 830 688
f 688 830 831 689
f 687 690 832 829
f 690 692 833 832
f 689 834 694 691
f 689 831 835 834
f 834 835 836 694
f 692 693 837 833
f 694 836 838 695
f 693 696 839 837
f 695 838 840 697
f 697 842 702 699
f 697 840 843 842
f 842 843 844 702
f 702 844 846 703
f 703 848 708 705
f 703 846 849 848
f 848 849 850 708
f 708 850 852 709
f 709 854 715 711
f 709 852 855 854
f 854 855 856 715
f 715 856 858 716
f 716 860 861 718
f 716 858 862 860
f 860 862 863 861
f 718 861 723 720
f 861 863 865 723
f 723 867 868 724
f 723 865 869 867
f 867 869 870 868
f 724 868 730 726
f 868 870 872 730
f 730 874 875 731
f 730 872 876 874
f 874 876 877 875
f 731 875 737 733
f 875 877 879 737
f 737 879 881 738
f 738 883 884 741
f 738 881 885 883
f 883 885 886 884
f 741 884 888 744
f 884 886 889 888
f 744 888 891 746
f 888 889 892 891
f 746 891 752 748
f 891 892 894 752
f 752 896 897 753
f 752 894 898 896
f 896 898 899 897
f 753 897 901 756
f 897 899 902 901
f 756 901 904 759
f 759 904 905 906
f 901 902 905 904
f 760 759 908 762
f 759 906 909 908
f 762 908 911 765
f 908 909 912 911
f 765 911 914 768
f 911 912 915 914
f 768 914 917 771
f 771 917 918 919
f 914 915 918 917
f 771 919 921 774
f 775 774 923 778
f 774 921 924 923
f 778 923 926 781
f 781 926 927 928
f 923 924 927 926
f 782 781 930 784
f 781 928 931 930
f 784 930 933 787
f 787 933 934 935
f 930 931 934 933
f 788 787 937 790
f 787 935 938 937
f 790 937 940 793
f 793 940 941 942
f 937 938 941 940
f 793 942 944 796
f 797 796 946 799
f 799 946 947 948
f 796 944 947 946
f 799 948 950 802
f 803 802 952 805
f 805 952 953 954
f 802 950 953 952
f 805 954 956 808
f 809 808 958 811
f 811 958 959 960
f 808 956 959 958
f 810 812 961 957
f 811 960 962 813
f 812 814 963 961
f 813 962 964 815
f 814 818 965 963
f 816 815 966 817
f 817 966 967 968
f 815 964 967 966
f 817 968 969 819
f 818 820 970 965
f 819 969 971 821
f 820 822 972 970
f 821 971 973 823
f 822 824 974 972
f 828 827 975 976
f 823 973 975 827
f 824 828 976 974
f 829 977 978 830
f 829 832 979 977
f 830 980 835 831
f 830 978 981 980
f 980 981 982 835
f 832 833 983 979
f 835 982 984 836
f 833 837 985 983
f 836 984 986 838
f 838 988 843 840
f 838 986 989 988
f 988 989 990 843
f 843 990 992 844
f 844 994 849 846
f 844 992 995 994
f 994 995 996 849
f 849 996 998 850
f 850 1000 855 852
f 850 998 1001 1000
f 1000 1001 1002 855
f 855 1002 1004 856
f 856 1006 862 858
f 856 1004 1007 1006
f 1006 1007 1008 862
f 862 1008 1010 863
f 863 1012 869 865
f 863 1010 1013 1012
f 1012 1013 1014 869
f 869 1014 1016 870
f 870 1018 876 872
f 870 1016 1019 1018
f 1018 1019 1020 876
f 876 1020 1022 877
f 877 1024 1025 879
f 877 1022 1026 1024
f 1024 1026 1027 1025
f 879 1025 885 881
f 1025 1027 1029 885
f 885 1031 1032 886
f 885 1029 1033 1031
f 1031 1033 1034 1032
f 886 1032 1036 889
f 1032 1034 1037 1036
f 889 1036 1039 892
f 1036 1037 1040 1039
f 892 1039 898 894
f 1039 1040 1042 898
f 898 1044 1045 899
f 898 1042 1046 1044
f 1044 1046 1047 1045
f 899 1045 1049 902
f 1045 1047 1050 1049
f 902 1049 1052 905
f 905 1052 1053 1054
f 1049 1050 1053 1052
f 906 905 1056 909
f 905 1054 1057 1056
f 909 1056 1059 912
f 1056 1057 1060 1059
f 912 1059 1062 915
f 1059 1060 1063 1062
f 915 1062 1065 918
f 918 1065 1066 1067
f 1062 1063 1066 1065
f 919 918 1069 921
f 918 1067 1070 1069
f 921 1069 1072 924
f 924 1072 1073 1074
f 1069 1070 1073 1072
f 924 1074 1076 927
f 928 927 1078 931
f 931 1078 1079 1080
f 927 1076 1079 1078
f 931 1080 1082 934
f 935 934 1084 938
f 938 1084 1085 1086
f 934 1082 1085 1084
f 938 1086 1088 941
f 942 941 1090 944
f 944 1090 1091 1092
f 941 1088 1091 1090
f 944 1092 1094 947
f 948 947 1096 950
f 950 1096 1097 1098
f 947 1094 1097 1096
f 950 1098 1100 953
f 954 953 1102 956
f 956 1102 1103 1104
f 953 1100 1103 1102
f 956 1104 1106 959
f 960 959 1108 962
f 962 1108 1109 1110
f 959 1106 1109 1108
f 961 963 1111 1107
f 962 1110 1112 964
f 963 965 1113 1111
f 964 1112 1114 967
f 965 970 1115 1113
f 968 967 1116 969
f 969 1116 1117 1118
f 967 1114 1117 1116
f 969 1118 1119 971
f 970 972 1120 1115
f 971 1119 1121 973
f 972 974 1122 1120
f 973 1121 1123 975
f 974 976 1124 1122
f 976 975 1125 1126
f 1126 1125 1127 1128
f 975 1123 1127 1125
f 976 1126 1128 1124
f 977 1129 1130 978
f 977 979 1131 1129
f 978 1130 1132 981
f 981 1132 1133 982
f 979 983 1134 1131
f 982 1133 1135 984
f 984 1137 989 986
f 984 1135 1138 1137
f 1137 1138 1139 989
f 989 1139 1141 990
f 990 1141 1143 992
f 992 1143 1145 995
f 995 1145 1146 996
f 996 1148 1001 998
f 996 1146 1149 1148
f 1148 1149 1150 1001
f 1001 1150 1152 1002
f 1002 1154 1007 1004
f 1002 1152 1155 1154
f 1154 1155 1156 1007
f 1007 1156 1158 1008
f 1008 1160 1013 1010
f 1008 1158 1161 1160
f 1160 1161 1162 1013
f 1013 1164 1165 1014
f 1013 1162 1166 1164
f 1164 1166 1167 1165
f 1014 1165 1019 1016
f 1165 1167 1169 1019
f 1019 1171 1172 1020
f 1019 1169 1173 1171
f 1171 1173 1174 1172
f 1020 1172 1026 1022
f 1172 1174 1176 1026
f 1026 1178 1179 1027
f 1026 1176 1180 1178
f 1178 1180 1181 1179
f 1027 1179 1033 1029
f 1179 1181 1183 1033
f 1033 1185 1186 1034
f 1033 1183 1187 1185
f 1185 1187 1188 1186
f 1034 1186 1190 1037
f 1186 1188 1191 1190
f 1037 1190 1193 1040
f 1190 1191 1194 1193
f 1040 1193 1046 1042
f 1193 1196 1197 1046
f 1193 1194 1198 1196
f 1196 1198 1199 1197
f 1046 1197 1201 1047
f 1197 1199 1202 1201
f 1047 1201 1204 1050
f 1201 1202 1205 1204
f 1050 1204 1207 1053
f 1204 1205 1208 1207
f 1054 1053 1210 1057
f 1053 1207 1211 1210
f 1210 1211 1212 1213
f 1207 1208 1212 1211
f 1057 1210 1215 1060
f 1210 1213 1216 1215
f 1060 1215 1218 1063
f 1215 1216 1219 1218
f 1063 1218 1221 1066
f 1066 1221 1222 1223
f 1218 1219 1222 1221
f 1067 1066 1225 1070
f 1066 1223 1226 1225
f 1070 1225 1228 1073
f 1073 1228 1229 1230
f 1225 1226 1229 1228
f 1074 1073 1232 1076
f 1073 1230 1233 1232
f 1076 1232 1235 1079
f 1079 1235 1236 1237
f 1232 1233 1236 1235
f 1080 1079 1239 1082
f 1079 1237 1240 1239
f 1082 1239 1242 1085
f 1085 1242 1243 1244
f 1239 1240 1243 1242
f 1086 1085 1246 1088
f 1088 1246 1247 1248
f 1085 1244 1247 1246
f 1088 1248 1250 1091
f 1092 1091 1252 1094
f 1094 1252 1253 1254
f 1091 1250 1253 1252
f 1094 1254 1256 1097
f 1098 1097 1258 1100
f 1100 1258 1259 1260
f 1097 1256 1259 1258
f 1104 1103 1262 1263
f 1100 1260 1262 1103
f 1104 1263 1265 1106
f 1106 1265 1267 1109
f 1110 1109 1269 1112
f 1112 1269 1270 1271
f 1109 1267 1270 1269
f 1111 1113 1272 1268
f 1112 1271 1273 1114
f 1113 1115 1274 1272
f 1118 1117 1275 1276
f 1114 1273 1275 1117
f 1118 1276 1277 1119
f 1115 1120 1278 1274
f 1119 1277 1279 1121
f 1120 1122 1280 1278
f 1121 1279 1281 1123
f 1122 1124 1282 1280
f 1128 1127 1283 1284
f 1123 1281 1283 1127
f 1124 1128 1284 1282
f 1129 1285 1286 1130
f 1129 1131 1287 1285
f 1130 1286 1288 1132
f 1132 1288 1289 1133
f 1131 1134 1290 1287
f 1133 1289 1291 1135
f 1135 1291 1293 1138
f 1138 1293 1294 1139
f 1139 1294 1296 1141
f 1141 1298 1145 1143
f 1141 1296 1299 1298
f 1298 1299 1300 1145
f 1145 1300 1302 1146
f 1146 1302 1304 1149
f 1149 1304 1305 1150
f 1150 1307 1155 1152
f 1150 1305 1308 1307
f 1307 1308 1309 1155
f 1155 1309 1311 1156
f 1156 1313 1161 1158
f 1156 1311 1314 1313
f 1313 1314 1315 1161
f 1161 1317 1166 1162
f 1161 1315 1318 1317
f 1317 1318 1319 1166
f 1166 1319 1321 1167
f 1167 1323 1173 1169
f 1167 1321 1324 1323
f 1323 1324 1325 1173
f 1173 1327 1328 1174
f 1173 1325 1329 1327
f 1327 1329 1330 1328
f 1174 1328 1180 1176
f 1328 1330 1332 1180
f 1180 1334 1335 1181
f 1180 1332 1336 1334
f 1334 1336 1337 1335
f 1181 1335 1187 1183
f 1335 1337 1339 1187
f 1187 1341 1342 1188
f 1187 1339 1343 1341
f 1341 1343 1344 1342
f 1188 1342 1346 1191
f 1342 1344 1347 1346
f 1191 1346 1198 1194
f 1346 1347 1349 1198
f 1198 1351 1352 1199
f 1198 1349 1353 1351
f 1351 1353 1354 1352
f 1199 1352 1356 1202
f 1352 1354 1357 1356
f 1202 1356 1359 1205
f 1356 1357 1360 1359
f 1205 1359 1362 1208
f 1359 1360 1363 1362
f 1208 1362 1365 1212
f 1212 1365 1366 1367
f 1362 1363 1366 1365
f 1213 1212 1369 1216
f 1212 1367 1370 1369
f 1216 1369 1372 1219
f 1369 1370 1373 1372
f 1219 1372 1375 1222
f 1222 1375 1376 1377
f 1372 1373 1376 1375
f 1223 1222 1379 1226
f 1222 1377 1380 1379
f 1226 1379 1382 1229
f 1229 1382 1383 1384
f 1379 1380 1383 1382
f 1230 1229 1386 1233
f 1229 1384 1387 1386
f 1233 1386 1389 1236
f 1236 1389 1390 1391
f 1386 1387 1390 1389
f 1237 1236 1393 1240
f 1240 1393 1394 1395
f 1236 1391 1394 1393
f 1240 1395 1397 1243
f 1244 1243 1399 1247
f 1247 1399 1400 1401
f 1243 1397 1400 1399
f 1248 1247 1403 1250
f 1250 1403 1404 1405
f 1247 1401 1404 1403
f 1250 1405 1407 1253
f 1254 1253 1409 1256
f 1256 1409 1410 1411
f 1253 1407 1410 1409
f 1260 1259 1413 1414
f 1256 1411 1413 1259
f 1260 1414 1416 1262
f 1263 1262 1418 1265
f 1265 1418 1419 1420
f 1262 1416 1419 1418
f 1265 1420 1422 1267
f 1271 1270 1424 1425
f 1267 1422 1424 1270
f 1268 1272 1426 1423
f 1271 1425 1427 1273
f 1272 1274 1428 1426
f 1273 1427 1429 1275
f 1274 1278 1430 1428
f 1276 1275 1431 1277
f 1277 1431 1432 1433
f 1275 1429 1432 1431
f 1277 1433 1434 1279
f 1278 1280 1435 1430
f 1279 1434 1436 1281
f 1280 1282 1437 1435
f 1281 1436 1438 1283
f 1282 1284 1439 1437
f 1284 1283 1440 1441
f 1441 1440 1442 1443
f 1283 1438 1442 1440
f 1284 1441 1443 1439
f 1285 1444 1445 1286
f 1285 1287 1446 1444
f 1286 1445 1447 1288
f 1288 1447 1448 1289
f 1289 1450 1293 1291
f 1289 1448 1451 1450
f 1450 1451 1452 1293
f 1293 1452 1454 1294
f 1294 1456 1299 1296
f 1294 1454 1457 1456
f 1456 1457 1458 1299
f 1299 1458 1460 1300
f 1300 1462 1304 1302
f 1300 1460 1463 1462
f 1462 1463 1464 1304
f 1304 1464 1466 1305
f 1305 1466 1468 1308
f 1308 1468 1469 1309
f 1309 1471 1314 1311
f 1309 1469 1472 1471
f 1471 1472 1473 1314
f 1314 1475 1318 1315
f 1314 1473 1476 1475
f 1475 1476 1477 1318
f 1318 1477 1479 1319
f 1319 1481 1324 1321
f 1319 1479 1482 1481
f 1481 1482 1483 1324
f 1324 1485 1329 1325
f 1324 1483 1486 1485
f 1485 1486 1487 1329
f 1329 1489 1490 1330
f 1329 1487 1491 1489
f 1489 1491 1492 1490
f 1330 1490 1336 1332
f 1490 1492 1494 1336
f 1336 1496 1497 1337
f 1336 1494 1498 1496
f 1496 1498 1499 1497
f 1337 1497 1343 1339
f 1497 1499 1501 1343
f 1343 1503 1504 1344
f 1343 1501 1505 1503
f 1503 1505 1506 1504
f 1344 1504 1508 1347
f 1504 1506 1509 1508
f 1347 1508 1353 1349
f 1508 1511 1512 1353
f 1508 1509 1513 1511
f 1511 1513 1514 1512
f 1353 1512 1516 1354
f 1512 1514 1517 1516
f 1354 1516 1519 1357
f 1516 1517 1520 1519
f 1357 1519 1522 1360
f 1519 1520 1523 1522
f 1360 1522 1525 1363
f 1522 1523 1526 1525
f 1363 1525 1528 1366
f 1525 1526 1529 1528
f 1367 1366 1531 1370
f 1366 1528 1532 1531
f 1531 1532 1533 1534
f 1528 1529 1533 1532
f 1370 1531 1536 1373
f 1531 1534 1537 1536
f 1373 1536 1539 1376
f 1376 1539 1540 1541
f 1536 1537 1540 1539
f 1377 1376 1543 1380
f 1376 1541 1544 1543
f 1380 1543 1546 1383
f 1383 1546 1547 1548
f 1543 1544 1547 1546
f 1384 1383 1550 1387
f 1383 1548 1551 1550
f 1387 1550 1553 1390
f 1390 1553 1554 1555
f 1550 1551 1554 1553
f 1391 1390 1557 1394
f 1394 1557 1558 1559
f 1390 1555 1558 1557
f 1395 1394 1561 1397
f 1397 1561 1562 1563
f 1394 1559 1562 1561
f 1397 1563 1565 1400
f 1401 1400 1567 1404
f 1404 1567 1568 1569
f 1400 1565 1568 1567
f 1405 1404 1571 1407
f 1407 1571 1572 1573
f 1404 1569 1572 1571
f 1407 1573 1575 1410
f 1411 1410 1577 1413
f 1413 1577 1578 1579
f 1410 1575 1578 1577
f 1414 1413 1581 1416
f 1416 1581 1582 1583
f 1413 1579 1582 1581
f 1416 1583 1585 1419
f 1420 1419 1587 1422
f 1422 1587 1588 1589
f 1419 1585 1588 1587
f 1422 1589 1591 1424
f 1425 1424 1593 1427
f 1427 1593 1594 1595
f 1424 1591 1594 1593
f 1426 1428 1596 1592
f 1427 1595 1597 1429
f 1428 1430 1598 1596
f 1433 1432 1599 1600
f 1429 1597 1599 1432
f 1433 1600 1601 1434
f 1430 1435 1602 1598
f 1434 1601 1603 1436
f 1435 1437 1604 1602
f 1436 1603 1605 1438
f 1437 1439 1606 1604
f 1443 1442 1607 1608
f 1438 1605 1607 1442
f 1439 1443 1608 1606
f 1444 1609 1610 1445
f 1444 1446 1611 1609
f 1445 1610 1612 1447
f 1447 1612 1613 1448
f 1448 1613 1615 1451
f 1451 1615 1616 1452
f 1452 1616 1618 1454
f 1454 1618 1620 1457
f 1457 1620 1621 1458
f 1458 1623 1463 1460
f 1458 1621 1624 1623
f 1623 1624 1625 1463
f 1463 1625 1627 1464
f 1464 1629 1468 1466
f 1464 1627 1630 1629
f 1629 1630 1631 1468
f 1468 1633 1472 1469
f 1468 1631 1634 1633
f 1633 1634 1635 1472
f 1472 1635 1637 1473
f 1473 1637 1639 1476
f 1476 1639 1640 1477
f 1477 1642 1482 1479
f 1477 1640 1643 1642
f 1642 1643 1644 1482
f 1482 1646 1486 1483
f 1482 1644 1647 1646
f 1646 1647 1648 1486
f 1486 1650 1491 1487
f 1486 1648 1651 1650
f 1650 1651 1652 1491
f 1491 1652 1654 1492
f 1492 1656 1498 1494
f 1492 1654 1657 1656
f 1656 1657 1658 1498
f 1498 1660 1661 1499
f 1498 1658 1662 1660
f 1660 1662 1663 1661
f 1499 1661 1505 1501
f 1661 1663 1665 1505
f 1505 1667 1668 1506
f 1505 1665 1669 1667
f 1667 1669 1670 1668
f 1506 1668 1513 1509
f 1668 1670 1672 1513
f 1513 1674 1675 1514
f 1513 1672 1676 1674
f 1674 1676 1677 1675
f 1514 1675 1679 1517
f 1675 1677 1680 1679
f 1517 1679 1682 1520
f 1679 1680 1683 1682
f 1520 1682 1685 1523
f 1682 1683 1686 1685
f 1523 1685 1688 1526
f 1685 1686 1689 1688
f 1526 1688 1691 1529
f 1688 1689 1692 1691
f 1529 1691 1694 1533
f 1533 1694 1695 1696
f 1691 1692 1695 1694
f 1534 1533 1698 1537
f 1533 1696 1699 1698
f 1537 1698 1701 1540
f 1540 1701 1702 1703
f 1698 1699 1702 1701
f 1541 1540 1705 1544
f 1540 1703 1706 1705
f 1544 1705 1708 1547
f 1547 1708 1709 1710
f 1705 1706 1709 1708
f 1548 1547 1712 1551
f 1551 1712 1713 1714
f 1547 1710 1713 1712
f 1551 1714 1716 1554
f 1555 1554 1718 1558
f 1558 1718 1719 1720
f 1554 1716 1719 1718
f 1559 1558 1722 1562
f 1562 1722 1723 1724
f 1558 1720 1723 1722
f 1563 1562 1726 1565
f 1565 1726 1727 1728
f 1562 1724 1727 1726
f 1565 1728 1730 1568
f 1569 1568 1732 1572
f 1572 1732 1733 1734
f 1568 1730 1733 1732
f 1573 1572 1736 1575
f 1575 1736 1737 1738
f 1572 1734 1737 1736
f 1579 1578 1740 1741
f 1575 1738 1740 1578
f 1579 1741 1743 1582
f 1583 1582 1745 1585
f 1585 1745 1746 1747
f 1582 1743 1746 1745
f 1589 1588 1749 1750
f 1585 1747 1749 1588
f 1589 1750 1752 1591
f 1595 1594 1754 1755
f 1591 1752 1754 1594
f 1592 1596 1756 1753
f 1595 1755 1757 1597
f 1596 1598 1758 1756
f 1597 1757 1759 1599
f 1598 1602 1760 1758
f 1600 1599 1761 1601
f 1601 1761 1762 1763
f 1599 1759 1762 1761
f 1601 1763 1764 1603
f 1602 1604 1765 1760
f 1603 1764 1766 1605
f 1604 1606 1767 1765
f 1605 1766 1768 1607
f 1606 1608 1769 1767
f 1608 1607 1770 1771
f 1771 1770 1772 1773
f 1607 1768 1772 1770
f 1608 1771 1773 1769
f 1610 1775 1777 1612
f 1612 1778 1615 1613
f 1612 1777 1779 1778
f 1778 1779 1780 1615
f 1615 1780 1782 1616
f 1616 1784 1620 1618
f 1616 1782 1785 1784
f 1784 1785 1786 1620
f 1620 1786 1788 1621
f 1621 1788 1790 1624
f 1624 1790 1791 1625
f 1625 1793 1630 1627
f 1625 1791 1794 1793
f 1793 1794 1795 1630
f 1630 1795 1797 1631
f 1631 1797 1799 1634
f 1634 1799 1800 1635
f 1635 1802 1639 1637
f 1635 1800 1803 1802
f 1802 1803 1804 1639
f 1639 1806 1643 1640
f 1639 1804 1807 1806
f 1806 1807 1808 1643
f 1643 1810 1647 1644
f 1643 1808 1811 1810
f 1810 1811 1812 1647
f 1647 1814 1651 1648
f 1647 1812 1815 1814
f 1814 1815 1816 1651
f 1651 1818 1819 1652
f 1651 1816 1820 1818
f 1818 1820 1821 1819
f 1652 1819 1657 1654
f 1819 1821 1823 1657
f 1657 1825 1662 1658
f 1657 1823 1826 1825
f 1825 1826 1827 1662
f 1662 1829 1830 1663
f 1662 1827 1831 1829
f 1829 1831 1832 1830
f 1663 1830 1669 1665
f 1830 1832 1834 1669
f 1669 1836 1837 1670
f 1669 1834 1838 1836
f 1836 1838 1839 1837
f 1670 1837 1676 1672
f 1837 1841 1842 1676
f 1837 1839 1843 1841
f 1841 1843 1844 1842
f 1676 1842 1846 1677
f 1842 1844 1847 1846
f 1677 1846 1849 1680
f 1846 1847 1850 1849
f 1680 1849 1852 1683
f 1849 1850 1853 1852
f 1683 1852 1855 1686
f 1852 1853 1856 1855
f 1686 1855 1858 1689
f 1855 1856 1859 1858
f 1689 1858 1861 1692
f 1858 1859 1862 1861
f 1692 1861 1864 1695
f 1861 1862 1865 1864
f 1696 1695 1867 1699
f 1695 1864 1868 1867
f 1867 1868 1869 1870
f 1864 1865 1869 1868
f 1699 1867 1872 1702
f 1867 1870 1873 1872
f 1703 1702 1875 1706
f 1702 1872 1876 1875
f 1875 1876 1877 1878
f 1872 1873 1877 1876
f 1706 1875 1880 1709
f 1709 1880 1881 1882
f 1875 1878 1881 1880
f 1710 1709 1884 1713
f 1713 1884 1885 1886
f 1709 1882 1885 1884
f 1714 1713 1888 1716
f 1713 1886 1889 1888
f 1716 1888 1891 1719
f 1719 1891 1892 1893
f 1888 1889 1892 1891
f 1720 1719 1895 1723
f 1723 1895 1896 1897
f 1719 1893 1896 1895
f 1724 1723 1899 1727
f 1727 1899 1900 1901
f 1723 1897 1900 1899
f 1728 1727 1903 1730
f 1730 1903 1904 1905
f 1727 1901 1904 1903
f 1734 1733 1907 1908
f 1730 1905 1907 1733
f 1734 1908 1910 1737
f 1738 1737 1912 1740
f 1740 1912 1913 1914
f 1737 1910 1913 1912
f 1741 1740 1916 1743
f 1743 1916 1917 1918
f 1740 1914 1917 1916
f 1747 1746 1920 1921
f 1743 1918 1920 1746
f 1747 1921 1923 1749
f 1750 1749 1925 1752
f 1752 1925 1926 1927
f 1749 1923 1926 1925
f 1752 1927 1929 1754
f 1755 1754 1931 1757
f 1757 1931 1932 1933
f 1754 1929 1932 1931
f 1756 1758 1934 1930
f 1757 1933 1935 1759
f 1758 1760 1936 1934
f 1763 1762 1937 1938
f 1759 1935 1937 1762
f 1763 1938 1939 1764
f 1760 1765 1940 1936
f 1764 1939 1941 1766
f 1765 1767 1942 1940
f 1766 1941 1943 1768
f 1767 1769 1944 1942
f 1773 1772 1945 1946
f 1768 1943 1945 1772
f 1769 1773 1946 1944
f 1775 1948 1950 1777
f 1777 1950 1951 1779
f 1779 1951 1952 1780
f 1780 1952 1954 1782
f 1782 1954 1956 1785
f 1785 1956 1957 1786
f 1786 1959 1790 1788
f 1786 1957 1960 1959
f 1959 1960 1961 1790
f 1790 1961 1963 1791
f 1791 1963 1965 1794
f 1794 1965 1966 1795
f 1795 1968 1799 1797
f 1795 1966 1969 1968
f 1968 1969 1970 1799
f 1799 1972 1803 1800
f 1799 1970 1973 1972
f 1972 1973 1974 1803
f 1803 1976 1807 1804
f 1803 1974 1977 1976
f 1976 1977 1978 1807
f 1807 1980 1811 1808
f 1807 1978 1981 1980
f 1980 1981 1982 1811
f 1811 1984 1815 1812
f 1811 1982 1985 1984
f 1984 1985 1986 1815
f 1815 1986 1988 1816
f 1816 1988 1990 1820
f 1820 1990 1991 1821
f 1821 1993 1826 1823
f 1821 1991 1994 1993
f 1993 1994 1995 1826
f 1826 1997 1831 1827
f 1826 1995 1998 1997
f 1997 1998 1999 1831
f 1831 2001 2002 1832
f 1831 1999 2003 2001
f 2001 2003 2004 2002
f 1832 2002 1838 1834
f 2002 2006 2007 1838
f 2002 2004 2008 2006
f 2006 2008 2009 2007
f 1838 2007 1843 1839
f 2007 2009 2011 1843
f 1843 2013 2014 1844
f 1843 2011 2015 2013
f 2013 2015 2016 2014
f 1844 2014 2018 1847
f 2014 2016 2019 2018
f 1847 2018 2021 1850
f 2018 2019 2022 2021
f 1850 2021 2024 1853
f 2021 2025 2026 2024
f 2021 2022 2027 2025
f 2025 2027 2028 2026
f 1853 2024 2030 1856
f 2024 2026 2031 2030
f 2026 2028 2032 2031
f 1856 2030 2034 1859
f 2030 2031 2035 2034
f 2034 2035 2036 2037
f 2031 2032 2036 2035
f 1859 2034 2039 1862
f 2034 2037 2040 2039
f 1862 2039 2042 1865
f 2039 2040 2043 2042
f 1865 2042 2045 1869
f 1869 2045 2046 2047
f 2042 2043 2046 2045
f 1870 1869 2049 1873
f 1869 2047 2050 2049
f 1873 2049 2052 1877
f 1877 2052 2053 2054
f 2049 2050 2053 2052
f 1878 1877 2056 1881
f 1881 2056 2057 2058
f 1877 2054 2057 2056
f 1882 1881 2060 1885
f 1885 2060 2061 2062
f 1881 2058 2061 2060
f 1886 1885 2064 1889
f 1889 2064 2065 2066
f 1885 2062 2065 2064
f 1893 1892 2068 2069
f 1889 2066 2068 1892
f 1893 2069 2071 1896
f 1897 1896 2073 1900
f 1900 2073 2074 2075
f 1896 2071 2074 2073
f 1901 1900 2077 1904
f 1904 2077 2078 2079
f 1900 2075 2078 2077
f 1905 1904 2081 1907
f 1907 2081 2082 2083
f 1904 2079 2082 2081
f 1908 1907 2085 1910
f 1910 2085 2086 2087
f 1907 2083 2086 2085
f 1914 1913 2089 2090
f 1910 2087 2089 1913
f 1918 1917 2092 2093
f 1914 2090 2092 1917
f 1918 2093 2095 1920
f 1921 1920 2097 1923
f 1923 2097 2098 2099
f 1920 2095 2098 2097
f 1927 1926 2101 2102
f 1923 2099 2101 1926
f 1927 2102 2104 1929
f 1933 1932 2106 2107
f 1929 2104 2106 1932
f 1930 1934 2108 2105
f 1933 2107 2109 1935
f 1934 1936 2110 2108
f 1935 2109 2111 1937
f 1936 1940 2112 2110
f 1938 1937 2113 1939
f 1939 2113 2114 2115
f 1937 2111 2114 2113
f 1939 2115 2116 1941
f 1940 1942 2117 2112
f 1941 2116 2118 1943
f 1942 1944 2119 2117
f 1946 1945 2120 2121
f 1943 2118 2120 1945
f 1944 1946 2121 2119
f 1948 2123 2125 1950
f 1950 2125 2126 1951
f 1951 2126 2127 1952
f 1952 2129 1956 1954
f 1952 2127 2130 2129
f 2129 2130 2131 1956
f 1956 2131 2133 1957
f 1957 2133 2135 1960
f 1960 2135 2136 1961
f 1961 2138 1965 1963
f 1961 2136 2139 2138
f 2138 2139 2140 1965
f 1965 2142 1969 1966
f 1965 2140 2143 2142
f 2142 2143 2144 1969
f 1969 2144 2146 1970
f 1970 2146 2148 1973
f 1973 2148 2149 1974
f 1974 2149 2151 1977
f 1977 2151 2152 1978
f 1978 2152 2154 1981
f 1981 2154 2155 1982
f 1982 2155 2157 1985
f 1985 2157 2158 1986
f 1986 2160 1990 1988
f 1986 2158 2161 2160
f 2160 2161 2162 1990
f 1990 2164 1994 1991
f 1990 2162 2165 2164
f 2164 2165 2166 1994
f 1994 2168 1998 1995
f 1994 2166 2169 2168
f 2168 2169 2170 1998
f 1998 2172 2003 1999
f 1998 2170 2173 2172
f 2172 2173 2174 2003
f 2003 2176 2008 2004
f 2003 2174 2177 2176
f 2176 2177 2178 2008
f 2008 2180 2181 2009
f 2008 2178 2182 2180
f 2180 2182 2183 2181
f 2009 2181 2015 2011
f 2181 2183 2185 2015
f 2015 2187 2188 2016
f 2015 2185 2189 2187
f 2187 2189 2190 2188
f 2016 2188 2192 2019
f 2188 2190 2193 2192
f 2019 2192 2027 2022
f 2192 2195 2196 2027
f 2192 2193 2197 2195
f 2195 2197 2198 2196
f 2027 2196 2200 2028
f 2196 2198 2201 2200
f 2028 2200 2203 2032
f 2200 2201 2204 2203
f 2032 2203 2206 2036
f 2203 2204 2207 2206
f 2037 2036 2209 2040
f 2036 2206 2210 2209
f 2209 2210 2211 2212
f 2206 2207 2211 2210
f 2040 2209 2214 2043
f 2209 2212 2215 2214
f 2043 2214 2217 2046
f 2046 2217 2218 2219
f 2214 2215 2218 2217
f 2047 2046 2221 2050
f 2046 2219 2222 2221
f 2050 2221 2224 2053
f 2053 2224 2225 2226
f 2221 2222 2225 2224
f 2054 2053 2228 2057
f 2057 2228 2229 2230
f 2053 2226 2229 2228
f 2058 2057 2232 2061
f 2061 2232 2233 2234
f 2057 2230 2233 2232
f 2062 2061 2236 2065
f 2065 2236 2237 2238
f 2061 2234 2237 2236
f 2066 2065 2240 2068
f 2068 2240 2241 2242
f 2065 2238 2241 2240
f 2069 2068 2244 2071
f 2071 2244 2245 2246
f 2068 2242 2245 2244
f 2075 2074 2248 2249
f 2071 2246 2248 2074
f 2079 2078 2251 2252
f 2075 2249 2251 2078
f 2083 2082 2254 2255
f 2079 2252 2254 2082
f 2083 2255 2257 2086
f 2087 2086 2259 2089
f 2089 2259 2260 2261
f 2086 2257 2260 2259
f 2090 2089 2263 2092
f 2092 2263 2264 2265
f 2089 2261 2264 2263
f 2093 2092 2267 2095
f 2095 2267 2268 2269
f 2092 2265 2268 2267
f 2099 2098 2271 2272
f 2095 2269 2271 2098
f 2099 2272 2274 2101
f 2102 2101 2276 2104
f 2104 2276 2277 2278
f 2101 2274 2277 2276
f 2104 2278 2280 2106
f 2107 2106 2282 2109
f 2109 2282 2283 2284
f 2106 2280 2283 2282
f 2108 2110 2285 2281
f 2109 2284 2286 2111
f 2110 2112 2287 2285
f 2115 2114 2288 2289
f 2111 2286 2288 2114
f 2115 2289 2290 2116
f 2112 2117 2291 2287
f 2116 2290 2292 2118
f 2117 2119 2293 2291
f 2118 2292 2294 2120
f 2119 2121 2295 2293
f 2121 2120 2296 2297
f 2297 2296 2298 2299
f 2120 2294 2298 2296
f 2121 2297 2299 2295
f 2123 2301 2303 2125
f 2125 2303 2304 2126
f 2126 2304 2305 2127
f 2127 2305 2307 2130
f 2130 2307 2308 2131
f 2131 2310 2135 2133
f 2131 2308 2311 2310
f 2310 2311 2312 2135
f 2135 2312 2314 2136
f 2136 2314 2316 2139
f 2139 2316 2317 2140
f 2140 2317 2319 2143
f 2143 2319 2320 2144
f 2144 2322 2148 2146
f 2144 2320 2323 2322
f 2322 2323 2324 2148
f 2148 2326 2151 2149
f 2148 2324 2327 2326
f 2326 2327 2328 2151
f 2151 2330 2154 2152
f 2151 2328 2331 2330
f 2330 2331 2332 2154
f 2154 2334 2157 2155
f 2154 2332 2335 2334
f 2334 2335 2336 2157
f 2157 2338 2161 2158
f 2157 2336 2339 2338
f 2338 2339 2340 2161
f 2161 2342 2165 2162
f 2161 2340 2343 2342
f 2342 2343 2344 2165
f 2165 2346 2169 2166
f 2165 2344 2347 2346
f 2346 2347 2348 2169
f 2169 2350 2173 2170
f 2169 2348 2351 2350
f 2350 2351 2352 2173
f 2173 2354 2177 2174
f 2173 2352 2355 2354
f 2354 2355 2356 2177
f 2177 2358 2182 2178
f 2177 2356 2359 2358
f 2358 2359 2360 2182
f 2182 2362 2363 2183
f 2182 2360 2364 2362
f 2362 2364 2365 2363
f 2183 2363 2189 2185
f 2363 2365 2367 2189
f 2189 2369 2370 2190
f 2189 2367 2371 2369
f 2369 2371 2372 2370
f 2190 2370 2197 2193
f 2370 2372 2374 2197
f 2197 2376 2377 2198
f 2197 2374 2378 2376
f 2376 2378 2379 2377
f 2198 2377 2381 2201
f 2377 2379 2382 2381
f 2201 2381 2384 2204
f 2381 2382 2385 2384
f 2204 2384 2387 2207
f 2384 2385 2388 2387
f 2207 2387 2390 2211
f 2211 2390 2391 2392
f 2387 2388 2391 2390
f 2212 2211 2394 2215
f 2211 2392 2395 2394
f 2215 2394 2397 2218
f 2218 2397 2398 2399
f 2394 2395 2398 2397
f 2219 2218 2401 2222
f 2218 2399 2402 2401
f 2222 2401 2404 2225
f 2225 2404 2405 2406
f 2401 2402 2405 2404
f 2226 2225 2408 2229
f 2229 2408 2409 2410
f 2225 2406 2409 2408
f 2230 2229 2412 2233
f 2233 2412 2413 2414
f 2229 2410 2413 2412
f 2234 2233 2416 2237
f 2237 2416 2417 2418
f 2233 2414 2417 2416
f 2238 2237 2420 2241
f 2241 2420 2421 2422
f 2237 2418 2421 2420
f 2242 2241 2424 2245
f 2245 2424 2425 2426
f 2241 2422 2425 2424
f 2246 2245 2428 2248
f 2248 2428 2429 2430
f 2245 2426 2429 2428
f 2249 2248 2432 2251
f 2251 2432 2433 2434
f 2248 2430 2433 2432
f 2252 2251 2436 2254
f 2254 2436 2437 2438
f 2251 2434 2437 2436
f 2255 2254 2440 2257
f 2257 2440 2441 2442
f 2254 2438 2441 2440
f 2261 2260 2444 2445
f 2257 2442 2444 2260
f 2265 2264 2447 2448
f 2261 2445 2447 2264
f 2269 2268 2450 2451
f 2265 2448 2450 2268
f 2269 2451 2453 2271
f 2272 2271 2455 2274
f 2274 2455 2456 2457
f 2271 2453 2456 2455
f 2278 2277 2459 2460
f 2274 2457 2459 2277
f 2278 2460 2462 2280
f 2284 2283 2464 2465
f 2280 2462 2464 2283
f 2281 2285 2466 2463
f 2284 2465 2467 2286
f 2285 2287 2468 2466
f 2286 2467 2469 2288
f 2287 2291 2470 2468
f 2289 2288 2471 2290
f 2290 2471 2472 2473
f 2288 2469 2472 2471
f 2290 2473 2474 2292
f 2291 2293 2475 2470
f 2292 2474 2476 2294
f 2293 2295 2477 2475
f 2299 2298 2478 2479
f 2294 2476 2478 2298
f 2295 2299 2479 2477
f 2303 2483 2484 2304
f 2304 2485 2307 2305
f 2304 2484 2486 2485
f 2485 2486 2487 2307
f 2307 2487 2489 2308
f 2308 2489 2491 2311
f 2311 2491 2492 2312
f 2312 2494 2316 2314
f 2312 2492 2495 2494
f 2494 2495 2496 2316
f 2316 2498 2319 2317
f 2316 2496 2499 2498
f 2498 2499 2500 2319
f 2319 2500 2502 2320
f 2320 2502 2504 2323
f 2323 2504 2505 2324
f 2324 2505 2507 2327
f 2327 2507 2508 2328
f 2328 2508 2510 2331
f 2331 2510 2511 2332
f 2332 2511 2513 2335
f 2335 2514 2339 2336
f 2335 2513 2515 2514
f 2514 2515 2516 2339
f 2339 2518 2343 2340
f 2339 2516 2519 2518
f 2518 2519 2520 2343
f 2343 2522 2347 2344
f 2343 2520 2523 2522
f 2522 2523 2524 2347
f 2347 2526 2351 2348
f 2347 2524 2527 2526
f 2526 2527 2528 2351
f 2351 2530 2355 2352
f 2351 2528 2531 2530
f 2530 2531 2532 2355
f 2355 2534 2359 2356
f 2355 2532 2535 2534
f 2534 2535 2536 2359
f 2359 2538 2364 2360
f 2359 2536 2539 2538
f 2538 2539 2540 2364
f 2364 2542 2543 2365
f 2364 2540 2544 2542
f 2542 2544 2545 2543
f 2365 2543 2371 2367
f 2543 2545 2547 2371
f 2371 2549 2550 2372
f 2371 2547 2551 2549
f 2549 2551 2552 2550
f 2372 2550 2378 2374
f 2550 2554 2555 2378
f 2550 2552 2556 2554
f 2554 2556 2557 2555
f 2378 2555 2559 2379
f 2555 2557 2560 2559
f 2379 2559 2562 2382
f 2559 2560 2563 2562
f 2382 2562 2565 2385
f 2562 2563 2566 2565
f 2385 2565 2568 2388
f 2565 2566 2569 2568
f 2388 2568 2571 2391
f 2568 2569 2572 2571
f 2392 2391 2574 2395
f 2391 2571 2575 2574
f 2574 2575 2576 2577
f 2571 2572 2576 2575
f 2395 2574 2579 2398
f 2398 2579 2580 2581
f 2574 2577 2580 2579
f 2399 2398 2583 2402
f 2398 2581 2584 2583
f 2402 2583 2586 2405
f 2405 2586 2587 2588
f 2583 2584 2587 2586
f 2406 2405 2590 2409
f 2409 2590 2591 2592
f 2405 2588 2591 2590
f 2410 2409 2594 2413
f 2413 2594 2595 2596
f 2409 2592 2595 2594
f 2414 2413 2598 2417
f 2417 2598 2599 2600
f 2413 2596 2599 2598
f 2418 2417 2602 2421
f 2421 2602 2603 2604
f 2417 2600 2603 2602
f 2422 2421 2606 2425
f 2425 2606 2607 2608
f 2421 2604 2607 2606
f 2426 2425 2610 2429
f 2429 2610 2611 2612
f 2425 2608 2611 2610
f 2430 2429 2614 2433
f 2433 2614 2615 2616
f 2429 2612 2615 2614
f 2434 2433 2618 2437
f 2437 2618 2619 2620
f 2433 2616 2619 2618
f 2438 2437 2622 2441
f 2441 2622 2623 2624
f 2437 2620 2623 2622
f 2442 2441 2626 2444
f 2444 2626 2627 2628
f 2441 2624 2627 2626
f 2445 2444 2630 2447
f 2447 2630 2631 2632
f 2444 2628 2631 2630
f 2448 2447 2634 2450
f 2450 2634 2635 2636
f 2447 2632 2635 2634
f 2451 2450 2638 2453
f 2453 2638 2639 2640
f 2450 2636 2639 2638
f 2457 2456 2642 2643
f 2453 2640 2642 2456
f 2457 2643 2645 2459
f 2460 2459 2647 2462
f 2462 2647 2648 2649
f 2459 2645 2648 2647
f 2465 2464 2651 2652
f 2462 2649 2651 2464
f 2463 2466 2653 2650
f 2465 2652 2654 2467
f 2466 2468 2655 2653
f 2467 2654 2656 2469
f 2468 2470 2657 2655
f 2473 2472 2658 2659
f 2469 2656 2658 2472
f 2473 2659 2660 2474
f 2470 2475 2661 2657
f 2474 2660 2662 2476
f 2475 2477 2663 2661
f 2479 2478 2664 2665
f 2476 2662 2664 2478
f 2477 2479 2665 2663
f 2483 2669 2670 2484
f 2484 2670 2671 2486
f 2486 2671 2672 2487
f 2487 2672 2674 2489
f 2489 2674 2676 2491
f 2491 2676 2677 2492
f 2492 2677 2679 2495
f 2495 2679 2680 2496
f 2496 2680 2682 2499
f 2499 2682 2683 2500
f 2500 2685 2504 2502
f 2500 2683 2686 2685
f 2685 2686 2687 2504
f 2504 2689 2507 2505
f 2504 2687 2690 2689
f 2689 2690 2691 2507
f 2507 2693 2510 2508
f 2507 2691 2694 2693
f 2693 2694 2695 2510
f 2510 2697 2513 2511
f 2510 2695 2698 2697
f 2697 2698 2699 2513
f 2513 2699 2701 2515
f 2515 2701 2702 2516
f 2516 2702 2704 2519
f 2519 2704 2705 2520
f 2520 2705 2707 2523
f 2523 2707 2708 2524
f 2524 2708 2710 2527
f 2527 2711 2531 2528
f 2527 2710 2712 2711
f 2711 2712 2713 2531
f 2531 2715 2535 2532
f 2531 2713 2716 2715
f 2715 2716 2717 2535
f 2535 2719 2539 2536
f 2535 2717 2720 2719
f 2719 2720 2721 2539
f 2539 2723 2544 2540
f 2539 2721 2724 2723
f 2723 2724 2725 2544
f 2544 2727 2728 2545
f 2544 2725 2729 2727
f 2727 2729 2730 2728
f 2545 2728 2551 2547
f 2728 2730 2732 2551
f 2551 2734 2556 2552
f 2551 2732 2735 2734
f 2734 2735 2736 2556
f 2556 2738 2739 2557
f 2556 2736 2740 2738
f 2738 2740 2741 2739
f 2557 2739 2743 2560
f 2739 2741 2744 2743
f 2560 2743 2746 2563
f 2743 2744 2747 2746
f 2563 2746 2749 2566
f 2746 2747 2750 2749
f 2566 2749 2752 2569
f 2749 2750 2753 2752
f 2569 2752 2755 2572
f 2752 2753 2756 2755
f 2572 2755 2758 2576
f 2576 2758 2759 2760
f 2755 2756 2759 2758
f 2577 2576 2762 2580
f 2580 2762 2763 2764
f 2576 2760 2763 2762
f 2581 2580 2766 2584
f 2580 2764 2767 2766
f 2584 2766 2769 2587
f 2587 2769 2770 2771
f 2766 2767 2770 2769
f 2588 2587 2773 2591
f 2591 2773 2774 2775
f 2587 2771 2774 2773
f 2592 2591 2777 2595
f 2595 2777 2778 2779
f 2591 2775 2778 2777
f 2596 2595 2781 2599
f 2599 2781 2782 2783
f 2595 2779 2782 2781
f 2600 2599 2785 2603
f 2603 2785 2786 2787
f 2599 2783 2786 2785
f 2608 2607 2789 2790
f 2604 2603 2791 2607
f 2607 2791 2792 2789
f 2603 2787 2792 2791
f 2612 2611 2794 2795
f 2608 2790 2794 2611
f 2616 2615 2797 2798
f 2612 2795 2797 2615
f 2620 2619 2800 2801
f 2616 2798 2800 2619
f 2624 2623 2803 2804
f 2620 2801 2803 2623
f 2628 2627 2806 2807
f 2624 2804 2806 2627
f 2632 2631 2809 2810
f 2628 2807 2809 2631
f 2636 2635 2812 2813
f 2632 2810 2812 2635
f 2640 2639 2815 2816
f 2636 2813 2815 2639
f 2640 2816 2818 2642
f 2643 2642 2820 2645
f 2645 2820 2821 2822
f 2642 2818 2821 2820
f 2649 2648 2824 2825
f 2645 2822 2824 2648
f 2649 2825 2827 2651
f 2652 2651 2829 2654
f 2654 2829 2830 2831
f 2651 2827 2830 2829
f 2653 2655 2832 2828
f 2654 2831 2833 2656
f 2655 2657 2834 2832
f 2659 2658 2835 2836
f 2656 2833 2835 2658
f 2659 2836 2837 2660
f 2657 2661 2838 2834
f 2660 2837 2839 2662
f 2661 2663 2840 2838
f 2662 2839 2841 2664
f 2663 2665 2842 2840
f 2665 2664 2843 2844
f 2844 2843 2845 2846
f 2664 2841 2845 2843
f 2665 2844 2846 2842
f 2669 2850 2851 2670
f 2670 2851 2852 2671
f 2671 2852 2853 2672
f 2672 2855 2676 2674
f 2672 2853 2856 2855
f 2855 2856 2857 2676
f 2676 2857 2859 2677
f 2677 2859 2861 2679
f 2679 2861 2862 2680
f 2680 2862 2864 2682
f 2682 2864 2865 2683
f 2683 2865 2867 2686
f 2686 2867 2868 2687
f 2687 2868 2870 2690
f 2690 2870 2871 2691
f 2691 2871 2873 2694
f 2694 2873 2874 2695
f 2695 2874 2876 2698
f 2698 2877 2701 2699
f 2698 2876 2878 2877
f 2877 2878 2879 2701
f 2701 2881 2704 2702
f 2701 2879 2882 2881
f 2881 2882 2883 2704
f 2704 2885 2707 2705
f 2704 2883 2886 2885
f 2885 2886 2887 2707
f 2707 2889 2710 2708
f 2707 2887 2890 2889
f 2889 2890 2891 2710
f 2710 2891 2893 2712
f 2712 2893 2894 2713
f 2713 2894 2896 2716
f 2716 2896 2897 2717
f 2717 2897 2899 2720
f 2720 2900 2724 2721
f 2720 2899 2901 2900
f 2900 2901 2902 2724
f 2724 2904 2729 2725
f 2724 2902 2905 2904
f 2904 2905 2906 2729
f 2729 2908 2909 2730
f 2729 2906 2910 2908
f 2908 2910 2911 2909
f 2730 2909 2735 2732
f 2909 2911 2913 2735
f 2735 2915 2740 2736
f 2735 2913 2916 2915
f 2915 2916 2917 2740
f 2740 2919 2920 2741
f 2740 2917 2921 2919
f 2919 2921 2922 2920
f 2741 2920 2924 2744
f 2920 2922 2925 2924
f 2744 2924 2927 2747
f 2924 2925 2928 2927
f 2747 2927 2930 2750
f 2927 2928 2931 2930
f 2750 2930 2933 2753
f 2930 2931 2934 2933
f 2753 2933 2936 2756
f 2933 2934 2937 2936
f 2756 2936 2939 2759
f 2759 2939 2940 2941
f 2936 2937 2940 2939
f 2760 2759 2943 2763
f 2763 2943 2944 2945
f 2759 2941 2944 2943
f 2764 2763 2947 2767
f 2763 2945 2948 2947
f 2767 2947 2950 2770
f 2770 2950 2951 2952
f 2947 2948 2951 2950
f 2771 2770 2954 2774
f 2774 2954 2955 2956
f 2770 2952 2955 2954
f 2775 2774 2958 2778
f 2778 2958 2959 2960
f 2774 2956 2959 2958
f 2783 2782 2962 2963
f 2779 2778 2964 2782
f 2782 2964 2965 2962
f 2778 2960 2965 2964
f 2787 2786 2967 2968
f 2783 2963 2967 2786
f 2789 2792 2970 2971
f 2787 2968 2970 2792
f 2790 2789 2973 2794
f 2794 2973 2974 2975
f 2789 2971 2974 2973
f 2795 2794 2977 2797
f 2797 2977 2978 2979
f 2794 2975 2978 2977
f 2798 2797 2981 2800
f 2800 2981 2982 2983
f 2797 2979 2982 2981
f 2804 2803 2985 2986
f 2801 2800 2987 2803
f 2803 2987 2988 2985
f 2800 2983 2988 2987
f 2807 2806 2990 2991
f 2804 2986 2990 2806
f 2810 2809 2993 2994
f 2807 2991 2993 2809
f 2813 2812 2996 2997
f 2810 2994 2996 2812
f 2813 2997 2999 2815
f 2816 2815 3001 2818
f 2818 3001 3002 3003
f 2815 2999 3002 3001
f 2822 2821 3005 3006
f 2818 3003 3005 2821
f 2825 2824 3008 3009
f 2822 3006 3008 2824
f 2825 3009 3011 2827
f 2831 2830 3013 3014
f 2827 3011 3013 2830
f 2828 2832 3015 3012
f 2831 3014 3016 2833
f 2832 2834 3017 3015
f 2836 2835 3018 3019
f 2833 3016 3018 2835
f 2836 3019 3020 2837
f 2834 2838 3021 3017
f 2837 3020 3022 2839
f 2838 2840 3023 3021
f 2839 3022 3024 2841
f 2840 2842 3025 3023
f 2846 2845 3026 3027
f 2841 3024 3026 2845
f 2842 2846 3027 3025
f 2850 3031 3032 2851
f 2851 3032 3033 2852
f 2852 3033 3034 2853
f 2853 3034 3036 2856
f 2856 3036 3037 2857
f 2857 3039 2861 2859
f 2857 3037 3040 3039
f 3039 3040 3041 2861
f 2861 3043 2864 2862
f 2861 3041 3044 3043
f 3043 3044 3045 2864
f 2864 3047 2867 2865
f 2864 3045 3048 3047
f 3047 3048 3049 2867
f 2867 3051 2870 2868
f 2867 3049 3052 3051
f 3051 3052 3053 2870
f 2870 3055 2873 2871
f 2870 3053 3056 3055
f 3055 3056 3057 2873
f 2873 3059 2876 2874
f 2873 3057 3060 3059
f 3059 3060 3061 2876
f 2876 3061 3063 2878
f 2878 3063 3064 2879
f 2879 3064 3066 2882
f 2882 3066 3067 2883
f 2883 3067 3069 2886
f 2886 3069 3070 2887
f 2887 3070 3072 2890
f 2890 3073 2893 2891
f 2890 3072 3074 3073
f 3073 3074 3075 2893
f 2893 3077 2896 2894
f 2893 3075 3078 3077
f 3077 3078 3079 2896
f 2896 3081 2899 2897
f 2896 3079 3082 3081
f 3081 3082 3083 2899
f 2899 3083 3085 2901
f 2901 3085 3086 2902
f 2902 3086 3088 2905
f 2905 3088 3089 2906
f 2906 3089 3091 2910
f 2910 3091 3092 2911
f 2911 3094 2916 2913
f 2911 3092 3095 3094
f 3094 3095 3096 2916
f 2916 3098 2921 2917
f 2916 3096 3099 3098
f 3098 3099 3100 2921
f 2921 3100 3102 2922
f 2922 3104 3105 2925
f 2922 3102 3106 3104
f 3104 3106 3107 3105
f 2925 3105 3109 2928
f 3105 3107 3110 3109
f 2928 3109 3112 2931
f 3109 3110 3113 3112
f 2931 3112 3115 2934
f 3112 3113 3116 3115
f 2934 3115 3118 2937
f 3115 3116 3119 3118
f 2937 3118 3121 2940
f 2940 3121 3122 3123
f 3118 3119 3122 3121
f 2941 2940 3125 2944
f 2944 3125 3126 3127
f 2940 3123 3126 3125
f 2945 2944 3129 2948
f 2948 3129 3130 3131
f 2944 3127 3130 3129
f 2952 2951 3133 3134
f 2948 3131 3133 2951
f 2956 2955 3136 3137
f 2952 3134 3136 2955
f 2960 2959 3139 3140
f 2956 3137 3139 2959
f 2962 2965 3142 3143
f 2960 3140 3142 2965
f 2963 2962 3145 2967
f 2967 3145 3146 3147
f 2962 3143 3146 3145
f 2968 2967 3149 2970
f 2970 3149 3150 3151
f 2967 3147 3150 3149
f 2975 2974 3153 3154
f 2971 2970 3155 2974
f 2974 3155 3156 3153
f 2970 3151 3156 3155
f 2979 2978 3158 3159
f 2975 3154 3158 2978
f 2983 2982 3161 3162
f 2979 3159 3161 2982
f 2985 2988 3164 3165
f 2983 3162 3164 2988
f 2986 2985 3167 2990
f 2990 3167 3168 3169
f 2985 3165 3168 3167
f 2991 2990 3171 2993
f 2993 3171 3172 3173
f 2990 3169 3172 3171
f 2994 2993 3175 2996
f 2996 3175 3176 3177
f 2993 3173 3176 3175
f 2997 2996 3179 2999
f 2999 3179 3180 3181
f 2996 3177 3180 3179
f 3003 3002 3183 3184
f 2999 3181 3183 3002
f 3006 3005 3186 3187
f 3003 3184 3186 3005
f 3006 3187 3189 3008
f 3009 3008 3191 3011
f 3011 3191 3192 3193
f 3008 3189 3192 3191
f 3014 3013 3195 3196
f 3011 3193 3195 3013
f 3012 3015 3197 3194
f 3014 3196 3198 3016
f 3015 3017 3199 3197
f 3016 3198 3200 3018
f 3017 3021 3201 3199
f 3019 3018 3202 3020
f 3020 3202 3203 3204
f 3018 3200 3203 3202
f 3020 3204 3205 3022
f 3021 3023 3206 3201
f 3022 3205 3207 3024
f 3023 3025 3208 3206
f 3027 3026 3209 3210
f 3024 3207 3209 3026
f 3025 3027 3210 3208
f 3031 3214 3215 3032
f 3032 3215 3216 3033
f 3033 3216 3217 3034
f 3034 3217 3219 3036
f 3036 3219 3220 3037
f 3037 3220 3222 3040
f 3040 3222 3223 3041
f 3041 3223 3225 3044
f 3044 3225 3226 3045
f 3045 3226 3228 3048
f 3048 3228 3229 3049
f 3049 3229 3231 3052
f 3052 3231 3232 3053
f 3053 3232 3234 3056
f 3056 3234 3235 3057
f 3057 3235 3237 3060
f 3060 3237 3238 3061
f 3061 3238 3240 3063
f 3063 3240 3241 3064
f 3064 3241 3243 3066
f 3066 3244 3069 3067
f 3066 3243 3245 3244
f 3244 3245 3246 3069
f 3069 3248 3072 3070
f 3069 3246 3249 3248
f 3248 3249 3250 3072
f 3072 3250 3252 3074
f 3074 3252 3253 3075
f 3075 3253 3255 3078
f 3078 3256 3082 3079
f 3078 3255 3257 3256
f 3256 3257 3258 3082
f 3082 3260 3085 3083
f 3082 3258 3261 3260
f 3260 3261 3262 3085
f 3085 3264 3088 3086
f 3085 3262 3265 3264
f 3264 3265 3266 3088
f 3088 3268 3091 3089
f 3088 3266 3269 3268
f 3268 3269 3270 3091
f 3091 3272 3095 3092
f 3091 3270 3273 3272
f 3272 3273 3274 3095
f 3095 3276 3099 3096
f 3095 3274 3277 3276
f 3276 3277 3278 3099
f 3099 3280 3281 3100
f 3099 3278 3282 3280
f 3280 3282 3283 3281
f 3100 3281 3106 3102
f 3281 3283 3285 3106
f 3106 3287 3288 3107
f 3106 3285 3289 3287
f 3287 3289 3290 3288
f 3107 3288 3292 3110
f 3288 3290 3293 3292
f 3110 3292 3295 3113
f 3292 3293 3296 3295
f 3113 3295 3298 3116
f 3295 3296 3299 3298
f 3116 3298 3301 3119
f 3119 3301 3302 3303
f 3298 3299 3302 3301
f 3119 3303 3305 3122
f 3123 3122 3307 3126
f 3126 3307 3308 3309
f 3122 3305 3308 3307
f 3127 3126 3311 3130
f 3130 3311 3312 3313
f 3126 3309 3312 3311
f 3131 3130 3315 3133
f 3133 3315 3316 3317
f 3130 3313 3316 3315
f 3134 3133 3319 3136
f 3136 3319 3320 3321
f 3133 3317 3320 3319
f 3137 3136 3323 3139
f 3139 3323 3324 3325
f 3136 3321 3324 3323
f 3140 3139 3327 3142
f 3142 3327 3328 3329
f 3139 3325 3328 3327
f 3147 3146 3331 3332
f 3143 3142 3333 3146
f 3146 3333 3334 3331
f 3142 3329 3334 3333
f 3151 3150 3336 3337
f 3147 3332 3336 3150
f 3153 3156 3339 3340
f 3151 3337 3339 3156
f 3154 3153 3342 3158
f 3158 3342 3343 3344
f 3153 3340 3343 3342
f 3162 3161 3346 3347
f 3159 3158 3348 3161
f 3161 3348 3349 3346
f 3158 3344 3349 3348
f 3165 3164 3351 3352
f 3162 3347 3351 3164
f 3169 3168 3354 3355
f 3165 3352 3354 3168
f 3173 3172 3357 3358
f 3169 3355 3357 3172
f 3177 3176 3360 3361
f 3173 3358 3360 3176
f 3181 3180 3363 3364
f 3177 3361 3363 3180
f 3184 3183 3366 3367
f 3181 3364 3366 3183
f 3187 3186 3369 3370
f 3184 3367 3369 3186
f 3187 3370 3372 3189
f 3193 3192 3374 3375
f 3189 3372 3374 3192
f 3193 3375 3377 3195
f 3196 3195 3379 3198
f 3198 3379 3380 3381
f 3195 3377 3380 3379
f 3197 3199 3382 3378
f 3198 3381 3383 3200
f 3199 3201 3384 3382
f 3204 3203 3385 3386
f 3200 3383 3385 3203
f 3204 3386 3387 3205
f 3201 3206 3388 3384
f 3205 3387 3389 3207
f 3206 3208 3390 3388
f 3210 3209 3391 3392
f 3207 3389 3391 3209
f 3208 3210 3392 3390
f 3214 3396 3397 3215
f 3215 3397 3398 3216
f 3216 3398 3399 3217
f 3217 3399 3401 3219
f 3219 3401 3402 3220
f 3220 3402 3404 3222
f 3222 3404 3405 3223
f 3223 3405 3407 3225
f 3225 3407 3408 3226
f 3226 3408 3410 3228
f 3228 3410 3411 3229
f 3229 3411 3413 3231
f 3231 3413 3414 3232
f 3232 3414 3416 3234
f 3234 3416 3417 3235
f 3235 3417 3419 3237
f 3237 3420 3240 3238
f 3237 3419 3421 3420
f 3420 3421 3422 3240
f 3240 3424 3243 3241
f 3240 3422 3425 3424
f 3424 3425 3426 3243
f 3243 3426 3428 3245
f 3245 3428 3429 3246
f 3246 3429 3431 3249
f 3249 3431 3432 3250
f 3250 3432 3434 3252
f 3252 3435 3255 3253
f 3252 3434 3436 3435
f 3435 3436 3437 3255
f 3255 3437 3439 3257
f 3257 3439 3440 3258
f 3258 3440 3442 3261
f 3261 3442 3443 3262
f 3262 3443 3445 3265
f 3265 3446 3269 3266
f 3265 3445 3447 3446
f 3446 3447 3448 3269
f 3269 3450 3273 3270
f 3269 3448 3451 3450
f 3450 3451 3452 3273
f 3273 3454 3277 3274
f 3273 3452 3455 3454
f 3454 3455 3456 3277
f 3277 3458 3282 3278
f 3277 3456 3459 3458
f 3458 3459 3460 3282
f 3282 3460 3462 3283
f 3283 3464 3289 3285
f 3283 3462 3465 3464
f 3464 3465 3466 3289
f 3289 3466 3468 3290
f 3290 3470 3471 3293
f 3290 3468 3472 3470
f 3470 3472 3473 3471
f 3293 3471 3475 3296
f 3471 3473 3476 3475
f 3296 3475 3478 3299
f 3475 3476 3479 3478
f 3299 3478 3481 3302
f 3302 3481 3482 3483
f 3478 3479 3482 3481
f 3303 3302 3485 3305
f 3302 3483 3486 3485
f 3305 3485 3488 3308
f 3308 3488 3489 3490
f 3485 3486 3489 3488
f 3309 3308 3492 3312
f 3312 3492 3493 3494
f 3308 3490 3493 3492
f 3313 3312 3496 3316
f 3316 3496 3497 3498
f 3312 3494 3497 3496
f 3317 3316 3500 3320
f 3320 3500 3501 3502
f 3316 3498 3501 3500
f 3321 3320 3504 3324
f 3324 3504 3505 3506
f 3320 3502 3505 3504
f 3329 3328 3508 3509
f 3325 3324 3510 3328
f 3328 3510 3511 3508
f 3324 3506 3511 3510
f 3331 3334 3513 3514
f 3329 3509 3513 3334
f 3332 3331 3516 3336
f 3336 3516 3517 3518
f 3331 3514 3517 3516
f 3340 3339 3520 3521
f 3337 3336 3522 3339
f 3339 3522 3523 3520
f 3336 3518 3523 3522
f 3344 3343 3525 3526
f 3340 3521 3525 3343
f 3346 3349 3528 3529
f 3344 3526 3528 3349
f 3347 3346 3531 3351
f 3351 3531 3532 3533
f 3346 3529 3532 3531
f 3355 3354 3535 3536
f 3352 3351 3537 3354
f 3354 3537 3538 3535
f 3351 3533 3538 3537
f 3358 3357 3540 3541
f 3355 3536 3540 3357
f 3361 3360 3543 3544
f 3358 3541 3543 3360
f 3364 3363 3546 3547
f 3361 3544 3546 3363
f 3367 3366 3549 3550
f 3364 3547 3549 3366
f 3367 3550 3552 3369
f 3370 3369 3554 3372
f 3372 3554 3555 3556
f 3369 3552 3555 3554
f 3375 3374 3558 3559
f 3372 3556 3558 3374
f 3375 3559 3561 3377
f 3381 3380 3563 3564
f 3377 3561 3563 3380
f 3378 3382 3565 3562
f 3381 3564 3566 3383
f 3382 3384 3567 3565
f 3386 3385 3568 3569
f 3383 3566 3568 3385
f 3386 3569 3570 3387
f 3384 3388 3571 3567
f 3387 3570 3572 3389
f 3388 3390 3573 3571
f 3389 3572 3574 3391
f 3390 3392 3575 3573
f 3392 3391 3576 3577
f 3577 3576 3578 3579
f 3391 3574 3578 3576
f 3392 3577 3579 3575
f 3397 3584 3585 3398
f 3398 3586 3401 3399
f 3398 3585 3587 3586
f 3586 3587 3588 3401
f 3401 3588 3590 3402
f 3402 3590 3592 3404
f 3404 3592 3593 3405
f 3405 3593 3595 3407
f 3407 3595 3596 3408
f 3408 3596 3598 3410
f 3410 3598 3599 3411
f 3411 3599 3601 3413
f 3413 3601 3602 3414
f 3414 3602 3604 3416
f 3416 3605 3419 3417
f 3416 3604 3606 3605
f 3605 3606 3607 3419
f 3419 3607 3609 3421
f 3421 3609 3610 3422
f 3422 3610 3612 3425
f 3425 3612 3613 3426
f 3426 3613 3615 3428
f 3428 3615 3616 3429
f 3429 3616 3618 3431
f 3431 3619 3434 3432
f 3431 3618 3620 3619
f 3619 3620 3621 3434
f 3434 3621 3623 3436
f 3436 3623 3624 3437
f 3437 3624 3626 3439
f 3439 3627 3442 3440
f 3439 3626 3628 3627
f 3627 3628 3629 3442
f 3442 3631 3445 3443
f 3442 3629 3632 3631
f 3631 3632 3633 3445
f 3445 3633 3635 3447
f 3447 3635 3636 3448
f 3448 3636 3638 3451
f 3451 3638 3639 3452
f 3452 3639 3641 3455
f 3455 3641 3642 3456
f 3456 3642 3644 3459
f 3459 3644 3645 3460
f 3460 3647 3465 3462
f 3460 3645 3648 3647
f 3647 3648 3649 3465
f 3465 3651 3652 3466
f 3465 3649 3653 3651
f 3651 3653 3654 3652
f 3466 3652 3472 3468
f 3652 3654 3656 3472
f 3472 3656 3658 3473
f 3473 3658 3660 3476
f 3476 3660 3662 3479
f 3479 3662 3664 3482
f 3483 3482 3666 3486
f 3486 3666 3667 3668
f 3482 3664 3667 3666
f 3490 3489 3670 3671
f 3486 3668 3670 3489
f 3494 3493 3673 3674
f 3490 3671 3673 3493
f 3498 3497 3676 3677
f 3494 3674 3676 3497
f 3502 3501 3679 3680
f 3498 3677 3679 3501
f 3506 3505 3682 3683
f 3502 3680 3682 3505
f 3508 3511 3685 3686
f 3506 3683 3685 3511
f 3509 3508 3688 3513
f 3513 3688 3689 3690
f 3508 3686 3689 3688
f 3518 3517 3692 3693
f 3514 3513 3694 3517
f 3517 3694 3695 3692
f 3513 3690 3695 3694
f 3520 3523 3697 3698
f 3518 3693 3697 3523
f 3526 3525 3700 3701
f 3521 3520 3702 3525
f 3525 3702 3703 3700
f 3520 3698 3703 3702
f 3529 3528 3705 3706
f 3526 3701 3705 3528
f 3533 3532 3708 3709
f 3529 3706 3708 3532
f 3535 3538 3711 3712
f 3533 3709 3711 3538
f 3536 3535 3714 3540
f 3540 3714 3715 3716
f 3535 3712 3715 3714
f 3541 3540 3718 3543
f 3543 3718 3719 3720
f 3540 3716 3719 3718
f 3544 3543 3722 3546
f 3546 3722 3723 3724
f 3543 3720 3723 3722
f 3547 3546 3726 3549
f 3549 3726 3727 3728
f 3546 3724 3727 3726
f 3550 3549 3730 3552
f 3552 3730 3731 3732
f 3549 3728 3731 3730
f 3556 3555 3734 3735
f 3552 3732 3734 3555
f 3559 3558 3737 3738
f 3556 3735 3737 3558
f 3559 3738 3740 3561
f 3564 3563 3742 3743
f 3561 3740 3742 3563
f 3562 3565 3744 3741
f 3564 3743 3745 3566
f 3565 3567 3746 3744
f 3569 3568 3747 3748
f 3566 3745 3747 3568
f 3569 3748 3749 3570
f 3567 3571 3750 3746
f 3570 3749 3751 3572
f 3571 3573 3752 3750
f 3572 3751 3753 3574
f 3573 3575 3754 3752
f 3579 3578 3755 3756
f 3574 3753 3755 3578
f 3575 3579 3756 3754
f 3584 3761 3762 3585
f 3585 3762 3763 3587
f 3587 3763 3764 3588
f 3588 3764 3766 3590
f 3590 3766 3768 3592
f 3592 3768 3769 3593
f 3593 3769 3771 3595
f 3595 3771 3772 3596
f 3596 3772 3774 3598
f 3598 3774 3775 3599
f 3599 3775 3777 3601
f 3601 3778 3604 3602
f 3601 3777 3779 3778
f 3778 3779 3780 3604
f 3604 3780 3782 3606
f 3606 3782 3783 3607
f 3607 3783 3785 3609
f 3609 3785 3786 3610
f 3610 3786 3788 3612
f 3612 3788 3789 3613
f 3613 3789 3791 3615
f 3615 3792 3618 3616
f 3615 3791 3793 3792
f 3792 3793 3794 3618
f 3618 3794 3796 3620
f 3620 3796 3797 3621
f 3621 3797 3799 3623
f 3623 3799 3800 3624
f 3624 3800 3802 3626
f 3626 3802 3803 3628
f 3628 3803 3804 3629
f 3629 3804 3806 3632
f 3632 3806 3807 3633
f 3633 3807 3809 3635
f 3635 3809 3810 3636
f 3636 3810 3812 3638
f 3638 3813 3641 3639
f 3638 3812 3814 3813
f 3813 3814 3815 3641
f 3641 3817 3644 3642
f 3641 3815 3818 3817
f 3817 3818 3819 3644
f 3644 3821 3648 3645
f 3644 3819 3822 3821
f 3821 3822 3823 3648
f 3648 3823 3825 3649
f 3649 3825 3827 3653
f 3653 3827 3828 3654
f 3654 3830 3831 3656
f 3654 3828 3832 3830
f 3830 3832 3833 3831
f 3656 3831 3835 3658
f 3831 3833 3836 3835
f 3658 3835 3838 3660
f 3835 3836 3839 3838
f 3660 3838 3841 3662
f 3838 3839 3842 3841
f 3662 3841 3844 3664
f 3664 3844 3845 3846
f 3841 3842 3845 3844
f 3664 3846 3848 3667
f 3668 3667 3850 3670
f 3670 3850 3851 3852
f 3667 3848 3851 3850
f 3671 3670 3854 3673
f 3673 3854 3855 3856
f 3670 3852 3855 3854
f 3674 3673 3858 3676
f 3676 3858 3859 3860
f 3673 3856 3859 3858
f 3677 3676 3862 3679
f 3679 3862 3863 3864
f 3676 3860 3863 3862
f 3680 3679 3866 3682
f 3682 3866 3867 3868
f 3679 3864 3867 3866
f 3686 3685 3870 3871
f 3683 3682 3872 3685
f 3685 3872 3873 3870
f 3682 3868 3873 3872
f 3690 3689 3875 3876
f 3686 3871 3875 3689
f 3692 3695 3878 3879
f 3690 3876 3878 3695
f 3698 3697 3881 3882
f 3693 3692 3883 3697
f 3697 3883 3884 3881
f 3692 3879 3884 3883
f 3700 3703 3886 3887
f 3698 3882 3886 3703
f 3701 3700 3889 3705
f 3705 3889 3890 3891
f 3700 3887 3890 3889
f 3709 3708 3893 3894
f 3706 3705 3895 3708
f 3708 3895 3896 3893
f 3705 3891 3896 3895
f 3712 3711 3898 3899
f 3709 3894 3898 3711
f 3716 3715 3901 3902
f 3712 3899 3901 3715
f 3720 3719 3904 3905
f 3716 3902 3904 3719
f 3724 3723 3907 3908
f 3720 3905 3907 3723
f 3728 3727 3910 3911
f 3724 3908 3910 3727
f 3732 3731 3913 3914
f 3728 3911 3913 3731
f 3735 3734 3916 3917
f 3732 3914 3916 3734
f 3735 3917 3919 3737
f 3738 3737 3921 3740
f 3740 3921 3922 3923
f 3737 3919 3922 3921
f 3743 3742 3925 3926
f 3740 3923 3925 3742
f 3741 3744 3927 3924
f 3743 3926 3928 3745
f 3744 3746 3929 3927
f 3745 3928 3930 3747
f 3746 3750 3931 3929
f 3748 3747 3932 3749
f 3749 3932 3933 3934
f 3747 3930 3933 3932
f 3749 3934 3935 3751
f 3750 3752 3936 3931
f 3751 3935 3937 3753
f 3752 3754 3938 3936
f 3756 3755 3939 3940
f 3753 3937 3939 3755
f 3754 3756 3940 3938
f 3761 3945 3946 3762
f 3762 3946 3947 3763
f 3763 3947 3948 3764
f 3764 3948 3950 3766
f 3766 3950 3952 3768
f 3768 3952 3953 3769
f 3769 3953 3955 3771
f 3771 3955 3956 3772
f 3772 3956 3958 3774
f 3774 3958 3959 3775
f 3775 3959 3961 3777
f 3777 3961 3962 3779
f 3779 3962 3963 3780
f 3780 3963 3965 3782
f 3782 3965 3966 3783
f 3783 3966 3968 3785
f 3785 3968 3969 3786
f 3786 3969 3971 3788
f 3788 3972 3791 3789
f 3788 3971 3973 3972
f 3972 3973 3974 3791
f 3791 3974 3976 3793
f 3793 3976 3977 3794
f 3794 3977 3979 3796
f 3796 3979 3980 3797
f 3797 3980 3982 3799
f 3799 3983 3802 3800
f 3799 3982 3984 3983
f 3983 3984 3985 3802
f 3802 3985 3987 3803
f 3803 3987 3988 3804
f 3804 3988 3990 3806
f 3806 3990 3991 3807
f 3807 3991 3993 3809
f 3809 3994 3812 3810
f 3809 3993 3995 3994
f 3994 3995 3996 3812
f 3812 3996 3998 3814
f 3814 3998 3999 3815
f 3815 3999 4001 3818
f 3818 4001 4002 3819
f 3819 4002 4004 3822
f 3822 4004 4005 3823
f 3823 4007 3827 3825
f 3823 4005 4008 4007
f 4007 4008 4009 3827
f 3827 4009 4011 3828
f 3828 4011 4013 3832
f 3832 4013 4014 3833
f 3833 4014 4016 3836
f 3836 4016 4018 3839
f 3839 4018 4020 3842
f 3842 4020 4022 3845
f 3846 3845 4024 3848
f 3848 4024 4025 4026
f 3845 4022 4025 4024
f 3852 3851 4028 4029
f 3848 4026 4028 3851
f 3856 3855 4031 4032
f 3852 4029 4031 3855
f 3860 3859 4034 4035
f 3856 4032 4034 3859
f 3864 3863 4037 4038
f 3860 4035 4037 3863
f 3868 3867 4040 4041
f 3864 4038 4040 3867
f 3870 3873 4043 4044
f 3868 4041 4043 3873
f 3876 3875 4046 4047
f 3871 3870 4048 3875
f 3875 4048 4049 4046
f 3870 4044 4049 4048
f 3879 3878 4051 4052
f 3876 4047 4051 3878
f 3881 3884 4054 4055
f 3879 4052 4054 3884
f 3887 3886 4057 4058
f 3882 3881 4059 3886
f 3886 4059 4060 4057
f 3881 4055 4060 4059
f 3891 3890 4062 4063
f 3887 4058 4062 3890
f 3893 3896 4065 4066
f 3891 4063 4065 3896
f 3899 3898 4068 4069
f 3894 3893 4070 3898
f 3898 4070 4071 4068
f 3893 4066 4071 4070
f 3902 3901 4073 4074
f 3899 4069 4073 3901
f 3905 3904 4076 4077
f 3902 4074 4076 3904
f 3908 3907 4079 4080
f 3905 4077 4079 3907
f 3911 3910 4082 4083
f 3908 4080 4082 3910
f 3914 3913 4085 4086
f 3911 4083 4085 3913
f 3917 3916 4088 4089
f 3914 4086 4088 3916
f 3917 4089 4091 3919
f 3923 3922 4093 4094
f 3919 4091 4093 3922
f 3923 4094 4096 3925
f 3926 3925 4098 3928
f 3928 4098 4099 4100
f 3925 4096 4099 4098
f 3927 3929 4101 4097
f 3928 4100 4102 3930
f 3929 3931 4103 4101
f 3934 3933 4104 4105
f 3930 4102 4104 3933
f 3934 4105 4106 3935
f 3931 3936 4107 4103
f 3935 4106 4108 3937
f 3936 3938 4109 4107
f 3940 3939 4110 4111
f 3937 4108 4110 3939
f 3938 3940 4111 4109
f 3945 4116 4117 3946
f 3946 4117 4118 3947
f 3947 4118 4119 3948
f 3948 4121 3952 3950
f 3948 4119 4122 4121
f 4121 4122 4123 3952
f 3952 4123 4125 3953
f 3953 4125 4127 3955
f 3955 4127 4128 3956
f 3956 4128 4130 3958
f 3958 4131 3961 3959
f 3958 4130 4132 4131
f 4131 4132 4133 3961
f 3961 4133 4135 3962
f 3962 4135 4136 3963
f 3963 4136 4138 3965
f 3965 4138 4139 3966
f 3966 4139 4141 3968
f 3968 4141 4142 3969
f 3969 4142 4144 3971
f 3971 4144 4145 3973
f 3973 4145 4146 3974
f 3974 4146 4148 3976
f 3976 4148 4149 3977
f 3977 4149 4151 3979
f 3979 4151 4152 3980
f 3980 4152 4154 3982
f 3982 4154 4155 3984
f 3984 4155 4156 3985
f 3985 4156 4158 3987
f 3987 4158 4159 3988
f 3988 4159 4161 3990
f 3990 4162 3993 3991
f 3990 4161 4163 4162
f 4162 4163 4164 3993
f 3993 4164 4166 3995
f 3995 4166 4167 3996
f 3996 4167 4169 3998
f 3998 4169 4170 3999
f 3999 4170 4172 4001
f 4001 4172 4173 4002
f 4002 4173 4175 4004
f 4004 4175 4176 4005
f 4005 4176 4178 4008
f 4008 4178 4179 4009
f 4009 4181 4013 4011
f 4009 4179 4182 4181
f 4181 4182 4183 4013
f 4013 4183 4185 4014
f 4014 4187 4188 4016
f 4014 4185 4189 4187
f 4187 4189 4190 4188
f 4016 4188 4192 4018
f 4188 4190 4193 4192
f 4018 4192 4195 4020
f 4020 4195 4196 4197
f 4192 4193 4196 4195
f 4020 4197 4199 4022
f 4026 4025 4201 4202
f 4022 4199 4201 4025
f 4026 4202 4204 4028
f 4029 4028 4206 4031
f 4031 4206 4207 4208
f 4028 4204 4207 4206
f 4032 4031 4210 4034
f 4034 4210 4211 4212
f 4031 4208 4211 4210
f 4038 4037 4214 4215
f 4035 4034 4216 4037
f 4037 4216 4217 4214
f 4034 4212 4217 4216
f 4041 4040 4219 4220
f 4038 4215 4219 4040
f 4044 4043 4222 4223
f 4041 4220 4222 4043
f 4046 4049 4225 4226
f 4044 4223 4225 4049
f 4052 4051 4228 4229
f 4047 4046 4230 4051
f 4051 4230 4231 4228
f 4046 4226 4231 4230
f 4055 4054 4233 4234
f 4052 4229 4233 4054
f 4058 4057 4236 4237
f 4057 4060 4238 4236
f 4055 4234 4238 4060
f 4063 4062 4240 4241
f 4058 4237 4240 4062
f 4066 4065 4243 4244
f 4063 4241 4243 4065
f 4068 4071 4246 4247
f 4066 4244 4246 4071
f 4074 4073 4249 4250
f 4069 4068 4251 4073
f 4073 4251 4252 4249
f 4068 4247 4252 4251
f 4077 4076 4254 4255
f 4074 4250 4254 4076
f 4080 4079 4257 4258
f 4077 4255 4257 4079
f 4083 4082 4260 4261
f 4080 4258 4260 4082
f 4086 4085 4263 4264
f 4083 4261 4263 4085
f 4086 4264 4266 4088
f 4089 4088 4268 4091
f 4091 4268 4269 4270
f 4088 4266 4269 4268
f 4094 4093 4272 4273
f 4091 4270 4272 4093
f 4094 4273 4275 4096
f 4100 4099 4277 4278
f 4096 4275 4277 4099
f 4097 4101 4279 4276
f 4100 4278 4280 4102
f 4101 4103 4281 4279
f 4105 4104 4282 4283
f 4102 4280 4282 4104
f 4105 4283 4284 4106
f 4103 4107 4285 4281
f 4106 4284 4286 4108
f 4107 4109 4287 4285
f 4108 4286 4288 4110
f 4109 4111 4289 4287
f 4111 4110 4290 4291
f 4291 4290 4292 4293
f 4110 4288 4292 4290
f 4111 4291 4293 4289
f 4116 4298 4299 4117
f 4117 4299 4300 4118
f 4118 4300 4301 4119
f 4119 4301 4303 4122
f 4122 4303 4304 4123
f 4123 4304 4306 4125
f 4125 4306 4308 4127
f 4127 4308 4309 4128
f 4128 4309 4311 4130
f 4130 4311 4312 4132
f 4132 4312 4313 4133
f 4133 4313 4315 4135
f 4135 4315 4316 4136
f 4136 4316 4318 4138
f 4138 4318 4319 4139
f 4139 4319 4321 4141
f 4141 4321 4322 4142
f 4142 4322 4324 4144
f 4144 4324 4325 4145
f 4145 4325 4326 4146
f 4146 4326 4328 4148
f 4148 4328 4329 4149
f 4149 4329 4331 4151
f 4331 4332 4333 4334
f 4151 4335 4154 4152
f 4151 4331 4334 4335
f 4335 4334 4333 4154
f 4154 4333 4337 4155
f 4155 4337 4338 4156
f 4156 4338 4340 4158
f 4158 4340 4341 4159
f 4159 4341 4343 4161
f 4161 4343 4344 4163
f 4163 4344 4345 4164
f 4164 4345 4347 4166
f 4166 4347 4348 4167
f 4167 4348 4350 4169
f 4169 4350 4351 4170
f 4170 4351 4353 4172
f 4172 4353 4354 4173
f 4173 4354 4356 4175
f 4175 4356 4357 4176
f 4176 4357 4359 4178
f 4178 4359 4360 4179
f 4179 4360 4362 4182
f 4182 4362 4363 4183
f 4183 4363 4365 4185
f 4185 4365 4367 4189
f 4189 4367 4368 4190
f 4190 4368 4370 4193
f 4197 4196 4372 4373
f 4193 4370 4372 4196
f 4197 4373 4375 4199
f 4202 4201 4377 4378
f 4199 4375 4377 4201
f 4202 4378 4380 4204
f 4208 4207 4382 4383
f 4204 4380 4382 4207
f 4212 4211 4385 4386
f 4208 4383 4385 4211
f 4214 4217 4388 4389
f 4212 4386 4388 4217
f 4220 4219 4391 4392
f 4215 4214 4393 4219
f 4219 4393 4394 4391
f 4214 4389 4394 4393
f 4223 4222 4396 4397
f 4220 4392 4396 4222
f 4226 4225 4399 4400
f 4223 4397 4399 4225
f 4229 4228 4402 4403
f 4228 4231 4404 4402
f 4226 4400 4404 4231
f 4234 4233 4406 4407
f 4229 4403 4406 4233
f 4236 4238 4409 4410
f 4234 4407 4409 4238
f 4241 4240 4412 4413
f 4237 4236 4414 4240
f 4240 4414 4415 4412
f 4236 4410 4415 4414
f 4244 4243 4417 4418
f 4241 4413 4417 4243
f 4247 4246 4420 4421
f 4244 4418 4420 4246
f 4249 4252 4423 4424
f 4247 4421 4423 4252
f 4255 4254 4426 4427
f 4250 4249 4428 4254
f 4254 4428 4429 4426
f 4249 4424 4429 4428
f 4258 4257 4431 4432
f 4255 4427 4431 4257
f 4261 4260 4434 4435
f 4258 4432 4434 4260
f 4261 4435 4437 4263
f 4264 4263 4439 4266
f 4266 4439 4440 4441
f 4263 4437 4440 4439
f 4270 4269 4443 4444
f 4266 4441 4443 4269
f 4273 4272 4446 4447
f 4270 4444 4446 4272
f 4273 4447 4449 4275
f 4278 4277 4451 4452
f 4275 4449 4451 4277
f 4276 4279 4453 4450
f 4278 4452 4454 4280
f 4279 4281 4455 4453
f 4283 4282 4456 4457
f 4280 4454 4456 4282
f 4283 4457 4458 4284
f 4281 4285 4459 4455
f 4284 4458 4460 4286
f 4285 4287 4461 4459
f 4286 4460 4462 4288
f 4287 4289 4463 4461
f 4293 4292 4464 4465
f 4288 4462 4464 4292
f 4289 4293 4465 4463
f 4298 4470 4471 4299
f 4299 4471 4472 4300
f 4300 4472 4473 4301
f 4473 4475 4476 4477
f 4301 4473 4477 4303
f 4303 4477 4476 4304
f 4304 4476 4479 4306
f 4306 4479 4481 4308
f 4308 4481 4482 4309
f 4309 4482 4484 4311
f 4311 4484 4485 4312
f 4312 4485 4486 4313
f 4313 4486 4488 4315
f 4315 4488 4489 4316
f 4316 4489 4491 4318
f 4318 4491 4492 4319
f 4319 4492 4494 4321
f 4321 4494 4495 4322
f 4322 4495 4497 4324
f 4324 4497 4498 4325
f 4325 4498 4499 4326
f 4326 4499 4501 4328
f 4328 4501 4502 4329
f 4329 4502 4504 4331
f 4331 4504 4505 4332
f 4332 4505 4507 4333
f 4333 4507 4508 4337
f 4337 4508 4509 4338
f 4338 4509 4511 4340
f 4340 4511 4512 4341
f 4341 4512 4514 4343
f 4514 4515 4516 4517
f 4343 4514 4517 4344
f 4344 4517 4516 4345
f 4345 4516 4519 4347
f 4347 4519 4520 4348
f 4348 4520 4522 4350
f 4350 4522 4523 4351
f 4351 4523 4525 4353
f 4353 4525 4526 4354
f 4354 4526 4528 4356
f 4356 4528 4529 4357
f 4357 4529 4531 4359
f 4359 4531 4532 4360
f 4360 4532 4534 4362
f 4362 4534 4535 4363
f 4363 4535 4537 4365
f 4537 4539 4540 4541
f 4365 4537 4541 4367
f 4367 4541 4540 4368
f 4368 4540 4543 4370
f 4373 4372 4545 4546
f 4370 4543 4545 4372
f 4373 4546 4548 4375
f 4378 4377 4550 4551
f 4375 4548 4550 4377
f 4378 4551 4553 4380
f 4383 4382 4555 4556
f 4380 4553 4555 4382
f 4386 4385 4558 4559
f 4383 4556 4558 4385
f 4389 4388 4561 4562
f 4386 4559 4561 4388
f 4391 4394 4564 4565
f 4389 4562 4564 4394
f 4397 4396 4567 4568
f 4392 4391 4569 4396
f 4396 4569 4570 4567
f 4391 4565 4570 4569
f 4400 4399 4572 4573
f 4397 4568 4572 4399
f 4402 4404 4575 4576
f 4400 4573 4575 4404
f 4407 4406 4578 4579
f 4403 4402 4580 4406
f 4406 4580 4581 4578
f 4402 4576 4581 4580
f 4410 4409 4583 4584
f 4407 4579 4583 4409
f 4413 4412 4586 4587
f 4412 4415 4588 4586
f 4410 4584 4588 4415
f 4418 4417 4590 4591
f 4413 4587 4590 4417
f 4421 4420 4593 4594
f 4418 4591 4593 4420
f 4424 4423 4596 4597
f 4421 4594 4596 4423
f 4426 4429 4599 4600
f 4424 4597 4599 4429
f 4427 4426 4602 4431
f 4431 4602 4603 4604
f 4426 4600 4603 4602
f 4432 4431 4606 4434
f 4434 4606 4607 4608
f 4431 4604 4607 4606
f 4435 4434 4610 4437
f 4437 4610 4611 4612
f 4434 4608 4611 4610
f 4441 4440 4614 4615
f 4437 4612 4614 4440
f 4444 4443 4617 4618
f 4441 4615 4617 4443
f 4447 4446 4620 4621
f 4444 4618 4620 4446
f 4447 4621 4623 4449
f 4452 4451 4625 4626
f 4449 4623 4625 4451
f 4450 4453 4627 4624
f 4452 4626 4628 4454
f 4453 4455 4629 4627
f 4454 4628 4630 4456
f 4455 4459 4631 4629
f 4457 4456 4632 4458
f 4458 4632 4633 4634
f 4456 4630 4633 4632
f 4458 4634 4635 4460
f 4459 4461 4636 4631
f 4460 4635 4637 4462
f 4461 4463 4638 4636
f 4465 4464 4639 4640
f 4462 4637 4639 4464
f 4463 4465 4640 4638
f 4470 4645 4646 4471
f 4471 4646 4647 4472
f 4472 4647 4648 4473
f 4473 4648 4650 4475
f 4475 4650 4652 4476
f 4476 4652 4653 4479
f 4479 4653 4655 4481
f 4481 4655 4656 4482
f 4482 4656 4658 4484
f 4658 4659 4660 4661
f 4484 4658 4661 4485
f 4485 4661 4660 4486
f 4486 4660 4663 4488
f 4488 4663 4664 4489
f 4489 4664 4666 4491
f 4491 4666 4667 4492
f 4492 4667 4669 4494
f 4494 4669 4670 4495
f 4495 4670 4672 4497
f 4672 4673 4674 4675
f 4497 4672 4675 4498
f 4498 4675 4674 4499
f 4499 4674 4677 4501
f 4501 4677 4678 4502
f 4502 4678 4680 4504
f 4504 4680 4681 4505
f 4505 4681 4683 4507
f 4507 4683 4684 4508
f 4508 4684 4685 4509
f 4509 4685 4687 4511
f 4511 4687 4688 4512
f 4512 4688 4690 4514
f 4514 4690 4691 4515
f 4515 4691 4693 4516
f 4516 4693 4694 4519
f 4519 4694 4695 4520
f 4520 4695 4697 4522
f 4522 4697 4698 4523
f 4523 4698 4700 4525
f 4525 4700 4701 4526
f 4526 4701 4703 4528
f 4528 4703 4704 4529
f 4529 4704 4706 4531
f 4531 4706 4707 4532
f 4707 4709 4710 4711
f 4532 4707 4711 4534
f 4534 4711 4710 4535
f 4535 4710 4713 4537
f 4537 4713 4715 4539
f 4715 4717 4718 4719
f 4539 4715 4719 4540
f 4540 4719 4718 4543
f 4717 4721 4722 4718
f 4546 4545 4722 4721
f 4543 4718 4722 4545
f 4546 4721 4724 4548
f 4551 4550 4726 4727
f 4548 4724 4726 4550
f 4551 4727 4729 4553
f 4556 4555 4731 4732
f 4553 4729 4731 4555
f 4559 4558 4734 4735
f 4556 4732 4734 4558
f 4562 4561 4737 4738
f 4559 4735 4737 4561
f 4565 4564 4740 4741
f 4562 4738 4740 4564
f 4568 4567 4743 4744
f 4567 4570 4745 4743
f 4565 4741 4745 4570
f 4573 4572 4747 4748
f 4568 4744 4747 4572
f 4576 4575 4750 4751
f 4573 4748 4750 4575
f 4579 4578 4753 4754
f 4578 4581 4755 4753
f 4576 4751 4755 4581
f 4584 4583 4757 4758
f 4579 4754 4757 4583
f 4586 4588 4760 4761
f 4584 4758 4760 4588
f 4591 4590 4763 4764
f 4587 4586 4765 4590
f 4590 4765 4766 4763
f 4586 4761 4766 4765
f 4594 4593 4768 4769
f 4591 4764 4768 4593
f 4597 4596 4771 4772
f 4594 4769 4771 4596
f 4600 4599 4774 4775
f 4597 4772 4774 4599
f 4604 4603 4777 4778
f 4600 4775 4777 4603
f 4608 4607 4780 4781
f 4604 4778 4780 4607
f 4612 4611 4783 4784
f 4608 4781 4783 4611
f 4615 4614 4786 4787
f 4612 4784 4786 4614
f 4618 4617 4789 4790
f 4615 4787 4789 4617
f 4618 4790 4792 4620
f 4621 4620 4794 4623
f 4623 4794 4795 4796
f 4620 4792 4795 4794
f 4626 4625 4798 4799
f 4623 4796 4798 4625
f 4624 4627 4800 4797
f 4626 4799 4801 4628
f 4627 4629 4802 4800
f 4628 4801 4803 4630
f 4629 4631 4804 4802
f 4634 4633 4805 4806
f 4630 4803 4805 4633
f 4634 4806 4807 4635
f 4631 4636 4808 4804
f 4635 4807 4809 4637
f 4636 4638 4810 4808
f 4640 4639 4811 4812
f 4637 4809 4811 4639
f 4638 4640 4812 4810
f 4645 4817 4818 4646
f 4646 4818 4819 4647
f 4647 4819 4820 4648
f 4648 4820 4822 4650
f 4650 4822 4824 4652
f 4652 4824 4825 4653
f 4653 4825 4827 4655
f 4655 4827 4828 4656
f 4656 4828 4830 4658
f 4658 4830 4831 4659
f 4659 4831 4833 4660
f 4833 4834 4835 4836
f 4660 4833 4836 4663
f 4663 4836 4835 4664
f 4664 4835 4838 4666
f 4666 4838 4839 4667
f 4667 4839 4841 4669
f 4669 4841 4842 4670
f 4670 4842 4844 4672
f 4672 4844 4845 4673
f 4673 4845 4847 4674
f 4847 4848 4849 4850
f 4674 4847 4850 4677
f 4677 4850 4849 4678
f 4678 4849 4852 4680
f 4680 4852 4853 4681
f 4681 4853 4855 4683
f 4855 4856 4857 4858
f 4683 4855 4858 4684
f 4684 4858 4857 4685
f 4685 4857 4860 4687
f 4687 4860 4861 4688
f 4688 4861 4863 4690
f 4690 4863 4864 4691
f 4691 4864 4866 4693
f 4866 4867 4868 4869
f 4693 4866 4869 4694
f 4694 4869 4868 4695
f 4868 4871 4872 4873
f 4695 4868 4873 4697
f 4697 4873 4872 4698
f 4872 4875 4876 4877
f 4698 4872 4877 4700
f 4700 4877 4876 4701
f 4876 4879 4880 4881
f 4701 4876 4881 4703
f 4703 4881 4880 4704
f 4880 4883 4884 4885
f 4704 4880 4885 4706
f 4706 4885 4884 4707
f 4707 4884 4887 4709
f 4887 4889 4890 4891
f 4709 4887 4891 4710
f 4710 4891 4890 4713
f 4713 4890 4893 4715
f 4715 4893 4895 4717
f 4717 4895 4897 4721
f 4721 4897 4899 4724
f 4901 4902 4903 4899
f 4727 4726 4903 4902
f 4724 4899 4903 4726
f 4727 4902 4905 4729
f 4907 4908 4909 4905
f 4732 4731 4909 4908
f 4729 4905 4909 4731
f 4911 4912 4913 4908
f 4735 4734 4913 4912
f 4732 4908 4913 4734
f 4738 4737 4915 4916
f 4735 4912 4915 4737
f 4741 4740 4918 4919
f 4738 4916 4918 4740
f 4744 4743 4921 4922
f 4923 4921 4924 4919
f 4743 4745 4924 4921
f 4741 4919 4924 4745
f 4748 4747 4926 4927
f 4744 4922 4926 4747
f 4751 4750 4929 4930
f 4748 4927 4929 4750
f 4754 4753 4932 4933
f 4753 4755 4934 4932
f 4751 4930 4934 4755
f 4758 4757 4936 4937
f 4754 4933 4936 4757
f 4761 4760 4939 4940
f 4758 4937 4939 4760
f 4763 4766 4942 4943
f 4761 4940 4942 4766
f 4769 4768 4945 4946
f 4764 4763 4947 4768
f 4768 4947 4948 4945
f 4763 4943 4948 4947
f 4772 4771 4950 4951
f 4769 4946 4950 4771
f 4775 4774 4953 4954
f 4772 4951 4953 4774
f 4778 4777 4956 4957
f 4775 4954 4956 4777
f 4781 4780 4959 4960
f 4778 4957 4959 4780
f 4784 4783 4962 4963
f 4781 4960 4962 4783
f 4787 4786 4965 4966
f 4784 4963 4965 4786
f 4790 4789 4968 4969
f 4787 4966 4968 4789
f 4790 4969 4971 4792
f 4796 4795 4973 4974
f 4792 4971 4973 4795
f 4796 4974 4976 4798
f 4799 4798 4978 4801
f 4801 4978 4979 4980
f 4798 4976 4979 4978
f 4800 4802 4981 4977
f 4801 4980 4982 4803
f 4802 4804 4983 4981
f 4806 4805 4984 4985
f 4803 4982 4984 4805
f 4806 4985 4986 4807
f 4804 4808 4987 4983
f 4807 4986 4988 4809
f 4808 4810 4989 4987
f 4809 4988 4990 4811
f 4810 4812 4991 4989
f 4812 4811 4992 4993
f 4993 4992 4994 4995
f 4811 4990 4994 4992
f 4812 4993 4995 4991
f 4817 5000 5001 4818
f 5001 5002 5003 5004
f 4818 5001 5004 4819
f 4819 5004 5003 4820
f 4820 5003 5006 4822
f 4822 5006 5008 4824
f 4824 5008 5009 4825
f 4825 5009 5011 4827
f 4827 5011 5012 4828
f 4828 5012 5014 4830
f 4830 5014 5015 4831
f 4831 5015 5017 4833
f 4833 5017 5018 4834
f 4834 5018 5020 4835
f 5020 5021 5022 5023
f 4835 5020 5023 4838
f 4838 5023 5022 4839
f 4839 5022 5025 4841
f 4841 5025 5026 4842
f 4842 5026 5028 4844
f 4844 5028 5029 4845
f 4845 5029 5031 4847
f 4847 5031 5032 4848
f 4848 5032 5034 4849
f 5034 5035 5036 5037
f 4849 5034 5037 4852
f 4852 5037 5036 4853
f 4853 5036 5039 4855
f 4855 5039 5040 4856
f 4856 5040 5042 4857
f 5042 5043 5044 5045
f 4857 5042 5045 4860
f 4860 5045 5044 4861
f 5044 5047 5048 5049
f 4861 5044 5049 4863
f 4863 5049 5048 4864
f 4864 5048 5051 4866
f 4866 5051 5052 4867
f 4867 5052 5054 4868
f 4868 5054 5055 4871
f 4871 5055 5057 4872
f 4872 5057 5058 4875
f 4875 5058 5060 4876
f 4876 5060 5061 4879
f 4879 5061 5063 4880
f 4880 5063 5064 4883
f 5064 5066 5067 5068
f 4883 5064 5068 4884
f 4884 5068 5067 4887
f 4887 5067 5070 4889
f 5070 5072 5073 5074
f 4889 5070 5074 4890
f 4890 5074 5073 4893
f 5072 5076 5077 5073
f 4893 5073 5077 4895
f 5076 5079 5080 5077
f 4895 5077 5080 4897
f 5079 5082 5083 5080
f 4901 4899 5083 5082
f 4897 5080 5083 4899
f 4901 5082 5085 4902
f 4907 4905 5087 5088
f 4902 5085 5087 4905
f 4911 4908 5090 5091
f 4907 5088 5090 4908
f 4911 5091 5093 4912
f 5095 5096 5097 5093
f 4916 4915 5097 5096
f 4912 5093 5097 4915
f 4923 4919 5099 5100
f 5101 5099 5102 5096
f 4919 4918 5102 5099
f 4916 5096 5102 4918
f 4922 4921 5104 5105
f 4923 5100 5104 4921
f 4927 4926 5107 5108
f 4922 5105 5107 4926
f 4930 4929 5110 5111
f 4927 5108 5110 4929
f 4933 4932 5113 5114
f 4932 4934 5115 5113
f 4930 5111 5115 4934
f 4937 4936 5117 5118
f 4933 5114 5117 4936
f 4940 4939 5120 5121
f 4937 5118 5120 4939
f 4943 4942 5123 5124
f 4940 5121 5123 4942
f 4946 4945 5126 5127
f 4945 4948 5128 5126
f 4943 5124 5128 4948
f 4951 4950 5130 5131
f 4946 5127 5130 4950
f 4954 4953 5133 5134
f 4951 5131 5133 4953
f 4957 4956 5136 5137
f 4954 5134 5136 4956
f 4960 4959 5139 5140
f 4957 5137 5139 4959
f 4963 4962 5142 5143
f 4960 5140 5142 4962
f 4966 4965 5145 5146
f 4963 5143 5145 4965
f 4966 5146 5148 4968
f 4969 4968 5150 4971
f 4971 5150 5151 5152
f 4968 5148 5151 5150
f 4974 4973 5154 5155
f 4971 5152 5154 4973
f 4974 5155 5157 4976
f 4980 4979 5159 5160
f 4976 5157 5159 4979
f 4977 4981 5161 5158
f 4980 5160 5162 4982
f 4981 4983 5163 5161
f 4985 4984 5164 5165
f 4982 5162 5164 4984
f 4985 5165 5166 4986
f 4983 4987 5167 5163
f 4986 5166 5168 4988
f 4987 4989 5169 5167
f 4988 5168 5170 4990
f 4989 4991 5171 5169
f 4995 4994 5172 5173
f 4990 5170 5172 4994
f 4991 4995 5173 5171
f 4999 5177 5178 5000
f 5000 5178 5179 5001
f 5001 5179 5180 5002
f 5002 5180 5182 5003
f 5003 5182 5183 5006
f 5006 5183 5185 5008
f 5008 5185 5186 5009
f 5009 5186 5188 5011
f 5011 5188 5189 5012
f 5012 5189 5191 5014
f 5014 5191 5192 5015
f 5015 5192 5194 5017
f 5017 5194 5195 5018
f 5018 5195 5197 5020
f 5020 5197 5198 5021
f 5021 5198 5200 5022
f 5200 5201 5202 5203
f 5022 5200 5203 5025
f 5025 5203 5202 5026
f 5202 5205 5206 5207
f 5026 5202 5207 5028
f 5028 5207 5206 5029
f 5029 5206 5209 5031
f 5031 5209 5210 5032
f 5032 5210 5212 5034
f 5034 5212 5213 5035
f 5035 5213 5215 5036
f 5215 5216 5217 5218
f 5036 5215 5218 5039
f 5039 5218 5217 5040
f 5040 5217 5220 5042
f 5042 5220 5221 5043
f 5043 5221 5223 5044
f 5044 5223 5224 5047
f 5047 5224 5226 5048
f 5226 5227 5228 5229
f 5048 5226 5229 5051
f 5051 5229 5228 5052
f 5228 5231 5232 5233
f 5052 5228 5233 5054
f 5054 5233 5232 5055
f 5232 5235 5236 5237
f 5055 5232 5237 5057
f 5057 5237 5236 5058
f 5236 5239 5240 5241
f 5058 5236 5241 5060
f 5060 5241 5240 5061
f 5240 5243 5244 5245
f 5061 5240 5245 5063
f 5063 5245 5244 5064
f 5064 5244 5247 5066
f 5247 5249 5250 5251
f 5066 5247 5251 5067
f 5067 5251 5250 5070
f 5070 5250 5253 5072
f 5072 5253 5255 5076
f 5076 5255 5257 5079
f 5079 5257 5259 5082
f 5082 5259 5261 5085
f 5263 5264 5265 5261
f 5088 5087 5265 5264
f 5085 5261 5265 5087
f 5091 5090 5267 5268
f 5088 5264 5267 5090
f 5095 5093 5270 5271
f 5091 5268 5270 5093
f 5101 5096 5273 5274
f 5095 5271 5273 5096
f 5100 5099 5276 5277
f 5101 5274 5276 5099
f 5105 5104 5279 5280
f 5100 5277 5279 5104
f 5108 5107 5282 5283
f 5105 5280 5282 5107
f 5111 5110 5285 5286
f 5108 5283 5285 5110
f 5113 5115 5288 5289
f 5111 5286 5288 5115
f 5118 5117 5291 5292
f 5114 5113 5293 5117
f 5117 5293 5294 5291
f 5113 5289 5294 5293
f 5121 5120 5296 5297
f 5118 5292 5296 5120
f 5124 5123 5299 5300
f 5121 5297 5299 5123
f 5126 5128 5302 5303
f 5124 5300 5302 5128
f 5131 5130 5305 5306
f 5127 5126 5307 5130
f 5130 5307 5308 5305
f 5126 5303 5308 5307
f 5134 5133 5310 5311
f 5131 5306 5310 5133
f 5137 5136 5313 5314
f 5134 5311 5313 5136
f 5140 5139 5316 5317
f 5137 5314 5316 5139
f 5143 5142 5319 5320
f 5140 5317 5319 5142
f 5143 5320 5322 5145
f 5146 5145 5324 5148
f 5148 5324 5325 5326
f 5145 5322 5325 5324
f 5152 5151 5328 5329
f 5148 5326 5328 5151
f 5152 5329 5331 5154
f 5155 5154 5333 5157
f 5157 5333 5334 5335
f 5154 5331 5334 5333
f 5160 5159 5337 5338
f 5157 5335 5337 5159
f 5158 5161 5339 5336
f 5160 5338 5340 5162
f 5161 5163 5341 5339
f 5162 5340 5342 5164
f 5163 5167 5343 5341
f 5165 5164 5344 5166
f 5166 5344 5345 5346
f 5164 5342 5345 5344
f 5166 5346 5347 5168
f 5167 5169 5348 5343
f 5168 5347 5349 5170
f 5169 5171 5350 5348
f 5173 5172 5351 5352
f 5170 5349 5351 5172
f 5171 5173 5352 5350
f 5177 5356 5357 5178
f 5178 5357 5358 5179
f 5179 5358 5359 5180
f 5180 5359 5361 5182
f 5182 5361 5362 5183
f 5183 5362 5364 5185
f 5185 5364 5365 5186
f 5186 5365 5367 5188
f 5188 5367 5368 5189
f 5189 5368 5370 5191
f 5191 5370 5371 5192
f 5192 5371 5373 5194
f 5194 5373 5374 5195
f 5195 5374 5376 5197
f 5197 5376 5377 5198
f 5198 5377 5379 5200
f 5200 5379 5380 5201
f 5201 5380 5382 5202
f 5202 5382 5383 5205
f 5205 5383 5385 5206
f 5385 5386 5387 5388
f 5206 5385 5388 5209
f 5209 5388 5387 5210
f 5210 5387 5390 5212
f 5212 5390 5391 5213
f 5213 5391 5393 5215
f 5215 5393 5394 5216
f 5216 5394 5396 5217
f 5396 5397 5398 5399
f 5217 5396 5399 5220
f 5220 5399 5398 5221
f 5398 5401 5402 5403
f 5221 5398 5403 5223
f 5223 5403 5402 5224
f 5402 5405 5406 5407
f 5224 5402 5407 5226
f 5226 5407 5406 5227
f 5227 5406 5409 5228
f 5228 5409 5410 5231
f 5231 5410 5412 5232
f 5232 5412 5413 5235
f 5235 5413 5415 5236
f 5236 5415 5416 5239
f 5416 5418 5419 5420
f 5239 5416 5420 5240
f 5240 5420 5419 5243
f 5419 5422 5423 5424
f 5243 5419 5424 5244
f 5244 5424 5423 5247
f 5247 5423 5426 5249
f 5426 5428 5429 5430
f 5249 5426 5430 5250
f 5250 5430 5429 5253
f 5428 5432 5433 5429
f 5253 5429 5433 5255
f 5432 5435 5436 5433
f 5255 5433 5436 5257
f 5435 5438 5439 5436
f 5257 5436 5439 5259
f 5438 5441 5442 5439
f 5263 5261 5442 5441
f 5259 5439 5442 5261
f 5263 5441 5444 5264
f 5446 5447 5448 5444
f 5268 5267 5448 5447
f 5264 5444 5448 5267
f 5450 5451 5452 5447
f 5271 5270 5452 5451
f 5268 5447 5452 5270
f 5274 5273 5454 5455
f 5271 5451 5454 5273
f 5277 5276 5457 5458
f 5274 5455 5457 5276
f 5280 5279 5460 5461
f 5277 5458 5460 5279
f 5283 5282 5463 5464
f 5280 5461 5463 5282
f 5286 5285 5466 5467
f 5283 5464 5466 5285
f 5289 5288 5469 5470
f 5286 5467 5469 5288
f 5292 5291 5472 5473
f 5291 5294 5474 5472
f 5289 5470 5474 5294
f 5297 5296 5476 5477
f 5292 5473 5476 5296
f 5300 5299 5479 5480
f 5297 5477 5479 5299
f 5303 5302 5482 5483
f 5300 5480 5482 5302
f 5305 5308 5485 5486
f 5303 5483 5485 5308
f 5306 5305 5488 5310
f 5310 5488 5489 5490
f 5305 5486 5489 5488
f 5311 5310 5492 5313
f 5313 5492 5493 5494
f 5310 5490 5493 5492
f 5314 5313 5496 5316
f 5316 5496 5497 5498
f 5313 5494 5497 5496
f 5317 5316 5500 5319
f 5319 5500 5501 5502
f 5316 5498 5501 5500
f 5320 5319 5504 5322
f 5322 5504 5505 5506
f 5319 5502 5505 5504
f 5326 5325 5508 5509
f 5322 5506 5508 5325
f 5329 5328 5511 5512
f 5326 5509 5511 5328
f 5329 5512 5514 5331
f 5335 5334 5516 5517
f 5331 5514 5516 5334
f 5335 5517 5519 5337
f 5338 5337 5521 5340
f 5340 5521 5522 5523
f 5337 5519 5522 5521
f 5339 5341 5524 5520
f 5340 5523 5525 5342
f 5341 5343 5526 5524
f 5346 5345 5527 5528
f 5342 5525 5527 5345
f 5346 5528 5529 5347
f 5343 5348 5530 5526
f 5347 5529 5531 5349
f 5348 5350 5532 5530
f 5349 5531 5533 5351
f 5350 5352 5534 5532
f 5352 5351 5535 5536
f 5536 5535 5537 5538
f 5351 5533 5537 5535
f 5352 5536 5538 5534
f 5356 5542 5543 5357
f 5357 5543 5544 5358
f 5358 5544 5545 5359
f 5359 5545 5547 5361
f 5361 5547 5548 5362
f 5548 5550 5551 5552
f 5362 5548 5552 5364
f 5364 5552 5551 5365
f 5551 5554 5555 5556
f 5365 5551 5556 5367
f 5367 5556 5555 5368
f 5555 5558 5559 5560
f 5368 5555 5560 5370
f 5370 5560 5559 5371
f 5559 5562 5563 5564
f 5371 5559 5564 5373
f 5373 5564 5563 5374
f 5563 5566 5567 5568
f 5374 5563 5568 5376
f 5376 5568 5567 5377
f 5567 5570 5571 5572
f 5377 5567 5572 5379
f 5379 5572 5571 5380
f 5380 5571 5574 5382
f 5382 5574 5575 5383
f 5383 5575 5577 5385
f 5385 5577 5578 5386
f 5386 5578 5580 5387
f 5580 5581 5582 5583
f 5387 5580 5583 5390
f 5390 5583 5582 5391
f 5582 5585 5586 5587
f 5391 5582 5587 5393
f 5393 5587 5586 5394
f 5586 5589 5590 5591
f 5394 5586 5591 5396
f 5396 5591 5590 5397
f 5397 5590 5593 5398
f 5398 5593 5594 5401
f 5401 5594 5596 5402
f 5402 5596 5597 5405
f 5405 5597 5599 5406
f 5599 5600 5601 5602
f 5406 5599 5602 5409
f 5409 5602 5601 5410
f 5601 5604 5605 5606
f 5410 5601 5606 5412
f 5412 5606 5605 5413
f 5605 5608 5609 5610
f 5413 5605 5610 5415
f 5415 5610 5609 5416
f 5416 5609 5612 5418
f 5612 5614 5615 5616
f 5418 5612 5616 5419
f 5419 5616 5615 5422
f 5615 5618 5619 5620
f 5422 5615 5620 5423
f 5423 5620 5619 5426
f 5618 5622 5623 5619
f 5426 5619 5623 5428
f 5622 5625 5626 5623
f 5428 5623 5626 5432
f 5432 5626 5628 5435
f 5630 5631 5632 5628
f 5435 5628 5632 5438
f 5631 5634 5635 5632
f 5438 5632 5635 5441
f 5634 5637 5638 5635
f 5446 5444 5638 5637
f 5441 5635 5638 5444
f 5450 5447 5640 5641
f 5446 5637 5640 5447
f 5450 5641 5643 5451
f 5645 5646 5647 5643
f 5455 5454 5647 5646
f 5451 5643 5647 5454
f 5458 5457 5649 5650
f 5455 5646 5649 5457
f 5461 5460 5652 5653
f 5458 5650 5652 5460
f 5464 5463 5655 5656
f 5461 5653 5655 5463
f 5467 5466 5658 5659
f 5464 5656 5658 5466
f 5470 5469 5661 5662
f 5467 5659 5661 5469
f 5473 5472 5664 5665
f 5472 5474 5666 5664
f 5470 5662 5666 5474
f 5477 5476 5668 5669
f 5473 5665 5668 5476
f 5480 5479 5671 5672
f 5477 5669 5671 5479
f 5483 5482 5674 5675
f 5480 5672 5674 5482
f 5486 5485 5677 5678
f 5483 5675 5677 5485
f 5490 5489 5680 5681
f 5486 5678 5680 5489
f 5494 5493 5683 5684
f 5490 5681 5683 5493
f 5498 5497 5686 5687
f 5494 5684 5686 5497
f 5502 5501 5689 5690
f 5498 5687 5689 5501
f 5506 5505 5692 5693
f 5502 5690 5692 5505
f 5509 5508 5695 5696
f 5506 5693 5695 5508
f 5509 5696 5698 5511
f 5512 5511 5700 5514
f 5514 5700 5701 5702
f 5511 5698 5701 5700
f 5517 5516 5704 5705
f 5514 5702 5704 5516
f 5517 5705 5707 5519
f 5523 5522 5709 5710
f 5519 5707 5709 5522
f 5520 5524 5711 5708
f 5523 5710 5712 5525
f 5524 5526 5713 5711
f 5525 5712 5714 5527
f 5526 5530 5715 5713
f 5528 5527 5716 5529
f 5529 5716 5717 5718
f 5527 5714 5717 5716
f 5529 5718 5719 5531
f 5530 5532 5720 5715
f 5531 5719 5721 5533
f 5532 5534 5722 5720
f 5538 5537 5723 5724
f 5533 5721 5723 5537
f 5534 5538 5724 5722
f 5542 5728 5729 5543
f 5543 5729 5730 5544
f 5544 5730 5731 5545
f 5731 5733 5734 5735
f 5545 5731 5735 5547
f 5547 5735 5734 5548
f 5548 5734 5737 5550
f 5550 5737 5739 5551
f 5551 5739 5740 5554
f 5554 5740 5742 5555
f 5555 5742 5743 5558
f 5558 5743 5745 5559
f 5559 5745 5746 5562
f 5562 5746 5748 5563
f 5563 5748 5749 5566
f 5566 5749 5751 5567
f 5567 5751 5752 5570
f 5570 5752 5754 5571
f 5754 5755 5756 5757
f 5571 5754 5757 5574
f 5574 5757 5756 5575
f 5756 5759 5760 5761
f 5575 5756 5761 5577
f 5577 5761 5760 5578
f 5760 5763 5764 5765
f 5578 5760 5765 5580
f 5580 5765 5764 5581
f 5581 5764 5767 5582
f 5582 5767 5768 5585
f 5585 5768 5770 5586
f 5586 5770 5771 5589
f 5589 5771 5773 5590
f 5773 5774 5775 5776
f 5590 5773 5776 5593
f 5593 5776 5775 5594
f 5775 5778 5779 5780
f 5594 5775 5780 5596
f 5596 5780 5779 5597
f 5779 5782 5783 5784
f 5597 5779 5784 5599
f 5599 5784 5783 5600
f 5783 5786 5787 5788
f 5600 5783 5788 5601
f 5601 5788 5787 5604
f 5787 5790 5791 5792
f 5604 5787 5792 5605
f 5605 5792 5791 5608
f 5791 5794 5795 5796
f 5608 5791 5796 5609
f 5609 5796 5795 5612
f 5794 5798 5799 5795
f 5612 5795 5799 5614
f 5799 5801 5802 5803
f 5614 5799 5803 5615
f 5615 5803 5802 5618
f 5801 5805 5806 5802
f 5618 5802 5806 5622
f 5622 5806 5808 5625
f 5808 5810 5811 5812
f 5630 5628 5811 5810
f 5625 5808 5812 5626
f 5626 5812 5811 5628
f 5630 5810 5814 5631
f 5631 5814 5816 5634
f 5818 5819 5820 5816
f 5634 5816 5820 5637
f 5819 5822 5823 5820
f 5641 5640 5823 5822
f 5637 5820 5823 5640
f 5825 5826 5827 5822
f 5645 5643 5827 5826
f 5641 5822 5827 5643
f 5645 5826 5829 5646
f 5831 5832 5833 5829
f 5650 5649 5833 5832
f 5646 5829 5833 5649
f 5835 5836 5837 5832
f 5653 5652 5837 5836
f 5650 5832 5837 5652
f 5656 5655 5839 5840
f 5653 5836 5839 5655
f 5659 5658 5842 5843
f 5656 5840 5842 5658
f 5662 5661 5845 5846
f 5659 5843 5845 5661
f 5664 5666 5848 5849
f 5662 5846 5848 5666
f 5669 5668 5851 5852
f 5665 5664 5853 5668
f 5668 5853 5854 5851
f 5664 5849 5854 5853
f 5672 5671 5856 5857
f 5669 5852 5856 5671
f 5675 5674 5859 5860
f 5672 5857 5859 5674
f 5678 5677 5862 5863
f 5675 5860 5862 5677
f 5681 5680 5865 5866
f 5678 5863 5865 5680
f 5684 5683 5868 5869
f 5681 5866 5868 5683
f 5687 5686 5871 5872
f 5684 5869 5871 5686
f 5690 5689 5874 5875
f 5687 5872 5874 5689
f 5693 5692 5877 5878
f 5690 5875 5877 5692
f 5693 5878 5880 5695
f 5696 5695 5882 5698
f 5698 5882 5883 5884
f 5695 5880 5883 5882
f 5702 5701 5886 5887
f 5698 5884 5886 5701
f 5702 5887 5889 5704
f 5705 5704 5891 5707
f 5707 5891 5892 5893
f 5704 5889 5892 5891
f 5707 5893 5895 5709
f 5710 5709 5897 5712
f 5712 5897 5898 5899
f 5709 5895 5898 5897
f 5711 5713 5900 5896
f 5712 5899 5901 5714
f 5713 5715 5902 5900
f 5718 5717 5903 5904
f 5714 5901 5903 5717
f 5718 5904 5905 5719
f 5715 5720 5906 5902
f 5719 5905 5907 5721
f 5720 5722 5908 5906
f 5721 5907 5909 5723
f 5722 5724 5910 5908
f 5724 5723 5911 5912
f 5912 5911 5913 5914
f 5723 5909 5913 5911
f 5724 5912 5914 5910
f 5728 5918 5919 5729
f 5729 5919 5920 5730
f 5730 5920 5921 5731
f 5731 5921 5923 5733
f 5733 5923 5925 5734
f 5734 5925 5926 5737
f 5737 5926 5928 5739
f 5739 5928 5929 5740
f 5740 5929 5931 5742
f 5742 5931 5932 5743
f 5932 5934 5935 5936
f 5743 5932 5936 5745
f 5745 5936 5935 5746
f 5935 5938 5939 5940
f 5746 5935 5940 5748
f 5748 5940 5939 5749
f 5939 5942 5943 5944
f 5749 5939 5944 5751
f 5751 5944 5943 5752
f 5752 5943 5946 5754
f 5754 5946 5947 5755
f 5755 5947 5949 5756
f 5756 5949 5950 5759
f 5759 5950 5952 5760
f 5760 5952 5953 5763
f 5763 5953 5955 5764
f 5955 5956 5957 5958
f 5764 5955 5958 5767
f 5767 5958 5957 5768
f 5957 5960 5961 5962
f 5768 5957 5962 5770
f 5770 5962 5961 5771
f 5961 5964 5965 5966
f 5771 5961 5966 5773
f 5773 5966 5965 5774
f 5965 5968 5969 5970
f 5774 5965 5970 5775
f 5775 5970 5969 5778
f 5969 5972 5973 5974
f 5778 5969 5974 5779
f 5779 5974 5973 5782
f 5973 5976 5977 5978
f 5782 5973 5978 5783
f 5783 5978 5977 5786
f 5977 5980 5981 5982
f 5786 5977 5982 5787
f 5787 5982 5981 5790
f 5981 5984 5985 5986
f 5790 5981 5986 5791
f 5791 5986 5985 5794
f 5984 5988 5989 5985
f 5794 5985 5989 5798
f 5989 5991 5992 5993
f 5798 5989 5993 5799
f 5799 5993 5992 5801
f 5991 5995 5996 5992
f 5801 5992 5996 5805
f 5996 5998 5999 6000
f 5805 5996 6000 5806
f 5806 6000 5999 5808
f 5998 6002 6003 5999
f 5808 5999 6003 5810
f 6002 6005 6006 6003
f 5810 6003 6006 5814
f 6005 6008 6009 6006
f 5818 5816 6009 6008
f 5814 6006 6009 5816
f 5818 6008 6011 5819
f 6013 6014 6015 6011
f 5825 5822 6015 6014
f 5819 6011 6015 5822
f 5825 6014 6017 5826
f 6019 6020 6021 6017
f 5831 5829 6021 6020
f 5826 6017 6021 5829
f 5835 5832 6023 6024
f 5831 6020 6023 5832
f 5835 6024 6026 5836
f 6028 6029 6030 6026
f 5840 5839 6030 6029
f 5836 6026 6030 5839
f 5843 5842 6032 6033
f 5840 6029 6032 5842
f 5846 5845 6035 6036
f 5843 6033 6035 5845
f 5849 5848 6038 6039
f 5846 6036 6038 5848
f 5851 5854 6041 6042
f 5849 6039 6041 5854
f 5852 5851 6044 5856
f 5856 6044 6045 6046
f 5851 6042 6045 6044
f 5857 5856 6048 5859
f 5859 6048 6049 6050
f 5856 6046 6049 6048
f 5860 5859 6052 5862
f 5862 6052 6053 6054
f 5859 6050 6053 6052
f 5863 5862 6056 5865
f 5865 6056 6057 6058
f 5862 6054 6057 6056
f 5866 5865 6060 5868
f 5868 6060 6061 6062
f 5865 6058 6061 6060
f 5869 5868 6064 5871
f 5871 6064 6065 6066
f 5868 6062 6065 6064
f 5872 5871 6068 5874
f 5874 6068 6069 6070
f 5871 6066 6069 6068
f 5875 5874 6072 5877
f 5877 6072 6073 6074
f 5874 6070 6073 6072
f 5878 5877 6076 5880
f 5880 6076 6077 6078
f 5877 6074 6077 6076
f 5884 5883 6080 6081
f 5880 6078 6080 5883
f 5884 6081 6083 5886
f 5887 5886 6085 5889
f 5889 6085 6086 6087
f 5886 6083 6086 6085
f 5893 5892 6089 6090
f 5889 6087 6089 5892
f 5893 6090 6092 5895
f 5899 5898 6094 6095
f 5895 6092 6094 5898
f 5896 5900 6096 6093
f 5899 6095 6097 5901
f 5900 5902 6098 6096
f 5904 5903 6099 6100
f 5901 6097 6099 5903
f 5904 6100 6101 5905
f 5902 5906 6102 6098
f 5905 6101 6103 5907
f 5906 5908 6104 6102
f 5907 6103 6105 5909
f 5908 5910 6106 6104
f 5914 5913 6107 6108
f 5909 6105 6107 5913
f 5910 5914 6108 6106
f 5918 6112 6113 5919
f 6113 6114 6115 6116
f 5919 6113 6116 5920
f 5920 6116 6115 5921
f 5921 6115 6118 5923
f 5923 6118 6120 5925
f 5925 6120 6121 5926
f 6121 6123 6124 6125
f 5926 6121 6125 5928
f 5928 6125 6124 5929
f 6124 6127 6128 6129
f 5929 6124 6129 5931
f 5931 6129 6128 5932
f 5932 6128 6131 5934
f 5934 6131 6133 5935
f 5935 6133 6134 5938
f 5938 6134 6136 5939
f 5939 6136 6137 5942
f 5942 6137 6139 5943
f 6139 6140 6141 6142
f 5943 6139 6142 5946
f 5946 6142 6141 5947
f 6141 6144 6145 6146
f 5947 6141 6146 5949
f 5949 6146 6145 5950
f 6145 6148 6149 6150
f 5950 6145 6150 5952
f 5952 6150 6149 5953
f 6149 6152 6153 6154
f 5953 6149 6154 5955
f 5955 6154 6153 5956
f 6153 6156 6157 6158
f 5956 6153 6158 5957
f 5957 6158 6157 5960
f 6157 6160 6161 6162
f 5960 6157 6162 5961
f 5961 6162 6161 5964
f 6161 6164 6165 6166
f 5964 6161 6166 5965
f 5965 6166 6165 5968
f 6165 6168 6169 6170
f 5968 6165 6170 5969
f 5969 6170 6169 5972
f 6169 6172 6173 6174
f 5972 6169 6174 5973
f 5973 6174 6173 5976
f 6173 6176 6177 6178
f 5976 6173 6178 5977
f 5977 6178 6177 5980
f 6177 6180 6181 6182
f 5980 6177 6182 5981
f 5981 6182 6181 5984
f 6180 6184 6185 6181
f 5984 6181 6185 5988
f 6185 6187 6188 6189
f 5988 6185 6189 5989
f 5989 6189 6188 5991
f 6187 6191 6192 6188
f 5991 6188 6192 5995
f 6192 6194 6195 6196
f 5995 6192 6196 5996
f 5996 6196 6195 5998
f 6194 6198 6199 6195
f 5998 6195 6199 6002
f 6198 6201 6202 6199
f 6002 6199 6202 6005
f 6201 6204 6205 6202
f 6005 6202 6205 6008
f 6204 6207 6208 6205
f 6013 6011 6208 6207
f 6008 6205 6208 6011
f 6013 6207 6210 6014
f 6212 6213 6214 6210
f 6019 6017 6214 6213
f 6014 6210 6214 6017
f 6019 6213 6216 6020
f 6024 6023 6218 6219
f 6020 6216 6218 6023
f 6028 6026 6221 6222
f 6024 6219 6221 6026
f 6028 6222 6224 6029
f 6033 6032 6226 6227
f 6029 6224 6226 6032
f 6036 6035 6229 6230
f 6033 6227 6229 6035
f 6039 6038 6232 6233
f 6036 6230 6232 6038
f 6042 6041 6235 6236
f 6039 6233 6235 6041
f 6046 6045 6238 6239
f 6042 6236 6238 6045
f 6050 6049 6241 6242
f 6046 6239 6241 6049
f 6054 6053 6244 6245
f 6050 6242 6244 6053
f 6058 6057 6247 6248
f 6054 6245 6247 6057
f 6062 6061 6250 6251
f 6058 6248 6250 6061
f 6066 6065 6253 6254
f 6062 6251 6253 6065
f 6070 6069 6256 6257
f 6066 6254 6256 6069
f 6074 6073 6259 6260
f 6070 6257 6259 6073
f 6078 6077 6262 6263
f 6074 6260 6262 6077
f 6078 6263 6265 6080
f 6081 6080 6267 6083
f 6083 6267 6268 6269
f 6080 6265 6268 6267
f 6087 6086 6271 6272
f 6083 6269 6271 6086
f 6087 6272 6274 6089
f 6090 6089 6276 6092
f 6092 6276 6277 6278
f 6089 6274 6277 6276
f 6092 6278 6280 6094
f 6095 6094 6282 6097
f 6097 6282 6283 6284
f 6094 6280 6283 6282
f 6096 6098 6285 6281
f 6097 6284 6286 6099
f 6098 6102 6287 6285
f 6100 6099 6288 6101
f 6101 6288 6289 6290
f 6099 6286 6289 6288
f 6101 6290 6291 6103
f 6102 6104 6292 6287
f 6103 6291 6293 6105
f 6104 6106 6294 6292
f 6108 6107 6295 6296
f 6105 6293 6295 6107
f 6106 6108 6296 6294
f 6110 6298 6300 6112
f 6112 6300 6301 6113
f 6113 6301 6302 6114
f 6114 6302 6304 6115
f 6115 6304 6305 6118
f 6305 6307 6308 6309
f 6118 6305 6309 6120
f 6120 6309 6308 6121
f 6121 6308 6311 6123
f 6123 6311 6313 6124
f 6124 6313 6314 6127
f 6127 6314 6316 6128
f 6128 6316 6317 6131
f 6131 6317 6319 6133
f 6133 6319 6320 6134
f 6320 6322 6323 6324
f 6134 6320 6324 6136
f 6136 6324 6323 6137
f 6323 6326 6327 6328
f 6137 6323 6328 6139
f 6139 6328 6327 6140
f 6327 6330 6331 6332
f 6140 6327 6332 6141
f 6141 6332 6331 6144
f 6331 6334 6335 6336
f 6144 6331 6336 6145
f 6145 6336 6335 6148
f 6335 6338 6339 6340
f 6148 6335 6340 6149
f 6149 6340 6339 6152
f 6339 6342 6343 6344
f 6152 6339 6344 6153
f 6153 6344 6343 6156
f 6343 6346 6347 6348
f 6156 6343 6348 6157
f 6157 6348 6347 6160
f 6347 6350 6351 6352
f 6160 6347 6352 6161
f 6161 6352 6351 6164
f 6351 6354 6355 6356
f 6164 6351 6356 6165
f 6165 6356 6355 6168
f 6355 6358 6359 6360
f 6168 6355 6360 6169
f 6169 6360 6359 6172
f 6359 6362 6363 6364
f 6172 6359 6364 6173
f 6173 6364 6363 6176
f 6363 6366 6367 6368
f 6176 6363 6368 6177
f 6177 6368 6367 6180
f 6366 6370 6371 6367
f 6180 6367 6371 6184
f 6371 6373 6374 6375
f 6184 6371 6375 6185
f 6185 6375 6374 6187
f 6187 6374 6377 6191
f 6377 6379 6380 6381
f 6191 6377 6381 6192
f 6192 6381 6380 6194
f 6379 6383 6384 6380
f 6194 6380 6384 6198
f 6383 6386 6387 6384
f 6198 6384 6387 6201
f 6386 6389 6390 6387
f 6201 6387 6390 6204
f 6389 6392 6393 6390
f 6204 6390 6393 6207
f 6392 6395 6396 6393
f 6212 6210 6396 6395
f 6207 6393 6396 6210
f 6212 6395 6398 6213
f 6213 6398 6400 6216
f 6402 6403 6404 6400
f 6219 6218 6404 6403
f 6216 6400 6404 6218
f 6222 6221 6406 6407
f 6219 6403 6406 6221
f 6222 6407 6409 6224
f 6227 6226 6411 6412
f 6224 6409 6411 6226
f 6230 6229 6414 6415
f 6227 6412 6414 6229
f 6233 6232 6417 6418
f 6230 6415 6417 6232
f 6236 6235 6420 6421
f 6233 6418 6420 6235
f 6239 6238 6423 6424
f 6236 6421 6423 6238
f 6242 6241 6426 6427
f 6239 6424 6426 6241
f 6245 6244 6429 6430
f 6242 6427 6429 6244
f 6248 6247 6432 6433
f 6245 6430 6432 6247
f 6251 6250 6435 6436
f 6248 6433 6435 6250
f 6254 6253 6438 6439
f 6251 6436 6438 6253
f 6254 6439 6441 6256
f 6257 6256 6443 6259
f 6259 6443 6444 6445
f 6256 6441 6444 6443
f 6260 6259 6447 6262
f 6262 6447 6448 6449
f 6259 6445 6448 6447
f 6263 6262 6451 6265
f 6265 6451 6452 6453
f 6262 6449 6452 6451
f 6269 6268 6455 6456
f 6265 6453 6455 6268
f 6269 6456 6458 6271
f 6272 6271 6460 6274
f 6274 6460 6461 6462
f 6271 6458 6461 6460
f 6278 6277 6464 6465
f 6274 6462 6464 6277
f 6278 6465 6467 6280
f 6284 6283 6469 6470
f 6280 6467 6469 6283
f 6281 6285 6471 6468
f 6284 6470 6472 6286
f 6285 6287 6473 6471
f 6290 6289 6474 6475
f 6286 6472 6474 6289
f 6290 6475 6476 6291
f 6287 6292 6477 6473
f 6291 6476 6478 6293
f 6292 6294 6479 6477
f 6293 6478 6480 6295
f 6294 6296 6481 6479
f 6296 6295 6482 6483
f 6483 6482 6484 6485
f 6295 6480 6484 6482
f 6296 6483 6485 6481
f 6298 6487 6489 6300
f 6300 6489 6490 6301
f 6301 6490 6491 6302
f 6491 6493 6494 6495
f 6302 6491 6495 6304
f 6304 6495 6494 6305
f 6305 6494 6497 6307
f 6307 6497 6499 6308
f 6308 6499 6500 6311
f 6500 6502 6503 6504
f 6311 6500 6504 6313
f 6313 6504 6503 6314
f 6503 6506 6507 6508
f 6314 6503 6508 6316
f 6316 6508 6507 6317
f 6507 6510 6511 6512
f 6317 6507 6512 6319
f 6319 6512 6511 6320
f 6320 6511 6514 6322
f 6322 6514 6516 6323
f 6323 6516 6517 6326
f 6326 6517 6519 6327
f 6327 6519 6520 6330
f 6330 6520 6522 6331
f 6331 6522 6523 6334
f 6334 6523 6525 6335
f 6335 6525 6526 6338
f 6338 6526 6528 6339
f 6339 6528 6529 6342
f 6342 6529 6531 6343
f 6343 6531 6532 6346
f 6346 6532 6534 6347
f 6347 6534 6535 6350
f 6535 6537 6538 6539
f 6350 6535 6539 6351
f 6351 6539 6538 6354
f 6538 6541 6542 6543
f 6354 6538 6543 6355
f 6355 6543 6542 6358
f 6542 6545 6546 6547
f 6358 6542 6547 6359
f 6359 6547 6546 6362
f 6546 6549 6550 6551
f 6362 6546 6551 6363
f 6363 6551 6550 6366
f 6549 6553 6554 6550
f 6366 6550 6554 6370
f 6554 6556 6557 6558
f 6370 6554 6558 6371
f 6371 6558 6557 6373
f 6557 6560 6561 6562
f 6373 6557 6562 6374
f 6374 6562 6561 6377
f 6560 6564 6565 6561
f 6377 6561 6565 6379
f 6564 6567 6568 6565
f 6379 6565 6568 6383
f 6567 6570 6571 6568
f 6383 6568 6571 6386
f 6386 6571 6573 6389
f 6389 6573 6575 6392
f 6392 6575 6577 6395
f 6579 6580 6581 6577
f 6395 6577 6581 6398
f 6580 6583 6584 6581
f 6402 6400 6584 6583
f 6398 6581 6584 6400
f 6402 6583 6586 6403
f 6407 6406 6588 6589
f 6403 6586 6588 6406
f 6407 6589 6591 6409
f 6412 6411 6593 6594
f 6409 6591 6593 6411
f 6415 6414 6596 6597
f 6412 6594 6596 6414
f 6418 6417 6599 6600
f 6415 6597 6599 6417
f 6421 6420 6602 6603
f 6418 6600 6602 6420
f 6421 6603 6605 6423
f 6424 6423 6607 6426
f 6426 6607 6608 6609
f 6423 6605 6608 6607
f 6427 6426 6611 6429
f 6429 6611 6612 6613
f 6426 6609 6612 6611
f 6430 6429 6615 6432
f 6432 6615 6616 6617
f 6429 6613 6616 6615
f 6433 6432 6619 6435
f 6435 6619 6620 6621
f 6432 6617 6620 6619
f 6436 6435 6623 6438
f 6438 6623 6624 6625
f 6435 6621 6624 6623
f 6439 6438 6627 6441
f 6441 6627 6628 6629
f 6438 6625 6628 6627
f 6445 6444 6631 6632
f 6441 6629 6631 6444
f 6449 6448 6634 6635
f 6445 6632 6634 6448
f 6453 6452 6637 6638
f 6449 6635 6637 6452
f 6453 6638 6640 6455
f 6456 6455 6642 6458
f 6458 6642 6643 6644
f 6455 6640 6643 6642
f 6462 6461 6646 6647
f 6458 6644 6646 6461
f 6462 6647 6649 6464
f 6465 6464 6651 6467
f 6467 6651 6652 6653
f 6464 6649 6652 6651
f 6467 6653 6655 6469
f 6470 6469 6657 6472
f 6472 6657 6658 6659
f 6469 6655 6658 6657
f 6471 6473 6660 6656
f 6472 6659 6661 6474
f 6473 6477 6662 6660
f 6475 6474 6663 6476
f 6476 6663 6664 6665
f 6474 6661 6664 6663
f 6476 6665 6666 6478
f 6477 6479 6667 6662
f 6478 6666 6668 6480
f 6479 6481 6669 6667
f 6485 6484 6670 6671
f 6480 6668 6670 6484
f 6481 6485 6671 6669
f 6487 6673 6675 6489
f 6489 6675 6676 6490
f 6490 6676 6677 6491
f 6491 6677 6679 6493
f 6493 6679 6681 6494
f 6494 6681 6682 6497
f 6682 6684 6685 6686
f 6497 6682 6686 6499
f 6499 6686 6685 6500
f 6500 6685 6688 6502
f 6502 6688 6690 6503
f 6503 6690 6691 6506
f 6506 6691 6693 6507
f 6507 6693 6694 6510
f 6694 6696 6697 6698
f 6510 6694 6698 6511
f 6511 6698 6697 6514
f 6697 6700 6701 6702
f 6514 6697 6702 6516
f 6516 6702 6701 6517
f 6701 6704 6705 6706
f 6517 6701 6706 6519
f 6519 6706 6705 6520
f 6705 6708 6709 6710
f 6520 6705 6710 6522
f 6522 6710 6709 6523
f 6709 6712 6713 6714
f 6523 6709 6714 6525
f 6525 6714 6713 6526
f 6713 6716 6717 6718
f 6526 6713 6718 6528
f 6528 6718 6717 6529
f 6717 6720 6721 6722
f 6529 6717 6722 6531
f 6531 6722 6721 6532
f 6721 6724 6725 6726
f 6532 6721 6726 6534
f 6534 6726 6725 6535
f 6724 6728 6729 6725
f 6535 6725 6729 6537
f 6729 6731 6732 6733
f 6537 6729 6733 6538
f 6538 6733 6732 6541
f 6732 6735 6736 6737
f 6541 6732 6737 6542
f 6542 6737 6736 6545
f 6736 6739 6740 6741
f 6545 6736 6741 6546
f 6546 6741 6740 6549
f 6739 6743 6744 6740
f 6549 6740 6744 6553
f 6744 6746 6747 6748
f 6553 6744 6748 6554
f 6554 6748 6747 6556
f 6747 6750 6751 6752
f 6556 6747 6752 6557
f 6557 6752 6751 6560
f 6750 6754 6755 6751
f 6560 6751 6755 6564
f 6754 6757 6758 6755
f 6564 6755 6758 6567
f 6567 6758 6760 6570
f 6760 6762 6763 6764
f 6570 6760 6764 6571
f 6571 6764 6763 6573
f 6762 6766 6767 6763
f 6573 6763 6767 6575
f 6766 6769 6770 6767
f 6579 6577 6770 6769
f 6575 6767 6770 6577
f 6579 6769 6772 6580
f 6580 6772 6774 6583
f 6583 6774 6776 6586
f 6778 6779 6780 6776
f 6589 6588 6780 6779
f 6586 6776 6780 6588
f 6589 6779 6782 6591
f 6594 6593 6784 6785
f 6591 6782 6784 6593
f 6597 6596 6787 6788
f 6594 6785 6787 6596
f 6597 6788 6790 6599
f 6600 6599 6792 6602
f 6602 6792 6793 6794
f 6599 6790 6793 6792
f 6603 6602 6796 6605
f 6605 6796 6797 6798
f 6602 6794 6797 6796
f 6609 6608 6800 6801
f 6605 6798 6800 6608
f 6613 6612 6803 6804
f 6609 6801 6803 6612
f 6617 6616 6806 6807
f 6613 6804 6806 6616
f 6621 6620 6809 6810
f 6617 6807 6809 6620
f 6621 6810 6812 6624
f 6625 6624 6814 6628
f 6628 6814 6815 6816
f 6624 6812 6815 6814
f 6629 6628 6818 6631
f 6631 6818 6819 6820
f 6628 6816 6819 6818
f 6632 6631 6822 6634
f 6634 6822 6823 6824
f 6631 6820 6823 6822
f 6635 6634 6826 6637
f 6637 6826 6827 6828
f 6634 6824 6827 6826
f 6638 6637 6830 6640
f 6640 6830 6831 6832
f 6637 6828 6831 6830
f 6644 6643 6834 6835
f 6640 6832 6834 6643
f 6644 6835 6837 6646
f 6647 6646 6839 6649
f 6649 6839 6840 6841
f 6646 6837 6840 6839
f 6653 6652 6843 6844
f 6649 6841 6843 6652
f 6653 6844 6846 6655
f 6659 6658 6848 6849
f 6655 6846 6848 6658
f 6656 6660 6850 6847
f 6659 6849 6851 6661
f 6660 6662 6852 6850
f 6665 6664 6853 6854
f 6661 6851 6853 6664
f 6665 6854 6855 6666
f 6662 6667 6856 6852
f 6666 6855 6857 6668
f 6667 6669 6858 6856
f 6668 6857 6859 6670
f 6669 6671 6860 6858
f 6671 6670 6861 6862
f 6862 6861 6863 6864
f 6670 6859 6863 6861
f 6671 6862 6864 6860
f 6673 6866 6868 6675
f 6868 6869 6870 6871
f 6675 6868 6871 6676
f 6676 6871 6870 6677
f 6677 6870 6873 6679
f 6873 6875 6876 6877
f 6679 6873 6877 6681
f 6681 6877 6876 6682
f 6682 6876 6879 6684
f 6684 6879 6881 6685
f 6685 6881 6882 6688
f 6882 6884 6885 6886
f 6688 6882 6886 6690
f 6690 6886 6885 6691
f 6885 6888 6889 6890
f 6691 6885 6890 6693
f 6693 6890 6889 6694
f 6694 6889 6892 6696
f 6696 6892 6894 6697
f 6697 6894 6895 6700
f 6895 6897 6898 6899
f 6700 6895 6899 6701
f 6701 6899 6898 6704
f 6898 6901 6902 6903
f 6704 6898 6903 6705
f 6705 6903 6902 6708
f 6902 6905 6906 6907
f 6708 6902 6907 6709
f 6709 6907 6906 6712
f 6906 6909 6910 6911
f 6712 6906 6911 6713
f 6713 6911 6910 6716
f 6910 6913 6914 6915
f 6716 6910 6915 6717
f 6717 6915 6914 6720
f 6914 6917 6918 6919
f 6720 6914 6919 6721
f 6721 6919 6918 6724
f 6724 6918 6921 6728
f 6921 6923 6924 6925
f 6728 6921 6925 6729
f 6729 6925 6924 6731
f 6924 6927 6928 6929
f 6731 6924 6929 6732
f 6732 6929 6928 6735
f 6928 6931 6932 6933
f 6735 6928 6933 6736
f 6736 6933 6932 6739
f 6931 6935 6936 6932
f 6739 6932 6936 6743
f 6936 6938 6939 6940
f 6743 6936 6940 6744
f 6744 6940 6939 6746
f 6939 6942 6943 6944
f 6746 6939 6944 6747
f 6747 6944 6943 6750
f 6942 6946 6947 6943
f 6750 6943 6947 6754
f 6946 6949 6950 6947
f 6754 6947 6950 6757
f 6950 6952 6953 6954
f 6757 6950 6954 6758
f 6758 6954 6953 6760
f 6952 6956 6957 6953
f 6760 6953 6957 6762
f 6956 6959 6960 6957
f 6762 6957 6960 6766
f 6959 6962 6963 6960
f 6766 6960 6963 6769
f 6769 6963 6965 6772
f 6772 6965 6967 6774
f 6969 6970 6971 6967
f 6778 6776 6971 6970
f 6774 6967 6971 6776
f 6778 6970 6973 6779
f 6779 6973 6975 6782
f 6785 6784 6977 6978
f 6782 6975 6977 6784
f 6785 6978 6980 6787
f 6788 6787 6982 6790
f 6790 6982 6983 6984
f 6787 6980 6983 6982
f 6794 6793 6986 6987
f 6790 6984 6986 6793
f 6794 6987 6989 6797
f 6798 6797 6991 6800
f 6800 6991 6992 6993
f 6797 6989 6992 6991
f 6801 6800 6995 6803
f 6803 6995 6996 6997
f 6800 6993 6996 6995
f 6804 6803 6999 6806
f 6806 6999 7000 7001
f 6803 6997 7000 6999
f 6807 6806 7003 6809
f 6809 7003 7004 7005
f 6806 7001 7004 7003
f 6810 6809 7007 6812
f 6812 7007 7008 7009
f 6809 7005 7008 7007
f 6816 6815 7011 7012
f 6812 7009 7011 6815
f 6820 6819 7014 7015
f 6816 7012 7014 6819
f 6824 6823 7017 7018
f 6820 7015 7017 6823
f 6828 6827 7020 7021
f 6824 7018 7020 6827
f 6828 7021 7023 6831
f 6832 6831 7025 6834
f 6834 7025 7026 7027
f 6831 7023 7026 7025
f 6835 6834 7029 6837
f 6837 7029 7030 7031
f 6834 7027 7030 7029
f 6841 6840 7033 7034
f 6837 7031 7033 6840
f 6841 7034 7036 6843
f 6844 6843 7038 6846
f 6846 7038 7039 7040
f 6843 7036 7039 7038
f 6849 6848 7042 7043
f 6846 7040 7042 6848
f 6847 6850 7044 7041
f 6849 7043 7045 6851
f 6850 6852 7046 7044
f 6851 7045 7047 6853
f 6852 6856 7048 7046
f 6854 6853 7049 6855
f 6855 7049 7050 7051
f 6853 7047 7050 7049
f 6855 7051 7052 6857
f 6856 6858 7053 7048
f 6857 7052 7054 6859
f 6858 6860 7055 7053
f 6864 6863 7056 7057
f 6859 7054 7056 6863
f 6860 6864 7057 7055
f 6865 7058 7059 6866
f 6865 6867 7060 7058
f 6866 7059 7061 6868
f 6868 7061 7062 6869
f 6869 7062 7064 6870
f 6870 7064 7065 6873
f 6873 7065 7067 6875
f 6875 7067 7069 6876
f 6876 7069 7070 6879
f 7070 7072 7073 7074
f 6879 7070 7074 6881
f 6881 7074 7073 6882
f 6882 7073 7076 6884
f 6884 7076 7078 6885
f 6885 7078 7079 6888
f 7079 7081 7082 7083
f 6888 7079 7083 6889
f 6889 7083 7082 6892
f 7082 7085 7086 7087
f 6892 7082 7087 6894
f 6894 7087 7086 6895
f 6895 7086 7089 6897
f 6897 7089 7091 6898
f 6898 7091 7092 6901
f 7092 7094 7095 7096
f 6901 7092 7096 6902
f 6902 7096 7095 6905
f 7095 7098 7099 7100
f 6905 7095 7100 6906
f 6906 7100 7099 6909
f 7099 7102 7103 7104
f 6909 7099 7104 6910
f 6910 7104 7103 6913
f 7103 7106 7107 7108
f 6913 7103 7108 6914
f 6914 7108 7107 6917
f 7107 7110 7111 7112
f 6917 7107 7112 6918
f 6918 7112 7111 6921
f 7110 7114 7115 7111
f 6921 7111 7115 6923
f 7115 7117 7118 7119
f 6923 7115 7119 6924
f 6924 7119 7118 6927
f 7118 7121 7122 7123
f 6927 7118 7123 6928
f 6928 7123 7122 6931
f 7121 7125 7126 7122
f 6931 7122 7126 6935
f 7126 7128 7129 7130
f 6935 7126 7130 6936
f 6936 7130 7129 6938
f 7129 7132 7133 7134
f 6938 7129 7134 6939
f 6939 7134 7133 6942
f 7132 7136 7137 7133
f 6942 7133 7137 6946
f 6946 7137 7139 6949
f 7139 7141 7142 7143
f 6949 7139 7143 6950
f 6950 7143 7142 6952
f 7141 7145 7146 7142
f 6952 7142 7146 6956
f 6956 7146 7148 6959
f 6959 7148 7150 6962
f 7150 7152 7153 7154
f 6962 7150 7154 6963
f 6963 7154 7153 6965
f 7152 7156 7157 7153
f 6969 6967 7157 7156
f 6965 7153 7157 6967
f 6969 7156 7159 6970
f 6970 7159 7161 6973
f 6973 7161 7163 6975
f 6978 6977 7165 7166
f 6975 7163 7165 6977
f 6978 7166 7168 6980
f 6984 6983 7170 7171
f 6980 7168 7170 6983
f 6984 7171 7173 6986
f 6987 6986 7175 6989
f 6989 7175 7176 7177
f 6986 7173 7176 7175
f 6993 6992 7179 7180
f 6989 7177 7179 6992
f 6997 6996 7182 7183
f 6993 7180 7182 6996
f 6997 7183 7185 7000
f 7001 7000 7187 7004
f 7004 7187 7188 7189
f 7000 7185 7188 7187
f 7005 7004 7191 7008
f 7008 7191 7192 7193
f 7004 7189 7192 7191
f 7009 7008 7195 7011
f 7011 7195 7196 7197
f 7008 7193 7196 7195
f 7012 7011 7199 7014
f 7014 7199 7200 7201
f 7011 7197 7200 7199
f 7015 7014 7203 7017
f 7017 7203 7204 7205
f 7014 7201 7204 7203
f 7018 7017 7207 7020
f 7020 7207 7208 7209
f 7017 7205 7208 7207
f 7021 7020 7211 7023
f 7023 7211 7212 7213
f 7020 7209 7212 7211
f 7027 7026 7215 7216
f 7023 7213 7215 7026
f 7031 7030 7218 7219
f 7027 7216 7218 7030
f 7031 7219 7221 7033
f 7034 7033 7223 7036
f 7036 7223 7224 7225
f 7033 7221 7224 7223
f 7040 7039 7227 7228
f 7036 7225 7227 7039
f 7040 7228 7230 7042
f 7043 7042 7232 7045
f 7045 7232 7233 7234
f 7042 7230 7233 7232
f 7044 7046 7235 7231
f 7045 7234 7236 7047
f 7046 7048 7237 7235
f 7051 7050 7238 7239
f 7047 7236 7238 7050
f 7051 7239 7240 7052
f 7048 7053 7241 7237
f 7052 7240 7242 7054
f 7053 7055 7243 7241
f 7054 7242 7244 7056
f 7055 7057 7245 7243
f 7057 7056 7246 7247
f 7247 7246 7248 7249
f 7056 7244 7248 7246
f 7057 7247 7249 7245
f 7058 7250 7251 7059
f 7058 7060 7252 7250
f 7059 7251 7253 7061
f 7061 7253 7254 7062
f 7254 7256 7257 7258
f 7062 7254 7258 7064
f 7064 7258 7257 7065
f 7065 7257 7260 7067
f 7260 7262 7263 7264
f 7067 7260 7264 7069
f 7069 7264 7263 7070
f 7070 7263 7266 7072
f 7266 7268 7269 7270
f 7072 7266 7270 7073
f 7073 7270 7269 7076
f 7269 7272 7273 7274
f 7076 7269 7274 7078
f 7078 7274 7273 7079
f 7079 7273 7276 7081
f 7276 7278 7279 7280
f 7081 7276 7280 7082
f 7082 7280 7279 7085
f 7279 7282 7283 7284
f 7085 7279 7284 7086
f 7086 7284 7283 7089
f 7283 7286 7287 7288
f 7089 7283 7288 7091
f 7091 7288 7287 7092
f 7092 7287 7290 7094
f 7290 7292 7293 7294
f 7094 7290 7294 7095
f 7095 7294 7293 7098
f 7293 7296 7297 7298
f 7098 7293 7298 7099
f 7099 7298 7297 7102
f 7297 7300 7301 7302
f 7102 7297 7302 7103
f 7103 7302 7301 7106
f 7301 7304 7305 7306
f 7106 7301 7306 7107
f 7107 7306 7305 7110
f 7304 7308 7309 7305
f 7110 7305 7309 7114
f 7309 7311 7312 7313
f 7114 7309 7313 7115
f 7115 7313 7312 7117
f 7312 7315 7316 7317
f 7117 7312 7317 7118
f 7118 7317 7316 7121
f 7315 7319 7320 7316
f 7121 7316 7320 7125
f 7320 7322 7323 7324
f 7125 7320 7324 7126
f 7126 7324 7323 7128
f 7323 7326 7327 7328
f 7128 7323 7328 7129
f 7129 7328 7327 7132
f 7326 7330 7331 7327
f 7132 7327 7331 7136
f 7331 7333 7334 7335
f 7136 7331 7335 7137
f 7137 7335 7334 7139
f 7333 7337 7338 7334
f 7139 7334 7338 7141
f 7141 7338 7340 7145
f 7340 7342 7343 7344
f 7145 7340 7344 7146
f 7146 7344 7343 7148
f 7342 7346 7347 7343
f 7148 7343 7347 7150
f 7150 7347 7349 7152
f 7152 7349 7351 7156
f 7156 7351 7353 7159
f 7159 7353 7355 7161
f 7161 7355 7357 7163
f 7163 7357 7359 7165
f 7166 7165 7361 7168
f 7168 7361 7362 7363
f 7165 7359 7362 7361
f 7168 7363 7365 7170
f 7171 7170 7367 7173
f 7173 7367 7368 7369
f 7170 7365 7368 7367
f 7173 7369 7371 7176
f 7177 7176 7373 7179
f 7179 7373 7374 7375
f 7176 7371 7374 7373
f 7180 7179 7377 7182
f 7182 7377 7378 7379
f 7179 7375 7378 7377
f 7183 7182 7381 7185
f 7185 7381 7382 7383
f 7182 7379 7382 7381
f 7189 7188 7385 7386
f 7185 7383 7385 7188
f 7193 7192 7388 7389
f 7189 7386 7388 7192
f 7193 7389 7391 7196
f 7197 7196 7393 7200
f 7200 7393 7394 7395
f 7196 7391 7394 7393
f 7201 7200 7397 7204
f 7204 7397 7398 7399
f 7200 7395 7398 7397
f 7205 7204 7401 7208
f 7208 7401 7402 7403
f 7204 7399 7402 7401
f 7209 7208 7405 7212
f 7212 7405 7406 7407
f 7208 7403 7406 7405
f 7213 7212 7409 7215
f 7215 7409 7410 7411
f 7212 7407 7410 7409
f 7216 7215 7413 7218
f 7218 7413 7414 7415
f 7215 7411 7414 7413
f 7219 7218 7417 7221
f 7221 7417 7418 7419
f 7218 7415 7418 7417
f 7225 7224 7421 7422
f 7221 7419 7421 7224
f 7225 7422 7424 7227
f 7228 7227 7426 7230
f 7230 7426 7427 7428
f 7227 7424 7427 7426
f 7234 7233 7430 7431
f 7230 7428 7430 7233
f 7231 7235 7432 7429
f 7234 7431 7433 7236
f 7235 7237 7434 7432
f 7236 7433 7435 7238
f 7237 7241 7436 7434
f 7239 7238 7437 7240
f 7240 7437 7438 7439
f 7238 7435 7438 7437
f 7240 7439 7440 7242
f 7241 7243 7441 7436
f 7242 7440 7442 7244
f 7243 7245 7443 7441
f 7249 7248 7444 7445
f 7244 7442 7444 7248
f 7245 7249 7445 7443
f 7250 7446 7447 7251
f 7250 7252 7448 7446
f 7251 7447 7449 7253
f 7253 7449 7450 7254
f 7252 7255 7451 7448
f 7254 7450 7452 7256
f 7256 7452 7454 7257
f 7257 7454 7455 7260
f 7260 7455 7457 7262
f 7262 7457 7459 7263
f 7263 7459 7460 7266
f 7266 7460 7462 7268
f 7268 7462 7464 7269
f 7269 7464 7465 7272
f 7465 7467 7468 7469
f 7272 7465 7469 7273
f 7273 7469 7468 7276
f 7276 7468 7471 7278
f 7278 7471 7473 7279
f 7279 7473 7474 7282
f 7474 7476 7477 7478
f 7282 7474 7478 7283
f 7283 7478 7477 7286
f 7477 7480 7481 7482
f 7286 7477 7482 7287
f 7287 7482 7481 7290
f 7290 7481 7484 7292
f 7484 7486 7487 7488
f 7292 7484 7488 7293
f 7293 7488 7487 7296
f 7487 7490 7491 7492
f 7296 7487 7492 7297
f 7297 7492 7491 7300
f 7491 7494 7495 7496
f 7300 7491 7496 7301
f 7301 7496 7495 7304
f 7494 7498 7499 7495
f 7304 7495 7499 7308
f 7499 7501 7502 7503
f 7308 7499 7503 7309
f 7309 7503 7502 7311
f 7502 7505 7506 7507
f 7311 7502 7507 7312
f 7312 7507 7506 7315
f 7315 7506 7509 7319
f 7509 7511 7512 7513
f 7319 7509 7513 7320
f 7320 7513 7512 7322
f 7512 7515 7516 7517
f 7322 7512 7517 7323
f 7323 7517 7516 7326
f 7515 7519 7520 7516
f 7326 7516 7520 7330
f 7520 7522 7523 7524
f 7330 7520 7524 7331
f 7331 7524 7523 7333
f 7333 7523 7526 7337
f 7526 7528 7529 7530
f 7337 7526 7530 7338
f 7338 7530 7529 7340
f 7340 7529 7532 7342
f 7342 7532 7534 7346
f 7534 7536 7537 7538
f 7346 7534 7538 7347
f 7347 7538 7537 7349
f 7349 7537 7540 7351
f 7351 7540 7542 7353
f 7353 7542 7544 7355
f 7355 7544 7546 7357
f 7357 7546 7548 7359
f 7359 7548 7550 7362
f 7363 7362 7552 7365
f 7365 7552 7553 7554
f 7362 7550 7553 7552
f 7365 7554 7556 7368
f 7369 7368 7558 7371
f 7371 7558 7559 7560
f 7368 7556 7559 7558
f 7371 7560 7562 7374
f 7375 7374 7564 7378
f 7378 7564 7565 7566
f 7374 7562 7565 7564
f 7379 7378 7568 7382
f 7382 7568 7569 7570
f 7378 7566 7569 7568
f 7383 7382 7572 7385
f 7385 7572 7573 7574
f 7382 7570 7573 7572
f 7386 7385 7576 7388
f 7388 7576 7577 7578
f 7385 7574 7577 7576
f 7389 7388 7580 7391
f 7391 7580 7581 7582
f 7388 7578 7581 7580
f 7395 7394 7584 7585
f 7391 7582 7584 7394
f 7399 7398 7587 7588
f 7395 7585 7587 7398
f 7403 7402 7590 7591
f 7399 7588 7590 7402
f 7407 7406 7593 7594
f 7403 7591 7593 7406
f 7411 7410 7596 7597
f 7407 7594 7596 7410
f 7415 7414 7599 7600
f 7411 7597 7599 7414
f 7419 7418 7602 7603
f 7415 7600 7602 7418
f 7419 7603 7605 7421
f 7422 7421 7607 7424
f 7424 7607 7608 7609
f 7421 7605 7608 7607
f 7428 7427 7611 7612
f 7424 7609 7611 7427
f 7428 7612 7614 7430
f 7431 7430 7616 7433
f 7433 7616 7617 7618
f 7430 7614 7617 7616
f 7432 7434 7619 7615
f 7433 7618 7620 7435
f 7434 7436 7621 7619
f 7439 7438 7622 7623
f 7435 7620 7622 7438
f 7439 7623 7624 7440
f 7436 7441 7625 7621
f 7440 7624 7626 7442
f 7441 7443 7627 7625
f 7445 7444 7628 7629
f 7442 7626 7628 7444
f 7443 7445 7629 7627
f 7446 7630 7631 7447
f 7446 7448 7632 7630
f 7447 7631 7633 7449
f 7449 7633 7634 7450
f 7448 7451 7635 7632
f 7450 7634 7636 7452
f 7636 7638 7639 7640
f 7452 7636 7640 7454
f 7454 7640 7639 7455
f 7455 7639 7642 7457
f 7642 7644 7645 7646
f 7457 7642 7646 7459
f 7459 7646 7645 7460
f 7460 7645 7648 7462
f 7648 7650 7651 7652
f 7462 7648 7652 7464
f 7464 7652 7651 7465
f 7465 7651 7654 7467
f 7654 7656 7657 7658
f 7467 7654 7658 7468
f 7468 7658 7657 7471
f 7657 7660 7661 7662
f 7471 7657 7662 7473
f 7473 7662 7661 7474
f 7474 7661 7664 7476
f 7664 7666 7667 7668
f 7476 7664 7668 7477
f 7477 7668 7667 7480
f 7667 7670 7671 7672
f 7480 7667 7672 7481
f 7481 7672 7671 7484
f 7484 7671 7674 7486
f 7674 7676 7677 7678
f 7486 7674 7678 7487
f 7487 7678 7677 7490
f 7677 7680 7681 7682
f 7490 7677 7682 7491
f 7491 7682 7681 7494
f 7494 7681 7684 7498
f 7684 7686 7687 7688
f 7498 7684 7688 7499
f 7499 7688 7687 7501
f 7687 7690 7691 7692
f 7501 7687 7692 7502
f 7502 7692 7691 7505
f 7691 7694 7695 7696
f 7505 7691 7696 7506
f 7506 7696 7695 7509
f 7694 7698 7699 7695
f 7509 7695 7699 7511
f 7699 7701 7702 7703
f 7511 7699 7703 7512
f 7512 7703 7702 7515
f 7515 7702 7705 7519
f 7705 7707 7708 7709
f 7519 7705 7709 7520
f 7520 7709 7708 7522
f 7708 7711 7712 7713
f 7522 7708 7713 7523
f 7523 7713 7712 7526
f 7526 7712 7715 7528
f 7715 7717 7718 7719
f 7528 7715 7719 7529
f 7529 7719 7718 7532
f 7532 7718 7721 7534
f 7534 7721 7723 7536
f 7536 7723 7725 7537
f 7537 7725 7726 7540
f 7540 7726 7728 7542
f 7542 7728 7730 7544
f 7544 7730 7732 7546
f 7546 7732 7734 7548
f 7548 7734 7736 7550
f 7550 7736 7738 7553
f 7554 7553 7740 7556
f 7556 7740 7741 7742
f 7553 7738 7741 7740
f 7556 7742 7744 7559
f 7560 7559 7746 7562
f 7562 7746 7747 7748
f 7559 7744 7747 7746
f 7562 7748 7750 7565
f 7566 7565 7752 7569
f 7569 7752 7753 7754
f 7565 7750 7753 7752
f 7570 7569 7756 7573
f 7573 7756 7757 7758
f 7569 7754 7757 7756
f 7574 7573 7760 7577
f 7577 7760 7761 7762
f 7573 7758 7761 7760
f 7578 7577 7764 7581
f 7581 7764 7765 7766
f 7577 7762 7765 7764
f 7582 7581 7768 7584
f 7584 7768 7769 7770
f 7581 7766 7769 7768
f 7585 7584 7772 7587
f 7587 7772 7773 7774
f 7584 7770 7773 7772
f 7588 7587 7776 7590
f 7590 7776 7777 7778
f 7587 7774 7777 7776
f 7591 7590 7780 7593
f 7593 7780 7781 7782
f 7590 7778 7781 7780
f 7594 7593 7784 7596
f 7596 7784 7785 7786
f 7593 7782 7785 7784
f 7597 7596 7788 7599
f 7599 7788 7789 7790
f 7596 7786 7789 7788
f 7600 7599 7792 7602
f 7602 7792 7793 7794
f 7599 7790 7793 7792
f 7603 7602 7796 7605
f 7605 7796 7797 7798
f 7602 7794 7797 7796
f 7609 7608 7800 7801
f 7605 7798 7800 7608
f 7609 7801 7803 7611
f 7612 7611 7805 7614
f 7614 7805 7806 7807
f 7611 7803 7806 7805
f 7618 7617 7809 7810
f 7614 7807 7809 7617
f 7615 7619 7811 7808
f 7618 7810 7812 7620
f 7619 7621 7813 7811
f 7623 7622 7814 7815
f 7620 7812 7814 7622
f 7623 7815 7816 7624
f 7621 7625 7817 7813
f 7624 7816 7818 7626
f 7625 7627 7819 7817
f 7629 7628 7820 7821
f 7626 7818 7820 7628
f 7627 7629 7821 7819
f 7630 7822 7823 7631
f 7630 7632 7824 7822
f 7823 7825 7826 7827
f 7631 7823 7827 7633
f 7633 7827 7826 7634
f 7632 7635 7828 7824
f 7634 7826 7829 7636
f 7635 7637 7830 7828
f 7636 7829 7831 7638
f 7831 7833 7834 7835
f 7638 7831 7835 7639
f 7639 7835 7834 7642
f 7642 7834 7837 7644
f 7837 7839 7840 7841
f 7644 7837 7841 7645
f 7645 7841 7840 7648
f 7648 7840 7843 7650
f 7843 7845 7846 7847
f 7650 7843 7847 7651
f 7651 7847 7846 7654
f 7654 7846 7849 7656
f 7849 7851 7852 7853
f 7656 7849 7853 7657
f 7657 7853 7852 7660
f 7852 7855 7856 7857
f 7660 7852 7857 7661
f 7661 7857 7856 7664
f 7664 7856 7859 7666
f 7859 7861 7862 7863
f 7666 7859 7863 7667
f 7667 7863 7862 7670
f 7862 7865 7866 7867
f 7670 7862 7867 7671
f 7671 7867 7866 7674
f 7865 7869 7870 7866
f 7674 7866 7870 7676
f 7870 7872 7873 7874
f 7676 7870 7874 7677
f 7677 7874 7873 7680
f 7873 7876 7877 7878
f 7680 7873 7878 7681
f 7681 7878 7877 7684
f 7876 7880 7881 7877
f 7684 7877 7881 7686
f 7881 7883 7884 7885
f 7686 7881 7885 7687
f 7687 7885 7884 7690
f 7884 7887 7888 7889
f 7690 7884 7889 7691
f 7691 7889 7888 7694
f 7694 7888 7891 7698
f 7891 7893 7894 7895
f 7698 7891 7895 7699
f 7699 7895 7894 7701
f 7894 7897 7898 7899
f 7701 7894 7899 7702
f 7702 7899 7898 7705
f 7705 7898 7901 7707
f 7901 7903 7904 7905
f 7707 7901 7905 7708
f 7708 7905 7904 7711
f 7904 7907 7908 7909
f 7711 7904 7909 7712
f 7712 7909 7908 7715
f 7715 7908 7911 7717
f 7911 7913 7914 7915
f 7717 7911 7915 7718
f 7718 7915 7914 7721
f 7721 7914 7917 7723
f 7917 7919 7920 7921
f 7723 7917 7921 7725
f 7725 7921 7920 7726
f 7726 7920 7923 7728
f 7728 7923 7925 7730
f 7730 7925 7927 7732
f 7732 7929 7930 7734
f 7732 7927 7931 7929
f 7929 7931 7932 7930
f 7734 7930 7934 7736
f 7930 7932 7935 7934
f 7736 7934 7937 7738
f 7738 7937 7938 7939
f 7934 7935 7938 7937
f 7738 7939 7941 7741
f 7742 7741 7943 7744
f 7741 7941 7944 7943
f 7744 7943 7946 7747
f 7747 7946 7947 7948
f 7943 7944 7947 7946
f 7748 7747 7950 7750
f 7750 7950 7951 7952
f 7747 7948 7951 7950
f 7750 7952 7954 7753
f 7754 7753 7956 7757
f 7757 7956 7957 7958
f 7753 7954 7957 7956
f 7758 7757 7960 7761
f 7761 7960 7961 7962
f 7757 7958 7961 7960
f 7762 7761 7964 7765
f 7765 7964 7965 7966
f 7761 7962 7965 7964
f 7766 7765 7968 7769
f 7769 7968 7969 7970
f 7765 7966 7969 7968
f 7770 7769 7972 7773
f 7773 7972 7973 7974
f 7769 7970 7973 7972
f 7778 7777 7976 7977
f 7774 7773 7978 7777
f 7777 7978 7979 7976
f 7773 7974 7979 7978
f 7782 7781 7981 7982
f 7778 7977 7981 7781
f 7786 7785 7984 7985
f 7782 7982 7984 7785
f 7790 7789 7987 7988
f 7786 7985 7987 7789
f 7794 7793 7990 7991
f 7790 7988 7990 7793
f 7798 7797 7993 7994
f 7794 7991 7993 7797
f 7798 7994 7996 7800
f 7801 7800 7998 7803
f 7803 7998 7999 8000
f 7800 7996 7999 7998
f 7807 7806 8002 8003
f 7803 8000 8002 7806
f 7807 8003 8005 7809
f 7810 7809 8007 7812
f 7812 8007 8008 8009
f 7809 8005 8008 8007
f 7811 7813 8010 8006
f 7812 8009 8011 7814
f 7813 7817 8012 8010
f 7815 7814 8013 7816
f 7816 8013 8014 8015
f 7814 8011 8014 8013
f 7816 8015 8016 7818
f 7817 7819 8017 8012
f 7821 7820 8018 8019
f 7818 8016 8018 7820
f 7819 7821 8019 8017
f 7822 8020 8021 7823
f 7823 8021 8022 7825
f 7822 7824 8023 8020
f 7824 7828 8024 8023
f 8022 8025 8026 8027
f 7825 8022 8027 7826
f 7826 8027 8026 7829
f 7828 7830 8028 8024
f 7829 8026 8029 7831
f 7830 7832 8030 8028
f 7831 8029 8031 7833
f 7833 8031 8033 7834
f 7834 8033 8034 7837
f 7837 8034 8036 7839
f 8036 8038 8039 8040
f 7839 8036 8040 7840
f 7840 8040 8039 7843
f 7843 8039 8042 7845
f 8042 8044 8045 8046
f 7845 8042 8046 7846
f 7846 8046 8045 7849
f 7849 8045 8048 7851
f 8048 8050 8051 8052
f 7851 8048 8052 7852
f 7852 8052 8051 7855
f 8051 8054 8055 8056
f 7855 8051 8056 7856
f 7856 8056 8055 7859
f 8054 8058 8059 8055
f 7859 8055 8059 7861
f 8059 8061 8062 8063
f 7861 8059 8063 7862
f 7862 8063 8062 7865
f 7865 8062 8065 7869
f 8065 8067 8068 8069
f 7869 8065 8069 7870
f 7870 8069 8068 7872
f 8068 8071 8072 8073
f 7872 8068 8073 7873
f 7873 8073 8072 7876
f 7876 8072 8075 7880
f 8075 8077 8078 8079
f 7880 8075 8079 7881
f 7881 8079 8078 7883
f 8078 8081 8082 8083
f 7883 8078 8083 7884
f 7884 8083 8082 7887
f 8082 8085 8086 8087
f 7887 8082 8087 7888
f 7888 8087 8086 7891
f 8085 8089 8090 8086
f 7891 8086 8090 7893
f 8090 8092 8093 8094
f 7893 8090 8094 7894
f 7894 8094 8093 7897
f 8093 8096 8097 8098
f 7897 8093 8098 7898
f 7898 8098 8097 7901
f 7901 8097 8100 7903
f 8100 8102 8103 8104
f 7903 8100 8104 7904
f 7904 8104 8103 7907
f 8103 8106 8107 8108
f 7907 8103 8108 7908
f 7908 8108 8107 7911
f 7911 8107 8110 7913
f 7913 8110 8112 7914
f 7914 8112 8113 7917
f 7917 8113 8115 7919
f 7919 8115 8117 7920
f 7920 8117 8118 7923
f 7923 8118 8120 7925
f 7925 8122 7931 7927
f 7925 8120 8123 8122
f 8122 8123 8124 7931
f 7931 8124 8126 7932
f 7932 8126 8128 7935
f 7935 8128 8130 7938
f 7939 7938 8132 7941
f 7938 8130 8133 8132
f 7941 8132 8135 7944
f 7944 8135 8136 8137
f 8132 8133 8136 8135
f 7944 8137 8139 7947
f 7948 7947 8141 7951
f 7951 8141 8142 8143
f 7947 8139 8142 8141
f 7952 7951 8145 7954
f 7954 8145 8146 8147
f 7951 8143 8146 8145
f 7958 7957 8149 8150
f 7954 8147 8149 7957
f 7962 7961 8152 8153
f 7958 8150 8152 7961
f 7966 7965 8155 8156
f 7962 8153 8155 7965
f 7970 7969 8158 8159
f 7966 8156 8158 7969
f 7974 7973 8161 8162
f 7970 8159 8161 7973
f 7976 7979 8164 8165
f 7974 8162 8164 7979
f 7977 7976 8167 7981
f 7981 8167 8168 8169
f 7976 8165 8168 8167
f 7982 7981 8171 7984
f 7984 8171 8172 8173
f 7981 8169 8172 8171
f 7985 7984 8175 7987
f 7987 8175 8176 8177
f 7984 8173 8176 8175
f 7988 7987 8179 7990
f 7990 8179 8180 8181
f 7987 8177 8180 8179
f 7991 7990 8183 7993
f 7993 8183 8184 8185
f 7990 8181 8184 8183
f 7994 7993 8187 7996
f 7996 8187 8188 8189
f 7993 8185 8188 8187
f 8000 7999 8191 8192
f 7996 8189 8191 7999
f 8003 8002 8194 8195
f 8000 8192 8194 8002
f 8003 8195 8197 8005
f 8009 8008 8199 8200
f 8005 8197 8199 8008
f 8006 8010 8201 8198
f 8009 8200 8202 8011
f 8010 8012 8203 8201
f 8015 8014 8204 8205
f 8011 8202 8204 8014
f 8015 8205 8206 8016
f 8012 8017 8207 8203
f 8019 8018 8208 8209
f 8016 8206 8208 8018
f 8017 8019 8209 8207
f 8020 8210 8211 8021
f 8021 8211 8212 8022
f 8020 8023 8213 8210
f 8022 8212 8214 8025
f 8023 8024 8215 8213
f 8024 8028 8216 8215
f 8025 8214 8217 8026
f 8026 8217 8218 8029
f 8028 8030 8219 8216
f 8029 8218 8220 8031
f 8220 8222 8223 8224
f 8031 8220 8224 8033
f 8033 8224 8223 8034
f 8034 8223 8226 8036
f 8036 8226 8228 8038
f 8228 8230 8231 8232
f 8038 8228 8232 8039
f 8039 8232 8231 8042
f 8042 8231 8234 8044
f 8234 8236 8237 8238
f 8044 8234 8238 8045
f 8045 8238 8237 8048
f 8048 8237 8240 8050
f 8240 8242 8243 8244
f 8050 8240 8244 8051
f 8051 8244 8243 8054
f 8054 8243 8246 8058
f 8246 8248 8249 8250
f 8058 8246 8250 8059
f 8059 8250 8249 8061
f 8249 8252 8253 8254
f 8061 8249 8254 8062
f 8062 8254 8253 8065
f 8065 8253 8256 8067
f 8256 8258 8259 8260
f 8067 8256 8260 8068
f 8068 8260 8259 8071
f 8259 8262 8263 8264
f 8071 8259 8264 8072
f 8072 8264 8263 8075
f 8075 8263 8266 8077
f 8266 8268 8269 8270
f 8077 8266 8270 8078
f 8078 8270 8269 8081
f 8269 8272 8273 8274
f 8081 8269 8274 8082
f 8082 8274 8273 8085
f 8085 8273 8276 8089
f 8089 8276 8278 8090
f 8090 8278 8279 8092
f 8279 8281 8282 8283
f 8092 8279 8283 8093
f 8093 8283 8282 8096
f 8282 8285 8286 8287
f 8096 8282 8287 8097
f 8097 8287 8286 8100
f 8100 8286 8289 8102
f 8102 8289 8291 8103
f 8103 8291 8292 8106
f 8106 8292 8294 8107
f 8107 8294 8295 8110
f 8295 8297 8298 8299
f 8110 8295 8299 8112
f 8112 8299 8298 8113
f 8113 8298 8301 8115
f 8115 8301 8303 8117
f 8117 8303 8304 8118
f 8118 8304 8306 8120
f 8120 8306 8308 8123
f 8123 8308 8309 8124
f 8124 8309 8311 8126
f 8126 8311 8313 8128
f 8128 8313 8315 8130
f 8130 8315 8317 8133
f 8133 8317 8319 8136
f 8137 8136 8321 8139
f 8139 8321 8322 8323
f 8136 8319 8322 8321
f 8139 8323 8325 8142
f 8143 8142 8327 8146
f 8146 8327 8328 8329
f 8142 8325 8328 8327
f 8147 8146 8331 8149
f 8149 8331 8332 8333
f 8146 8329 8332 8331
f 8150 8149 8335 8152
f 8152 8335 8336 8337
f 8149 8333 8336 8335
f 8153 8152 8339 8155
f 8155 8339 8340 8341
f 8152 8337 8340 8339
f 8156 8155 8343 8158
f 8158 8343 8344 8345
f 8155 8341 8344 8343
f 8159 8158 8347 8161
f 8161 8347 8348 8349
f 8158 8345 8348 8347
f 8162 8161 8351 8164
f 8164 8351 8352 8353
f 8161 8349 8352 8351
f 8169 8168 8355 8356
f 8165 8164 8357 8168
f 8168 8357 8358 8355
f 8164 8353 8358 8357
f 8173 8172 8360 8361
f 8169 8356 8360 8172
f 8177 8176 8363 8364
f 8173 8361 8363 8176
f 8181 8180 8366 8367
f 8177 8364 8366 8180
f 8185 8184 8369 8370
f 8181 8367 8369 8184
f 8189 8188 8372 8373
f 8185 8370 8372 8188
f 8192 8191 8375 8376
f 8189 8373 8375 8191
f 8192 8376 8378 8194
f 8195 8194 8380 8197
f 8197 8380 8381 8382
f 8194 8378 8381 8380
f 8200 8199 8384 8385
f 8197 8382 8384 8199
f 8198 8201 8386 8383
f 8200 8385 8387 8202
f 8201 8203 8388 8386
f 8205 8204 8389 8390
f 8202 8387 8389 8204
f 8205 8390 8391 8206
f 8203 8207 8392 8388
f 8209 8208 8393 8394
f 8206 8391 8393 8208
f 8207 8209 8394 8392
f 8210 8395 8396 8211
f 8211 8396 8397 8212
f 8210 8213 8398 8395
f 8212 8397 8399 8214
f 8213 8215 8400 8398
f 8215 8216 8401 8400
f 8399 8402 8403 8404
f 8214 8399 8404 8217
f 8217 8404 8403 8218
f 8216 8219 8405 8401
f 8218 8403 8406 8220
f 8219 8221 8407 8405
f 8220 8406 8408 8222
f 8408 8410 8411 8412
f 8222 8408 8412 8223
f 8223 8412 8411 8226
f 8226 8411 8414 8228
f 8228 8414 8416 8230
f 8416 8418 8419 8420
f 8230 8416 8420 8231
f 8231 8420 8419 8234
f 8234 8419 8422 8236
f 8422 8424 8425 8426
f 8236 8422 8426 8237
f 8237 8426 8425 8240
f 8240 8425 8428 8242
f 8428 8430 8431 8432
f 8242 8428 8432 8243
f 8243 8432 8431 8246
f 8246 8431 8434 8248
f 8434 8436 8437 8438
f 8248 8434 8438 8249
f 8249 8438 8437 8252
f 8437 8440 8441 8442
f 8252 8437 8442 8253
f 8253 8442 8441 8256
f 8256 8441 8444 8258
f 8444 8446 8447 8448
f 8258 8444 8448 8259
f 8259 8448 8447 8262
f 8447 8450 8451 8452
f 8262 8447 8452 8263
f 8263 8452 8451 8266
f 8266 8451 8454 8268
f 8454 8456 8457 8458
f 8268 8454 8458 8269
f 8269 8458 8457 8272
f 8457 8460 8461 8462
f 8272 8457 8462 8273
f 8273 8462 8461 8276
f 8461 8464 8465 8466
f 8276 8461 8466 8278
f 8278 8466 8465 8279
f 8279 8465 8468 8281
f 8281 8468 8470 8282
f 8282 8470 8471 8285
f 8285 8471 8473 8286
f 8286 8473 8474 8289
f 8474 8476 8477 8478
f 8289 8474 8478 8291
f 8291 8478 8477 8292
f 8477 8480 8481 8482
f 8292 8477 8482 8294
f 8294 8482 8481 8295
f 8295 8481 8484 8297
f 8297 8484 8486 8298
f 8298 8486 8487 8301
f 8301 8487 8489 8303
f 8303 8489 8490 8304
f 8304 8490 8492 8306
f 8306 8492 8494 8308
f 8308 8494 8495 8309
f 8309 8495 8497 8311
f 8311 8499 8500 8313
f 8311 8497 8501 8499
f 8499 8501 8502 8500
f 8313 8500 8504 8315
f 8500 8502 8505 8504
f 8315 8504 8507 8317
f 8504 8505 8508 8507
f 8317 8507 8510 8319
f 8319 8510 8511 8512
f 8507 8508 8511 8510
f 8319 8512 8514 8322
f 8323 8322 8516 8325
f 8325 8516 8517 8518
f 8322 8514 8517 8516
f 8325 8518 8520 8328
f 8329 8328 8522 8332
f 8332 8522 8523 8524
f 8328 8520 8523 8522
f 8333 8332 8526 8336
f 8336 8526 8527 8528
f 8332 8524 8527 8526
f 8337 8336 8530 8340
f 8340 8530 8531 8532
f 8336 8528 8531 8530
f 8341 8340 8534 8344
f 8344 8534 8535 8536
f 8340 8532 8535 8534
f 8349 8348 8538 8539
f 8345 8344 8540 8348
f 8348 8540 8541 8538
f 8344 8536 8541 8540
f 8353 8352 8543 8544
f 8349 8539 8543 8352
f 8355 8358 8546 8547
f 8353 8544 8546 8358
f 8356 8355 8549 8360
f 8360 8549 8550 8551
f 8355 8547 8550 8549
f 8361 8360 8553 8363
f 8363 8553 8554 8555
f 8360 8551 8554 8553
f 8364 8363 8557 8366
f 8366 8557 8558 8559
f 8363 8555 8558 8557
f 8370 8369 8561 8562
f 8367 8366 8563 8369
f 8369 8563 8564 8561
f 8366 8559 8564 8563
f 8370 8562 8566 8372
f 8373 8372 8568 8375
f 8375 8568 8569 8570
f 8372 8566 8569 8568
f 8376 8375 8572 8378
f 8378 8572 8573 8574
f 8375 8570 8573 8572
f 8382 8381 8576 8577
f 8378 8574 8576 8381
f 8382 8577 8579 8384
f 8385 8384 8581 8387
f 8387 8581 8582 8583
f 8384 8579 8582 8581
f 8386 8388 8584 8580
f 8387 8583 8585 8389
f 8388 8392 8586 8584
f 8390 8389 8587 8391
f 8391 8587 8588 8589
f 8389 8585 8588 8587
f 8394 8393 8590 8591
f 8391 8589 8590 8393
f 8392 8394 8591 8586
f 8395 8592 8593 8396
f 8396 8593 8594 8397
f 8395 8398 8595 8592
f 8397 8594 8596 8399
f 8398 8400 8597 8595
f 8399 8596 8598 8402
f 8400 8401 8599 8597
f 8401 8405 8600 8599
f 8598 8601 8602 8603
f 8402 8598 8603 8403
f 8403 8603 8602 8406
f 8405 8407 8604 8600
f 8406 8602 8605 8408
f 8407 8409 8606 8604
f 8408 8605 8607 8410
f 8607 8609 8610 8611
f 8410 8607 8611 8411
f 8411 8611 8610 8414
f 8414 8610 8613 8416
f 8416 8613 8615 8418
f 8615 8617 8618 8619
f 8418 8615 8619 8419
f 8419 8619 8618 8422
f 8422 8618 8621 8424
f 8621 8623 8624 8625
f 8424 8621 8625 8425
f 8425 8625 8624 8428
f 8428 8624 8627 8430
f 8627 8629 8630 8631
f 8430 8627 8631 8431
f 8431 8631 8630 8434
f 8434 8630 8633 8436
f 8633 8635 8636 8637
f 8436 8633 8637 8437
f 8437 8637 8636 8440
f 8636 8639 8640 8641
f 8440 8636 8641 8441
f 8441 8641 8640 8444
f 8444 8640 8643 8446
f 8643 8645 8646 8647
f 8446 8643 8647 8447
f 8447 8647 8646 8450
f 8646 8649 8650 8651
f 8450 8646 8651 8451
f 8451 8651 8650 8454
f 8454 8650 8653 8456
f 8653 8655 8656 8657
f 8456 8653 8657 8457
f 8457 8657 8656 8460
f 8656 8659 8660 8661
f 8460 8656 8661 8461
f 8461 8661 8660 8464
f 8660 8663 8664 8665
f 8464 8660 8665 8465
f 8465 8665 8664 8468
f 8664 8667 8668 8669
f 8468 8664 8669 8470
f 8470 8669 8668 8471
f 8668 8671 8672 8673
f 8471 8668 8673 8473
f 8473 8673 8672 8474
f 8474 8672 8675 8476
f 8476 8675 8677 8477
f 8477 8677 8678 8480
f 8480 8678 8680 8481
f 8481 8680 8681 8484
f 8484 8681 8683 8486
f 8486 8683 8684 8487
f 8487 8684 8686 8489
f 8489 8686 8687 8490
f 8490 8689 8494 8492
f 8490 8687 8690 8689
f 8689 8690 8691 8494
f 8494 8691 8693 8495
f 8495 8695 8501 8497
f 8495 8693 8696 8695
f 8695 8696 8697 8501
f 8501 8697 8699 8502
f 8502 8699 8701 8505
f 8505 8701 8703 8508
f 8508 8703 8705 8511
f 8512 8511 8707 8514
f 8511 8705 8708 8707
f 8514 8707 8710 8517
f 8517 8710 8711 8712
f 8707 8708 8711 8710
f 8518 8517 8714 8520
f 8520 8714 8715 8716
f 8517 8712 8715 8714
f 8524 8523 8718 8719
f 8520 8716 8718 8523
f 8528 8527 8721 8722
f 8524 8719 8721 8527
f 8532 8531 8724 8725
f 8528 8722 8724 8531
f 8536 8535 8727 8728
f 8532 8725 8727 8535
f 8538 8541 8730 8731
f 8536 8728 8730 8541
f 8539 8538 8733 8543
f 8543 8733 8734 8735
f 8538 8731 8734 8733
f 8547 8546 8737 8738
f 8544 8543 8739 8546
f 8546 8739 8740 8737
f 8543 8735 8740 8739
f 8551 8550 8742 8743
f 8547 8738 8742 8550
f 8555 8554 8745 8746
f 8551 8743 8745 8554
f 8559 8558 8748 8749
f 8555 8746 8748 8558
f 8561 8564 8751 8752
f 8559 8749 8751 8564
f 8562 8561 8754 8566
f 8566 8754 8755 8756
f 8561 8752 8755 8754
f 8570 8569 8758 8759
f 8566 8756 8758 8569
f 8574 8573 8761 8762
f 8570 8759 8761 8573
f 8577 8576 8764 8765
f 8574 8762 8764 8576
f 8577 8765 8767 8579
f 8583 8582 8769 8770
f 8579 8767 8769 8582
f 8580 8584 8771 8768
f 8583 8770 8772 8585
f 8584 8586 8773 8771
f 8589 8588 8774 8775
f 8585 8772 8774 8588
f 8591 8590 8776 8777
f 8589 8775 8776 8590
f 8586 8591 8777 8773
f 8592 8778 8779 8593
f 8593 8779 8780 8594
f 8592 8595 8781 8778
f 8594 8780 8782 8596
f 8595 8597 8783 8781
f 8596 8782 8784 8598
f 8597 8599 8785 8783
f 8598 8784 8786 8601
f 8599 8600 8787 8785
f 8600 8604 8788 8787
f 8786 8789 8790 8791
f 8601 8786 8791 8602
f 8602 8791 8790 8605
f 8604 8606 8792 8788
f 8605 8790 8793 8607
f 8606 8608 8794 8792
f 8607 8793 8795 8609
f 8795 8797 8798 8799
f 8609 8795 8799 8610
f 8610 8799 8798 8613
f 8613 8798 8801 8615
f 8615 8801 8803 8617
f 8803 8805 8806 8807
f 8617 8803 8807 8618
f 8618 8807 8806 8621
f 8621 8806 8809 8623
f 8809 8811 8812 8813
f 8623 8809 8813 8624
f 8624 8813 8812 8627
f 8627 8812 8815 8629
f 8815 8817 8818 8819
f 8629 8815 8819 8630
f 8630 8819 8818 8633
f 8633 8818 8821 8635
f 8821 8823 8824 8825
f 8635 8821 8825 8636
f 8636 8825 8824 8639
f 8824 8827 8828 8829
f 8639 8824 8829 8640
f 8640 8829 8828 8643
f 8643 8828 8831 8645
f 8831 8833 8834 8835
f 8645 8831 8835 8646
f 8646 8835 8834 8649
f 8834 8837 8838 8839
f 8649 8834 8839 8650
f 8650 8839 8838 8653
f 8653 8838 8841 8655
f 8655 8841 8843 8656
f 8656 8843 8844 8659
f 8659 8844 8846 8660
f 8660 8846 8847 8663
f 8663 8847 8849 8664
f 8664 8849 8850 8667
f 8667 8850 8852 8668
f 8668 8852 8853 8671
f 8671 8853 8855 8672
f 8672 8855 8856 8675
f 8675 8856 8858 8677
f 8677 8858 8859 8678
f 8678 8859 8861 8680
f 8680 8861 8862 8681
f 8681 8862 8864 8683
f 8683 8864 8865 8684
f 8684 8865 8867 8686
f 8686 8867 8868 8687
f 8687 8868 8870 8690
f 8690 8870 8871 8691
f 8691 8871 8873 8693
f 8693 8873 8875 8696
f 8696 8875 8876 8697
f 8697 8876 8878 8699
f 8699 8880 8881 8701
f 8699 8878 8882 8880
f 8880 8882 8883 8881
f 8701 8881 8885 8703
f 8881 8883 8886 8885
f 8703 8885 8888 8705
f 8885 8886 8889 8888
f 8705 8888 8891 8708
f 8708 8891 8892 8893
f 8888 8889 8892 8891
f 8708 8893 8895 8711
f 8712 8711 8897 8715
f 8715 8897 8898 8899
f 8711 8895 8898 8897
f 8716 8715 8901 8718
f 8718 8901 8902 8903
f 8715 8899 8902 8901
f 8719 8718 8905 8721
f 8721 8905 8906 8907
f 8718 8903 8906 8905
f 8722 8721 8909 8724
f 8724 8909 8910 8911
f 8721 8907 8910 8909
f 8725 8724 8913 8727
f 8727 8913 8914 8915
f 8724 8911 8914 8913
f 8731 8730 8917 8918
f 8728 8727 8919 8730
f 8730 8919 8920 8917
f 8727 8915 8920 8919
f 8735 8734 8922 8923
f 8731 8918 8922 8734
f 8737 8740 8925 8926
f 8735 8923 8925 8740
f 8738 8737 8928 8742
f 8742 8928 8929 8930
f 8737 8926 8929 8928
f 8746 8745 8932 8933
f 8743 8742 8934 8745
f 8745 8934 8935 8932
f 8742 8930 8935 8934
f 8749 8748 8937 8938
f 8746 8933 8937 8748
f 8752 8751 8940 8941
f 8749 8938 8940 8751
f 8756 8755 8943 8944
f 8752 8941 8943 8755
f 8759 8758 8946 8947
f 8756 8944 8946 8758
f 8762 8761 8949 8950
f 8759 8947 8949 8761
f 8765 8764 8952 8953
f 8762 8950 8952 8764
f 8765 8953 8955 8767
f 8770 8769 8957 8958
f 8767 8955 8957 8769
f 8768 8771 8959 8956
f 8770 8958 8960 8772
f 8771 8773 8961 8959
f 8775 8774 8962 8963
f 8772 8960 8962 8774
f 8777 8776 8964 8965
f 8775 8963 8964 8776
f 8773 8777 8965 8961
f 8966 8967 8968 8969
f 8778 8966 8969 8779
f 8779 8969 8968 8780
f 8778 8781 8967 8966
f 8780 8968 8970 8782
f 8781 8783 8971 8967
f 8782 8970 8972 8784
f 8783 8785 8973 8971
f 8784 8972 8974 8786
f 8785 8787 8975 8973
f 8786 8974 8976 8789
f 8787 8788 8977 8975
f 8788 8792 8978 8977
f 8976 8979 8980 8981
f 8789 8976 8981 8790
f 8790 8981 8980 8793
f 8792 8794 8982 8978
f 8793 8980 8983 8795
f 8794 8796 8984 8982
f 8795 8983 8985 8797
f 8985 8987 8988 8989
f 8797 8985 8989 8798
f 8798 8989 8988 8801
f 8801 8988 8991 8803
f 8803 8991 8993 8805
f 8993 8995 8996 8997
f 8805 8993 8997 8806
f 8806 8997 8996 8809
f 8809 8996 8999 8811
f 8999 9001 9002 9003
f 8811 8999 9003 8812
f 8812 9003 9002 8815
f 8815 9002 9005 8817
f 9005 9007 9008 9009
f 8817 9005 9009 8818
f 8818 9009 9008 8821
f 8821 9008 9011 8823
f 9011 9013 9014 9015
f 8823 9011 9015 8824
f 8824 9015 9014 8827
f 9014 9017 9018 9019
f 8827 9014 9019 8828
f 8828 9019 9018 8831
f 8831 9018 9021 8833
f 8833 9021 9023 8834
f 8834 9023 9024 8837
f 9024 9026 9027 9028
f 8837 9024 9028 8838
f 8838 9028 9027 8841
f 9027 9030 9031 9032
f 8841 9027 9032 8843
f 8843 9032 9031 8844
f 9031 9034 9035 9036
f 8844 9031 9036 8846
f 8846 9036 9035 8847
f 9035 9038 9039 9040
f 8847 9035 9040 8849
f 8849 9040 9039 8850
f 9039 9042 9043 9044
f 8850 9039 9044 8852
f 8852 9044 9043 8853
f 9043 9046 9047 9048
f 8853 9043 9048 8855
f 8855 9048 9047 8856
f 9047 9050 9051 9052
f 8856 9047 9052 8858
f 8858 9052 9051 8859
f 8859 9051 9054 8861
f 8861 9054 9055 8862
f 8862 9055 9057 8864
f 8864 9057 9058 8865
f 8865 9058 9060 8867
f 8867 9060 9061 8868
f 8868 9061 9063 8870
f 8870 9063 9064 8871
f 8871 9064 9066 8873
f 8873 9066 9068 8875
f 8875 9068 9069 8876
f 8876 9071 8882 8878
f 8876 9069 9072 9071
f 9071 9072 9073 8882
f 8882 9073 9075 8883
f 8883 9075 9077 8886
f 8886 9077 9079 8889
f 8889 9079 9081 8892
f 8893 8892 9083 8895
f 8895 9083 9084 9085
f 8892 9081 9084 9083
f 8899 8898 9087 9088
f 8895 9085 9087 8898
f 8899 9088 9090 8902
f 8903 8902 9092 8906
f 8906 9092 9093 9094
f 8902 9090 9093 9092
f 8911 8910 9096 9097
f 8907 8906 9098 8910
f 8910 9098 9099 9096
f 8906 9094 9099 9098
f 8915 8914 9101 9102
f 8911 9097 9101 8914
f 8917 8920 9104 9105
f 8915 9102 9104 8920
f 8918 8917 9107 8922
f 8922 9107 9108 9109
f 8917 9105 9108 9107
f 8926 8925 9111 9112
f 8923 8922 9113 8925
f 8925 9113 9114 9111
f 8922 9109 9114 9113
f 8930 8929 9116 9117
f 8926 9112 9116 8929
f 8932 8935 9119 9120
f 8930 9117 9119 8935
f 8938 8937 9122 9123
f 8933 8932 9124 8937
f 8937 9124 9125 9122
f 8932 9120 9125 9124
f 8941 8940 9127 9128
f 8938 9123 9127 8940
f 8944 8943 9130 9131
f 8941 9128 9130 8943
f 8947 8946 9133 9134
f 8944 9131 9133 8946
f 8950 8949 9136 9137
f 8947 9134 9136 8949
f 8950 9137 9139 8952
f 8953 8952 9141 8955
f 8955 9141 9142 9143
f 8952 9139 9142 9141
f 8958 8957 9145 9146
f 8955 9143 9145 8957
f 8956 8959 9147 9144
f 8958 9146 9148 8960
f 8959 8961 9149 9147
f 8963 8962 9150 9151
f 8960 9148 9150 8962
f 8965 8964 9152 9153
f 8963 9151 9152 8964
f 8961 8965 9153 9149
f 9154 9155 9156 9157
f 8967 9154 9157 8968
f 8968 9157 9156 8970
f 8967 8971 9155 9154
f 8970 9156 9158 8972
f 8971 8973 9159 9155
f 8972 9158 9160 8974
f 8973 8975 9161 9159
f 8974 9160 9162 8976
f 8975 8977 9163 9161
f 8976 9162 9164 8979
f 8977 8978 9165 9163
f 8978 8982 9166 9165
f 9164 9167 9168 9169
f 8979 9164 9169 8980
f 8980 9169 9168 8983
f 8982 8984 9170 9166
f 8983 9168 9171 8985
f 8984 8986 9172 9170
f 8985 9171 9173 8987
f 9173 9175 9176 9177
f 8987 9173 9177 8988
f 8988 9177 9176 8991
f 8991 9176 9179 8993
f 8993 9179 9181 8995
f 9181 9183 9184 9185
f 8995 9181 9185 8996
f 8996 9185 9184 8999
f 8999 9184 9187 9001
f 9187 9189 9190 9191
f 9001 9187 9191 9002
f 9002 9191 9190 9005
f 9005 9190 9193 9007
f 9193 9195 9196 9197
f 9007 9193 9197 9008
f 9008 9197 9196 9011
f 9011 9196 9199 9013
f 9013 9199 9201 9014
f 9014 9201 9202 9017
f 9202 9204 9205 9206
f 9017 9202 9206 9018
f 9018 9206 9205 9021
f 9205 9208 9209 9210
f 9021 9205 9210 9023
f 9023 9210 9209 9024
f 9024 9209 9212 9026
f 9026 9212 9214 9027
f 9027 9214 9215 9030
f 9030 9215 9217 9031
f 9031 9217 9218 9034
f 9034 9218 9220 9035
f 9035 9220 9221 9038
f 9038 9221 9223 9039
f 9039 9223 9224 9042
f 9042 9224 9226 9043
f 9043 9226 9227 9046
f 9046 9227 9229 9047
f 9047 9229 9230 9050
f 9050 9230 9232 9051
f 9232 9233 9234 9235
f 9051 9232 9235 9054
f 9054 9235 9234 9055
f 9234 9237 9238 9239
f 9055 9234 9239 9057
f 9057 9239 9238 9058
f 9238 9241 9242 9243
f 9058 9238 9243 9060
f 9060 9243 9242 9061
f 9242 9245 9246 9247
f 9061 9242 9247 9063
f 9063 9247 9246 9064
f 9064 9246 9249 9066
f 9066 9249 9251 9068
f 9068 9251 9252 9069
f 9069 9252 9254 9072
f 9072 9254 9255 9073
f 9073 9255 9257 9075
f 9075 9257 9259 9077
f 9077 9259 9261 9079
f 9079 9261 9263 9081
f 9081 9263 9265 9084
f 9085 9084 9267 9087
f 9087 9267 9268 9269
f 9084 9265 9268 9267
f 9088 9087 9271 9090
f 9090 9271 9272 9273
f 9087 9269 9272 9271
f 9094 9093 9275 9276
f 9090 9273 9275 9093
f 9096 9099 9278 9279
f 9094 9276 9278 9099
f 9097 9096 9281 9101
f 9101 9281 9282 9283
f 9096 9279 9282 9281
f 9105 9104 9285 9286
f 9102 9101 9287 9104
f 9104 9287 9288 9285
f 9101 9283 9288 9287
f 9109 9108 9290 9291
f 9105 9286 9290 9108
f 9111 9114 9293 9294
f 9109 9291 9293 9114
f 9117 9116 9296 9297
f 9112 9111 9298 9116
f 9116 9298 9299 9296
f 9111 9294 9299 9298
f 9120 9119 9301 9302
f 9117 9297 9301 9119
f 9122 9125 9304 9305
f 9120 9302 9304 9125
f 9123 9122 9307 9127
f 9127 9307 9308 9309
f 9122 9305 9308 9307
f 9131 9130 9311 9312
f 9128 9127 9313 9130
f 9130 9313 9314 9311
f 9127 9309 9314 9313
f 9134 9133 9316 9317
f 9131 9312 9316 9133
f 9134 9317 9319 9136
f 9137 9136 9321 9139
f 9139 9321 9322 9323
f 9136 9319 9322 9321
f 9143 9142 9325 9326
f 9139 9323 9325 9142
f 9146 9145 9328 9329
f 9143 9326 9328 9145
f 9144 9147 9330 9327
f 9146 9329 9331 9148
f 9147 9149 9332 9330
f 9151 9150 9333 9334
f 9148 9331 9333 9150
f 9153 9152 9335 9336
f 9151 9334 9335 9152
f 9149 9153 9336 9332
f 9337 9338 9339 9340
f 9155 9337 9340 9156
f 9156 9340 9339 9158
f 9155 9159 9338 9337
f 9158 9339 9341 9160
f 9159 9161 9342 9338
f 9160 9341 9343 9162
f 9161 9163 9344 9342
f 9162 9343 9345 9164
f 9163 9165 9346 9344
f 9164 9345 9347 9167
f 9165 9166 9348 9346
f 9166 9170 9349 9348
f 9347 9350 9351 9352
f 9167 9347 9352 9168
f 9168 9352 9351 9171
f 9170 9172 9353 9349
f 9171 9351 9354 9173
f 9172 9174 9355 9353
f 9173 9354 9356 9175
f 9356 9358 9359 9360
f 9175 9356 9360 9176
f 9176 9360 9359 9179
f 9179 9359 9362 9181
f 9181 9362 9364 9183
f 9364 9366 9367 9368
f 9183 9364 9368 9184
f 9184 9368 9367 9187
f 9187 9367 9370 9189
f 9370 9372 9373 9374
f 9189 9370 9374 9190
f 9190 9374 9373 9193
f 9193 9373 9376 9195
f 9376 9378 9379 9380
f 9195 9376 9380 9196
f 9196 9380 9379 9199
f 9379 9382 9383 9384
f 9199 9379 9384 9201
f 9201 9384 9383 9202
f 9202 9383 9386 9204
f 9204 9386 9388 9205
f 9205 9388 9389 9208
f 9389 9391 9392 9393
f 9208 9389 9393 9209
f 9209 9393 9392 9212
f 9392 9395 9396 9397
f 9212 9392 9397 9214
f 9214 9397 9396 9215
f 9396 9399 9400 9401
f 9215 9396 9401 9217
f 9217 9401 9400 9218
f 9400 9403 9404 9405
f 9218 9400 9405 9220
f 9220 9405 9404 9221
f 9404 9407 9408 9409
f 9221 9404 9409 9223
f 9223 9409 9408 9224
f 9224 9408 9411 9226
f 9226 9411 9412 9227
f 9227 9412 9414 9229
f 9229 9414 9415 9230
f 9230 9415 9417 9232
f 9232 9417 9418 9233
f 9233 9418 9420 9234
f 9234 9420 9421 9237
f 9237 9421 9423 9238
f 9238 9423 9424 9241
f 9241 9424 9426 9242
f 9242 9426 9427 9245
f 9245 9427 9429 9246
f 9246 9429 9430 9249
f 9249 9430 9432 9251
f 9251 9432 9433 9252
f 9252 9433 9435 9254
f 9254 9435 9436 9255
f 9255 9436 9438 9257
f 9257 9440 9441 9259
f 9257 9438 9442 9440
f 9440 9442 9443 9441
f 9259 9441 9445 9261
f 9441 9443 9446 9445
f 9261 9445 9448 9263
f 9263 9448 9449 9450
f 9445 9446 9449 9448
f 9263 9450 9452 9265
f 9269 9268 9454 9455
f 9265 9452 9454 9268
f 9273 9272 9457 9458
f 9269 9455 9457 9272
f 9276 9275 9460 9461
f 9273 9458 9460 9275
f 9279 9278 9463 9464
f 9276 9461 9463 9278
f 9283 9282 9466 9467
f 9279 9464 9466 9282
f 9285 9288 9469 9470
f 9283 9467 9469 9288
f 9291 9290 9472 9473
f 9286 9285 9474 9290
f 9290 9474 9475 9472
f 9285 9470 9475 9474
f 9294 9293 9477 9478
f 9291 9473 9477 9293
f 9297 9296 9480 9481
f 9296 9299 9482 9480
f 9294 9478 9482 9299
f 9302 9301 9484 9485
f 9297 9481 9484 9301
f 9305 9304 9487 9488
f 9302 9485 9487 9304
f 9309 9308 9490 9491
f 9305 9488 9490 9308
f 9311 9314 9493 9494
f 9309 9491 9493 9314
f 9312 9311 9496 9316
f 9316 9496 9497 9498
f 9311 9494 9497 9496
f 9317 9316 9500 9319
f 9319 9500 9501 9502
f 9316 9498 9501 9500
f 9323 9322 9504 9505
f 9319 9502 9504 9322
f 9326 9325 9507 9508
f 9323 9505 9507 9325
f 9329 9328 9510 9511
f 9326 9508 9510 9328
f 9327 9330 9512 9509
f 9329 9511 9513 9331
f 9330 9332 9514 9512
f 9334 9333 9515 9516
f 9331 9513 9515 9333
f 9336 9335 9517 9518
f 9334 9516 9517 9335
f 9332 9336 9518 9514
f 9519 9520 9521 9522
f 9338 9519 9522 9339
f 9339 9522 9521 9341
f 9338 9342 9520 9519
f 9341 9521 9523 9343
f 9342 9344 9524 9520
f 9343 9523 9525 9345
f 9344 9346 9526 9524
f 9345 9525 9527 9347
f 9346 9348 9528 9526
f 9347 9527 9529 9350
f 9348 9349 9530 9528
f 9349 9353 9531 9530
f 9529 9532 9533 9534
f 9350 9529 9534 9351
f 9351 9534 9533 9354
f 9353 9355 9535 9531
f 9354 9533 9536 9356
f 9355 9357 9537 9535
f 9356 9536 9538 9358
f 9538 9540 9541 9542
f 9358 9538 9542 9359
f 9359 9542 9541 9362
f 9362 9541 9544 9364
f 9364 9544 9546 9366
f 9546 9548 9549 9550
f 9366 9546 9550 9367
f 9367 9550 9549 9370
f 9370 9549 9552 9372
f 9552 9554 9555 9556
f 9372 9552 9556 9373
f 9373 9556 9555 9376
f 9376 9555 9558 9378
f 9378 9558 9560 9379
f 9379 9560 9561 9382
f 9561 9563 9564 9565
f 9382 9561 9565 9383
f 9383 9565 9564 9386
f 9564 9567 9568 9569
f 9386 9564 9569 9388
f 9388 9569 9568 9389
f 9389 9568 9571 9391
f 9391 9571 9573 9392
f 9392 9573 9574 9395
f 9395 9574 9576 9396
f 9396 9576 9577 9399
f 9399 9577 9579 9400
f 9400 9579 9580 9403
f 9403 9580 9582 9404
f 9404 9582 9583 9407
f 9407 9583 9585 9408
f 9585 9586 9587 9588
f 9408 9585 9588 9411
f 9411 9588 9587 9412
f 9587 9590 9591 9592
f 9412 9587 9592 9414
f 9414 9592 9591 9415
f 9415 9591 9594 9417
f 9417 9594 9595 9418
f 9418 9595 9597 9420
f 9420 9597 9598 9421
f 9421 9598 9600 9423
f 9423 9600 9601 9424
f 9424 9601 9603 9426
f 9426 9603 9604 9427
f 9427 9604 9606 9429
f 9429 9606 9607 9430
f 9430 9607 9609 9432
f 9432 9609 9610 9433
f 9433 9610 9612 9435
f 9435 9612 9613 9436
f 9436 9613 9615 9438
f 9438 9615 9617 9442
f 9442 9617 9618 9443
f 9443 9618 9620 9446
f 9450 9449 9622 9623
f 9446 9620 9622 9449
f 9450 9623 9625 9452
f 9455 9454 9627 9628
f 9452 9625 9627 9454
f 9458 9457 9630 9631
f 9455 9628 9630 9457
f 9461 9460 9633 9634
f 9458 9631 9633 9460
f 9464 9463 9636 9637
f 9461 9634 9636 9463
f 9467 9466 9639 9640
f 9464 9637 9639 9466
f 9470 9469 9642 9643
f 9467 9640 9642 9469
f 9473 9472 9645 9646
f 9472 9475 9647 9645
f 9470 9643 9647 9475
f 9478 9477 9649 9650
f 9473 9646 9649 9477
f 9480 9482 9652 9653
f 9478 9650 9652 9482
f 9485 9484 9655 9656
f 9481 9480 9657 9484
f 9484 9657 9658 9655
f 9480 9653 9658 9657
f 9488 9487 9660 9661
f 9485 9656 9660 9487
f 9491 9490 9663 9664
f 9488 9661 9663 9490
f 9494 9493 9666 9667
f 9491 9664 9666 9493
f 9498 9497 9669 9670
f 9494 9667 9669 9497
f 9502 9501 9672 9673
f 9498 9670 9672 9501
f 9505 9504 9675 9676
f 9502 9673 9675 9504
f 9508 9507 9678 9679
f 9505 9676 9678 9507
f 9511 9510 9681 9682
f 9508 9679 9681 9510
f 9509 9512 9683 9680
f 9511 9682 9684 9513
f 9512 9514 9685 9683
f 9516 9515 9686 9687
f 9513 9684 9686 9515
f 9518 9517 9688 9689
f 9516 9687 9688 9517
f 9514 9518 9689 9685
f 9690 9691 9692 9693
f 9520 9690 9693 9521
f 9521 9693 9692 9523
f 9520 9524 9691 9690
f 9523 9692 9694 9525
f 9524 9526 9695 9691
f 9525 9694 9696 9527
f 9526 9528 9697 9695
f 9527 9696 9698 9529
f 9528 9530 9699 9697
f 9529 9698 9700 9532
f 9530 9531 9701 9699
f 9531 9535 9702 9701
f 9700 9703 9704 9705
f 9532 9700 9705 9533
f 9533 9705 9704 9536
f 9535 9537 9706 9702
f 9536 9704 9707 9538
f 9537 9539 9708 9706
f 9538 9707 9709 9540
f 9709 9711 9712 9713
f 9540 9709 9713 9541
f 9541 9713 9712 9544
f 9544 9712 9715 9546
f 9546 9715 9717 9548
f 9717 9719 9720 9721
f 9548 9717 9721 9549
f 9549 9721 9720 9552
f 9552 9720 9723 9554
f 9554 9723 9725 9555
f 9555 9725 9726 9558
f 9726 9728 9729 9730
f 9558 9726 9730 9560
f 9560 9730 9729 9561
f 9561 9729 9732 9563
f 9563 9732 9734 9564
f 9564 9734 9735 9567
f 9735 9737 9738 9739
f 9567 9735 9739 9568
f 9568 9739 9738 9571
f 9738 9741 9742 9743
f 9571 9738 9743 9573
f 9573 9743 9742 9574
f 9742 9745 9746 9747
f 9574 9742 9747 9576
f 9576 9747 9746 9577
f 9577 9746 9749 9579
f 9579 9749 9750 9580
f 9580 9750 9752 9582
f 9582 9752 9753 9583
f 9583 9753 9755 9585
f 9585 9755 9756 9586
f 9586 9756 9758 9587
f 9587 9758 9759 9590
f 9590 9759 9761 9591
f 9761 9762 9763 9764
f 9591 9761 9764 9594
f 9594 9764 9763 9595
f 9595 9763 9766 9597
f 9597 9766 9767 9598
f 9598 9767 9769 9600
f 9600 9769 9770 9601
f 9601 9770 9772 9603
f 9603 9772 9773 9604
f 9604 9773 9775 9606
f 9606 9775 9776 9607
f 9607 9776 9778 9609
f 9609 9778 9779 9610
f 9610 9779 9781 9612
f 9612 9781 9782 9613
f 9613 9782 9784 9615
f 9784 9786 9787 9788
f 9615 9784 9788 9617
f 9617 9788 9787 9618
f 9618 9787 9790 9620
f 9620 9790 9792 9622
f 9794 9795 9796 9792
f 9623 9622 9797 9625
f 9625 9797 9796 9795
f 9622 9792 9796 9797
f 9628 9627 9799 9800
f 9625 9795 9799 9627
f 9628 9800 9802 9630
f 9631 9630 9804 9633
f 9633 9804 9805 9806
f 9630 9802 9805 9804
f 9637 9636 9808 9809
f 9634 9633 9810 9636
f 9636 9810 9811 9808
f 9633 9806 9811 9810
f 9640 9639 9813 9814
f 9637 9809 9813 9639
f 9643 9642 9816 9817
f 9640 9814 9816 9642
f 9646 9645 9819 9820
f 9645 9647 9821 9819
f 9643 9817 9821 9647
f 9650 9649 9823 9824
f 9646 9820 9823 9649
f 9653 9652 9826 9827
f 9650 9824 9826 9652
f 9656 9655 9829 9830
f 9655 9658 9831 9829
f 9653 9827 9831 9658
f 9661 9660 9833 9834
f 9656 9830 9833 9660
f 9664 9663 9836 9837
f 9661 9834 9836 9663
f 9667 9666 9839 9840
f 9664 9837 9839 9666
f 9670 9669 9842 9843
f 9667 9840 9842 9669
f 9673 9672 9845 9846
f 9670 9843 9845 9672
f 9676 9675 9848 9849
f 9673 9846 9848 9675
f 9679 9678 9851 9852
f 9676 9849 9851 9678
f 9679 9852 9854 9681
f 9682 9681 9856 9684
f 9684 9856 9857 9858
f 9681 9854 9857 9856
f 9683 9685 9859 9855
f 9687 9686 9860 9861
f 9684 9858 9860 9686
f 9689 9688 9862 9863
f 9687 9861 9862 9688
f 9685 9689 9863 9859
f 9864 9865 9866 9867
f 9691 9864 9867 9692
f 9692 9867 9866 9694
f 9691 9695 9865 9864
f 9694 9866 9868 9696
f 9695 9697 9869 9865
f 9696 9868 9870 9698
f 9697 9699 9871 9869
f 9698 9870 9872 9700
f 9699 9701 9873 9871
f 9700 9872 9874 9703
f 9701 9702 9875 9873
f 9702 9706 9876 9875
f 9874 9877 9878 9879
f 9703 9874 9879 9704
f 9704 9879 9878 9707
f 9706 9708 9880 9876
f 9707 9878 9881 9709
f 9708 9710 9882 9880
f 9709 9881 9883 9711
f 9883 9885 9886 9887
f 9711 9883 9887 9712
f 9712 9887 9886 9715
f 9715 9886 9889 9717
f 9717 9889 9891 9719
f 9719 9891 9893 9720
f 9720 9893 9894 9723
f 9894 9896 9897 9898
f 9723 9894 9898 9725
f 9725 9898 9897 9726
f 9726 9897 9900 9728
f 9900 9902 9903 9904
f 9728 9900 9904 9729
f 9729 9904 9903 9732
f 9903 9906 9907 9908
f 9732 9903 9908 9734
f 9734 9908 9907 9735
f 9735 9907 9910 9737
f 9737 9910 9912 9738
f 9738 9912 9913 9741
f 9741 9913 9915 9742
f 9742 9915 9916 9745
f 9745 9916 9918 9746
f 9918 9919 9920 9921
f 9746 9918 9921 9749
f 9749 9921 9920 9750
f 9920 9923 9924 9925
f 9750 9920 9925 9752
f 9752 9925 9924 9753
f 9924 9927 9928 9929
f 9753 9924 9929 9755
f 9755 9929 9928 9756
f 9756 9928 9931 9758
f 9758 9931 9932 9759
f 9759 9932 9934 9761
f 9761 9934 9935 9762
f 9762 9935 9937 9763
f 9937 9938 9939 9940
f 9763 9937 9940 9766
f 9766 9940 9939 9767
f 9939 9942 9943 9944
f 9767 9939 9944 9769
f 9769 9944 9943 9770
f 9943 9946 9947 9948
f 9770 9943 9948 9772
f 9772 9948 9947 9773
f 9773 9947 9950 9775
f 9775 9950 9951 9776
f 9951 9953 9954 9955
f 9776 9951 9955 9778
f 9778 9955 9954 9779
f 9954 9957 9958 9959
f 9779 9954 9959 9781
f 9781 9959 9958 9782
f 9782 9958 9961 9784
f 9784 9961 9963 9786
f 9963 9965 9966 9967
f 9786 9963 9967 9787
f 9787 9967 9966 9790
f 9965 9969 9970 9966
f 9794 9792 9970 9969
f 9790 9966 9970 9792
f 9794 9969 9972 9795
f 9800 9799 9974 9975
f 9795 9972 9974 9799
f 9800 9975 9977 9802
f 9979 9980 9981 9977
f 9806 9805 9981 9980
f 9802 9977 9981 9805
f 9809 9808 9983 9984
f 9985 9983 9986 9980
f 9808 9811 9986 9983
f 9806 9980 9986 9811
f 9814 9813 9988 9989
f 9809 9984 9988 9813
f 9817 9816 9991 9992
f 9814 9989 9991 9816
f 9820 9819 9994 9995
f 9819 9821 9996 9994
f 9817 9992 9996 9821
f 9824 9823 9998 9999
f 9820 9995 9998 9823
f 9827 9826 10001 10002
f 9824 9999 10001 9826
f 9830 9829 10004 10005
f 9829 9831 10006 10004
f 9827 10002 10006 9831
f 9834 9833 10008 10009
f 9830 10005 10008 9833
f 9837 9836 10011 10012
f 9834 10009 10011 9836
f 9840 9839 10014 10015
f 9837 10012 10014 9839
f 9843 9842 10017 10018
f 9840 10015 10017 9842
f 9846 9845 10020 10021
f 9843 10018 10020 9845
f 9849 9848 10023 10024
f 9846 10021 10023 9848
f 9852 9851 10026 10027
f 9849 10024 10026 9851
f 9852 10027 10029 9854
f 10031 10032 10033 10029
f 9858 9857 10033 10032
f 9854 10029 10033 9857
f 9855 9859 10034 10030
f 9861 9860 10035 10036
f 9858 10032 10035 9860
f 9863 9862 10037 10038
f 9861 10036 10037 9862
f 9859 9863 10038 10034
f 10039 10040 10041 10042
f 9865 10039 10042 9866
f 9866 10042 10041 9868
f 9865 9869 10040 10039
f 9868 10041 10043 9870
f 9869 9871 10044 10040
f 9870 10043 10045 9872
f 9871 9873 10046 10044
f 9872 10045 10047 9874
f 9873 9875 10048 10046
f 9874 10047 10049 9877
f 9875 9876 10050 10048
f 9876 9880 10051 10050
f 10049 10052 10053 10054
f 9877 10049 10054 9878
f 9878 10054 10053 9881
f 9880 9882 10055 10051
f 9881 10053 10056 9883
f 9882 9884 10057 10055
f 9883 10056 10058 9885
f 10058 10060 10061 10062
f 9885 10058 10062 9886
f 9886 10062 10061 9889
f 9889 10061 10064 9891
f 10064 10066 10067 10068
f 9891 10064 10068 9893
f 9893 10068 10067 9894
f 9894 10067 10070 9896
f 10070 10072 10073 10074
f 9896 10070 10074 9897
f 9897 10074 10073 9900
f 9900 10073 10076 9902
f 9902 10076 10078 9903
f 9903 10078 10079 9906
f 9906 10079 10081 9907
f 9907 10081 10082 9910
f 9910 10082 10084 9912
f 9912 10084 10085 9913
f 9913 10085 10087 9915
f 9915 10087 10088 9916
f 9916 10088 10090 9918
f 9918 10090 10091 9919
f 9919 10091 10093 9920
f 9920 10093 10094 9923
f 9923 10094 10096 9924
f 9924 10096 10097 9927
f 9927 10097 10099 9928
f 10099 10100 10101 10102
f 9928 10099 10102 9931
f 9931 10102 10101 9932
f 10101 10104 10105 10106
f 9932 10101 10106 9934
f 9934 10106 10105 9935
f 9935 10105 10108 9937
f 9937 10108 10109 9938
f 9938 10109 10111 9939
f 9939 10111 10112 9942
f 9942 10112 10114 9943
f 9943 10114 10115 9946
f 9946 10115 10117 9947
f 10117 10118 10119 10120
f 9947 10117 10120 9950
f 9950 10120 10119 9951
f 9951 10119 10122 9953
f 9953 10122 10124 9954
f 9954 10124 10125 9957
f 10125 10127 10128 10129
f 9957 10125 10129 9958
f 9958 10129 10128 9961
f 9961 10128 10131 9963
f 9963 10131 10133 9965
f 9965 10133 10135 9969
f 9969 10135 10137 9972
f 10139 10140 10141 10137
f 9975 9974 10141 10140
f 9972 10137 10141 9974
f 9979 9977 10143 10144
f 9975 10140 10143 9977
f 9985 9980 10146 10147
f 9979 10144 10146 9980
f 9984 9983 10149 10150
f 9985 10147 10149 9983
f 9989 9988 10152 10153
f 9984 10150 10152 9988
f 9992 9991 10155 10156
f 9989 10153 10155 9991
f 9995 9994 10158 10159
f 9994 9996 10160 10158
f 9992 10156 10160 9996
f 9999 9998 10162 10163
f 9995 10159 10162 9998
f 10002 10001 10165 10166
f 9999 10163 10165 10001
f 10005 10004 10168 10169
f 10004 10006 10170 10168
f 10002 10166 10170 10006
f 10009 10008 10172 10173
f 10005 10169 10172 10008
f 10012 10011 10175 10176
f 10009 10173 10175 10011
f 10015 10014 10178 10179
f 10012 10176 10178 10014
f 10018 10017 10181 10182
f 10015 10179 10181 10017
f 10021 10020 10184 10185
f 10018 10182 10184 10020
f 10024 10023 10187 10188
f 10021 10185 10187 10023
f 10027 10026 10190 10191
f 10024 10188 10190 10026
f 10031 10029 10193 10194
f 10027 10191 10193 10029
f 10028 10030 10195 10192
f 10031 10194 10196 10032
f 10030 10034 10197 10195
f 10036 10035 10198 10199
f 10032 10196 10198 10035
f 10038 10037 10200 10201
f 10036 10199 10200 10037
f 10034 10038 10201 10197
f 10202 10203 10204 10205
f 10040 10202 10205 10041
f 10041 10205 10204 10043
f 10040 10044 10203 10202
f 10043 10204 10206 10045
f 10044 10046 10207 10203
f 10045 10206 10208 10047
f 10046 10048 10209 10207
f 10047 10208 10210 10049
f 10048 10050 10211 10209
f 10049 10210 10212 10052
f 10050 10051 10213 10211
f 10051 10055 10214 10213
f 10212 10215 10216 10217
f 10052 10212 10217 10053
f 10053 10217 10216 10056
f 10055 10057 10218 10214
f 10056 10216 10219 10058
f 10057 10059 10220 10218
f 10058 10219 10221 10060
f 10221 10223 10224 10225
f 10060 10221 10225 10061
f 10061 10225 10224 10064
f 10064 10224 10227 10066
f 10227 10229 10230 10231
f 10066 10227 10231 10067
f 10067 10231 10230 10070
f 10070 10230 10233 10072
f 10072 10233 10235 10073
f 10073 10235 10236 10076
f 10236 10238 10239 10240
f 10076 10236 10240 10078
f 10078 10240 10239 10079
f 10239 10242 10243 10244
f 10079 10239 10244 10081
f 10081 10244 10243 10082
f 10243 10246 10247 10248
f 10082 10243 10248 10084
f 10084 10248 10247 10085
f 10247 10250 10251 10252
f 10085 10247 10252 10087
f 10087 10252 10251 10088
f 10251 10254 10255 10256
f 10088 10251 10256 10090
f 10090 10256 10255 10091
f 10255 10258 10259 10260
f 10091 10255 10260 10093
f 10093 10260 10259 10094
f 10094 10259 10262 10096
f 10096 10262 10263 10097
f 10097 10263 10265 10099
f 10099 10265 10266 10100
f 10100 10266 10268 10101
f 10101 10268 10269 10104
f 10104 10269 10271 10105
f 10271 10272 10273 10274
f 10105 10271 10274 10108
f 10108 10274 10273 10109
f 10273 10276 10277 10278
f 10109 10273 10278 10111
f 10111 10278 10277 10112
f 10112 10277 10280 10114
f 10114 10280 10281 10115
f 10115 10281 10283 10117
f 10117 10283 10284 10118
f 10284 10286 10287 10288
f 10118 10284 10288 10119
f 10119 10288 10287 10122
f 10287 10290 10291 10292
f 10122 10287 10292 10124
f 10124 10292 10291 10125
f 10125 10291 10294 10127
f 10294 10296 10297 10298
f 10127 10294 10298 10128
f 10128 10298 10297 10131
f 10131 10297 10300 10133
f 10133 10300 10302 10135
f 10304 10305 10306 10302
f 10139 10137 10306 10305
f 10135 10302 10306 10137
f 10139 10305 10308 10140
f 10310 10311 10312 10308
f 10144 10143 10312 10311
f 10140 10308 10312 10143
f 10147 10146 10314 10315
f 10144 10311 10314 10146
f 10150 10149 10317 10318
f 10147 10315 10317 10149
f 10153 10152 10320 10321
f 10150 10318 10320 10152
f 10323 10324 10325 10321
f 10156 10155 10325 10324
f 10153 10321 10325 10155
f 10159 10158 10327 10328
f 10329 10327 10330 10324
f 10158 10160 10330 10327
f 10156 10324 10330 10160
f 10163 10162 10332 10333
f 10159 10328 10332 10162
f 10166 10165 10335 10336
f 10163 10333 10335 10165
f 10169 10168 10338 10339
f 10340 10338 10341 10336
f 10168 10170 10341 10338
f 10166 10336 10341 10170
f 10173 10172 10343 10344
f 10169 10339 10343 10172
f 10176 10175 10346 10347
f 10173 10344 10346 10175
f 10179 10178 10349 10350
f 10176 10347 10349 10178
f 10352 10353 10354 10350
f 10182 10181 10354 10353
f 10179 10350 10354 10181
f 10356 10357 10358 10353
f 10185 10184 10358 10357
f 10182 10353 10358 10184
f 10188 10187 10360 10361
f 10185 10357 10360 10187
f 10191 10190 10363 10364
f 10188 10361 10363 10190
f 10194 10193 10366 10367
f 10191 10364 10366 10193
f 10192 10195 10368 10365
f 10194 10367 10369 10196
f 10195 10197 10370 10368
f 10199 10198 10371 10372
f 10196 10369 10371 10198
f 10201 10200 10373 10374
f 10199 10372 10373 10200
f 10197 10201 10374 10370
f 10375 10376 10377 10378
f 10203 10375 10378 10204
f 10204 10378 10377 10206
f 10203 10207 10376 10375
f 10206 10377 10379 10208
f 10207 10209 10380 10376
f 10208 10379 10381 10210
f 10209 10211 10382 10380
f 10210 10381 10383 10212
f 10211 10213 10384 10382
f 10212 10383 10385 10215
f 10213 10214 10386 10384
f 10214 10218 10387 10386
f 10215 10385 10388 10216
f 10216 10388 10389 10219
f 10218 10220 10390 10387
f 10219 10389 10391 10221
f 10220 10222 10392 10390
f 10221 10391 10393 10223
f 10223 10393 10395 10224
f 10224 10395 10396 10227
f 10227 10396 10398 10229
f 10229 10398 10400 10230
f 10230 10400 10401 10233
f 10401 10403 10404 10405
f 10233 10401 10405 10235
f 10235 10405 10404 10236
f 10236 10404 10407 10238
f 10238 10407 10409 10239
f 10239 10409 10410 10242
f 10242 10410 10412 10243
f 10243 10412 10413 10246
f 10246 10413 10415 10247
f 10247 10415 10416 10250
f 10250 10416 10418 10251
f 10251 10418 10419 10254
f 10254 10419 10421 10255
f 10255 10421 10422 10258
f 10258 10422 10424 10259
f 10424 10425 10426 10427
f 10259 10424 10427 10262
f 10262 10427 10426 10263
f 10426 10429 10430 10431
f 10263 10426 10431 10265
f 10265 10431 10430 10266
f 10430 10433 10434 10435
f 10266 10430 10435 10268
f 10268 10435 10434 10269
f 10269 10434 10437 10271
f 10271 10437 10438 10272
f 10272 10438 10440 10273
f 10273 10440 10441 10276
f 10276 10441 10443 10277
f 10443 10444 10445 10446
f 10277 10443 10446 10280
f 10280 10446 10445 10281
f 10445 10448 10449 10450
f 10281 10445 10450 10283
f 10283 10450 10449 10284
f 10284 10449 10452 10286
f 10286 10452 10454 10287
f 10287 10454 10455 10290
f 10455 10457 10458 10459
f 10290 10455 10459 10291
f 10291 10459 10458 10294
f 10294 10458 10461 10296
f 10461 10463 10464 10465
f 10296 10461 10465 10297
f 10297 10465 10464 10300
f 10463 10467 10468 10464
f 10304 10302 10468 10467
f 10300 10464 10468 10302
f 10304 10467 10470 10305
f 10472 10473 10474 10470
f 10310 10308 10474 10473
f 10305 10470 10474 10308
f 10310 10473 10476 10311
f 10478 10479 10480 10476
f 10315 10314 10480 10479
f 10311 10476 10480 10314
f 10482 10483 10484 10479
f 10318 10317 10484 10483
f 10315 10479 10484 10317
f 10323 10321 10486 10487
f 10488 10486 10489 10483
f 10321 10320 10489 10486
f 10318 10483 10489 10320
f 10329 10324 10491 10492
f 10323 10487 10491 10324
f 10328 10327 10494 10495
f 10329 10492 10494 10327
f 10333 10332 10497 10498
f 10328 10495 10497 10332
f 10340 10336 10500 10501
f 10502 10500 10503 10498
f 10336 10335 10503 10500
f 10333 10498 10503 10335
f 10339 10338 10505 10506
f 10340 10501 10505 10338
f 10344 10343 10508 10509
f 10339 10506 10508 10343
f 10347 10346 10511 10512
f 10344 10509 10511 10346
f 10352 10350 10514 10515
f 10516 10514 10517 10512
f 10350 10349 10517 10514
f 10347 10512 10517 10349
f 10356 10353 10519 10520
f 10352 10515 10519 10353
f 10356 10520 10522 10357
f 10524 10525 10526 10522
f 10361 10360 10526 10525
f 10357 10522 10526 10360
f 10364 10363 10528 10529
f 10361 10525 10528 10363
f 10367 10366 10531 10532
f 10364 10529 10531 10366
f 10365 10368 10533 10530
f 10367 10532 10534 10369
f 10368 10370 10535 10533
f 10372 10371 10536 10537
f 10369 10534 10536 10371
f 10374 10373 10538 10539
f 10372 10537 10538 10373
f 10370 10374 10539 10535
f 10540 10541 10542 10543
f 10376 10540 10543 10377
f 10377 10543 10542 10379
f 10376 10380 10541 10540
f 10379 10542 10544 10381
f 10380 10382 10545 10541
f 10381 10544 10546 10383
f 10382 10384 10547 10545
f 10383 10546 10548 10385
f 10384 10386 10549 10547
f 10386 10387 10550 10549
f 10548 10551 10552 10553
f 10385 10548 10553 10388
f 10388 10553 10552 10389
f 10387 10390 10554 10550
f 10389 10552 10555 10391
f 10390 10392 10556 10554
f 10391 10555 10557 10393
f 10557 10559 10560 10561
f 10393 10557 10561 10395
f 10395 10561 10560 10396
f 10396 10560 10563 10398
f 10563 10565 10566 10567
f 10398 10563 10567 10400
f 10400 10567 10566 10401
f 10401 10566 10569 10403
f 10403 10569 10571 10404
f 10404 10571 10572 10407
f 10572 10574 10575 10576
f 10407 10572 10576 10409
f 10409 10576 10575 10410
f 10575 10578 10579 10580
f 10410 10575 10580 10412
f 10412 10580 10579 10413
f 10579 10582 10583 10584
f 10413 10579 10584 10415
f 10415 10584 10583 10416
f 10583 10586 10587 10588
f 10416 10583 10588 10418
f 10418 10588 10587 10419
f 10587 10590 10591 10592
f 10419 10587 10592 10421
f 10421 10592 10591 10422
f 10591 10594 10595 10596
f 10422 10591 10596 10424
f 10424 10596 10595 10425
f 10425 10595 10598 10426
f 10426 10598 10599 10429
f 10429 10599 10601 10430
f 10430 10601 10602 10433
f 10433 10602 10604 10434
f 10604 10605 10606 10607
f 10434 10604 10607 10437
f 10437 10607 10606 10438
f 10606 10609 10610 10611
f 10438 10606 10611 10440
f 10440 10611 10610 10441
f 10610 10613 10614 10615
f 10441 10610 10615 10443
f 10443 10615 10614 10444
f 10614 10617 10618 10619
f 10444 10614 10619 10445
f 10445 10619 10618 10448
f 10618 10621 10622 10623
f 10448 10618 10623 10449
f 10449 10623 10622 10452
f 10622 10625 10626 10627
f 10452 10622 10627 10454
f 10454 10627 10626 10455
f 10625 10629 10630 10626
f 10455 10626 10630 10457
f 10630 10632 10633 10634
f 10457 10630 10634 10458
f 10458 10634 10633 10461
f 10632 10636 10637 10633
f 10461 10633 10637 10463
f 10636 10639 10640 10637
f 10463 10637 10640 10467
f 10639 10642 10643 10640
f 10472 10470 10643 10642
f 10467 10640 10643 10470
f 10472 10642 10645 10473
f 10647 10648 10649 10645
f 10478 10476 10649 10648
f 10473 10645 10649 10476
f 10651 10652 10653 10648
f 10482 10479 10653 10652
f 10478 10648 10653 10479
f 10488 10483 10655 10656
f 10482 10652 10655 10483
f 10487 10486 10658 10659
f 10488 10656 10658 10486
f 10661 10662 10663 10659
f 10492 10491 10663 10662
f 10487 10659 10663 10491
f 10665 10666 10667 10662
f 10495 10494 10667 10666
f 10492 10662 10667 10494
f 10502 10498 10669 10670
f 10671 10669 10672 10666
f 10498 10497 10672 10669
f 10495 10666 10672 10497
f 10501 10500 10674 10675
f 10502 10670 10674 10500
f 10506 10505 10677 10678
f 10501 10675 10677 10505
f 10680 10681 10682 10678
f 10509 10508 10682 10681
f 10506 10678 10682 10508
f 10516 10512 10684 10685
f 10686 10684 10687 10681
f 10512 10511 10687 10684
f 10509 10681 10687 10511
f 10515 10514 10689 10690
f 10516 10685 10689 10514
f 10520 10519 10692 10693
f 10515 10690 10692 10519
f 10524 10522 10695 10696
f 10520 10693 10695 10522
f 10524 10696 10698 10525
f 10529 10528 10700 10701
f 10525 10698 10700 10528
f 10532 10531 10703 10704
f 10529 10701 10703 10531
f 10530 10533 10705 10702
f 10532 10704 10706 10534
f 10533 10535 10707 10705
f 10537 10536 10708 10709
f 10534 10706 10708 10536
f 10539 10538 10710 10711
f 10537 10709 10710 10538
f 10535 10539 10711 10707
f 10541 10712 10713 10542
f 10542 10713 10714 10544
f 10541 10545 10715 10712
f 10544 10714 10716 10546
f 10545 10547 10717 10715
f 10546 10716 10718 10548
f 10547 10549 10719 10717
f 10548 10718 10720 10551
f 10549 10550 10721 10719
f 10550 10554 10722 10721
f 10720 10723 10724 10725
f 10551 10720 10725 10552
f 10552 10725 10724 10555
f 10554 10556 10726 10722
f 10555 10724 10727 10557
f 10556 10558 10728 10726
f 10557 10727 10729 10559
f 10559 10729 10731 10560
f 10560 10731 10732 10563
f 10563 10732 10734 10565
f 10565 10734 10736 10566
f 10566 10736 10737 10569
f 10737 10739 10740 10741
f 10569 10737 10741 10571
f 10571 10741 10740 10572
f 10572 10740 10743 10574
f 10574 10743 10745 10575
f 10575 10745 10746 10578
f 10578 10746 10748 10579
f 10579 10748 10749 10582
f 10582 10749 10751 10583
f 10583 10751 10752 10586
f 10586 10752 10754 10587
f 10587 10754 10755 10590
f 10590 10755 10757 10591
f 10591 10757 10758 10594
f 10594 10758 10760 10595
f 10760 10761 10762 10763
f 10595 10760 10763 10598
f 10598 10763 10762 10599
f 10762 10765 10766 10767
f 10599 10762 10767 10601
f 10601 10767 10766 10602
f 10766 10769 10770 10771
f 10602 10766 10771 10604
f 10604 10771 10770 10605
f 10770 10773 10774 10775
f 10605 10770 10775 10606
f 10606 10775 10774 10609
f 10774 10777 10778 10779
f 10609 10774 10779 10610
f 10610 10779 10778 10613
f 10778 10781 10782 10783
f 10613 10778 10783 10614
f 10614 10783 10782 10617
f 10782 10785 10786 10787
f 10617 10782 10787 10618
f 10618 10787 10786 10621
f 10786 10789 10790 10791
f 10621 10786 10791 10622
f 10622 10791 10790 10625
f 10625 10790 10793 10629
f 10793 10795 10796 10797
f 10629 10793 10797 10630
f 10630 10797 10796 10632
f 10795 10799 10800 10796
f 10632 10796 10800 10636
f 10799 10802 10803 10800
f 10636 10800 10803 10639
f 10802 10805 10806 10803
f 10639 10803 10806 10642
f 10805 10808 10809 10806
f 10647 10645 10809 10808
f 10642 10806 10809 10645
f 10811 10812 10813 10808
f 10651 10648 10813 10812
f 10647 10808 10813 10648
f 10651 10812 10815 10652
f 10817 10818 10819 10815
f 10656 10655 10819 10818
f 10652 10815 10819 10655
f 10661 10659 10821 10822
f 10823 10821 10824 10818
f 10659 10658 10824 10821
f 10656 10818 10824 10658
f 10665 10662 10826 10827
f 10661 10822 10826 10662
f 10671 10666 10829 10830
f 10665 10827 10829 10666
f 10670 10669 10832 10833
f 10671 10830 10832 10669
f 10835 10836 10837 10833
f 10675 10674 10837 10836
f 10670 10833 10837 10674
f 10680 10678 10839 10840
f 10841 10839 10842 10836
f 10678 10677 10842 10839
f 10675 10836 10842 10677
f 10686 10681 10844 10845
f 10680 10840 10844 10681
f 10685 10684 10847 10848
f 10686 10845 10847 10684
f 10690 10689 10850 10851
f 10685 10848 10850 10689
f 10693 10692 10853 10854
f 10690 10851 10853 10692
f 10696 10695 10856 10857
f 10693 10854 10856 10695
f 10696 10857 10859 10698
f 10861 10862 10863 10859
f 10701 10700 10863 10862
f 10698 10859 10863 10700
f 10704 10703 10865 10866
f 10701 10862 10865 10703
f 10702 10705 10867 10864
f 10704 10866 10868 10706
f 10705 10707 10869 10867
f 10709 10708 10870 10871
f 10706 10868 10870 10708
f 10711 10710 10872 10873
f 10709 10871 10872 10710
f 10707 10711 10873 10869
f 10874 10875 10876 10877
f 10712 10874 10877 10713
f 10713 10877 10876 10714
f 10712 10715 10875 10874
f 10714 10876 10878 10716
f 10715 10717 10879 10875
f 10716 10878 10880 10718
f 10717 10719 10881 10879
f 10718 10880 10882 10720
f 10719 10721 10883 10881
f 10720 10882 10884 10723
f 10721 10722 10885 10883
f 10722 10726 10886 10885
f 10723 10884 10887 10724
f 10724 10887 10888 10727
f 10726 10728 10889 10886
f 10727 10888 10890 10729
f 10890 10892 10893 10894
f 10729 10890 10894 10731
f 10731 10894 10893 10732
f 10732 10893 10896 10734
f 10896 10898 10899 10900
f 10734 10896 10900 10736
f 10736 10900 10899 10737
f 10737 10899 10902 10739
f 10739 10902 10904 10740
f 10740 10904 10905 10743
f 10743 10905 10907 10745
f 10745 10907 10908 10746
f 10908 10910 10911 10912
f 10746 10908 10912 10748
f 10748 10912 10911 10749
f 10911 10914 10915 10916
f 10749 10911 10916 10751
f 10751 10916 10915 10752
f 10915 10918 10919 10920
f 10752 10915 10920 10754
f 10754 10920 10919 10755
f 10919 10922 10923 10924
f 10755 10919 10924 10757
f 10757 10924 10923 10758
f 10923 10926 10927 10928
f 10758 10923 10928 10760
f 10760 10928 10927 10761
f 10761 10927 10930 10762
f 10762 10930 10931 10765
f 10765 10931 10933 10766
f 10766 10933 10934 10769
f 10769 10934 10936 10770
f 10770 10936 10937 10773
f 10773 10937 10939 10774
f 10774 10939 10940 10777
f 10777 10940 10942 10778
f 10778 10942 10943 10781
f 10943 10945 10946 10947
f 10781 10943 10947 10782
f 10782 10947 10946 10785
f 10946 10949 10950 10951
f 10785 10946 10951 10786
f 10786 10951 10950 10789
f 10950 10953 10954 10955
f 10789 10950 10955 10790
f 10790 10955 10954 10793
f 10953 10957 10958 10954
f 10793 10954 10958 10795
f 10957 10960 10961 10958
f 10795 10958 10961 10799
f 10960 10963 10964 10961
f 10799 10961 10964 10802
f 10963 10966 10967 10964
f 10802 10964 10967 10805
f 10966 10969 10970 10967
f 10811 10808 10970 10969
f 10805 10967 10970 10808
f 10972 10973 10974 10969
f 10811 10969 10974 10812
f 10973 10976 10977 10974
f 10817 10815 10977 10976
f 10812 10974 10977 10815
f 10979 10980 10981 10976
f 10823 10818 10981 10980
f 10817 10976 10981 10818
f 10983 10984 10985 10980
f 10822 10821 10985 10984
f 10823 10980 10985 10821
f 10987 10988 10989 10984
f 10827 10826 10989 10988
f 10822 10984 10989 10826
f 10991 10992 10993 10988
f 10830 10829 10993 10992
f 10827 10988 10993 10829
f 10835 10833 10995 10996
f 10997 10995 10998 10992
f 10833 10832 10998 10995
f 10830 10992 10998 10832
f 10841 10836 11000 11001
f 10835 10996 11000 10836
f 10840 10839 11003 11004
f 10841 11001 11003 10839
f 10845 10844 11006 11007
f 10840 11004 11006 10844
f 10848 10847 11009 11010
f 10845 11007 11009 10847
f 10851 10850 11012 11013
f 10848 11010 11012 10850
f 10854 10853 11015 11016
f 10851 11013 11015 10853
f 10857 10856 11018 11019
f 10854 11016 11018 10856
f 10861 10859 11021 11022
f 10857 11019 11021 10859
f 10861 11022 11024 10862
f 10866 10865 11026 11027
f 10862 11024 11026 10865
f 10864 10867 11028 11025
f 10866 11027 11029 10868
f 10867 10869 11030 11028
f 10871 10870 11031 11032
f 10868 11029 11031 10870
f 10873 10872 11033 11034
f 10871 11032 11033 10872
f 10869 10873 11034 11030
f 11035 11036 11037 11038
f 10875 11035 11038 10876
f 10876 11038 11037 10878
f 10875 10879 11036 11035
f 10878 11037 11039 10880
f 10879 10881 11040 11036
f 10880 11039 11041 10882
f 10881 10883 11042 11040
f 10882 11041 11043 10884
f 10883 10885 11044 11042
f 10885 10886 11045 11044
f 11043 11046 11047 11048
f 10884 11043 11048 10887
f 10887 11048 11047 10888
f 10886 10889 11049 11045
f 10888 11047 11050 10890
f 10889 10891 11051 11049
f 10890 11050 11052 10892
f 10892 11052 11054 10893
f 10893 11054 11055 10896
f 10896 11055 11057 10898
f 10898 11057 11059 10899
f 10899 11059 11060 10902
f 11060 11062 11063 11064
f 10902 11060 11064 10904
f 10904 11064 11063 10905
f 11063 11066 11067 11068
f 10905 11063 11068 10907
f 10907 11068 11067 10908
f 10908 11067 11070 10910
f 10910 11070 11072 10911
f 10911 11072 11073 10914
f 10914 11073 11075 10915
f 10915 11075 11076 10918
f 10918 11076 11078 10919
f 10919 11078 11079 10922
f 10922 11079 11081 10923
f 10923 11081 11082 10926
f 10926 11082 11084 10927
f 11084 11085 11086 11087
f 10927 11084 11087 10930
f 10930 11087 11086 10931
f 11086 11089 11090 11091
f 10931 11086 11091 10933
f 10933 11091 11090 10934
f 11090 11093 11094 11095
f 10934 11090 11095 10936
f 10936 11095 11094 10937
f 11094 11097 11098 11099
f 10937 11094 11099 10939
f 10939 11099 11098 10940
f 11098 11101 11102 11103
f 10940 11098 11103 10942
f 10942 11103 11102 10943
f 10943 11102 11105 10945
f 11105 11107 11108 11109
f 10945 11105 11109 10946
f 10946 11109 11108 10949
f 11108 11111 11112 11113
f 10949 11108 11113 10950
f 10950 11113 11112 10953
f 11111 11115 11116 11112
f 10953 11112 11116 10957
f 11115 11118 11119 11116
f 10957 11116 11119 10960
f 11118 11121 11122 11119
f 10960 11119 11122 10963
f 11121 11124 11125 11122
f 10963 11122 11125 10966
f 11124 11127 11128 11125
f 10972 10969 11128 11127
f 10966 11125 11128 10969
f 10972 11127 11130 10973
f 11132 11133 11134 11130
f 10979 10976 11134 11133
f 10973 11130 11134 10976
f 11136 11137 11138 11133
f 10983 10980 11138 11137
f 10979 11133 11138 10980
f 11140 11141 11142 11137
f 10987 10984 11142 11141
f 10983 11137 11142 10984
f 11144 11145 11146 11141
f 10991 10988 11146 11145
f 10987 11141 11146 10988
f 11148 11149 11150 11145
f 10997 10992 11150 11149
f 10991 11145 11150 10992
f 11152 11153 11154 11149
f 10996 10995 11154 11153
f 10997 11149 11154 10995
f 11156 11157 11158 11153
f 11001 11000 11158 11157
f 10996 11153 11158 11000
f 11160 11161 11162 11157
f 11004 11003 11162 11161
f 11001 11157 11162 11003
f 11164 11165 11166 11161
f 11007 11006 11166 11165
f 11004 11161 11166 11006
f 11168 11169 11170 11165
f 11010 11009 11170 11169
f 11007 11165 11170 11009
f 11172 11173 11174 11169
f 11013 11012 11174 11173
f 11010 11169 11174 11012
f 11176 11177 11178 11173
f 11016 11015 11178 11177
f 11013 11173 11178 11015
f 11180 11181 11182 11177
f 11019 11018 11182 11181
f 11016 11177 11182 11018
f 11022 11021 11184 11185
f 11019 11181 11184 11021
f 11022 11185 11187 11024
f 11189 11190 11191 11187
f 11027 11026 11191 11190
f 11024 11187 11191 11026
f 11025 11028 11192 11188
f 11027 11190 11193 11029
f 11028 11030 11194 11192
f 11195 11196 11197 11193
f 11032 11031 11197 11196
f 11029 11193 11197 11031
f 11034 11033 11198 11199
f 11032 11196 11198 11033
f 11030 11034 11199 11194
f 11200 11201 11202 11203
f 11036 11200 11203 11037
f 11037 11203 11202 11039
f 11036 11040 11201 11200
f 11039 11202 11204 11041
f 11040 11042 11205 11201
f 11041 11204 11206 11043
f 11042 11044 11207 11205
f 11043 11206 11208 11046
f 11044 11045 11209 11207
f 11045 11049 11210 11209
f 11208 11211 11212 11213
f 11046 11208 11213 11047
f 11047 11213 11212 11050
f 11049 11051 11214 11210
f 11050 11212 11215 11052
f 11215 11217 11218 11219
f 11052 11215 11219 11054
f 11054 11219 11218 11055
f 11055 11218 11221 11057
f 11221 11223 11224 11225
f 11057 11221 11225 11059
f 11059 11225 11224 11060
f 11060 11224 11227 11062
f 11062 11227 11229 11063
f 11063 11229 11230 11066
f 11230 11232 11233 11234
f 11066 11230 11234 11067
f 11067 11234 11233 11070
f 11233 11236 11237 11238
f 11070 11233 11238 11072
f 11072 11238 11237 11073
f 11237 11240 11241 11242
f 11073 11237 11242 11075
f 11075 11242 11241 11076
f 11241 11244 11245 11246
f 11076 11241 11246 11078
f 11078 11246 11245 11079
f 11245 11248 11249 11250
f 11079 11245 11250 11081
f 11081 11250 11249 11082
f 11249 11252 11253 11254
f 11082 11249 11254 11084
f 11084 11254 11253 11085
f 11253 11256 11257 11258
f 11085 11253 11258 11086
f 11086 11258 11257 11089
f 11257 11260 11261 11262
f 11089 11257 11262 11090
f 11090 11262 11261 11093
f 11261 11264 11265 11266
f 11093 11261 11266 11094
f 11094 11266 11265 11097
f 11265 11268 11269 11270
f 11097 11265 11270 11098
f 11098 11270 11269 11101
f 11269 11272 11273 11274
f 11101 11269 11274 11102
f 11102 11274 11273 11105
f 11272 11276 11277 11273
f 11105 11273 11277 11107
f 11277 11279 11280 11281
f 11107 11277 11281 11108
f 11108 11281 11280 11111
f 11279 11283 11284 11280
f 11111 11280 11284 11115
f 11283 11286 11287 11284
f 11115 11284 11287 11118
f 11286 11289 11290 11287
f 11118 11287 11290 11121
f 11289 11292 11293 11290
f 11121 11290 11293 11124
f 11292 11295 11296 11293
f 11124 11293 11296 11127
f 11295 11298 11299 11296
f 11132 11130 11299 11298
f 11127 11296 11299 11130
f 11301 11302 11303 11298
f 11136 11133 11303 11302
f 11132 11298 11303 11133
f 11305 11306 11307 11302
f 11140 11137 11307 11306
f 11136 11302 11307 11137
f 11309 11310 11311 11306
f 11144 11141 11311 11310
f 11140 11306 11311 11141
f 11148 11145 11313 11314
f 11144 11310 11313 11145
f 11152 11149 11316 11317
f 11148 11314 11316 11149
f 11156 11153 11319 11320
f 11152 11317 11319 11153
f 11160 11157 11322 11323
f 11156 11320 11322 11157
f 11164 11161 11325 11326
f 11160 11323 11325 11161
f 11168 11165 11328 11329
f 11164 11326 11328 11165
f 11172 11169 11331 11332
f 11168 11329 11331 11169
f 11176 11173 11334 11335
f 11172 11332 11334 11173
f 11180 11177 11337 11338
f 11176 11335 11337 11177
f 11180 11338 11340 11181
f 11342 11343 11344 11340
f 11185 11184 11344 11343
f 11181 11340 11344 11184
f 11189 11187 11346 11347
f 11185 11343 11346 11187
f 11186 11188 11348 11345
f 11189 11347 11349 11190
f 11188 11192 11350 11348
f 11195 11193 11351 11352
f 11190 11349 11351 11193
f 11195 11352 11353 11196
f 11192 11194 11354 11350
f 11199 11198 11355 11356
f 11196 11353 11355 11198
f 11194 11199 11356 11354
f 11201 11357 11358 11202
f 11202 11358 11359 11204
f 11201 11205 11360 11357
f 11204 11359 11361 11206
f 11205 11207 11362 11360
f 11206 11361 11363 11208
f 11207 11209 11364 11362
f 11208 11363 11365 11211
f 11209 11210 11366 11364
f 11210 11214 11367 11366
f 11211 11365 11368 11212
f 11212 11368 11369 11215
f 11214 11216 11370 11367
f 11215 11369 11371 11217
f 11217 11371 11373 11218
f 11218 11373 11374 11221
f 11221 11374 11376 11223
f 11223 11376 11378 11224
f 11224 11378 11379 11227
f 11379 11381 11382 11383
f 11227 11379 11383 11229
f 11229 11383 11382 11230
f 11230 11382 11385 11232
f 11232 11385 11387 11233
f 11233 11387 11388 11236
f 11236 11388 11390 11237
f 11237 11390 11391 11240
f 11240 11391 11393 11241
f 11241 11393 11394 11244
f 11394 11396 11397 11398
f 11244 11394 11398 11245
f 11245 11398 11397 11248
f 11397 11400 11401 11402
f 11248 11397 11402 11249
f 11249 11402 11401 11252
f 11401 11404 11405 11406
f 11252 11401 11406 11253
f 11253 11406 11405 11256
f 11405 11408 11409 11410
f 11256 11405 11410 11257
f 11257 11410 11409 11260
f 11409 11412 11413 11414
f 11260 11409 11414 11261
f 11261 11414 11413 11264
f 11413 11416 11417 11418
f 11264 11413 11418 11265
f 11265 11418 11417 11268
f 11417 11420 11421 11422
f 11268 11417 11422 11269
f 11269 11422 11421 11272
f 11420 11424 11425 11421
f 11272 11421 11425 11276
f 11425 11427 11428 11429
f 11276 11425 11429 11277
f 11277 11429 11428 11279
f 11427 11431 11432 11428
f 11279 11428 11432 11283
f 11431 11434 11435 11432
f 11283 11432 11435 11286
f 11434 11437 11438 11435
f 11286 11435 11438 11289
f 11437 11440 11441 11438
f 11289 11438 11441 11292
f 11440 11443 11444 11441
f 11292 11441 11444 11295
f 11446 11447 11448 11443
f 11443 11448 11449 11444
f 11301 11298 11449 11448
f 11295 11444 11449 11298
f 11447 11451 11452 11448
f 11305 11302 11452 11451
f 11301 11448 11452 11302
f 11454 11455 11456 11451
f 11309 11306 11456 11455
f 11305 11451 11456 11306
f 11309 11455 11458 11310
f 11460 11461 11462 11458
f 11314 11313 11462 11461
f 11310 11458 11462 11313
f 11464 11465 11466 11461
f 11317 11316 11466 11465
f 11314 11461 11466 11316
f 11468 11469 11470 11465
f 11320 11319 11470 11469
f 11317 11465 11470 11319
f 11472 11473 11474 11469
f 11323 11322 11474 11473
f 11320 11469 11474 11322
f 11476 11477 11478 11473
f 11326 11325 11478 11477
f 11323 11473 11478 11325
f 11480 11481 11482 11477
f 11329 11328 11482 11481
f 11326 11477 11482 11328
f 11484 11485 11486 11481
f 11332 11331 11486 11485
f 11329 11481 11486 11331
f 11488 11489 11490 11485
f 11335 11334 11490 11489
f 11332 11485 11490 11334
f 11338 11337 11492 11493
f 11335 11489 11492 11337
f 11342 11340 11495 11496
f 11338 11493 11495 11340
f 11342 11496 11498 11343
f 11347 11346 11500 11501
f 11343 11498 11500 11346
f 11345 11348 11502 11499
f 11347 11501 11503 11349
f 11348 11350 11504 11502
f 11352 11351 11505 11506
f 11349 11503 11505 11351
f 11352 11506 11507 11353
f 11350 11354 11508 11504
f 11356 11355 11509 11510
f 11353 11507 11509 11355
f 11354 11356 11510 11508
f 11511 11512 11513 11514
f 11357 11511 11514 11358
f 11358 11514 11513 11359
f 11357 11360 11512 11511
f 11359 11513 11515 11361
f 11360 11362 11516 11512
f 11361 11515 11517 11363
f 11362 11364 11518 11516
f 11363 11517 11519 11365
f 11364 11366 11520 11518
f 11366 11367 11521 11520
f 11519 11522 11523 11524
f 11365 11519 11524 11368
f 11368 11524 11523 11369
f 11367 11370 11525 11521
f 11369 11523 11526 11371
f 11526 11528 11529 11530
f 11371 11526 11530 11373
f 11373 11530 11529 11374
f 11374 11529 11532 11376
f 11532 11534 11535 11536
f 11376 11532 11536 11378
f 11378 11536 11535 11379
f 11379 11535 11538 11381
f 11381 11538 11540 11382
f 11382 11540 11541 11385
f 11541 11543 11544 11545
f 11385 11541 11545 11387
f 11387 11545 11544 11388
f 11544 11547 11548 11549
f 11388 11544 11549 11390
f 11390 11549 11548 11391
f 11548 11551 11552 11553
f 11391 11548 11553 11393
f 11393 11553 11552 11394
f 11394 11552 11555 11396
f 11396 11555 11557 11397
f 11397 11557 11558 11400
f 11558 11560 11561 11562
f 11400 11558 11562 11401
f 11401 11562 11561 11404
f 11561 11564 11565 11566
f 11404 11561 11566 11405
f 11405 11566 11565 11408
f 11565 11568 11569 11570
f 11408 11565 11570 11409
f 11409 11570 11569 11412
f 11569 11572 11573 11574
f 11412 11569 11574 11413
f 11413 11574 11573 11416
f 11573 11576 11577 11578
f 11416 11573 11578 11417
f 11417 11578 11577 11420
f 11576 11580 11581 11577
f 11420 11577 11581 11424
f 11581 11583 11584 11585
f 11424 11581 11585 11425
f 11425 11585 11584 11427
f 11583 11587 11588 11584
f 11427 11584 11588 11431
f 11587 11590 11591 11588
f 11431 11588 11591 11434
f 11590 11593 11594 11591
f 11434 11591 11594 11437
f 11593 11596 11597 11594
f 11437 11594 11597 11440
f 11596 11599 11600 11597
f 11446 11443 11600 11599
f 11440 11597 11600 11443
f 11602 11603 11604 11599
f 11446 11599 11604 11447
f 11603 11606 11607 11604
f 11454 11451 11607 11606
f 11447 11604 11607 11451
f 11609 11610 11611 11606
f 11454 11606 11611 11455
f 11610 11613 11614 11611
f 11460 11458 11614 11613
f 11455 11611 11614 11458
f 11616 11617 11618 11613
f 11464 11461 11618 11617
f 11460 11613 11618 11461
f 11620 11621 11622 11617
f 11468 11465 11622 11621
f 11464 11617 11622 11465
f 11624 11625 11626 11621
f 11472 11469 11626 11625
f 11468 11621 11626 11469
f 11628 11629 11630 11625
f 11476 11473 11630 11629
f 11472 11625 11630 11473
f 11632 11633 11634 11629
f 11480 11477 11634 11633
f 11476 11629 11634 11477
f 11484 11481 11636 11637
f 11480 11633 11636 11481
f 11488 11485 11639 11640
f 11484 11637 11639 11485
f 11488 11640 11642 11489
f 11644 11645 11646 11642
f 11493 11492 11646 11645
f 11489 11642 11646 11492
f 11496 11495 11648 11649
f 11493 11645 11648 11495
f 11496 11649 11651 11498
f 11653 11654 11655 11651
f 11501 11500 11655 11654
f 11498 11651 11655 11500
f 11499 11502 11656 11652
f 11501 11654 11657 11503
f 11502 11504 11658 11656
f 11659 11660 11661 11657
f 11506 11505 11661 11660
f 11503 11657 11661 11505
f 11506 11660 11662 11507
f 11504 11508 11663 11658
f 11510 11509 11664 11665
f 11507 11662 11664 11509
f 11508 11510 11665 11663
f 11666 11667 11668 11669
f 11512 11666 11669 11513
f 11513 11669 11668 11515
f 11512 11516 11667 11666
f 11515 11668 11670 11517
f 11516 11518 11671 11667
f 11517 11670 11672 11519
f 11518 11520 11673 11671
f 11519 11672 11674 11522
f 11520 11521 11675 11673
f 11521 11525 11676 11675
f 11522 11674 11677 11523
f 11523 11677 11678 11526
f 11525 11527 11679 11676
f 11526 11678 11680 11528
f 11680 11682 11683 11684
f 11528 11680 11684 11529
f 11529 11684 11683 11532
f 11532 11683 11686 11534
f 11534 11686 11688 11535
f 11535 11688 11689 11538
f 11689 11691 11692 11693
f 11538 11689 11693 11540
f 11540 11693 11692 11541
f 11541 11692 11695 11543
f 11543 11695 11697 11544
f 11544 11697 11698 11547
f 11698 11700 11701 11702
f 11547 11698 11702 11548
f 11548 11702 11701 11551
f 11701 11704 11705 11706
f 11551 11701 11706 11552
f 11552 11706 11705 11555
f 11705 11708 11709 11710
f 11555 11705 11710 11557
f 11557 11710 11709 11558
f 11558 11709 11712 11560
f 11712 11714 11715 11716
f 11560 11712 11716 11561
f 11561 11716 11715 11564
f 11715 11718 11719 11720
f 11564 11715 11720 11565
f 11565 11720 11719 11568
f 11719 11722 11723 11724
f 11568 11719 11724 11569
f 11569 11724 11723 11572
f 11722 11726 11727 11723
f 11723 11727 11728 11729
f 11572 11723 11729 11573
f 11573 11729 11728 11576
f 11727 11731 11732 11728
f 11576 11728 11732 11580
f 11731 11734 11735 11732
f 11732 11735 11736 11737
f 11580 11732 11737 11581
f 11581 11737 11736 11583
f 11735 11739 11740 11736
f 11583 11736 11740 11587
f 11739 11742 11743 11740
f 11587 11740 11743 11590
f 11742 11745 11746 11743
f 11590 11743 11746 11593
f 11745 11748 11749 11746
f 11593 11746 11749 11596
f 11748 11751 11752 11749
f 11602 11599 11752 11751
f 11596 11749 11752 11599
f 11754 11755 11756 11751
f 11602 11751 11756 11603
f 11755 11758 11759 11756
f 11609 11606 11759 11758
f 11603 11756 11759 11606
f 11761 11762 11763 11758
f 11609 11758 11763 11610
f 11762 11765 11766 11763
f 11616 11613 11766 11765
f 11610 11763 11766 11613
f 11768 11769 11770 11765
f 11620 11617 11770 11769
f 11616 11765 11770 11617
f 11772 11773 11774 11769
f 11624 11621 11774 11773
f 11620 11769 11774 11621
f 11776 11777 11778 11773
f 11628 11625 11778 11777
f 11624 11773 11778 11625
f 11632 11629 11780 11781
f 11628 11777 11780 11629
f 11632 11781 11783 11633
f 11785 11786 11787 11783
f 11637 11636 11787 11786
f 11633 11783 11787 11636
f 11789 11790 11791 11786
f 11640 11639 11791 11790
f 11637 11786 11791 11639
f 11644 11642 11793 11794
f 11640 11790 11793 11642
f 11644 11794 11796 11645
f 11798 11799 11800 11796
f 11649 11648 11800 11799
f 11645 11796 11800 11648
f 11653 11651 11802 11803
f 11649 11799 11802 11651
f 11650 11652 11804 11801
f 11653 11803 11805 11654
f 11652 11656 11806 11804
f 11659 11657 11807 11808
f 11654 11805 11807 11657
f 11659 11808 11809 11660
f 11656 11658 11810 11806
f 11660 11809 11811 11662
f 11658 11663 11812 11810
f 11665 11664 11813 11814
f 11662 11811 11813 11664
f 11663 11665 11814 11812
f 11667 11815 11816 11668
f 11668 11816 11817 11670
f 11667 11671 11818 11815
f 11670 11817 11819 11672
f 11671 11673 11820 11818
f 11672 11819 11821 11674
f 11673 11675 11822 11820
f 11675 11676 11823 11822
f 11821 11824 11825 11826
f 11674 11821 11826 11677
f 11677 11826 11825 11678
f 11676 11679 11827 11823
f 11678 11825 11828 11680
f 11679 11681 11829 11827
f 11680 11828 11830 11682
f 11682 11830 11832 11683
f 11683 11832 11833 11686
f 11833 11835 11836 11837
f 11686 11833 11837 11688
f 11688 11837 11836 11689
f 11689 11836 11839 11691
f 11839 11841 11842 11843
f 11691 11839 11843 11692
f 11692 11843 11842 11695
f 11842 11845 11846 11847
f 11695 11842 11847 11697
f 11697 11847 11846 11698
f 11698 11846 11849 11700
f 11849 11851 11852 11853
f 11700 11849 11853 11701
f 11701 11853 11852 11704
f 11852 11855 11856 11857
f 11704 11852 11857 11705
f 11705 11857 11856 11708
f 11856 11859 11860 11861
f 11708 11856 11861 11709
f 11709 11861 11860 11712
f 11712 11860 11863 11714
f 11863 11865 11866 11867
f 11714 11863 11867 11715
f 11715 11867 11866 11718
f 11866 11869 11870 11871
f 11718 11866 11871 11719
f 11719 11871 11870 11722
f 11869 11873 11874 11870
f 11722 11870 11874 11726
f 11874 11876 11877 11878
f 11726 11874 11878 11727
f 11727 11878 11877 11731
f 11876 11880 11881 11877
f 11731 11877 11881 11734
f 11881 11883 11884 11885
f 11734 11881 11885 11735
f 11735 11885 11884 11739
f 11883 11887 11888 11884
f 11739 11884 11888 11742
f 11887 11890 11891 11888
f 11742 11888 11891 11745
f 11890 11893 11894 11891
f 11745 11891 11894 11748
f 11893 11896 11897 11894
f 11754 11751 11897 11896
f 11748 11894 11897 11751
f 11899 11900 11901 11896
f 11754 11896 11901 11755
f 11900 11903 11904 11901
f 11761 11758 11904 11903
f 11755 11901 11904 11758
f 11906 11907 11908 11903
f 11761 11903 11908 11762
f 11907 11910 11911 11908
f 11768 11765 11911 11910
f 11762 11908 11911 11765
f 11913 11914 11915 11910
f 11772 11769 11915 11914
f 11768 11910 11915 11769
f 11917 11918 11919 11914
f 11776 11773 11919 11918
f 11772 11914 11919 11773
f 11776 11918 11921 11777
f 11923 11924 11925 11921
f 11781 11780 11925 11924
f 11777 11921 11925 11780
f 11927 11928 11929 11924
f 11785 11783 11929 11928
f 11781 11924 11929 11783
f 11931 11932 11933 11928
f 11789 11786 11933 11932
f 11785 11928 11933 11786
f 11789 11932 11935 11790
f 11937 11938 11939 11935
f 11794 11793 11939 11938
f 11790 11935 11939 11793
f 11941 11942 11943 11938
f 11798 11796 11943 11942
f 11794 11938 11943 11796
f 11798 11942 11945 11799
f 11947 11948 11949 11945
f 11803 11802 11949 11948
f 11799 11945 11949 11802
f 11801 11804 11950 11946
f 11803 11948 11951 11805
f 11804 11806 11952 11950
f 11808 11807 11953 11954
f 11805 11951 11953 11807
f 11808 11954 11955 11809
f 11806 11810 11956 11952
f 11809 11955 11957 11811
f 11810 11812 11958 11956
f 11814 11813 11959 11960
f 11811 11957 11959 11813
f 11812 11814 11960 11958
f 11961 11962 11963 11964
f 11815 11961 11964 11816
f 11816 11964 11963 11817
f 11815 11818 11962 11961
f 11817 11963 11965 11819
f 11818 11820 11966 11962
f 11819 11965 11967 11821
f 11820 11822 11968 11966
f 11821 11967 11969 11824
f 11822 11823 11970 11968
f 11823 11827 11971 11970
f 11824 11969 11972 11825
f 11825 11972 11973 11828
f 11827 11829 11974 11971
f 11828 11973 11975 11830
f 11975 11977 11978 11979
f 11830 11975 11979 11832
f 11832 11979 11978 11833
f 11833 11978 11981 11835
f 11981 11983 11984 11985
f 11835 11981 11985 11836
f 11836 11985 11984 11839
f 11839 11984 11987 11841
f 11987 11989 11990 11991
f 11841 11987 11991 11842
f 11842 11991 11990 11845
f 11990 11993 11994 11995
f 11845 11990 11995 11846
f 11846 11995 11994 11849
f 11849 11994 11997 11851
f 11997 11999 12000 12001
f 11851 11997 12001 11852
f 11852 12001 12000 11855
f 12000 12003 12004 12005
f 11855 12000 12005 11856
f 11856 12005 12004 11859
f 12004 12007 12008 12009
f 11859 12004 12009 11860
f 11860 12009 12008 11863
f 12007 12011 12012 12008
f 11863 12008 12012 11865
f 12012 12014 12015 12016
f 11865 12012 12016 11866
f 11866 12016 12015 11869
f 12014 12018 12019 12015
f 11869 12015 12019 11873
f 12019 12021 12022 12023
f 11873 12019 12023 11874
f 11874 12023 12022 11876
f 12021 12025 12026 12022
f 11876 12022 12026 11880
f 12026 12028 12029 12030
f 11880 12026 12030 11881
f 11881 12030 12029 11883
f 12028 12032 12033 12029
f 11883 12029 12033 11887
f 12032 12035 12036 12033
f 11887 12033 12036 11890
f 12035 12038 12039 12036
f 11890 12036 12039 11893
f 12041 12042 12043 12038
f 12038 12043 12044 12039
f 11899 11896 12044 12043
f 11893 12039 12044 11896
f 12042 12046 12047 12043
f 11899 12043 12047 11900
f 12046 12049 12050 12047
f 11906 11903 12050 12049
f 11900 12047 12050 11903
f 12052 12053 12054 12049
f 11906 12049 12054 11907
f 12053 12056 12057 12054
f 11913 11910 12057 12056
f 11907 12054 12057 11910
f 12059 12060 12061 12056
f 11917 11914 12061 12060
f 11913 12056 12061 11914
f 11917 12060 12063 11918
f 12065 12066 12067 12063
f 11923 11921 12067 12066
f 11918 12063 12067 11921
f 12069 12070 12071 12066
f 11927 11924 12071 12070
f 11923 12066 12071 11924
f 11931 11928 12073 12074
f 11927 12070 12073 11928
f 11931 12074 12076 11932
f 12078 12079 12080 12076
f 11937 11935 12080 12079
f 11932 12076 12080 11935
f 11941 11938 12082 12083
f 11937 12079 12082 11938
f 11941 12083 12085 11942
f 11947 11945 12087 12088
f 11942 12085 12087 11945
f 11944 11946 12089 12086
f 11947 12088 12090 11948
f 11946 11950 12091 12089
f 11948 12090 12092 11951
f 11950 11952 12093 12091
f 12094 12095 12096 12092
f 11954 11953 12096 12095
f 11951 12092 12096 11953
f 11954 12095 12097 11955
f 11952 11956 12098 12093
f 11955 12097 12099 11957
f 11956 11958 12100 12098
f 12100 12101 12102 12099
f 11960 11959 12102 12101
f 11957 12099 12102 11959
f 11958 11960 12101 12100
f 11962 12103 12104 11963
f 11963 12104 12105 11965
f 11962 11966 12106 12103
f 11965 12105 12107 11967
f 11966 11968 12108 12106
f 11967 12107 12109 11969
f 11968 11970 12110 12108
f 11970 11971 12111 12110
f 12109 12112 12113 12114
f 11969 12109 12114 11972
f 11972 12114 12113 11973
f 11971 11974 12115 12111
f 11973 12113 12116 11975
f 11974 11976 12117 12115
f 11975 12116 12118 11977
f 12118 12120 12121 12122
f 11977 12118 12122 11978
f 11978 12122 12121 11981
f 11981 12121 12124 11983
f 12124 12126 12127 12128
f 11983 12124 12128 11984
f 11984 12128 12127 11987
f 11987 12127 12130 11989
f 11989 12130 12132 11990
f 11990 12132 12133 11993
f 12133 12135 12136 12137
f 11993 12133 12137 11994
f 11994 12137 12136 11997
f 11997 12136 12139 11999
f 12139 12141 12142 12143
f 11999 12139 12143 12000
f 12000 12143 12142 12003
f 12142 12145 12146 12147
f 12003 12142 12147 12004
f 12004 12147 12146 12007
f 12007 12146 12149 12011
f 12149 12151 12152 12153
f 12011 12149 12153 12012
f 12012 12153 12152 12014
f 12151 12155 12156 12152
f 12014 12152 12156 12018
f 12156 12158 12159 12160
f 12018 12156 12160 12019
f 12019 12160 12159 12021
f 12158 12162 12163 12159
f 12021 12159 12163 12025
f 12162 12165 12166 12163
f 12163 12166 12167 12168
f 12025 12163 12168 12026
f 12026 12168 12167 12028
f 12166 12170 12171 12167
f 12028 12167 12171 12032
f 12170 12173 12174 12171
f 12032 12171 12174 12035
f 12173 12176 12177 12174
f 12041 12038 12177 12176
f 12035 12174 12177 12038
f 12179 12180 12181 12176
f 12041 12176 12181 12042
f 12180 12183 12184 12181
f 12042 12181 12184 12046
f 12183 12186 12187 12184
f 12052 12049 12187 12186
f 12046 12184 12187 12049
f 12189 12190 12191 12186
f 12052 12186 12191 12053
f 12190 12193 12194 12191
f 12059 12056 12194 12193
f 12053 12191 12194 12056
f 12196 12197 12198 12193
f 12059 12193 12198 12060
f 12197 12200 12201 12198
f 12065 12063 12201 12200
f 12060 12198 12201 12063
f 12203 12204 12205 12200
f 12069 12066 12205 12204
f 12065 12200 12205 12066
f 12069 12204 12207 12070
f 12209 12210 12211 12207
f 12074 12073 12211 12210
f 12070 12207 12211 12073
f 12213 12214 12215 12210
f 12078 12076 12215 12214
f 12074 12210 12215 12076
f 12078 12214 12217 12079
f 12219 12220 12221 12217
f 12083 12082 12221 12220
f 12079 12217 12221 12082
f 12083 12220 12223 12085
f 12225 12226 12227 12223
f 12088 12087 12227 12226
f 12085 12223 12227 12087
f 12086 12089 12228 12224
f 12088 12226 12229 12090
f 12089 12091 12230 12228
f 12231 12232 12233 12229
f 12094 12092 12233 12232
f 12090 12229 12233 12092
f 12094 12232 12234 12095
f 12091 12093 12235 12230
f 12095 12234 12236 12097
f 12093 12098 12237 12235
f 12100 12099 12238 12239
f 12097 12236 12238 12099
f 12098 12100 12239 12237
f 12240 12241 12242 12243
f 12103 12240 12243 12104
f 12104 12243 12242 12105
f 12103 12106 12241 12240
f 12105 12242 12244 12107
f 12106 12108 12245 12241
f 12107 12244 12246 12109
f 12108 12110 12247 12245
f 12109 12246 12248 12112
f 12110 12111 12249 12247
f 12111 12115 12250 12249
f 12248 12251 12252 12253
f 12112 12248 12253 12113
f 12113 12253 12252 12116
f 12115 12117 12254 12250
f 12116 12252 12255 12118
f 12117 12119 12256 12254
f 12118 12255 12257 12120
f 12120 12257 12259 12121
f 12121 12259 12260 12124
f 12124 12260 12262 12126
f 12126 12262 12264 12127
f 12127 12264 12265 12130
f 12265 12267 12268 12269
f 12130 12265 12269 12132
f 12132 12269 12268 12133
f 12133 12268 12271 12135
f 12271 12273 12274 12275
f 12135 12271 12275 12136
f 12136 12275 12274 12139
f 12139 12274 12277 12141
f 12277 12279 12280 12281
f 12141 12277 12281 12142
f 12142 12281 12280 12145
f 12280 12283 12284 12285
f 12145 12280 12285 12146
f 12146 12285 12284 12149
f 12283 12287 12288 12284
f 12149 12284 12288 12151
f 12151 12288 12290 12155
f 12290 12292 12293 12294
f 12155 12290 12294 12156
f 12156 12294 12293 12158
f 12292 12296 12297 12293
f 12158 12293 12297 12162
f 12296 12299 12300 12297
f 12162 12297 12300 12165
f 12300 12302 12303 12304
f 12165 12300 12304 12166
f 12166 12304 12303 12170
f 12302 12306 12307 12303
f 12170 12303 12307 12173
f 12306 12309 12310 12307
f 12179 12176 12310 12309
f 12173 12307 12310 12176
f 12312 12313 12314 12309
f 12179 12309 12314 12180
f 12313 12316 12317 12314
f 12180 12314 12317 12183
f 12316 12319 12320 12317
f 12189 12186 12320 12319
f 12183 12317 12320 12186
f 12189 12319 12322 12190
f 12324 12325 12326 12322
f 12196 12193 12326 12325
f 12190 12322 12326 12193
f 12196 12325 12328 12197
f 12330 12331 12332 12328
f 12203 12200 12332 12331
f 12197 12328 12332 12200
f 12203 12331 12334 12204
f 12336 12337 12338 12334
f 12209 12207 12338 12337
f 12204 12334 12338 12207
f 12340 12341 12342 12337
f 12213 12210 12342 12341
f 12209 12337 12342 12210
f 12213 12341 12344 12214
f 12346 12347 12348 12344
f 12219 12217 12348 12347
f 12214 12344 12348 12217
f 12219 12347 12350 12220
f 12352 12353 12354 12350
f 12225 12223 12354 12353
f 12220 12350 12354 12223
f 12222 12224 12355 12351
f 12225 12353 12356 12226
f 12224 12228 12357 12355
f 12231 12229 12358 12359
f 12226 12356 12358 12229
f 12231 12359 12360 12232
f 12228 12230 12361 12357
f 12232 12360 12362 12234
f 12230 12235 12363 12361
f 12234 12362 12364 12236
f 12235 12237 12365 12363
f 12365 12366 12367 12364
f 12239 12238 12367 12366
f 12236 12364 12367 12238
f 12237 12239 12366 12365
f 12368 12369 12370 12371
f 12241 12368 12371 12242
f 12242 12371 12370 12244
f 12241 12245 12369 12368
f 12244 12370 12372 12246
f 12245 12247 12373 12369
f 12246 12372 12374 12248
f 12247 12249 12375 12373
f 12248 12374 12376 12251
f 12249 12250 12377 12375
f 12250 12254 12378 12377
f 12251 12376 12379 12252
f 12252 12379 12380 12255
f 12254 12256 12381 12378
f 12255 12380 12382 12257
f 12382 12384 12385 12386
f 12257 12382 12386 12259
f 12259 12386 12385 12260
f 12260 12385 12388 12262
f 12388 12390 12391 12392
f 12262 12388 12392 12264
f 12264 12392 12391 12265
f 12265 12391 12394 12267
f 12394 12396 12397 12398
f 12267 12394 12398 12268
f 12268 12398 12397 12271
f 12396 12400 12401 12397
f 12271 12397 12401 12273
f 12401 12403 12404 12405
f 12273 12401 12405 12274
f 12274 12405 12404 12277
f 12403 12407 12408 12404
f 12277 12404 12408 12279
f 12408 12410 12411 12412
f 12279 12408 12412 12280
f 12280 12412 12411 12283
f 12410 12414 12415 12411
f 12283 12411 12415 12287
f 12415 12417 12418 12419
f 12287 12415 12419 12288
f 12288 12419 12418 12290
f 12417 12421 12422 12418
f 12290 12418 12422 12292
f 12421 12424 12425 12422
f 12292 12422 12425 12296
f 12424 12427 12428 12425
f 12296 12425 12428 12299
f 12428 12430 12431 12432
f 12299 12428 12432 12300
f 12300 12432 12431 12302
f 12430 12434 12435 12431
f 12302 12431 12435 12306
f 12434 12437 12438 12435
f 12312 12309 12438 12437
f 12306 12435 12438 12309
f 12440 12441 12442 12437
f 12312 12437 12442 12313
f 12441 12444 12445 12442
f 12313 12442 12445 12316
f 12444 12447 12448 12445
f 12316 12445 12448 12319
f 12447 12450 12451 12448
f 12324 12322 12451 12450
f 12319 12448 12451 12322
f 12453 12454 12455 12450
f 12324 12450 12455 12325
f 12454 12457 12458 12455
f 12330 12328 12458 12457
f 12325 12455 12458 12328
f 12460 12461 12462 12457
f 12330 12457 12462 12331
f 12461 12464 12465 12462
f 12336 12334 12465 12464
f 12331 12462 12465 12334
f 12467 12468 12469 12464
f 12340 12337 12469 12468
f 12336 12464 12469 12337
f 12340 12468 12471 12341
f 12473 12474 12475 12471
f 12346 12344 12475 12474
f 12341 12471 12475 12344
f 12346 12474 12477 12347
f 12352 12350 12479 12480
f 12347 12477 12479 12350
f 12349 12351 12481 12478
f 12352 12480 12482 12353
f 12351 12355 12483 12481
f 12353 12482 12484 12356
f 12355 12357 12485 12483
f 12486 12487 12488 12484
f 12359 12358 12488 12487
f 12356 12484 12488 12358
f 12359 12487 12489 12360
f 12357 12361 12490 12485
f 12360 12489 12491 12362
f 12361 12363 12492 12490
f 12365 12364 12493 12494
f 12362 12491 12493 12364
f 12363 12365 12494 12492
f 12369 12495 12496 12370
f 12370 12496 12497 12372
f 12369 12373 12498 12495
f 12372 12497 12499 12374
f 12373 12375 12500 12498
f 12374 12499 12501 12376
f 12375 12377 12502 12500
f 12377 12378 12503 12502
f 12501 12504 12505 12506
f 12376 12501 12506 12379
f 12379 12506 12505 12380
f 12378 12381 12507 12503
f 12380 12505 12508 12382
f 12381 12383 12509 12507
f 12382 12508 12510 12384
f 12510 12512 12513 12514
f 12384 12510 12514 12385
f 12385 12514 12513 12388
f 12388 12513 12516 12390
f 12516 12518 12519 12520
f 12390 12516 12520 12391
f 12391 12520 12519 12394
f 12518 12522 12523 12519
f 12394 12519 12523 12396
f 12396 12523 12525 12400
f 12525 12527 12528 12529
f 12400 12525 12529 12401
f 12401 12529 12528 12403
f 12403 12528 12531 12407
f 12531 12533 12534 12535
f 12407 12531 12535 12408
f 12408 12535 12534 12410
f 12410 12534 12537 12414
f 12537 12539 12540 12541
f 12414 12537 12541 12415
f 12415 12541 12540 12417
f 12539 12543 12544 12540
f 12417 12540 12544 12421
f 12543 12546 12547 12544
f 12421 12544 12547 12424
f 12424 12547 12549 12427
f 12549 12551 12552 12553
f 12427 12549 12553 12428
f 12428 12553 12552 12430
f 12551 12555 12556 12552
f 12430 12552 12556 12434
f 12555 12558 12559 12556
f 12440 12437 12559 12558
f 12434 12556 12559 12437
f 12440 12558 12561 12441
f 12563 12564 12565 12561
f 12441 12561 12565 12444
f 12564 12567 12568 12565
f 12444 12565 12568 12447
f 12567 12570 12571 12568
f 12453 12450 12571 12570
f 12447 12568 12571 12450
f 12573 12574 12575 12570
f 12453 12570 12575 12454
f 12574 12577 12578 12575
f 12460 12457 12578 12577
f 12454 12575 12578 12457
f 12460 12577 12580 12461
f 12582 12583 12584 12580
f 12467 12464 12584 12583
f 12461 12580 12584 12464
f 12467 12583 12586 12468
f 12588 12589 12590 12586
f 12473 12471 12590 12589
f 12468 12586 12590 12471
f 12473 12589 12592 12474
f 12474 12592 12594 12477
f 12596 12597 12598 12594
f 12480 12479 12598 12597
f 12477 12594 12598 12479
f 12478 12481 12599 12595
f 12480 12597 12600 12482
f 12481 12483 12601 12599
f 12602 12603 12604 12600
f 12486 12484 12604 12603
f 12482 12600 12604 12484
f 12486 12603 12605 12487
f 12483 12485 12606 12601
f 12487 12605 12607 12489
f 12485 12490 12608 12606
f 12489 12607 12609 12491
f 12490 12492 12610 12608
f 12610 12611 12612 12609
f 12494 12493 12612 12611
f 12491 12609 12612 12493
f 12492 12494 12611 12610
f 12613 12614 12615 12616
f 12495 12613 12616 12496
f 12496 12616 12615 12497
f 12495 12498 12614 12613
f 12497 12615 12617 12499
f 12498 12500 12618 12614
f 12499 12617 12619 12501
f 12500 12502 12620 12618
f 12501 12619 12621 12504
f 12502 12503 12622 12620
f 12503 12507 12623 12622
f 12621 12624 12625 12626
f 12504 12621 12626 12505
f 12505 12626 12625 12508
f 12507 12509 12627 12623
f 12508 12625 12628 12510
f 12509 12511 12629 12627
f 12510 12628 12630 12512
f 12630 12632 12633 12634
f 12512 12630 12634 12513
f 12513 12634 12633 12516
f 12516 12633 12636 12518
f 12518 12636 12638 12522
f 12638 12640 12641 12642
f 12522 12638 12642 12523
f 12523 12642 12641 12525
f 12525 12641 12644 12527
f 12644 12646 12647 12648
f 12527 12644 12648 12528
f 12528 12648 12647 12531
f 12646 12650 12651 12647
f 12531 12647 12651 12533
f 12651 12653 12654 12655
f 12533 12651 12655 12534
f 12534 12655 12654 12537
f 12653 12657 12658 12654
f 12537 12654 12658 12539
f 12657 12660 12661 12658
f 12539 12658 12661 12543
f 12543 12661 12663 12546
f 12663 12665 12666 12667
f 12546 12663 12667 12547
f 12547 12667 12666 12549
f 12665 12669 12670 12666
f 12549 12666 12670 12551
f 12669 12672 12673 12670
f 12551 12670 12673 12555
f 12672 12675 12676 12673
f 12555 12673 12676 12558
f 12675 12678 12679 12676
f 12563 12561 12679 12678
f 12558 12676 12679 12561
f 12563 12678 12681 12564
f 12683 12684 12685 12681
f 12564 12681 12685 12567
f 12684 12687 12688 12685
f 12573 12570 12688 12687
f 12567 12685 12688 12570
f 12573 12687 12690 12574
f 12692 12693 12694 12690
f 12574 12690 12694 12577
f 12693 12696 12697 12694
f 12582 12580 12697 12696
f 12577 12694 12697 12580
f 12582 12696 12699 12583
f 12701 12702 12703 12699
f 12588 12586 12703 12702
f 12583 12699 12703 12586
f 12588 12702 12705 12589
f 12589 12705 12707 12592
f 12709 12710 12711 12707
f 12596 12594 12711 12710
f 12592 12707 12711 12594
f 12593 12595 12712 12708
f 12596 12710 12713 12597
f 12595 12599 12714 12712
f 12602 12600 12715 12716
f 12597 12713 12715 12600
f 12602 12716 12717 12603
f 12599 12601 12718 12714
f 12603 12717 12719 12605
f 12601 12606 12720 12718
f 12605 12719 12721 12607
f 12606 12608 12722 12720
f 12610 12609 12723 12724
f 12607 12721 12723 12609
f 12608 12610 12724 12722
f 12725 12726 12727 12728
f 12614 12725 12728 12615
f 12615 12728 12727 12617
f 12614 12618 12726 12725
f 12617 12727 12729 12619
f 12618 12620 12730 12726
f 12619 12729 12731 12621
f 12620 12622 12732 12730
f 12621 12731 12733 12624
f 12622 12623 12734 12732
f 12623 12627 12735 12734
f 12733 12736 12737 12738
f 12624 12733 12738 12625
f 12625 12738 12737 12628
f 12627 12629 12739 12735
f 12628 12737 12740 12630
f 12629 12631 12741 12739
f 12630 12740 12742 12632
f 12742 12744 12745 12746
f 12632 12742 12746 12633
f 12633 12746 12745 12636
f 12636 12745 12748 12638
f 12638 12748 12750 12640
f 12750 12752 12753 12754
f 12640 12750 12754 12641
f 12641 12754 12753 12644
f 12644 12753 12756 12646
f 12646 12756 12758 12650
f 12758 12760 12761 12762
f 12650 12758 12762 12651
f 12651 12762 12761 12653
f 12760 12764 12765 12761
f 12653 12761 12765 12657
f 12657 12765 12767 12660
f 12767 12769 12770 12771
f 12660 12767 12771 12661
f 12661 12771 12770 12663
f 12769 12773 12774 12770
f 12663 12770 12774 12665
f 12773 12776 12777 12774
f 12665 12774 12777 12669
f 12776 12779 12780 12777
f 12669 12777 12780 12672
f 12779 12782 12783 12780
f 12672 12780 12783 12675
f 12782 12785 12786 12783
f 12675 12783 12786 12678
f 12785 12788 12789 12786
f 12683 12681 12789 12788
f 12678 12786 12789 12681
f 12683 12788 12791 12684
f 12793 12794 12795 12791
f 12684 12791 12795 12687
f 12794 12797 12798 12795
f 12692 12690 12798 12797
f 12687 12795 12798 12690
f 12692 12797 12800 12693
f 12802 12803 12804 12800
f 12693 12800 12804 12696
f 12803 12806 12807 12804
f 12701 12699 12807 12806
f 12696 12804 12807 12699
f 12701 12806 12809 12702
f 12811 12812 12813 12809
f 12702 12809 12813 12705
f 12812 12815 12816 12813
f 12709 12707 12816 12815
f 12705 12813 12816 12707
f 12706 12708 12817 12814
f 12709 12815 12818 12710
f 12708 12712 12819 12817
f 12710 12818 12820 12713
f 12712 12714 12821 12819
f 12822 12823 12824 12820
f 12716 12715 12824 12823
f 12713 12820 12824 12715
f 12716 12823 12825 12717
f 12714 12718 12826 12821
f 12717 12825 12827 12719
f 12718 12720 12828 12826
f 12719 12827 12829 12721
f 12720 12722 12830 12828
f 12830 12831 12832 12829
f 12724 12723 12832 12831
f 12721 12829 12832 12723
f 12722 12724 12831 12830
f 12833 12834 12835 12836
f 12726 12833 12836 12727
f 12727 12836 12835 12729
f 12726 12730 12834 12833
f 12729 12835 12837 12731
f 12730 12732 12838 12834
f 12731 12837 12839 12733
f 12732 12734 12840 12838
f 12733 12839 12841 12736
f 12734 12735 12842 12840
f 12735 12739 12843 12842
f 12841 12844 12845 12846
f 12736 12841 12846 12737
f 12737 12846 12845 12740
f 12739 12741 12847 12843
f 12740 12845 12848 12742
f 12741 12743 12849 12847
f 12742 12848 12850 12744
f 12850 12852 12853 12854
f 12744 12850 12854 12745
f 12745 12854 12853 12748
f 12852 12856 12857 12853
f 12748 12853 12857 12750
f 12750 12857 12859 12752
f 12859 12861 12862 12863
f 12752 12859 12863 12753
f 12753 12863 12862 12756
f 12861 12865 12866 12862
f 12756 12862 12866 12758
f 12758 12866 12868 12760
f 12760 12868 12870 12764
f 12870 12872 12873 12874
f 12764 12870 12874 12765
f 12765 12874 12873 12767
f 12872 12876 12877 12873
f 12767 12873 12877 12769
f 12876 12879 12880 12877
f 12769 12877 12880 12773
f 12879 12882 12883 12880
f 12773 12880 12883 12776
f 12882 12885 12886 12883
f 12776 12883 12886 12779
f 12885 12888 12889 12886
f 12779 12886 12889 12782
f 12888 12891 12892 12889
f 12782 12889 12892 12785
f 12891 12894 12895 12892
f 12785 12892 12895 12788
f 12894 12897 12898 12895
f 12793 12791 12898 12897
f 12788 12895 12898 12791
f 12793 12897 12900 12794
f 12902 12903 12904 12900
f 12794 12900 12904 12797
f 12903 12906 12907 12904
f 12802 12800 12907 12906
f 12797 12904 12907 12800
f 12802 12906 12909 12803
f 12803 12909 12911 12806
f 12913 12914 12915 12911
f 12811 12809 12915 12914
f 12806 12911 12915 12809
f 12808 12810 12916 12912
f 12811 12914 12917 12812
f 12810 12814 12918 12916
f 12812 12917 12919 12815
f 12814 12817 12920 12918
f 12815 12919 12921 12818
f 12817 12819 12922 12920
f 12923 12924 12925 12921
f 12822 12820 12925 12924
f 12818 12921 12925 12820
f 12822 12924 12926 12823
f 12819 12821 12927 12922
f 12823 12926 12928 12825
f 12821 12826 12929 12927
f 12825 12928 12930 12827
f 12826 12828 12931 12929
f 12931 12932 12933 12930
f 12830 12829 12933 12932
f 12827 12930 12933 12829
f 12828 12830 12932 12931
f 12934 12935 12936 12937
f 12834 12934 12937 12835
f 12835 12937 12936 12837
f 12834 12838 12935 12934
f 12837 12936 12938 12839
f 12838 12840 12939 12935
f 12839 12938 12940 12841
f 12840 12842 12941 12939
f 12841 12940 12942 12844
f 12842 12843 12943 12941
f 12843 12847 12944 12943
f 12942 12945 12946 12947
f 12844 12942 12947 12845
f 12845 12947 12946 12848
f 12847 12849 12948 12944
f 12848 12946 12949 12850
f 12849 12851 12950 12948
f 12850 12949 12951 12852
f 12851 12855 12952 12950
f 12852 12951 12953 12856
f 12953 12955 12956 12957
f 12856 12953 12957 12857
f 12857 12957 12956 12859
f 12955 12959 12960 12956
f 12859 12956 12960 12861
f 12861 12960 12962 12865
f 12962 12964 12965 12966
f 12865 12962 12966 12866
f 12866 12966 12965 12868
f 12964 12968 12969 12965
f 12868 12965 12969 12870
f 12968 12971 12972 12969
f 12870 12969 12972 12872
f 12971 12974 12975 12972
f 12872 12972 12975 12876
f 12876 12975 12977 12879
f 12879 12977 12979 12882
f 12882 12979 12981 12885
f 12885 12981 12983 12888
f 12888 12983 12985 12891
f 12987 12988 12989 12985
f 12891 12985 12989 12894
f 12988 12991 12992 12989
f 12894 12989 12992 12897
f 12991 12994 12995 12992
f 12902 12900 12995 12994
f 12897 12992 12995 12900
f 12902 12994 12997 12903
f 12903 12997 12999 12906
f 13001 13002 13003 12999
f 12906 12999 13003 12909
f 13002 13005 13006 13003
f 12913 12911 13006 13005
f 12909 13003 13006 12911
f 12910 12912 13007 13004
f 12913 13005 13008 12914
f 12912 12916 13009 13007
f 12914 13008 13010 12917
f 12916 12918 13011 13009
f 13012 13013 13014 13010
f 12917 13010 13014 12919
f 12918 12920 13015 13011
f 13013 13016 13017 13014
f 12923 12921 13017 13016
f 12919 13014 13017 12921
f 12923 13016 13018 12924
f 12920 12922 13019 13015
f 12924 13018 13020 12926
f 12922 12927 13021 13019
f 12926 13020 13022 12928
f 12927 12929 13023 13021
f 13023 13024 13025 13022
f 12931 12930 13025 13024
f 12928 13022 13025 12930
f 12929 12931 13024 13023
f 13026 13027 13028 13029
f 12935 13026 13029 12936
f 12936 13029 13028 12938
f 12935 12939 13027 13026
f 12938 13028 13030 12940
f 12939 12941 13031 13027
f 12940 13030 13032 12942
f 12941 12943 13033 13031
f 12942 13032 13034 12945
f 12943 12944 13035 13033
f 12944 12948 13036 13035
f 13034 13037 13038 13039
f 12945 13034 13039 12946
f 12946 13039 13038 12949
f 12948 12950 13040 13036
f 13037 13041 13042 13038
f 12949 13038 13042 12951
f 12950 12952 13043 13040
f 12951 13042 13044 12953
f 12952 12954 13045 13043
f 12953 13044 13046 12955
f 12954 12958 13047 13045
f 12955 13046 13048 12959
f 13048 13050 13051 13052
f 12959 13048 13052 12960
f 12960 13052 13051 12962
f 13050 13054 13055 13051
f 12962 13051 13055 12964
f 12964 13055 13057 12968
f 12968 13057 13059 12971
f 12971 13059 13061 12974
f 13061 13063 13064 13065
f 12974 13061 13065 12975
f 12975 13065 13064 12977
f 13063 13067 13068 13064
f 12977 13064 13068 12979
f 13067 13070 13071 13068
f 12979 13068 13071 12981
f 13070 13073 13074 13071
f 12981 13071 13074 12983
f 13073 13076 13077 13074
f 12987 12985 13077 13076
f 12983 13074 13077 12985
f 12987 13076 13079 12988
f 12988 13079 13081 12991
f 12991 13081 13083 12994
f 13085 13086 13087 13083
f 12994 13083 13087 12997
f 13086 13089 13090 13087
f 13001 12999 13090 13089
f 12997 13087 13090 12999
f 12998 13000 13091 13088
f 13001 13089 13092 13002
f 13000 13004 13093 13091
f 13002 13092 13094 13005
f 13004 13007 13095 13093
f 13005 13094 13096 13008
f 13007 13009 13097 13095
f 13098 13099 13100 13096
f 13012 13010 13100 13099
f 13008 13096 13100 13010
f 13012 13099 13101 13013
f 13009 13011 13102 13097
f 13013 13101 13103 13016
f 13011 13015 13104 13102
f 13016 13103 13105 13018
f 13015 13019 13106 13104
f 13018 13105 13107 13020
f 13019 13021 13108 13106
f 13108 13109 13110 13107
f 13023 13022 13110 13109
f 13020 13107 13110 13022
f 13021 13023 13109 13108
f 13111 13112 13113 13114
f 13027 13111 13114 13028
f 13028 13114 13113 13030
f 13027 13031 13112 13111
f 13030 13113 13115 13032
f 13031 13033 13116 13112
f 13032 13115 13117 13034
f 13033 13035 13118 13116
f 13034 13117 13119 13037
f 13035 13036 13120 13118
f 13037 13119 13121 13041
f 13036 13040 13122 13120
f 13040 13043 13123 13122
f 13121 13124 13125 13126
f 13041 13121 13126 13042
f 13042 13126 13125 13044
f 13043 13045 13127 13123
f 13124 13128 13129 13125
f 13044 13125 13129 13046
f 13045 13047 13130 13127
f 13046 13129 13131 13048
f 13047 13049 13132 13130
f 13048 13131 13133 13050
f 13049 13053 13134 13132
f 13050 13133 13135 13054
f 13135 13137 13138 13139
f 13054 13135 13139 13055
f 13055 13139 13138 13057
f 13137 13141 13142 13138
f 13057 13138 13142 13059
f 13141 13144 13145 13142
f 13059 13142 13145 13061
f 13144 13147 13148 13145
f 13061 13145 13148 13063
f 13147 13150 13151 13148
f 13063 13148 13151 13067
f 13150 13153 13154 13151
f 13067 13151 13154 13070
f 13153 13156 13157 13154
f 13070 13154 13157 13073
f 13156 13159 13160 13157
f 13073 13157 13160 13076
f 13159 13162 13163 13160
f 13076 13160 13163 13079
f 13162 13165 13166 13163
f 13079 13163 13166 13081
f 13165 13168 13169 13166
f 13085 13083 13169 13168
f 13081 13166 13169 13083
f 13082 13084 13170 13167
f 13085 13168 13171 13086
f 13084 13088 13172 13170
f 13086 13171 13173 13089
f 13088 13091 13174 13172
f 13089 13173 13175 13092
f 13091 13093 13176 13174
f 13177 13178 13179 13175
f 13092 13175 13179 13094
f 13093 13095 13180 13176
f 13178 13181 13182 13179
f 13098 13096 13182 13181
f 13094 13179 13182 13096
f 13098 13181 13183 13099
f 13095 13097 13184 13180
f 13099 13183 13185 13101
f 13097 13102 13186 13184
f 13101 13185 13187 13103
f 13102 13104 13188 13186
f 13103 13187 13189 13105
f 13104 13106 13190 13188
f 13190 13191 13192 13189
f 13108 13107 13192 13191
f 13105 13189 13192 13107
f 13106 13108 13191 13190
f 13193 13194 13195 13196
f 13112 13193 13196 13113
f 13113 13196 13195 13115
f 13112 13116 13194 13193
f 13115 13195 13197 13117
f 13116 13118 13198 13194
f 13117 13197 13199 13119
f 13118 13120 13200 13198
f 13119 13199 13201 13121
f 13120 13122 13202 13200
f 13121 13201 13203 13124
f 13122 13123 13204 13202
f 13124 13203 13205 13128
f 13123 13127 13206 13204
f 13127 13130 13207 13206
f 13205 13208 13209 13210
f 13128 13205 13210 13129
f 13129 13210 13209 13131
f 13130 13132 13211 13207
f 13208 13212 13213 13209
f 13131 13209 13213 13133
f 13132 13134 13214 13211
f 13133 13213 13215 13135
f 13134 13136 13216 13214
f 13135 13215 13217 13137
f 13136 13140 13218 13216
f 13137 13217 13219 13141
f 13140 13143 13220 13218
f 13141 13219 13221 13144
f 13143 13146 13222 13220
f 13144 13221 13223 13147
f 13146 13149 13224 13222
f 13147 13223 13225 13150
f 13149 13152 13226 13224
f 13150 13225 13227 13153
f 13152 13155 13228 13226
f 13153 13227 13229 13156
f 13155 13158 13230 13228
f 13156 13229 13231 13159
f 13158 13161 13232 13230
f 13159 13231 13233 13162
f 13161 13164 13234 13232
f 13162 13233 13235 13165
f 13164 13167 13236 13234
f 13165 13235 13237 13168
f 13167 13170 13238 13236
f 13168 13237 13239 13171
f 13170 13172 13240 13238
f 13241 13242 13243 13239
f 13171 13239 13243 13173
f 13172 13174 13244 13240
f 13242 13245 13246 13243
f 13177 13175 13246 13245
f 13173 13243 13246 13175
f 13177 13245 13247 13178
f 13174 13176 13248 13244
f 13178 13247 13249 13181
f 13176 13180 13250 13248
f 13181 13249 13251 13183
f 13180 13184 13252 13250
f 13183 13251 13253 13185
f 13184 13186 13254 13252
f 13185 13253 13255 13187
f 13186 13188 13256 13254
f 13256 13257 13258 13255
f 13190 13189 13258 13257
f 13187 13255 13258 13189
f 13188 13190 13257 13256
f 13259 13260 13261 13262
f 13194 13259 13262 13195
f 13195 13262 13261 13197
f 13194 13198 13260 13259
f 13260 13263 13264 13261
f 13197 13261 13264 13199
f 13198 13200 13263 13260
f 13263 13265 13266 13264
f 13199 13264 13266 13201
f 13200 13202 13265 13263
f 13265 13267 13268 13266
f 13201 13266 13268 13203
f 13202 13204 13267 13265
f 13267 13269 13270 13268
f 13203 13268 13270 13205
f 13204 13206 13269 13267
f 13269 13271 13272 13270
f 13205 13270 13272 13208
f 13206 13207 13271 13269
f 13271 13273 13274 13272
f 13208 13272 13274 13212
f 13207 13211 13273 13271
f 13273 13275 13276 13274
f 13211 13214 13275 13273
f 13274 13276 13277 13278
f 13212 13274 13278 13213
f 13213 13278 13277 13215
f 13275 13279 13280 13276
f 13214 13216 13279 13275
f 13276 13280 13281 13277
f 13215 13277 13281 13217
f 13279 13282 13283 13280
f 13216 13218 13282 13279
f 13280 13283 13284 13281
f 13217 13281 13284 13219
f 13282 13285 13286 13283
f 13218 13220 13285 13282
f 13283 13286 13287 13284
f 13219 13284 13287 13221
f 13285 13288 13289 13286
f 13220 13222 13288 13285
f 13286 13289 13290 13287
f 13221 13287 13290 13223
f 13288 13291 13292 13289
f 13222 13224 13291 13288
f 13289 13292 13293 13290
f 13223 13290 13293 13225
f 13291 13294 13295 13292
f 13224 13226 13294 13291
f 13292 13295 13296 13293
f 13225 13293 13296 13227
f 13294 13297 13298 13295
f 13226 13228 13297 13294
f 13295 13298 13299 13296
f 13227 13296 13299 13229
f 13297 13300 13301 13298
f 13228 13230 13300 13297
f 13298 13301 13302 13299
f 13229 13299 13302 13231
f 13300 13303 13304 13301
f 13230 13232 13303 13300
f 13301 13304 13305 13302
f 13231 13302 13305 13233
f 13303 13306 13307 13304
f 13232 13234 13306 13303
f 13304 13307 13308 13305
f 13233 13305 13308 13235
f 13306 13309 13310 13307
f 13234 13236 13309 13306
f 13307 13310 13311 13308
f 13235 13308 13311 13237
f 13309 13312 13313 13310
f 13236 13238 13312 13309
f 13310 13313 13314 13311
f 13241 13239 13314 13313
f 13237 13311 13314 13239
f 13312 13315 13316 13313
f 13241 13313 13316 13242
f 13238 13240 13315 13312
f 13315 13317 13318 13316
f 13242 13316 13318 13245
f 13240 13244 13317 13315
f 13317 13319 13320 13318
f 13245 13318 13320 13247
f 13244 13248 13319 13317
f 13319 13321 13322 13320
f 13247 13320 13322 13249
f 13248 13250 13321 13319
f 13321 13323 13324 13322
f 13249 13322 13324 13251
f 13250 13252 13323 13321
f 13323 13325 13326 13324
f 13251 13324 13326 13253
f 13252 13254 13325 13323
f 13325 13327 13328 13326
f 13256 13255 13328 13327
f 13253 13326 13328 13255
f 13254 13256 13327 13325
