# generado por tools/vox_to_obj.py desde toro.vox
mtllib toro.mtl
v -1.8500 1.0000 0.6000
v -1.8500 1.1000 0.6000
v -1.8500 1.1000 0.5000
v -1.8500 1.0000 0.5000
v -1.7500 1.0000 0.6000
v -1.7500 1.1000 0.6000
v -1.7500 1.0000 0.5000
v -1.8500 1.2000 0.6000
v -1.8500 1.2000 0.5000
v -1.7500 1.2000 0.6000
v -1.8500 1.3000 0.6000
v -1.8500 1.3000 0.5000
v -1.7500 1.3000 0.6000
v -1.8500 1.4000 0.6000
v -1.8500 1.4000 0.5000
v -1.7500 1.4000 0.6000
v -1.8500 1.5000 0.6000
v -1.8500 1.5000 0.5000
v -1.7500 1.5000 0.6000
v -1.8500 1.6000 0.6000
v -1.8500 1.6000 0.5000
v -1.7500 1.6000 0.6000
v -1.8500 1.7000 0.6000
v -1.8500 1.7000 0.5000
v -1.7500 1.7000 0.6000
v -1.8500 1.8000 0.6000
v -1.8500 1.8000 0.5000
v -1.7500 1.8000 0.6000
v -1.8500 1.9000 0.6000
v -1.8500 1.9000 0.5000
v -1.7500 1.9000 0.6000
v -1.8500 2.0000 0.6000
v -1.8500 2.0000 0.5000
v -1.7500 2.0000 0.6000
v -1.8500 2.1000 0.6000
v -1.8500 2.1000 0.5000
v -1.7500 2.1000 0.6000
v -1.8500 2.2000 0.6000
v -1.8500 2.2000 0.5000
v -1.7500 2.2000 0.6000
v -1.8500 2.3000 0.6000
v -1.8500 2.3000 0.5000
v -1.7500 2.3000 0.6000
v -1.8500 2.4000 0.6000
v -1.8500 2.4000 0.5000
v -1.7500 2.4000 0.6000
v -1.7500 2.4000 0.5000
v -1.8500 1.1000 0.4000
v -1.8500 1.0000 0.4000
v -1.7500 1.0000 0.4000
v -1.8500 1.2000 0.4000
v -1.8500 1.3000 0.4000
v -1.8500 1.4000 0.4000
v -1.8500 1.5000 0.4000
v -1.8500 1.6000 0.4000
v -1.8500 1.7000 0.4000
v -1.8500 1.8000 0.4000
v -1.8500 1.9000 0.4000
v -1.8500 2.0000 0.4000
v -1.8500 2.1000 0.4000
v -1.8500 2.2000 0.4000
v -1.8500 2.3000 0.4000
v -1.8500 2.4000 0.4000
v -1.7500 2.4000 0.4000
v -1.8500 1.1000 0.3000
v -1.8500 1.0000 0.3000
v -1.7500 1.0000 0.3000
v -1.8500 1.2000 0.3000
v -1.8500 1.3000 0.3000
v -1.8500 1.4000 0.3000
v -1.8500 1.5000 0.3000
v -1.8500 1.6000 0.3000
v -1.8500 1.7000 0.3000
v -1.8500 1.8000 0.3000
v -1.8500 1.9000 0.3000
v -1.8500 2.0000 0.3000
v -1.8500 2.1000 0.3000
v -1.8500 2.2000 0.3000
v -1.8500 2.3000 0.3000
v -1.8500 2.4000 0.3000
v -1.7500 2.4000 0.3000
v -1.8500 1.1000 0.2000
v -1.8500 1.0000 0.2000
v -1.7500 1.0000 0.2000
v -1.8500 1.2000 0.2000
v -1.8500 1.3000 0.2000
v -1.8500 1.4000 0.2000
v -1.8500 1.5000 0.2000
v -1.8500 1.6000 0.2000
v -1.8500 1.7000 0.2000
v -1.8500 1.8000 0.2000
v -1.8500 1.9000 0.2000
v -1.8500 2.0000 0.2000
v -1.8500 2.1000 0.2000
v -1.8500 2.2000 0.2000
v -1.8500 2.3000 0.2000
v -1.8500 2.4000 0.2000
v -1.7500 2.4000 0.2000
v -1.8500 1.1000 0.1000
v -1.8500 1.0000 0.1000
v -1.7500 1.0000 0.1000
v -1.8500 1.2000 0.1000
v -1.8500 1.3000 0.1000
v -1.8500 1.4000 0.1000
v -1.8500 1.5000 0.1000
v -1.8500 1.6000 0.1000
v -1.8500 1.7000 0.1000
v -1.8500 1.8000 0.1000
v -1.8500 1.9000 0.1000
v -1.8500 2.0000 0.1000
v -1.8500 2.1000 0.1000
v -1.8500 2.2000 0.1000
v -1.8500 2.3000 0.1000
v -1.8500 2.4000 0.1000
v -1.7500 2.4000 0.1000
v -1.8500 2.4000 0.0000
v -1.8500 2.3000 0.0000
v -1.7500 2.4000 0.0000
v -1.8500 2.4000 -0.1000
v -1.8500 2.3000 -0.1000
v -1.7500 2.4000 -0.1000
v -1.8500 1.0000 -0.1000
v -1.8500 1.1000 -0.1000
v -1.8500 1.1000 -0.2000
v -1.8500 1.0000 -0.2000
v -1.7500 1.0000 -0.2000
v -1.7500 1.0000 -0.1000
v -1.8500 1.2000 -0.1000
v -1.8500 1.2000 -0.2000
v -1.8500 1.3000 -0.1000
v -1.8500 1.3000 -0.2000
v -1.8500 1.4000 -0.1000
v -1.8500 1.4000 -0.2000
v -1.8500 1.5000 -0.1000
v -1.8500 1.5000 -0.2000
v -1.8500 1.6000 -0.1000
v -1.8500 1.6000 -0.2000
v -1.8500 1.7000 -0.1000
v -1.8500 1.7000 -0.2000
v -1.8500 1.8000 -0.1000
v -1.8500 1.8000 -0.2000
v -1.8500 1.9000 -0.1000
v -1.8500 1.9000 -0.2000
v -1.8500 2.0000 -0.1000
v -1.8500 2.0000 -0.2000
v -1.8500 2.1000 -0.1000
v -1.8500 2.1000 -0.2000
v -1.8500 2.2000 -0.1000
v -1.8500 2.2000 -0.2000
v -1.8500 2.3000 -0.2000
v -1.8500 2.4000 -0.2000
v -1.7500 2.4000 -0.2000
v -1.8500 1.1000 -0.3000
v -1.8500 1.0000 -0.3000
v -1.7500 1.0000 -0.3000
v -1.8500 1.2000 -0.3000
v -1.8500 1.3000 -0.3000
v -1.8500 1.4000 -0.3000
v -1.8500 1.5000 -0.3000
v -1.8500 1.6000 -0.3000
v -1.8500 1.7000 -0.3000
v -1.8500 1.8000 -0.3000
v -1.8500 1.9000 -0.3000
v -1.8500 2.0000 -0.3000
v -1.8500 2.1000 -0.3000
v -1.8500 2.2000 -0.3000
v -1.8500 2.3000 -0.3000
v -1.8500 2.4000 -0.3000
v -1.7500 2.4000 -0.3000
v -1.8500 1.1000 -0.4000
v -1.8500 1.0000 -0.4000
v -1.7500 1.0000 -0.4000
v -1.8500 1.2000 -0.4000
v -1.8500 1.3000 -0.4000
v -1.8500 1.4000 -0.4000
v -1.8500 1.5000 -0.4000
v -1.8500 1.6000 -0.4000
v -1.8500 1.7000 -0.4000
v -1.8500 1.8000 -0.4000
v -1.8500 1.9000 -0.4000
v -1.8500 2.0000 -0.4000
v -1.8500 2.1000 -0.4000
v -1.8500 2.2000 -0.4000
v -1.8500 2.3000 -0.4000
v -1.8500 2.4000 -0.4000
v -1.7500 2.4000 -0.4000
v -1.8500 1.1000 -0.5000
v -1.8500 1.0000 -0.5000
v -1.7500 1.0000 -0.5000
v -1.8500 1.2000 -0.5000
v -1.8500 1.3000 -0.5000
v -1.8500 1.4000 -0.5000
v -1.8500 1.5000 -0.5000
v -1.8500 1.6000 -0.5000
v -1.8500 1.7000 -0.5000
v -1.8500 1.8000 -0.5000
v -1.8500 1.9000 -0.5000
v -1.8500 2.0000 -0.5000
v -1.8500 2.1000 -0.5000
v -1.8500 2.2000 -0.5000
v -1.8500 2.3000 -0.5000
v -1.8500 2.4000 -0.5000
v -1.7500 2.4000 -0.5000
v -1.8500 1.1000 -0.6000
v -1.8500 1.0000 -0.6000
v -1.7500 1.1000 -0.6000
v -1.7500 1.0000 -0.6000
v -1.8500 1.2000 -0.6000
v -1.7500 1.2000 -0.6000
v -1.8500 1.3000 -0.6000
v -1.7500 1.3000 -0.6000
v -1.8500 1.4000 -0.6000
v -1.7500 1.4000 -0.6000
v -1.8500 1.5000 -0.6000
v -1.7500 1.5000 -0.6000
v -1.8500 1.6000 -0.6000
v -1.7500 1.6000 -0.6000
v -1.8500 1.7000 -0.6000
v -1.7500 1.7000 -0.6000
v -1.8500 1.8000 -0.6000
v -1.7500 1.8000 -0.6000
v -1.8500 1.9000 -0.6000
v -1.7500 1.9000 -0.6000
v -1.8500 2.0000 -0.6000
v -1.7500 2.0000 -0.6000
v -1.8500 2.1000 -0.6000
v -1.7500 2.1000 -0.6000
v -1.8500 2.2000 -0.6000
v -1.7500 2.2000 -0.6000
v -1.8500 2.3000 -0.6000
v -1.7500 2.3000 -0.6000
v -1.8500 2.4000 -0.6000
v -1.7500 2.4000 -0.6000
v -1.6500 1.0000 0.6000
v -1.6500 1.1000 0.6000
v -1.6500 1.0000 0.5000
v -1.6500 1.2000 0.6000
v -1.6500 1.3000 0.6000
v -1.6500 1.4000 0.6000
v -1.6500 1.5000 0.6000
v -1.6500 1.6000 0.6000
v -1.6500 1.7000 0.6000
v -1.6500 1.8000 0.6000
v -1.6500 1.9000 0.6000
v -1.6500 2.0000 0.6000
v -1.6500 2.1000 0.6000
v -1.6500 2.2000 0.6000
v -1.6500 2.3000 0.6000
v -1.6500 2.4000 0.6000
v -1.6500 2.4000 0.5000
v -1.6500 1.0000 0.4000
v -1.6500 2.4000 0.4000
v -1.6500 1.0000 0.3000
v -1.6500 2.4000 0.3000
v -1.6500 1.0000 0.2000
v -1.6500 2.4000 0.2000
v -1.6500 1.0000 0.1000
v -1.6500 2.4000 0.1000
v -1.7500 1.0000 0.0000
v -1.6500 1.0000 0.0000
v -1.6500 2.4000 0.0000
v -1.6500 1.0000 -0.1000
v -1.6500 2.4000 -0.1000
v -1.6500 1.0000 -0.2000
v -1.6500 2.4000 -0.2000
v -1.6500 1.0000 -0.3000
v -1.6500 2.4000 -0.3000
v -1.6500 1.0000 -0.4000
v -1.6500 2.4000 -0.4000
v -1.6500 1.0000 -0.5000
v -1.6500 2.4000 -0.5000
v -1.6500 1.1000 -0.6000
v -1.6500 1.0000 -0.6000
v -1.6500 1.2000 -0.6000
v -1.6500 1.3000 -0.6000
v -1.6500 1.4000 -0.6000
v -1.6500 1.5000 -0.6000
v -1.6500 1.6000 -0.6000
v -1.6500 1.7000 -0.6000
v -1.6500 1.8000 -0.6000
v -1.6500 1.9000 -0.6000
v -1.6500 2.0000 -0.6000
v -1.6500 2.1000 -0.6000
v -1.6500 2.2000 -0.6000
v -1.6500 2.3000 -0.6000
v -1.6500 2.4000 -0.6000
v -1.5500 1.0000 0.6000
v -1.5500 1.1000 0.6000
v -1.5500 1.0000 0.5000
v -1.5500 1.2000 0.6000
v -1.5500 1.3000 0.6000
v -1.5500 1.4000 0.6000
v -1.5500 1.5000 0.6000
v -1.5500 1.6000 0.6000
v -1.5500 1.7000 0.6000
v -1.5500 1.8000 0.6000
v -1.5500 1.9000 0.6000
v -1.5500 2.0000 0.6000
v -1.5500 2.1000 0.6000
v -1.5500 2.2000 0.6000
v -1.5500 2.3000 0.6000
v -1.5500 2.4000 0.6000
v -1.5500 2.4000 0.5000
v -1.5500 1.0000 0.4000
v -1.5500 2.4000 0.4000
v -1.5500 1.0000 0.3000
v -1.5500 2.4000 0.3000
v -1.5500 1.0000 0.2000
v -1.5500 2.4000 0.2000
v -1.5500 1.0000 0.1000
v -1.5500 2.4000 0.1000
v -1.5500 1.0000 0.0000
v -1.5500 2.4000 0.0000
v -1.5500 1.0000 -0.1000
v -1.5500 2.4000 -0.1000
v -1.5500 1.0000 -0.2000
v -1.5500 2.4000 -0.2000
v -1.5500 1.0000 -0.3000
v -1.5500 2.4000 -0.3000
v -1.5500 1.0000 -0.4000
v -1.5500 2.4000 -0.4000
v -1.5500 1.0000 -0.5000
v -1.5500 2.4000 -0.5000
v -1.5500 1.1000 -0.6000
v -1.5500 1.0000 -0.6000
v -1.5500 1.2000 -0.6000
v -1.5500 1.3000 -0.6000
v -1.5500 1.4000 -0.6000
v -1.5500 1.5000 -0.6000
v -1.5500 1.6000 -0.6000
v -1.5500 1.7000 -0.6000
v -1.5500 1.8000 -0.6000
v -1.5500 1.9000 -0.6000
v -1.5500 2.0000 -0.6000
v -1.5500 2.1000 -0.6000
v -1.5500 2.2000 -0.6000
v -1.5500 2.3000 -0.6000
v -1.5500 2.4000 -0.6000
v -1.4500 1.0000 0.6000
v -1.4500 1.1000 0.6000
v -1.4500 1.0000 0.5000
v -1.4500 1.2000 0.6000
v -1.4500 1.3000 0.6000
v -1.4500 1.4000 0.6000
v -1.4500 1.5000 0.6000
v -1.4500 1.6000 0.6000
v -1.4500 1.7000 0.6000
v -1.4500 1.8000 0.6000
v -1.4500 1.9000 0.6000
v -1.4500 2.0000 0.6000
v -1.4500 2.1000 0.6000
v -1.4500 2.2000 0.6000
v -1.4500 2.3000 0.6000
v -1.4500 2.4000 0.6000
v -1.4500 2.4000 0.5000
v -1.4500 2.4000 0.4000
v -1.4500 2.4000 0.3000
v -1.4500 2.4000 0.2000
v -1.4500 2.4000 0.1000
v -1.4500 1.0000 0.0000
v -1.4500 1.0000 0.1000
v -1.4500 2.4000 0.0000
v -1.4500 1.0000 -0.1000
v -1.4500 2.4000 -0.1000
v -1.4500 2.4000 -0.2000
v -1.4500 2.4000 -0.3000
v -1.4500 2.4000 -0.4000
v -1.4500 2.4000 -0.5000
v -1.4500 1.1000 -0.6000
v -1.4500 1.0000 -0.6000
v -1.4500 1.0000 -0.5000
v -1.4500 1.2000 -0.6000
v -1.4500 1.3000 -0.6000
v -1.4500 1.4000 -0.6000
v -1.4500 1.5000 -0.6000
v -1.4500 1.6000 -0.6000
v -1.4500 1.7000 -0.6000
v -1.4500 1.8000 -0.6000
v -1.4500 1.9000 -0.6000
v -1.4500 2.0000 -0.6000
v -1.4500 2.1000 -0.6000
v -1.4500 2.2000 -0.6000
v -1.4500 2.3000 -0.6000
v -1.4500 2.4000 -0.6000
v -1.3500 1.0000 0.6000
v -1.3500 1.1000 0.6000
v -1.3500 1.0000 0.5000
v -1.3500 1.2000 0.6000
v -1.3500 1.3000 0.6000
v -1.3500 1.4000 0.6000
v -1.3500 1.5000 0.6000
v -1.3500 1.6000 0.6000
v -1.3500 1.7000 0.6000
v -1.3500 1.8000 0.6000
v -1.3500 1.9000 0.6000
v -1.3500 2.0000 0.6000
v -1.3500 2.1000 0.6000
v -1.3500 2.2000 0.6000
v -1.3500 2.3000 0.6000
v -1.3500 2.4000 0.6000
v -1.3500 2.4000 0.5000
v -1.3500 2.4000 0.4000
v -1.3500 2.4000 0.3000
v -1.3500 2.4000 0.2000
v -1.3500 2.4000 0.1000
v -1.3500 1.0000 0.0000
v -1.3500 1.0000 0.1000
v -1.3500 2.4000 0.0000
v -1.3500 1.0000 -0.1000
v -1.3500 2.4000 -0.1000
v -1.3500 2.4000 -0.2000
v -1.3500 2.4000 -0.3000
v -1.3500 2.4000 -0.4000
v -1.3500 2.4000 -0.5000
v -1.3500 1.1000 -0.6000
v -1.3500 1.0000 -0.6000
v -1.3500 1.0000 -0.5000
v -1.3500 1.2000 -0.6000
v -1.3500 1.3000 -0.6000
v -1.3500 1.4000 -0.6000
v -1.3500 1.5000 -0.6000
v -1.3500 1.6000 -0.6000
v -1.3500 1.7000 -0.6000
v -1.3500 1.8000 -0.6000
v -1.3500 1.9000 -0.6000
v -1.3500 2.0000 -0.6000
v -1.3500 2.1000 -0.6000
v -1.3500 2.2000 -0.6000
v -1.3500 2.3000 -0.6000
v -1.3500 2.4000 -0.6000
v -1.2500 1.0000 0.6000
v -1.2500 1.1000 0.6000
v -1.2500 1.0000 0.5000
v -1.2500 1.2000 0.6000
v -1.2500 1.3000 0.6000
v -1.2500 1.4000 0.6000
v -1.2500 1.5000 0.6000
v -1.2500 1.6000 0.6000
v -1.2500 1.7000 0.6000
v -1.2500 1.8000 0.6000
v -1.2500 1.9000 0.6000
v -1.2500 2.0000 0.6000
v -1.2500 2.1000 0.6000
v -1.2500 2.2000 0.6000
v -1.2500 2.3000 0.6000
v -1.2500 2.4000 0.6000
v -1.2500 2.4000 0.5000
v -1.2500 2.4000 0.4000
v -1.2500 2.4000 0.3000
v -1.2500 2.4000 0.2000
v -1.2500 2.4000 0.1000
v -1.2500 1.0000 0.0000
v -1.2500 1.0000 0.1000
v -1.2500 2.4000 0.0000
v -1.2500 1.0000 -0.1000
v -1.2500 2.4000 -0.1000
v -1.2500 2.4000 -0.2000
v -1.2500 2.4000 -0.3000
v -1.2500 2.4000 -0.4000
v -1.2500 2.4000 -0.5000
v -1.2500 1.1000 -0.6000
v -1.2500 1.0000 -0.6000
v -1.2500 1.0000 -0.5000
v -1.2500 1.2000 -0.6000
v -1.2500 1.3000 -0.6000
v -1.2500 1.4000 -0.6000
v -1.2500 1.5000 -0.6000
v -1.2500 1.6000 -0.6000
v -1.2500 1.7000 -0.6000
v -1.2500 1.8000 -0.6000
v -1.2500 1.9000 -0.6000
v -1.2500 2.0000 -0.6000
v -1.2500 2.1000 -0.6000
v -1.2500 2.2000 -0.6000
v -1.2500 2.3000 -0.6000
v -1.2500 2.4000 -0.6000
v -1.1500 1.0000 0.6000
v -1.1500 1.1000 0.6000
v -1.1500 1.0000 0.5000
v -1.1500 1.2000 0.6000
v -1.1500 1.3000 0.6000
v -1.1500 1.4000 0.6000
v -1.1500 1.5000 0.6000
v -1.1500 1.6000 0.6000
v -1.1500 1.7000 0.6000
v -1.1500 1.8000 0.6000
v -1.1500 1.9000 0.6000
v -1.1500 2.0000 0.6000
v -1.1500 2.1000 0.6000
v -1.1500 2.2000 0.6000
v -1.1500 2.3000 0.6000
v -1.1500 2.4000 0.6000
v -1.1500 2.4000 0.5000
v -1.1500 2.4000 0.4000
v -1.1500 2.4000 0.3000
v -1.1500 2.4000 0.2000
v -1.1500 2.4000 0.1000
v -1.1500 1.0000 0.0000
v -1.1500 1.0000 0.1000
v -1.1500 2.4000 0.0000
v -1.1500 1.0000 -0.1000
v -1.1500 2.4000 -0.1000
v -1.1500 2.4000 -0.2000
v -1.1500 2.4000 -0.3000
v -1.1500 2.4000 -0.4000
v -1.1500 2.4000 -0.5000
v -1.1500 1.1000 -0.6000
v -1.1500 1.0000 -0.6000
v -1.1500 1.0000 -0.5000
v -1.1500 1.2000 -0.6000
v -1.1500 1.3000 -0.6000
v -1.1500 1.4000 -0.6000
v -1.1500 1.5000 -0.6000
v -1.1500 1.6000 -0.6000
v -1.1500 1.7000 -0.6000
v -1.1500 1.8000 -0.6000
v -1.1500 1.9000 -0.6000
v -1.1500 2.0000 -0.6000
v -1.1500 2.1000 -0.6000
v -1.1500 2.2000 -0.6000
v -1.1500 2.3000 -0.6000
v -1.1500 2.4000 -0.6000
v -1.0500 1.0000 0.6000
v -1.0500 1.1000 0.6000
v -1.0500 1.0000 0.5000
v -1.0500 1.2000 0.6000
v -1.0500 1.3000 0.6000
v -1.0500 1.4000 0.6000
v -1.0500 1.5000 0.6000
v -1.0500 1.6000 0.6000
v -1.0500 1.7000 0.6000
v -1.0500 1.8000 0.6000
v -1.0500 1.9000 0.6000
v -1.0500 2.0000 0.6000
v -1.0500 2.1000 0.6000
v -1.0500 2.2000 0.6000
v -1.0500 2.3000 0.6000
v -1.0500 2.4000 0.6000
v -1.0500 2.4000 0.5000
v -1.1500 1.0000 0.4000
v -1.0500 1.0000 0.4000
v -1.0500 2.4000 0.4000
v -1.1500 1.0000 0.3000
v -1.0500 1.0000 0.3000
v -1.0500 2.4000 0.3000
v -1.0500 1.0000 0.2000
v -1.0500 1.1000 0.2000
v -1.0500 1.1000 0.3000
v -1.1500 1.0000 0.2000
v -1.0500 2.4000 0.2000
v -1.0500 1.0000 0.1000
v -1.0500 1.1000 0.1000
v -1.0500 2.4000 0.1000
v -1.0500 1.0000 0.0000
v -1.0500 1.1000 0.0000
v -1.0500 2.4000 0.0000
v -1.0500 1.0000 -0.1000
v -1.0500 1.1000 -0.1000
v -1.0500 2.4000 -0.1000
v -1.0500 1.0000 -0.2000
v -1.0500 1.1000 -0.2000
v -1.1500 1.0000 -0.2000
v -1.0500 2.4000 -0.2000
v -1.0500 1.0000 -0.3000
v -1.0500 1.1000 -0.3000
v -1.1500 1.0000 -0.3000
v -1.0500 2.4000 -0.3000
v -1.1500 1.0000 -0.4000
v -1.0500 1.0000 -0.4000
v -1.0500 2.4000 -0.4000
v -1.0500 1.0000 -0.5000
v -1.0500 2.4000 -0.5000
v -1.0500 1.1000 -0.6000
v -1.0500 1.0000 -0.6000
v -1.0500 1.2000 -0.6000
v -1.0500 1.3000 -0.6000
v -1.0500 1.4000 -0.6000
v -1.0500 1.5000 -0.6000
v -1.0500 1.6000 -0.6000
v -1.0500 1.7000 -0.6000
v -1.0500 1.8000 -0.6000
v -1.0500 1.9000 -0.6000
v -1.0500 2.0000 -0.6000
v -1.0500 2.1000 -0.6000
v -1.0500 2.2000 -0.6000
v -1.0500 2.3000 -0.6000
v -1.0500 2.4000 -0.6000
v -0.9500 1.0000 0.6000
v -0.9500 1.1000 0.6000
v -0.9500 1.0000 0.5000
v -0.9500 1.2000 0.6000
v -0.9500 1.3000 0.6000
v -0.9500 1.4000 0.6000
v -0.9500 1.5000 0.6000
v -0.9500 1.6000 0.6000
v -0.9500 1.7000 0.6000
v -0.9500 1.8000 0.6000
v -0.9500 1.9000 0.6000
v -0.9500 2.0000 0.6000
v -0.9500 2.1000 0.6000
v -0.9500 2.2000 0.6000
v -0.9500 2.3000 0.6000
v -0.9500 2.4000 0.6000
v -0.9500 2.4000 0.5000
v -0.9500 1.0000 0.4000
v -0.9500 2.4000 0.4000
v -0.9500 1.1000 0.3000
v -0.9500 1.0000 0.3000
v -0.9500 2.4000 0.3000
v -0.9500 1.1000 0.2000
v -0.9500 2.4000 0.2000
v -0.9500 1.1000 0.1000
v -0.9500 2.4000 0.1000
v -0.9500 1.1000 0.0000
v -0.9500 2.4000 0.0000
v -0.9500 1.1000 -0.1000
v -0.9500 2.4000 -0.1000
v -0.9500 1.1000 -0.2000
v -0.9500 2.4000 -0.2000
v -0.9500 1.1000 -0.3000
v -0.9500 2.4000 -0.3000
v -0.9500 1.0000 -0.3000
v -0.9500 1.0000 -0.4000
v -0.9500 2.4000 -0.4000
v -0.9500 1.0000 -0.5000
v -0.9500 2.4000 -0.5000
v -0.9500 1.1000 -0.6000
v -0.9500 1.0000 -0.6000
v -0.9500 1.2000 -0.6000
v -0.9500 1.3000 -0.6000
v -0.9500 1.4000 -0.6000
v -0.9500 1.5000 -0.6000
v -0.9500 1.6000 -0.6000
v -0.9500 1.7000 -0.6000
v -0.9500 1.8000 -0.6000
v -0.9500 1.9000 -0.6000
v -0.9500 2.0000 -0.6000
v -0.9500 2.1000 -0.6000
v -0.9500 2.2000 -0.6000
v -0.9500 2.3000 -0.6000
v -0.9500 2.4000 -0.6000
v -0.8500 1.0000 0.6000
v -0.8500 1.1000 0.6000
v -0.8500 1.0000 0.5000
v -0.8500 1.2000 0.6000
v -0.8500 1.3000 0.6000
v -0.8500 1.4000 0.6000
v -0.8500 1.5000 0.6000
v -0.8500 1.6000 0.6000
v -0.8500 1.7000 0.6000
v -0.8500 1.8000 0.6000
v -0.8500 1.9000 0.6000
v -0.8500 2.0000 0.6000
v -0.8500 2.1000 0.6000
v -0.8500 2.2000 0.6000
v -0.8500 2.3000 0.6000
v -0.8500 2.4000 0.6000
v -0.8500 2.4000 0.5000
v -0.8500 1.0000 0.4000
v -0.8500 2.4000 0.4000
v -0.8500 1.1000 0.3000
v -0.8500 1.0000 0.3000
v -0.8500 2.4000 0.3000
v -0.8500 1.1000 0.2000
v -0.8500 2.4000 0.2000
v -0.8500 1.1000 0.1000
v -0.8500 2.4000 0.1000
v -0.8500 1.1000 0.0000
v -0.8500 2.4000 0.0000
v -0.8500 1.1000 -0.1000
v -0.8500 2.4000 -0.1000
v -0.8500 1.1000 -0.2000
v -0.8500 2.4000 -0.2000
v -0.8500 1.1000 -0.3000
v -0.8500 2.4000 -0.3000
v -0.8500 1.0000 -0.3000
v -0.8500 1.0000 -0.4000
v -0.8500 2.4000 -0.4000
v -0.8500 1.0000 -0.5000
v -0.8500 2.4000 -0.5000
v -0.8500 1.1000 -0.6000
v -0.8500 1.0000 -0.6000
v -0.8500 1.2000 -0.6000
v -0.8500 1.3000 -0.6000
v -0.8500 1.4000 -0.6000
v -0.8500 1.5000 -0.6000
v -0.8500 1.6000 -0.6000
v -0.8500 1.7000 -0.6000
v -0.8500 1.8000 -0.6000
v -0.8500 1.9000 -0.6000
v -0.8500 2.0000 -0.6000
v -0.8500 2.1000 -0.6000
v -0.8500 2.2000 -0.6000
v -0.8500 2.3000 -0.6000
v -0.8500 2.4000 -0.6000
v -0.7500 1.0000 0.6000
v -0.7500 1.1000 0.6000
v -0.7500 1.0000 0.5000
v -0.7500 1.2000 0.6000
v -0.7500 1.3000 0.6000
v -0.7500 1.4000 0.6000
v -0.7500 1.5000 0.6000
v -0.7500 1.6000 0.6000
v -0.7500 1.7000 0.6000
v -0.7500 1.8000 0.6000
v -0.7500 1.9000 0.6000
v -0.7500 2.0000 0.6000
v -0.7500 2.1000 0.6000
v -0.7500 2.2000 0.6000
v -0.7500 2.3000 0.6000
v -0.7500 2.4000 0.6000
v -0.7500 2.4000 0.5000
v -0.7500 1.0000 0.4000
v -0.7500 2.4000 0.4000
v -0.7500 1.1000 0.3000
v -0.7500 1.0000 0.3000
v -0.7500 2.4000 0.3000
v -0.7500 1.1000 0.2000
v -0.7500 2.4000 0.2000
v -0.7500 1.1000 0.1000
v -0.7500 2.4000 0.1000
v -0.7500 1.1000 0.0000
v -0.7500 2.4000 0.0000
v -0.7500 1.1000 -0.1000
v -0.7500 2.4000 -0.1000
v -0.7500 1.1000 -0.2000
v -0.7500 2.4000 -0.2000
v -0.7500 1.1000 -0.3000
v -0.7500 2.4000 -0.3000
v -0.7500 1.0000 -0.3000
v -0.7500 1.0000 -0.4000
v -0.7500 2.4000 -0.4000
v -0.7500 1.0000 -0.5000
v -0.7500 2.4000 -0.5000
v -0.7500 1.1000 -0.6000
v -0.7500 1.0000 -0.6000
v -0.7500 1.2000 -0.6000
v -0.7500 1.3000 -0.6000
v -0.7500 1.4000 -0.6000
v -0.7500 1.5000 -0.6000
v -0.7500 1.6000 -0.6000
v -0.7500 1.7000 -0.6000
v -0.7500 1.8000 -0.6000
v -0.7500 1.9000 -0.6000
v -0.7500 2.0000 -0.6000
v -0.7500 2.1000 -0.6000
v -0.7500 2.2000 -0.6000
v -0.7500 2.3000 -0.6000
v -0.7500 2.4000 -0.6000
v -0.6500 1.0000 0.6000
v -0.6500 1.1000 0.6000
v -0.6500 1.0000 0.5000
v -0.6500 1.2000 0.6000
v -0.6500 1.3000 0.6000
v -0.6500 1.4000 0.6000
v -0.6500 1.5000 0.6000
v -0.6500 1.6000 0.6000
v -0.6500 1.7000 0.6000
v -0.6500 1.8000 0.6000
v -0.6500 1.9000 0.6000
v -0.6500 2.0000 0.6000
v -0.6500 2.1000 0.6000
v -0.6500 2.2000 0.6000
v -0.6500 2.3000 0.6000
v -0.6500 2.4000 0.6000
v -0.6500 2.4000 0.5000
v -0.6500 1.0000 0.4000
v -0.6500 2.4000 0.4000
v -0.6500 1.1000 0.3000
v -0.6500 1.0000 0.3000
v -0.6500 2.4000 0.3000
v -0.6500 1.1000 0.2000
v -0.6500 2.4000 0.2000
v -0.6500 1.1000 0.1000
v -0.6500 2.4000 0.1000
v -0.6500 1.1000 0.0000
v -0.6500 2.4000 0.0000
v -0.6500 1.1000 -0.1000
v -0.6500 2.4000 -0.1000
v -0.6500 1.1000 -0.2000
v -0.6500 2.4000 -0.2000
v -0.6500 1.1000 -0.3000
v -0.6500 2.4000 -0.3000
v -0.6500 1.0000 -0.3000
v -0.6500 1.0000 -0.4000
v -0.6500 2.4000 -0.4000
v -0.6500 1.0000 -0.5000
v -0.6500 2.4000 -0.5000
v -0.6500 1.1000 -0.6000
v -0.6500 1.0000 -0.6000
v -0.6500 1.2000 -0.6000
v -0.6500 1.3000 -0.6000
v -0.6500 1.4000 -0.6000
v -0.6500 1.5000 -0.6000
v -0.6500 1.6000 -0.6000
v -0.6500 1.7000 -0.6000
v -0.6500 1.8000 -0.6000
v -0.6500 1.9000 -0.6000
v -0.6500 2.0000 -0.6000
v -0.6500 2.1000 -0.6000
v -0.6500 2.2000 -0.6000
v -0.6500 2.3000 -0.6000
v -0.6500 2.4000 -0.6000
v -0.5500 1.0000 0.6000
v -0.5500 1.1000 0.6000
v -0.5500 1.0000 0.5000
v -0.5500 1.2000 0.6000
v -0.5500 1.3000 0.6000
v -0.5500 1.4000 0.6000
v -0.5500 1.5000 0.6000
v -0.5500 1.6000 0.6000
v -0.5500 1.7000 0.6000
v -0.5500 1.8000 0.6000
v -0.5500 1.9000 0.6000
v -0.5500 2.0000 0.6000
v -0.5500 2.1000 0.6000
v -0.5500 2.2000 0.6000
v -0.5500 2.3000 0.6000
v -0.5500 2.4000 0.6000
v -0.5500 2.4000 0.5000
v -0.5500 1.0000 0.4000
v -0.5500 2.4000 0.4000
v -0.5500 1.1000 0.3000
v -0.5500 1.0000 0.3000
v -0.5500 2.4000 0.3000
v -0.5500 1.1000 0.2000
v -0.5500 2.4000 0.2000
v -0.5500 1.1000 0.1000
v -0.5500 2.4000 0.1000
v -0.5500 1.1000 0.0000
v -0.5500 2.4000 0.0000
v -0.5500 1.1000 -0.1000
v -0.5500 2.4000 -0.1000
v -0.5500 1.1000 -0.2000
v -0.5500 2.4000 -0.2000
v -0.5500 1.1000 -0.3000
v -0.5500 2.4000 -0.3000
v -0.5500 1.0000 -0.3000
v -0.5500 1.0000 -0.4000
v -0.5500 2.4000 -0.4000
v -0.5500 1.0000 -0.5000
v -0.5500 2.4000 -0.5000
v -0.5500 1.1000 -0.6000
v -0.5500 1.0000 -0.6000
v -0.5500 1.2000 -0.6000
v -0.5500 1.3000 -0.6000
v -0.5500 1.4000 -0.6000
v -0.5500 1.5000 -0.6000
v -0.5500 1.6000 -0.6000
v -0.5500 1.7000 -0.6000
v -0.5500 1.8000 -0.6000
v -0.5500 1.9000 -0.6000
v -0.5500 2.0000 -0.6000
v -0.5500 2.1000 -0.6000
v -0.5500 2.2000 -0.6000
v -0.5500 2.3000 -0.6000
v -0.5500 2.4000 -0.6000
v -0.4500 1.0000 0.6000
v -0.4500 1.1000 0.6000
v -0.4500 1.0000 0.5000
v -0.4500 1.2000 0.6000
v -0.4500 1.3000 0.6000
v -0.4500 1.4000 0.6000
v -0.4500 1.5000 0.6000
v -0.4500 1.6000 0.6000
v -0.4500 1.7000 0.6000
v -0.4500 1.8000 0.6000
v -0.4500 1.9000 0.6000
v -0.4500 2.0000 0.6000
v -0.4500 2.1000 0.6000
v -0.4500 2.2000 0.6000
v -0.4500 2.3000 0.6000
v -0.4500 2.4000 0.6000
v -0.4500 2.4000 0.5000
v -0.4500 1.0000 0.4000
v -0.4500 2.4000 0.4000
v -0.4500 1.1000 0.3000
v -0.4500 1.0000 0.3000
v -0.4500 2.4000 0.3000
v -0.4500 1.1000 0.2000
v -0.4500 2.4000 0.2000
v -0.4500 1.1000 0.1000
v -0.4500 2.4000 0.1000
v -0.4500 1.1000 0.0000
v -0.4500 2.4000 0.0000
v -0.4500 1.1000 -0.1000
v -0.4500 2.4000 -0.1000
v -0.4500 1.1000 -0.2000
v -0.4500 2.4000 -0.2000
v -0.4500 1.1000 -0.3000
v -0.4500 2.4000 -0.3000
v -0.4500 1.0000 -0.3000
v -0.4500 1.0000 -0.4000
v -0.4500 2.4000 -0.4000
v -0.4500 1.0000 -0.5000
v -0.4500 2.4000 -0.5000
v -0.4500 1.1000 -0.6000
v -0.4500 1.0000 -0.6000
v -0.4500 1.2000 -0.6000
v -0.4500 1.3000 -0.6000
v -0.4500 1.4000 -0.6000
v -0.4500 1.5000 -0.6000
v -0.4500 1.6000 -0.6000
v -0.4500 1.7000 -0.6000
v -0.4500 1.8000 -0.6000
v -0.4500 1.9000 -0.6000
v -0.4500 2.0000 -0.6000
v -0.4500 2.1000 -0.6000
v -0.4500 2.2000 -0.6000
v -0.4500 2.3000 -0.6000
v -0.4500 2.4000 -0.6000
v -0.3500 1.0000 0.6000
v -0.3500 1.1000 0.6000
v -0.3500 1.0000 0.5000
v -0.3500 1.2000 0.6000
v -0.3500 1.3000 0.6000
v -0.3500 1.4000 0.6000
v -0.3500 1.5000 0.6000
v -0.3500 1.6000 0.6000
v -0.3500 1.7000 0.6000
v -0.3500 1.8000 0.6000
v -0.3500 1.9000 0.6000
v -0.3500 2.0000 0.6000
v -0.3500 2.1000 0.6000
v -0.3500 2.2000 0.6000
v -0.3500 2.3000 0.6000
v -0.3500 2.4000 0.6000
v -0.3500 2.4000 0.5000
v -0.3500 1.0000 0.4000
v -0.3500 2.4000 0.4000
v -0.3500 1.0000 0.3000
v -0.3500 2.4000 0.3000
v -0.4500 1.0000 0.2000
v -0.3500 1.0000 0.2000
v -0.3500 2.4000 0.2000
v -0.4500 1.0000 0.1000
v -0.3500 1.0000 0.1000
v -0.3500 2.4000 0.1000
v -0.4500 1.0000 0.0000
v -0.3500 1.0000 0.0000
v -0.3500 2.4000 0.0000
v -0.4500 1.0000 -0.1000
v -0.3500 1.0000 -0.1000
v -0.3500 2.4000 -0.1000
v -0.4500 1.0000 -0.2000
v -0.3500 1.0000 -0.2000
v -0.3500 2.4000 -0.2000
v -0.3500 1.0000 -0.3000
v -0.3500 2.4000 -0.3000
v -0.3500 1.0000 -0.4000
v -0.3500 2.4000 -0.4000
v -0.3500 1.0000 -0.5000
v -0.3500 2.4000 -0.5000
v -0.3500 1.1000 -0.6000
v -0.3500 1.0000 -0.6000
v -0.3500 1.2000 -0.6000
v -0.3500 1.3000 -0.6000
v -0.3500 1.4000 -0.6000
v -0.3500 1.5000 -0.6000
v -0.3500 1.6000 -0.6000
v -0.3500 1.7000 -0.6000
v -0.3500 1.8000 -0.6000
v -0.3500 1.9000 -0.6000
v -0.3500 2.0000 -0.6000
v -0.3500 2.1000 -0.6000
v -0.3500 2.2000 -0.6000
v -0.3500 2.3000 -0.6000
v -0.3500 2.4000 -0.6000
v -0.2500 1.0000 0.6000
v -0.2500 1.1000 0.6000
v -0.2500 1.0000 0.5000
v -0.2500 1.2000 0.6000
v -0.2500 1.3000 0.6000
v -0.2500 1.4000 0.6000
v -0.2500 1.5000 0.6000
v -0.2500 1.6000 0.6000
v -0.2500 1.7000 0.6000
v -0.2500 1.8000 0.6000
v -0.2500 1.9000 0.6000
v -0.2500 2.0000 0.6000
v -0.2500 2.1000 0.6000
v -0.2500 2.2000 0.6000
v -0.2500 2.3000 0.6000
v -0.2500 2.4000 0.6000
v -0.2500 2.4000 0.5000
v -0.2500 1.0000 0.4000
v -0.2500 2.4000 0.4000
v -0.2500 1.0000 0.3000
v -0.2500 2.4000 0.3000
v -0.2500 1.0000 0.2000
v -0.2500 2.4000 0.2000
v -0.2500 1.0000 0.1000
v -0.2500 2.4000 0.1000
v -0.2500 1.0000 0.0000
v -0.2500 2.4000 0.0000
v -0.2500 1.0000 -0.1000
v -0.2500 2.4000 -0.1000
v -0.2500 1.0000 -0.2000
v -0.2500 2.4000 -0.2000
v -0.2500 1.0000 -0.3000
v -0.2500 2.4000 -0.3000
v -0.2500 1.0000 -0.4000
v -0.2500 2.4000 -0.4000
v -0.2500 1.0000 -0.5000
v -0.2500 2.4000 -0.5000
v -0.2500 1.1000 -0.6000
v -0.2500 1.0000 -0.6000
v -0.2500 1.2000 -0.6000
v -0.2500 1.3000 -0.6000
v -0.2500 1.4000 -0.6000
v -0.2500 1.5000 -0.6000
v -0.2500 1.6000 -0.6000
v -0.2500 1.7000 -0.6000
v -0.2500 1.8000 -0.6000
v -0.2500 1.9000 -0.6000
v -0.2500 2.0000 -0.6000
v -0.2500 2.1000 -0.6000
v -0.2500 2.2000 -0.6000
v -0.2500 2.3000 -0.6000
v -0.2500 2.4000 -0.6000
v -0.1500 1.0000 0.6000
v -0.1500 1.1000 0.6000
v -0.1500 1.0000 0.5000
v -0.1500 1.2000 0.6000
v -0.1500 1.3000 0.6000
v -0.1500 1.4000 0.6000
v -0.1500 1.5000 0.6000
v -0.1500 1.6000 0.6000
v -0.1500 1.7000 0.6000
v -0.1500 1.8000 0.6000
v -0.1500 1.9000 0.6000
v -0.1500 2.0000 0.6000
v -0.1500 2.1000 0.6000
v -0.1500 2.2000 0.6000
v -0.1500 2.3000 0.6000
v -0.1500 2.4000 0.6000
v -0.1500 2.4000 0.5000
v -0.1500 1.0000 0.4000
v -0.1500 2.4000 0.4000
v -0.1500 1.0000 0.3000
v -0.1500 2.4000 0.3000
v -0.1500 1.0000 0.2000
v -0.1500 2.4000 0.2000
v -0.1500 1.0000 0.1000
v -0.1500 2.4000 0.1000
v -0.1500 1.0000 0.0000
v -0.1500 2.4000 0.0000
v -0.1500 1.0000 -0.1000
v -0.1500 2.4000 -0.1000
v -0.1500 1.0000 -0.2000
v -0.1500 2.4000 -0.2000
v -0.1500 1.0000 -0.3000
v -0.1500 2.4000 -0.3000
v -0.1500 1.0000 -0.4000
v -0.1500 2.4000 -0.4000
v -0.1500 1.0000 -0.5000
v -0.1500 2.4000 -0.5000
v -0.1500 1.1000 -0.6000
v -0.1500 1.0000 -0.6000
v -0.1500 1.2000 -0.6000
v -0.1500 1.3000 -0.6000
v -0.1500 1.4000 -0.6000
v -0.1500 1.5000 -0.6000
v -0.1500 1.6000 -0.6000
v -0.1500 1.7000 -0.6000
v -0.1500 1.8000 -0.6000
v -0.1500 1.9000 -0.6000
v -0.1500 2.0000 -0.6000
v -0.1500 2.1000 -0.6000
v -0.1500 2.2000 -0.6000
v -0.1500 2.3000 -0.6000
v -0.1500 2.4000 -0.6000
v -0.0500 1.0000 0.6000
v -0.0500 1.1000 0.6000
v -0.0500 1.0000 0.5000
v -0.0500 1.2000 0.6000
v -0.0500 1.3000 0.6000
v -0.0500 1.4000 0.6000
v -0.0500 1.5000 0.6000
v -0.0500 1.6000 0.6000
v -0.0500 1.7000 0.6000
v -0.0500 1.8000 0.6000
v -0.0500 1.9000 0.6000
v -0.0500 2.0000 0.6000
v -0.0500 2.1000 0.6000
v -0.0500 2.2000 0.6000
v -0.0500 2.3000 0.6000
v -0.0500 2.4000 0.6000
v -0.0500 2.4000 0.5000
v -0.0500 1.0000 0.4000
v -0.0500 2.4000 0.4000
v -0.0500 1.0000 0.3000
v -0.0500 2.4000 0.3000
v -0.0500 1.0000 0.2000
v -0.0500 2.4000 0.2000
v -0.0500 1.0000 0.1000
v -0.0500 2.4000 0.1000
v -0.0500 1.0000 0.0000
v -0.0500 2.4000 0.0000
v -0.0500 1.0000 -0.1000
v -0.0500 2.4000 -0.1000
v -0.0500 1.0000 -0.2000
v -0.0500 2.4000 -0.2000
v -0.0500 1.0000 -0.3000
v -0.0500 2.4000 -0.3000
v -0.0500 1.0000 -0.4000
v -0.0500 2.4000 -0.4000
v -0.0500 1.0000 -0.5000
v -0.0500 2.4000 -0.5000
v -0.0500 1.1000 -0.6000
v -0.0500 1.0000 -0.6000
v -0.0500 1.2000 -0.6000
v -0.0500 1.3000 -0.6000
v -0.0500 1.4000 -0.6000
v -0.0500 1.5000 -0.6000
v -0.0500 1.6000 -0.6000
v -0.0500 1.7000 -0.6000
v -0.0500 1.8000 -0.6000
v -0.0500 1.9000 -0.6000
v -0.0500 2.0000 -0.6000
v -0.0500 2.1000 -0.6000
v -0.0500 2.2000 -0.6000
v -0.0500 2.3000 -0.6000
v -0.0500 2.4000 -0.6000
v 0.0500 1.0000 0.6000
v 0.0500 1.1000 0.6000
v 0.0500 1.0000 0.5000
v 0.0500 1.2000 0.6000
v 0.0500 1.3000 0.6000
v 0.0500 1.4000 0.6000
v 0.0500 1.5000 0.6000
v 0.0500 1.6000 0.6000
v 0.0500 1.7000 0.6000
v 0.0500 1.8000 0.6000
v 0.0500 1.9000 0.6000
v 0.0500 2.0000 0.6000
v 0.0500 2.1000 0.6000
v 0.0500 2.2000 0.6000
v 0.0500 2.3000 0.6000
v 0.0500 2.4000 0.6000
v 0.0500 2.4000 0.5000
v 0.0500 1.0000 0.4000
v 0.0500 2.4000 0.4000
v 0.0500 1.0000 0.3000
v 0.0500 2.4000 0.3000
v 0.0500 1.0000 0.2000
v 0.0500 2.4000 0.2000
v 0.0500 1.0000 0.1000
v 0.0500 2.4000 0.1000
v 0.0500 1.0000 0.0000
v 0.0500 2.4000 0.0000
v 0.0500 1.0000 -0.1000
v 0.0500 2.4000 -0.1000
v 0.0500 1.0000 -0.2000
v 0.0500 2.4000 -0.2000
v 0.0500 1.0000 -0.3000
v 0.0500 2.4000 -0.3000
v 0.0500 1.0000 -0.4000
v 0.0500 2.4000 -0.4000
v 0.0500 1.0000 -0.5000
v 0.0500 2.4000 -0.5000
v 0.0500 1.1000 -0.6000
v 0.0500 1.0000 -0.6000
v 0.0500 1.2000 -0.6000
v 0.0500 1.3000 -0.6000
v 0.0500 1.4000 -0.6000
v 0.0500 1.5000 -0.6000
v 0.0500 1.6000 -0.6000
v 0.0500 1.7000 -0.6000
v 0.0500 1.8000 -0.6000
v 0.0500 1.9000 -0.6000
v 0.0500 2.0000 -0.6000
v 0.0500 2.1000 -0.6000
v 0.0500 2.2000 -0.6000
v 0.0500 2.3000 -0.6000
v 0.0500 2.4000 -0.6000
v 0.1500 1.0000 0.6000
v 0.1500 1.1000 0.6000
v 0.1500 1.0000 0.5000
v 0.1500 1.2000 0.6000
v 0.1500 1.3000 0.6000
v 0.1500 1.4000 0.6000
v 0.1500 1.5000 0.6000
v 0.1500 1.6000 0.6000
v 0.1500 1.7000 0.6000
v 0.1500 1.8000 0.6000
v 0.1500 1.9000 0.6000
v 0.1500 2.0000 0.6000
v 0.1500 2.1000 0.6000
v 0.1500 2.2000 0.6000
v 0.1500 2.3000 0.6000
v 0.1500 2.4000 0.6000
v 0.1500 2.4000 0.5000
v 0.1500 1.0000 0.4000
v 0.1500 2.4000 0.4000
v 0.1500 1.0000 0.3000
v 0.1500 2.4000 0.3000
v 0.1500 1.0000 0.2000
v 0.1500 2.4000 0.2000
v 0.1500 1.0000 0.1000
v 0.1500 2.4000 0.1000
v 0.1500 1.0000 0.0000
v 0.1500 2.4000 0.0000
v 0.1500 1.0000 -0.1000
v 0.1500 2.4000 -0.1000
v 0.1500 1.0000 -0.2000
v 0.1500 2.4000 -0.2000
v 0.1500 1.0000 -0.3000
v 0.1500 2.4000 -0.3000
v 0.1500 1.0000 -0.4000
v 0.1500 2.4000 -0.4000
v 0.1500 1.0000 -0.5000
v 0.1500 2.4000 -0.5000
v 0.1500 1.1000 -0.6000
v 0.1500 1.0000 -0.6000
v 0.1500 1.2000 -0.6000
v 0.1500 1.3000 -0.6000
v 0.1500 1.4000 -0.6000
v 0.1500 1.5000 -0.6000
v 0.1500 1.6000 -0.6000
v 0.1500 1.7000 -0.6000
v 0.1500 1.8000 -0.6000
v 0.1500 1.9000 -0.6000
v 0.1500 2.0000 -0.6000
v 0.1500 2.1000 -0.6000
v 0.1500 2.2000 -0.6000
v 0.1500 2.3000 -0.6000
v 0.1500 2.4000 -0.6000
v 0.2500 1.0000 0.6000
v 0.2500 1.1000 0.6000
v 0.2500 1.0000 0.5000
v 0.2500 1.2000 0.6000
v 0.2500 1.3000 0.6000
v 0.2500 1.4000 0.6000
v 0.2500 1.5000 0.6000
v 0.2500 1.6000 0.6000
v 0.2500 1.7000 0.6000
v 0.2500 1.8000 0.6000
v 0.2500 1.9000 0.6000
v 0.2500 2.0000 0.6000
v 0.2500 2.1000 0.6000
v 0.2500 2.2000 0.6000
v 0.2500 2.3000 0.6000
v 0.2500 2.4000 0.6000
v 0.2500 2.4000 0.5000
v 0.2500 1.0000 0.4000
v 0.2500 2.4000 0.4000
v 0.2500 1.0000 0.3000
v 0.2500 2.4000 0.3000
v 0.2500 1.0000 0.2000
v 0.2500 2.4000 0.2000
v 0.2500 1.0000 0.1000
v 0.2500 2.4000 0.1000
v 0.2500 1.0000 0.0000
v 0.2500 2.4000 0.0000
v 0.2500 1.0000 -0.1000
v 0.2500 2.4000 -0.1000
v 0.2500 1.0000 -0.2000
v 0.2500 2.4000 -0.2000
v 0.2500 1.0000 -0.3000
v 0.2500 2.4000 -0.3000
v 0.2500 1.0000 -0.4000
v 0.2500 2.4000 -0.4000
v 0.2500 1.0000 -0.5000
v 0.2500 2.4000 -0.5000
v 0.2500 1.1000 -0.6000
v 0.2500 1.0000 -0.6000
v 0.2500 1.2000 -0.6000
v 0.2500 1.3000 -0.6000
v 0.2500 1.4000 -0.6000
v 0.2500 1.5000 -0.6000
v 0.2500 1.6000 -0.6000
v 0.2500 1.7000 -0.6000
v 0.2500 1.8000 -0.6000
v 0.2500 1.9000 -0.6000
v 0.2500 2.0000 -0.6000
v 0.2500 2.1000 -0.6000
v 0.2500 2.2000 -0.6000
v 0.2500 2.3000 -0.6000
v 0.2500 2.4000 -0.6000
v 0.3500 1.0000 0.6000
v 0.3500 1.1000 0.6000
v 0.3500 1.0000 0.5000
v 0.3500 1.2000 0.6000
v 0.3500 1.3000 0.6000
v 0.3500 1.4000 0.6000
v 0.3500 1.5000 0.6000
v 0.3500 1.6000 0.6000
v 0.3500 1.7000 0.6000
v 0.3500 1.8000 0.6000
v 0.3500 1.9000 0.6000
v 0.3500 2.0000 0.6000
v 0.3500 2.1000 0.6000
v 0.3500 2.2000 0.6000
v 0.3500 2.3000 0.6000
v 0.3500 2.4000 0.6000
v 0.3500 2.4000 0.5000
v 0.3500 1.0000 0.4000
v 0.3500 2.4000 0.4000
v 0.3500 1.0000 0.3000
v 0.3500 1.0000 0.2000
v 0.3500 1.0000 0.1000
v 0.3500 1.0000 0.0000
v 0.3500 1.0000 -0.1000
v 0.3500 1.0000 -0.2000
v 0.3500 1.0000 -0.3000
v 0.3500 1.0000 -0.4000
v 0.3500 1.0000 -0.5000
v 0.3500 2.4000 -0.4000
v 0.3500 2.4000 -0.5000
v 0.3500 1.1000 -0.6000
v 0.3500 1.0000 -0.6000
v 0.3500 1.2000 -0.6000
v 0.3500 1.3000 -0.6000
v 0.3500 1.4000 -0.6000
v 0.3500 1.5000 -0.6000
v 0.3500 1.6000 -0.6000
v 0.3500 1.7000 -0.6000
v 0.3500 1.8000 -0.6000
v 0.3500 1.9000 -0.6000
v 0.3500 2.0000 -0.6000
v 0.3500 2.1000 -0.6000
v 0.3500 2.2000 -0.6000
v 0.3500 2.3000 -0.6000
v 0.3500 2.4000 -0.6000
v 0.4500 1.0000 0.6000
v 0.4500 1.1000 0.6000
v 0.4500 1.0000 0.5000
v 0.4500 1.2000 0.6000
v 0.4500 1.3000 0.6000
v 0.4500 1.4000 0.6000
v 0.4500 1.5000 0.6000
v 0.4500 1.6000 0.6000
v 0.4500 1.7000 0.6000
v 0.4500 1.8000 0.6000
v 0.4500 1.9000 0.6000
v 0.4500 2.0000 0.6000
v 0.4500 2.1000 0.6000
v 0.4500 2.2000 0.6000
v 0.4500 2.3000 0.6000
v 0.4500 2.4000 0.6000
v 0.4500 2.4000 0.5000
v 0.4500 2.4000 0.4000
v 0.4500 1.0000 0.0000
v 0.4500 1.0000 0.1000
v 0.4500 1.0000 -0.1000
v 0.4500 2.4000 -0.4000
v 0.4500 2.4000 -0.5000
v 0.4500 1.1000 -0.6000
v 0.4500 1.0000 -0.6000
v 0.4500 1.0000 -0.5000
v 0.4500 1.2000 -0.6000
v 0.4500 1.3000 -0.6000
v 0.4500 1.4000 -0.6000
v 0.4500 1.5000 -0.6000
v 0.4500 1.6000 -0.6000
v 0.4500 1.7000 -0.6000
v 0.4500 1.8000 -0.6000
v 0.4500 1.9000 -0.6000
v 0.4500 2.0000 -0.6000
v 0.4500 2.1000 -0.6000
v 0.4500 2.2000 -0.6000
v 0.4500 2.3000 -0.6000
v 0.4500 2.4000 -0.6000
v 0.5500 1.0000 0.6000
v 0.5500 1.1000 0.6000
v 0.5500 1.0000 0.5000
v 0.5500 1.2000 0.6000
v 0.5500 1.3000 0.6000
v 0.5500 1.4000 0.6000
v 0.5500 1.5000 0.6000
v 0.5500 1.6000 0.6000
v 0.5500 1.7000 0.6000
v 0.5500 1.8000 0.6000
v 0.5500 1.9000 0.6000
v 0.5500 2.0000 0.6000
v 0.5500 2.1000 0.6000
v 0.5500 2.2000 0.6000
v 0.5500 2.3000 0.6000
v 0.5500 2.4000 0.6000
v 0.5500 2.4000 0.5000
v 0.5500 2.4000 0.4000
v 0.5500 1.0000 0.0000
v 0.5500 1.0000 0.1000
v 0.5500 1.0000 -0.1000
v 0.5500 2.4000 -0.4000
v 0.5500 2.4000 -0.5000
v 0.5500 1.1000 -0.6000
v 0.5500 1.0000 -0.6000
v 0.5500 1.0000 -0.5000
v 0.5500 1.2000 -0.6000
v 0.5500 1.3000 -0.6000
v 0.5500 1.4000 -0.6000
v 0.5500 1.5000 -0.6000
v 0.5500 1.6000 -0.6000
v 0.5500 1.7000 -0.6000
v 0.5500 1.8000 -0.6000
v 0.5500 1.9000 -0.6000
v 0.5500 2.0000 -0.6000
v 0.5500 2.1000 -0.6000
v 0.5500 2.2000 -0.6000
v 0.5500 2.3000 -0.6000
v 0.5500 2.4000 -0.6000
v 0.6500 1.0000 0.6000
v 0.6500 1.1000 0.6000
v 0.6500 1.0000 0.5000
v 0.6500 1.2000 0.6000
v 0.6500 1.3000 0.6000
v 0.6500 1.4000 0.6000
v 0.6500 1.5000 0.6000
v 0.6500 1.6000 0.6000
v 0.6500 1.7000 0.6000
v 0.6500 1.8000 0.6000
v 0.6500 1.9000 0.6000
v 0.6500 2.0000 0.6000
v 0.6500 2.1000 0.6000
v 0.6500 2.2000 0.6000
v 0.6500 2.3000 0.6000
v 0.6500 2.4000 0.6000
v 0.6500 2.4000 0.5000
v 0.6500 2.4000 0.4000
v 0.6500 1.0000 0.0000
v 0.6500 1.0000 0.1000
v 0.6500 1.0000 -0.1000
v 0.6500 2.4000 -0.4000
v 0.6500 2.4000 -0.5000
v 0.6500 1.1000 -0.6000
v 0.6500 1.0000 -0.6000
v 0.6500 1.0000 -0.5000
v 0.6500 1.2000 -0.6000
v 0.6500 1.3000 -0.6000
v 0.6500 1.4000 -0.6000
v 0.6500 1.5000 -0.6000
v 0.6500 1.6000 -0.6000
v 0.6500 1.7000 -0.6000
v 0.6500 1.8000 -0.6000
v 0.6500 1.9000 -0.6000
v 0.6500 2.0000 -0.6000
v 0.6500 2.1000 -0.6000
v 0.6500 2.2000 -0.6000
v 0.6500 2.3000 -0.6000
v 0.6500 2.4000 -0.6000
v 0.7500 1.0000 0.6000
v 0.7500 1.1000 0.6000
v 0.7500 1.0000 0.5000
v 0.7500 1.2000 0.6000
v 0.7500 1.3000 0.6000
v 0.7500 1.4000 0.6000
v 0.7500 1.5000 0.6000
v 0.7500 1.6000 0.6000
v 0.7500 1.7000 0.6000
v 0.7500 1.8000 0.6000
v 0.7500 1.9000 0.6000
v 0.7500 2.0000 0.6000
v 0.7500 2.1000 0.6000
v 0.7500 2.2000 0.6000
v 0.7500 2.3000 0.6000
v 0.7500 2.4000 0.6000
v 0.7500 2.4000 0.5000
v 0.7500 2.4000 0.4000
v 0.7500 1.0000 0.0000
v 0.7500 1.0000 0.1000
v 0.7500 1.0000 -0.1000
v 0.7500 2.4000 -0.4000
v 0.7500 2.4000 -0.5000
v 0.7500 1.1000 -0.6000
v 0.7500 1.0000 -0.6000
v 0.7500 1.0000 -0.5000
v 0.7500 1.2000 -0.6000
v 0.7500 1.3000 -0.6000
v 0.7500 1.4000 -0.6000
v 0.7500 1.5000 -0.6000
v 0.7500 1.6000 -0.6000
v 0.7500 1.7000 -0.6000
v 0.7500 1.8000 -0.6000
v 0.7500 1.9000 -0.6000
v 0.7500 2.0000 -0.6000
v 0.7500 2.1000 -0.6000
v 0.7500 2.2000 -0.6000
v 0.7500 2.3000 -0.6000
v 0.7500 2.4000 -0.6000
v 0.8500 1.0000 0.6000
v 0.8500 1.1000 0.6000
v 0.8500 1.0000 0.5000
v 0.8500 1.2000 0.6000
v 0.8500 1.3000 0.6000
v 0.8500 1.4000 0.6000
v 0.8500 1.5000 0.6000
v 0.8500 1.6000 0.6000
v 0.8500 1.7000 0.6000
v 0.8500 1.8000 0.6000
v 0.8500 1.9000 0.6000
v 0.8500 2.0000 0.6000
v 0.8500 2.1000 0.6000
v 0.8500 2.2000 0.6000
v 0.8500 2.3000 0.6000
v 0.8500 2.4000 0.6000
v 0.8500 2.4000 0.5000
v 0.7500 1.0000 0.4000
v 0.8500 1.0000 0.4000
v 0.8500 2.4000 0.4000
v 0.7500 1.0000 0.3000
v 0.8500 1.0000 0.3000
v 0.7500 1.0000 0.2000
v 0.8500 1.0000 0.2000
v 0.8500 1.0000 0.1000
v 0.8500 1.0000 0.0000
v 0.8500 1.0000 -0.1000
v 0.7500 1.0000 -0.2000
v 0.8500 1.0000 -0.2000
v 0.7500 1.0000 -0.3000
v 0.8500 1.0000 -0.3000
v 0.7500 1.0000 -0.4000
v 0.8500 1.0000 -0.4000
v 0.8500 1.0000 -0.5000
v 0.8500 2.4000 -0.4000
v 0.8500 2.4000 -0.5000
v 0.8500 1.1000 -0.6000
v 0.8500 1.0000 -0.6000
v 0.8500 1.2000 -0.6000
v 0.8500 1.3000 -0.6000
v 0.8500 1.4000 -0.6000
v 0.8500 1.5000 -0.6000
v 0.8500 1.6000 -0.6000
v 0.8500 1.7000 -0.6000
v 0.8500 1.8000 -0.6000
v 0.8500 1.9000 -0.6000
v 0.8500 2.0000 -0.6000
v 0.8500 2.1000 -0.6000
v 0.8500 2.2000 -0.6000
v 0.8500 2.3000 -0.6000
v 0.8500 2.4000 -0.6000
v 0.9500 1.0000 0.6000
v 0.9500 1.1000 0.6000
v 0.9500 1.0000 0.5000
v 0.9500 1.2000 0.6000
v 0.9500 1.3000 0.6000
v 0.9500 1.4000 0.6000
v 0.9500 1.5000 0.6000
v 0.9500 1.6000 0.6000
v 0.9500 1.7000 0.6000
v 0.9500 1.8000 0.6000
v 0.9500 1.9000 0.6000
v 0.9500 2.0000 0.6000
v 0.9500 2.1000 0.6000
v 0.9500 2.2000 0.6000
v 0.9500 2.3000 0.6000
v 0.9500 2.4000 0.6000
v 0.9500 2.4000 0.5000
v 0.9500 1.0000 0.4000
v 0.9500 2.4000 0.4000
v 0.9500 1.0000 0.3000
v 0.9500 1.0000 0.2000
v 0.9500 1.0000 0.1000
v 0.9500 1.0000 0.0000
v 0.9500 1.0000 -0.1000
v 0.9500 1.0000 -0.2000
v 0.9500 1.0000 -0.3000
v 0.9500 1.0000 -0.4000
v 0.9500 1.0000 -0.5000
v 0.9500 2.4000 -0.4000
v 0.9500 2.4000 -0.5000
v 0.9500 1.1000 -0.6000
v 0.9500 1.0000 -0.6000
v 0.9500 1.2000 -0.6000
v 0.9500 1.3000 -0.6000
v 0.9500 1.4000 -0.6000
v 0.9500 1.5000 -0.6000
v 0.9500 1.6000 -0.6000
v 0.9500 1.7000 -0.6000
v 0.9500 1.8000 -0.6000
v 0.9500 1.9000 -0.6000
v 0.9500 2.0000 -0.6000
v 0.9500 2.1000 -0.6000
v 0.9500 2.2000 -0.6000
v 0.9500 2.3000 -0.6000
v 0.9500 2.4000 -0.6000
v 1.0500 1.0000 0.6000
v 1.0500 1.0000 0.5000
v 1.0500 1.1000 0.5000
v 1.0500 1.1000 0.6000
v 1.0500 1.2000 0.5000
v 1.0500 1.2000 0.6000
v 1.0500 1.3000 0.5000
v 1.0500 1.3000 0.6000
v 1.0500 1.4000 0.5000
v 1.0500 1.4000 0.6000
v 1.0500 1.5000 0.5000
v 1.0500 1.5000 0.6000
v 1.0500 1.6000 0.6000
v 1.0500 1.7000 0.6000
v 1.0500 1.8000 0.6000
v 1.0500 1.9000 0.6000
v 1.0500 2.0000 0.6000
v 1.0500 2.1000 0.6000
v 1.0500 2.1000 0.5000
v 1.0500 2.2000 0.5000
v 1.0500 2.2000 0.6000
v 1.0500 2.3000 0.5000
v 1.0500 2.3000 0.6000
v 1.0500 2.4000 0.5000
v 1.0500 2.4000 0.6000
v 1.0500 1.0000 0.4000
v 1.0500 1.1000 0.4000
v 1.0500 1.2000 0.4000
v 1.0500 1.3000 0.4000
v 1.0500 1.4000 0.4000
v 1.0500 1.5000 0.4000
v 1.0500 2.1000 0.4000
v 1.0500 2.2000 0.4000
v 1.0500 2.3000 0.4000
v 1.0500 2.4000 0.4000
v 1.0500 1.0000 0.3000
v 1.0500 1.1000 0.3000
v 1.0500 1.2000 0.3000
v 1.0500 2.3000 0.3000
v 1.0500 2.4000 0.3000
v 0.9500 2.4000 0.3000
v 1.0500 2.3000 0.2000
v 1.0500 2.4000 0.2000
v 0.9500 2.4000 0.2000
v 1.0500 2.3000 0.1000
v 1.0500 2.4000 0.1000
v 0.9500 2.4000 0.1000
v 1.0500 2.3000 0.0000
v 1.0500 2.4000 0.0000
v 0.9500 2.4000 0.0000
v 1.0500 2.3000 -0.1000
v 1.0500 2.4000 -0.1000
v 0.9500 2.4000 -0.1000
v 1.0500 2.3000 -0.2000
v 1.0500 2.4000 -0.2000
v 0.9500 2.4000 -0.2000
v 1.0500 2.3000 -0.3000
v 1.0500 2.4000 -0.3000
v 0.9500 2.4000 -0.3000
v 1.0500 1.0000 -0.3000
v 1.0500 1.0000 -0.4000
v 1.0500 1.1000 -0.4000
v 1.0500 1.1000 -0.3000
v 1.0500 1.2000 -0.4000
v 1.0500 1.2000 -0.3000
v 1.0500 2.3000 -0.4000
v 1.0500 2.4000 -0.4000
v 1.0500 1.0000 -0.5000
v 1.0500 1.1000 -0.5000
v 1.0500 1.2000 -0.5000
v 1.0500 1.3000 -0.5000
v 1.0500 1.3000 -0.4000
v 1.0500 1.4000 -0.5000
v 1.0500 1.4000 -0.4000
v 1.0500 1.5000 -0.5000
v 1.0500 1.5000 -0.4000
v 1.0500 2.1000 -0.4000
v 1.0500 2.1000 -0.5000
v 1.0500 2.2000 -0.5000
v 1.0500 2.2000 -0.4000
v 1.0500 2.3000 -0.5000
v 1.0500 2.4000 -0.5000
v 1.0500 1.0000 -0.6000
v 1.0500 1.1000 -0.6000
v 1.0500 1.2000 -0.6000
v 1.0500 1.3000 -0.6000
v 1.0500 1.4000 -0.6000
v 1.0500 1.5000 -0.6000
v 1.0500 1.6000 -0.6000
v 1.0500 1.7000 -0.6000
v 1.0500 1.8000 -0.6000
v 1.0500 1.9000 -0.6000
v 1.0500 2.0000 -0.6000
v 1.0500 2.1000 -0.6000
v 1.0500 2.2000 -0.6000
v 1.0500 2.3000 -0.6000
v 1.0500 2.4000 -0.6000
v 1.1500 1.2000 0.4000
v 1.1500 1.3000 0.4000
v 1.1500 1.2000 0.3000
v 1.1500 1.4000 0.4000
v 1.1500 1.5000 0.4000
v 1.1500 2.1000 0.4000
v 1.1500 2.2000 0.4000
v 1.1500 2.3000 0.4000
v 1.1500 2.3000 0.3000
v 1.1500 2.3000 0.2000
v 1.1500 2.3000 0.1000
v 1.1500 2.3000 0.0000
v 1.1500 2.3000 -0.1000
v 1.1500 2.3000 -0.2000
v 1.1500 2.3000 -0.3000
v 1.1500 1.3000 -0.4000
v 1.1500 1.2000 -0.4000
v 1.1500 1.2000 -0.3000
v 1.1500 1.4000 -0.4000
v 1.1500 1.5000 -0.4000
v 1.1500 2.2000 -0.4000
v 1.1500 2.1000 -0.4000
v 1.1500 2.3000 -0.4000
v 1.2500 1.2000 0.4000
v 1.2500 1.3000 0.4000
v 1.2500 1.2000 0.3000
v 1.2500 1.4000 0.4000
v 1.2500 1.5000 0.4000
v 1.2500 2.1000 0.4000
v 1.2500 2.2000 0.4000
v 1.2500 2.3000 0.4000
v 1.2500 2.3000 0.3000
v 1.2500 2.3000 0.2000
v 1.2500 2.3000 0.1000
v 1.2500 2.3000 0.0000
v 1.2500 2.3000 -0.1000
v 1.2500 2.3000 -0.2000
v 1.2500 2.3000 -0.3000
v 1.2500 1.3000 -0.4000
v 1.2500 1.2000 -0.4000
v 1.2500 1.2000 -0.3000
v 1.2500 1.4000 -0.4000
v 1.2500 1.5000 -0.4000
v 1.2500 2.2000 -0.4000
v 1.2500 2.1000 -0.4000
v 1.2500 2.3000 -0.4000
v 1.3500 1.2000 0.4000
v 1.3500 1.3000 0.4000
v 1.3500 1.2000 0.3000
v 1.3500 1.4000 0.4000
v 1.3500 1.5000 0.4000
v 1.3500 2.1000 0.4000
v 1.3500 2.2000 0.4000
v 1.3500 2.3000 0.4000
v 1.3500 2.3000 0.3000
v 1.3500 2.3000 0.2000
v 1.3500 2.3000 0.1000
v 1.3500 2.3000 0.0000
v 1.3500 2.3000 -0.1000
v 1.3500 2.3000 -0.2000
v 1.3500 2.3000 -0.3000
v 1.3500 1.3000 -0.4000
v 1.3500 1.2000 -0.4000
v 1.3500 1.2000 -0.3000
v 1.3500 1.4000 -0.4000
v 1.3500 1.5000 -0.4000
v 1.3500 2.2000 -0.4000
v 1.3500 2.1000 -0.4000
v 1.3500 2.3000 -0.4000
v 1.4500 1.2000 0.4000
v 1.4500 1.3000 0.4000
v 1.4500 1.2000 0.3000
v 1.4500 1.4000 0.4000
v 1.4500 1.5000 0.4000
v 1.4500 1.6000 0.4000
v 1.3500 1.6000 0.4000
v 1.4500 1.7000 0.4000
v 1.3500 1.7000 0.4000
v 1.4500 1.8000 0.4000
v 1.3500 1.8000 0.4000
v 1.4500 1.9000 0.4000
v 1.3500 1.9000 0.4000
v 1.4500 2.0000 0.4000
v 1.3500 2.0000 0.4000
v 1.4500 2.1000 0.4000
v 1.4500 2.2000 0.4000
v 1.4500 2.3000 0.4000
v 1.3500 1.2000 0.2000
v 1.4500 1.2000 0.2000
v 1.4500 2.3000 0.3000
v 1.4500 2.3000 0.2000
v 1.3500 1.2000 0.1000
v 1.4500 1.2000 0.1000
v 1.4500 2.3000 0.1000
v 1.3500 1.2000 0.0000
v 1.4500 1.2000 0.0000
v 1.4500 2.3000 0.0000
v 1.3500 1.2000 -0.1000
v 1.4500 1.2000 -0.1000
v 1.4500 2.3000 -0.1000
v 1.3500 1.2000 -0.2000
v 1.4500 1.2000 -0.2000
v 1.4500 2.3000 -0.2000
v 1.4500 1.2000 -0.3000
v 1.4500 2.3000 -0.3000
v 1.4500 1.3000 -0.4000
v 1.4500 1.2000 -0.4000
v 1.4500 1.4000 -0.4000
v 1.4500 1.5000 -0.4000
v 1.3500 1.6000 -0.4000
v 1.4500 1.6000 -0.4000
v 1.3500 1.7000 -0.4000
v 1.4500 1.7000 -0.4000
v 1.3500 1.8000 -0.4000
v 1.4500 1.8000 -0.4000
v 1.3500 1.9000 -0.4000
v 1.4500 1.9000 -0.4000
v 1.3500 2.0000 -0.4000
v 1.4500 2.0000 -0.4000
v 1.4500 2.1000 -0.4000
v 1.4500 2.2000 -0.4000
v 1.4500 2.3000 -0.4000
v 1.5500 1.2000 0.4000
v 1.5500 1.3000 0.4000
v 1.5500 1.2000 0.3000
v 1.5500 1.4000 0.4000
v 1.5500 1.5000 0.4000
v 1.5500 1.6000 0.4000
v 1.5500 1.7000 0.4000
v 1.5500 1.8000 0.4000
v 1.5500 1.9000 0.4000
v 1.5500 2.0000 0.4000
v 1.5500 2.1000 0.4000
v 1.5500 2.2000 0.4000
v 1.5500 2.3000 0.4000
v 1.5500 2.3000 0.3000
v 1.5500 1.2000 0.2000
v 1.5500 2.3000 0.2000
v 1.5500 1.2000 0.1000
v 1.5500 2.3000 0.1000
v 1.5500 1.2000 0.0000
v 1.5500 2.3000 0.0000
v 1.5500 1.2000 -0.1000
v 1.5500 2.3000 -0.1000
v 1.5500 1.2000 -0.2000
v 1.5500 2.3000 -0.2000
v 1.5500 1.2000 -0.3000
v 1.5500 2.3000 -0.3000
v 1.5500 1.3000 -0.4000
v 1.5500 1.2000 -0.4000
v 1.5500 1.4000 -0.4000
v 1.5500 1.5000 -0.4000
v 1.5500 1.6000 -0.4000
v 1.5500 1.7000 -0.4000
v 1.5500 1.8000 -0.4000
v 1.5500 1.9000 -0.4000
v 1.5500 2.0000 -0.4000
v 1.5500 2.1000 -0.4000
v 1.5500 2.2000 -0.4000
v 1.5500 2.3000 -0.4000
v 1.6500 1.2000 0.4000
v 1.6500 1.3000 0.4000
v 1.6500 1.2000 0.3000
v 1.6500 1.4000 0.4000
v 1.6500 1.5000 0.4000
v 1.6500 1.6000 0.4000
v 1.6500 1.7000 0.4000
v 1.6500 1.8000 0.4000
v 1.6500 1.9000 0.4000
v 1.6500 2.0000 0.4000
v 1.6500 2.1000 0.4000
v 1.6500 2.2000 0.4000
v 1.6500 2.3000 0.4000
v 1.6500 2.3000 0.3000
v 1.6500 1.2000 0.2000
v 1.6500 2.3000 0.2000
v 1.6500 1.2000 0.1000
v 1.6500 2.3000 0.1000
v 1.6500 1.2000 0.0000
v 1.6500 2.3000 0.0000
v 1.6500 1.2000 -0.1000
v 1.6500 2.3000 -0.1000
v 1.6500 1.2000 -0.2000
v 1.6500 2.3000 -0.2000
v 1.6500 1.2000 -0.3000
v 1.6500 2.3000 -0.3000
v 1.6500 1.3000 -0.4000
v 1.6500 1.2000 -0.4000
v 1.6500 1.4000 -0.4000
v 1.6500 1.5000 -0.4000
v 1.6500 1.6000 -0.4000
v 1.6500 1.7000 -0.4000
v 1.6500 1.8000 -0.4000
v 1.6500 1.9000 -0.4000
v 1.6500 2.0000 -0.4000
v 1.6500 2.1000 -0.4000
v 1.6500 2.2000 -0.4000
v 1.6500 2.3000 -0.4000
v 1.7500 1.2000 0.4000
v 1.7500 1.3000 0.4000
v 1.7500 1.2000 0.3000
v 1.7500 1.4000 0.4000
v 1.7500 1.5000 0.4000
v 1.7500 1.6000 0.4000
v 1.7500 1.7000 0.4000
v 1.7500 1.8000 0.4000
v 1.7500 1.9000 0.4000
v 1.7500 2.0000 0.4000
v 1.7500 2.1000 0.4000
v 1.7500 2.2000 0.4000
v 1.7500 2.3000 0.4000
v 1.7500 2.3000 0.3000
v 1.7500 1.2000 0.2000
v 1.7500 2.3000 0.2000
v 1.7500 1.2000 0.1000
v 1.7500 2.3000 0.1000
v 1.7500 1.2000 0.0000
v 1.7500 2.3000 0.0000
v 1.7500 1.2000 -0.1000
v 1.7500 2.3000 -0.1000
v 1.7500 1.2000 -0.2000
v 1.7500 2.3000 -0.2000
v 1.7500 1.2000 -0.3000
v 1.7500 2.3000 -0.3000
v 1.7500 1.3000 -0.4000
v 1.7500 1.2000 -0.4000
v 1.7500 1.4000 -0.4000
v 1.7500 1.5000 -0.4000
v 1.7500 1.6000 -0.4000
v 1.7500 1.7000 -0.4000
v 1.7500 1.8000 -0.4000
v 1.7500 1.9000 -0.4000
v 1.7500 2.0000 -0.4000
v 1.7500 2.1000 -0.4000
v 1.7500 2.2000 -0.4000
v 1.7500 2.3000 -0.4000
v 1.8500 1.2000 0.4000
v 1.8500 1.2000 0.3000
v 1.8500 1.3000 0.3000
v 1.8500 1.3000 0.4000
v 1.8500 1.4000 0.3000
v 1.8500 1.4000 0.4000
v 1.8500 1.5000 0.3000
v 1.8500 1.5000 0.4000
v 1.8500 1.6000 0.3000
v 1.8500 1.6000 0.4000
v 1.8500 1.7000 0.3000
v 1.8500 1.7000 0.4000
v 1.8500 1.8000 0.3000
v 1.8500 1.8000 0.4000
v 1.8500 1.9000 0.3000
v 1.8500 1.9000 0.4000
v 1.8500 2.0000 0.3000
v 1.8500 2.0000 0.4000
v 1.8500 2.1000 0.3000
v 1.8500 2.1000 0.4000
v 1.8500 2.2000 0.3000
v 1.8500 2.2000 0.4000
v 1.8500 2.3000 0.3000
v 1.8500 2.3000 0.4000
v 1.8500 1.2000 0.2000
v 1.8500 1.8000 0.2000
v 1.8500 1.9000 0.2000
v 1.8500 2.0000 0.2000
v 1.8500 2.1000 0.2000
v 1.8500 2.2000 0.2000
v 1.8500 2.3000 0.2000
v 1.8500 1.2000 0.1000
v 1.8500 1.8000 0.1000
v 1.8500 1.9000 0.1000
v 1.8500 2.0000 0.1000
v 1.8500 2.1000 0.1000
v 1.8500 2.2000 0.1000
v 1.8500 2.3000 0.1000
v 1.8500 1.2000 0.0000
v 1.8500 1.8000 0.0000
v 1.8500 1.9000 0.0000
v 1.8500 2.0000 0.0000
v 1.8500 2.1000 0.0000
v 1.8500 2.2000 0.0000
v 1.8500 2.3000 0.0000
v 1.8500 1.2000 -0.1000
v 1.8500 1.8000 -0.1000
v 1.8500 1.9000 -0.1000
v 1.8500 2.0000 -0.1000
v 1.8500 2.1000 -0.1000
v 1.8500 2.2000 -0.1000
v 1.8500 2.3000 -0.1000
v 1.8500 1.2000 -0.2000
v 1.8500 1.8000 -0.2000
v 1.8500 1.9000 -0.2000
v 1.8500 2.0000 -0.2000
v 1.8500 2.1000 -0.2000
v 1.8500 2.2000 -0.2000
v 1.8500 2.3000 -0.2000
v 1.8500 1.2000 -0.3000
v 1.8500 1.8000 -0.3000
v 1.8500 1.9000 -0.3000
v 1.8500 2.0000 -0.3000
v 1.8500 2.1000 -0.3000
v 1.8500 2.2000 -0.3000
v 1.8500 2.3000 -0.3000
v 1.8500 1.2000 -0.4000
v 1.8500 1.3000 -0.4000
v 1.8500 1.3000 -0.3000
v 1.8500 1.4000 -0.4000
v 1.8500 1.4000 -0.3000
v 1.8500 1.5000 -0.4000
v 1.8500 1.5000 -0.3000
v 1.8500 1.6000 -0.4000
v 1.8500 1.6000 -0.3000
v 1.8500 1.7000 -0.4000
v 1.8500 1.7000 -0.3000
v 1.8500 1.8000 -0.4000
v 1.8500 1.9000 -0.4000
v 1.8500 2.0000 -0.4000
v 1.8500 2.1000 -0.4000
v 1.8500 2.2000 -0.4000
v 1.8500 2.3000 -0.4000
v 0.2500 2.5000 0.4000
v 0.2500 2.5000 0.3000
v 0.3500 2.5000 0.4000
v 0.2500 2.6000 0.4000
v 0.2500 2.6000 0.3000
v 0.3500 2.6000 0.4000
v 0.2500 2.7000 0.4000
v 0.2500 2.7000 0.3000
v 0.3500 2.7000 0.4000
v 0.3500 2.8000 0.4000
v 0.2500 2.8000 0.4000
v 0.2500 2.5000 0.2000
v 0.2500 2.6000 0.2000
v 0.2500 2.7000 0.2000
v 0.2500 2.5000 0.1000
v 0.2500 2.6000 0.1000
v 0.2500 2.7000 0.1000
v 0.2500 2.5000 0.0000
v 0.2500 2.6000 0.0000
v 0.2500 2.7000 0.0000
v 0.2500 2.5000 -0.1000
v 0.2500 2.6000 -0.1000
v 0.2500 2.7000 -0.1000
v 0.2500 2.5000 -0.2000
v 0.2500 2.6000 -0.2000
v 0.2500 2.7000 -0.2000
v 0.2500 2.5000 -0.3000
v 0.2500 2.6000 -0.3000
v 0.2500 2.7000 -0.3000
v 0.2500 2.5000 -0.4000
v 0.3500 2.5000 -0.4000
v 0.2500 2.6000 -0.4000
v 0.3500 2.6000 -0.4000
v 0.2500 2.7000 -0.4000
v 0.3500 2.7000 -0.4000
v 0.2500 2.8000 -0.4000
v 0.3500 2.8000 -0.4000
v 0.4500 2.5000 0.4000
v 0.4500 2.6000 0.4000
v 0.4500 2.7000 0.4000
v 0.4500 2.8000 0.4000
v 0.4500 2.5000 -0.4000
v 0.4500 2.6000 -0.4000
v 0.4500 2.7000 -0.4000
v 0.4500 2.8000 -0.4000
v 0.5500 2.5000 0.4000
v 0.5500 2.6000 0.4000
v 0.5500 2.7000 0.4000
v 0.5500 2.8000 0.4000
v 0.5500 2.5000 -0.4000
v 0.5500 2.6000 -0.4000
v 0.5500 2.7000 -0.4000
v 0.5500 2.8000 -0.4000
v 0.6500 2.5000 0.4000
v 0.6500 2.6000 0.4000
v 0.6500 2.7000 0.4000
v 0.6500 2.8000 0.4000
v 0.6500 2.5000 -0.4000
v 0.6500 2.6000 -0.4000
v 0.6500 2.7000 -0.4000
v 0.6500 2.8000 -0.4000
v 0.7500 2.5000 0.4000
v 0.7500 2.6000 0.4000
v 0.7500 2.7000 0.4000
v 0.7500 2.8000 0.4000
v 0.7500 2.5000 -0.4000
v 0.7500 2.6000 -0.4000
v 0.7500 2.7000 -0.4000
v 0.7500 2.8000 -0.4000
v 0.8500 2.5000 0.4000
v 0.8500 2.6000 0.4000
v 0.8500 2.7000 0.4000
v 0.8500 2.8000 0.4000
v 0.8500 2.5000 -0.4000
v 0.8500 2.6000 -0.4000
v 0.8500 2.7000 -0.4000
v 0.8500 2.8000 -0.4000
v 0.9500 2.5000 0.3000
v 0.9500 2.5000 0.4000
v 0.9500 2.6000 0.3000
v 0.9500 2.6000 0.4000
v 0.9500 2.7000 0.3000
v 0.9500 2.7000 0.4000
v 0.9500 2.8000 0.3000
v 0.9500 2.8000 0.4000
v 0.9500 2.5000 0.2000
v 0.9500 2.6000 0.2000
v 0.9500 2.7000 0.2000
v 0.9500 2.8000 0.2000
v 0.9500 2.5000 0.1000
v 0.9500 2.6000 0.1000
v 0.9500 2.7000 0.1000
v 0.9500 2.8000 0.1000
v 0.9500 2.5000 0.0000
v 0.9500 2.6000 0.0000
v 0.9500 2.7000 0.0000
v 0.9500 2.8000 0.0000
v 0.9500 2.5000 -0.1000
v 0.9500 2.6000 -0.1000
v 0.9500 2.7000 -0.1000
v 0.9500 2.8000 -0.1000
v 0.9500 2.5000 -0.2000
v 0.9500 2.6000 -0.2000
v 0.9500 2.7000 -0.2000
v 0.9500 2.8000 -0.2000
v 0.9500 2.5000 -0.3000
v 0.9500 2.6000 -0.3000
v 0.9500 2.7000 -0.3000
v 0.9500 2.8000 -0.3000
v 0.9500 2.5000 -0.4000
v 0.9500 2.6000 -0.4000
v 0.9500 2.7000 -0.4000
v 0.9500 2.8000 -0.4000
v 0.9500 0.4000 0.3000
v 0.9500 0.5000 0.3000
v 0.9500 0.5000 0.2000
v 0.9500 0.4000 0.2000
v 1.0500 0.4000 0.3000
v 1.0500 0.5000 0.3000
v 1.0500 0.4000 0.2000
v 0.9500 0.6000 0.3000
v 0.9500 0.6000 0.2000
v 1.0500 0.6000 0.3000
v 0.9500 0.7000 0.3000
v 0.9500 0.7000 0.2000
v 1.0500 0.7000 0.3000
v 0.9500 0.8000 0.3000
v 0.9500 0.8000 0.2000
v 1.0500 0.8000 0.3000
v 0.9500 0.9000 0.3000
v 0.9500 0.9000 0.2000
v 1.0500 0.9000 0.3000
v 0.9500 0.5000 0.1000
v 0.9500 0.4000 0.1000
v 1.0500 0.4000 0.1000
v 0.9500 0.6000 0.1000
v 0.9500 0.7000 0.1000
v 0.9500 0.8000 0.1000
v 0.9500 0.9000 0.1000
v 0.9500 0.5000 0.0000
v 0.9500 0.4000 0.0000
v 1.0500 0.4000 0.0000
v 0.9500 0.6000 0.0000
v 0.9500 0.7000 0.0000
v 0.9500 0.8000 0.0000
v 0.9500 0.9000 0.0000
v 0.9500 0.5000 -0.1000
v 0.9500 0.4000 -0.1000
v 1.0500 0.4000 -0.1000
v 0.9500 0.6000 -0.1000
v 0.9500 0.7000 -0.1000
v 0.9500 0.8000 -0.1000
v 0.9500 0.9000 -0.1000
v 0.9500 0.5000 -0.2000
v 0.9500 0.4000 -0.2000
v 1.0500 0.4000 -0.2000
v 0.9500 0.6000 -0.2000
v 0.9500 0.7000 -0.2000
v 0.9500 0.8000 -0.2000
v 0.9500 0.9000 -0.2000
v 0.9500 0.5000 -0.3000
v 0.9500 0.4000 -0.3000
v 1.0500 0.5000 -0.3000
v 1.0500 0.4000 -0.3000
v 0.9500 0.6000 -0.3000
v 1.0500 0.6000 -0.3000
v 0.9500 0.7000 -0.3000
v 1.0500 0.7000 -0.3000
v 0.9500 0.8000 -0.3000
v 1.0500 0.8000 -0.3000
v 0.9500 0.9000 -0.3000
v 1.0500 0.9000 -0.3000
v 1.1500 0.4000 0.3000
v 1.1500 0.5000 0.3000
v 1.1500 0.4000 0.2000
v 1.1500 0.6000 0.3000
v 1.1500 0.7000 0.3000
v 1.1500 0.8000 0.3000
v 1.1500 0.9000 0.3000
v 1.1500 1.0000 0.3000
v 1.1500 1.1000 0.3000
v 1.1500 0.4000 0.1000
v 1.1500 0.4000 0.0000
v 1.1500 0.4000 -0.1000
v 1.1500 0.4000 -0.2000
v 1.1500 0.5000 -0.3000
v 1.1500 0.4000 -0.3000
v 1.1500 0.6000 -0.3000
v 1.1500 0.7000 -0.3000
v 1.1500 0.8000 -0.3000
v 1.1500 0.9000 -0.3000
v 1.1500 1.0000 -0.3000
v 1.1500 1.1000 -0.3000
v 1.2500 0.4000 0.3000
v 1.2500 0.5000 0.3000
v 1.2500 0.4000 0.2000
v 1.2500 0.6000 0.3000
v 1.2500 0.7000 0.3000
v 1.2500 0.8000 0.3000
v 1.2500 0.9000 0.3000
v 1.2500 1.0000 0.3000
v 1.2500 1.1000 0.3000
v 1.2500 0.4000 0.1000
v 1.2500 0.4000 0.0000
v 1.2500 0.4000 -0.1000
v 1.2500 0.4000 -0.2000
v 1.2500 0.5000 -0.3000
v 1.2500 0.4000 -0.3000
v 1.2500 0.6000 -0.3000
v 1.2500 0.7000 -0.3000
v 1.2500 0.8000 -0.3000
v 1.2500 0.9000 -0.3000
v 1.2500 1.0000 -0.3000
v 1.2500 1.1000 -0.3000
v 1.3500 0.4000 0.3000
v 1.3500 0.4000 0.2000
v 1.3500 0.5000 0.2000
v 1.3500 0.5000 0.3000
v 1.3500 0.6000 0.2000
v 1.3500 0.6000 0.3000
v 1.3500 0.7000 0.2000
v 1.3500 0.7000 0.3000
v 1.3500 0.8000 0.2000
v 1.3500 0.8000 0.3000
v 1.3500 0.9000 0.2000
v 1.3500 0.9000 0.3000
v 1.3500 1.0000 0.2000
v 1.3500 1.0000 0.3000
v 1.3500 1.1000 0.2000
v 1.3500 1.1000 0.3000
v 1.3500 0.4000 0.1000
v 1.3500 0.5000 0.1000
v 1.3500 0.6000 0.1000
v 1.3500 0.7000 0.1000
v 1.3500 0.8000 0.1000
v 1.3500 0.9000 0.1000
v 1.3500 1.0000 0.1000
v 1.3500 1.1000 0.1000
v 1.3500 0.4000 0.0000
v 1.3500 0.5000 0.0000
v 1.3500 0.6000 0.0000
v 1.3500 0.7000 0.0000
v 1.3500 0.8000 0.0000
v 1.3500 0.9000 0.0000
v 1.3500 1.0000 0.0000
v 1.3500 1.1000 0.0000
v 1.3500 0.4000 -0.1000
v 1.3500 0.5000 -0.1000
v 1.3500 0.6000 -0.1000
v 1.3500 0.7000 -0.1000
v 1.3500 0.8000 -0.1000
v 1.3500 0.9000 -0.1000
v 1.3500 1.0000 -0.1000
v 1.3500 1.1000 -0.1000
v 1.3500 0.4000 -0.2000
v 1.3500 0.5000 -0.2000
v 1.3500 0.6000 -0.2000
v 1.3500 0.7000 -0.2000
v 1.3500 0.8000 -0.2000
v 1.3500 0.9000 -0.2000
v 1.3500 1.0000 -0.2000
v 1.3500 1.1000 -0.2000
v 1.3500 0.4000 -0.3000
v 1.3500 0.5000 -0.3000
v 1.3500 0.6000 -0.3000
v 1.3500 0.7000 -0.3000
v 1.3500 0.8000 -0.3000
v 1.3500 0.9000 -0.3000
v 1.3500 1.0000 -0.3000
v 1.3500 1.1000 -0.3000
v 1.9500 1.2000 0.3000
v 1.9500 1.2000 0.2000
v 1.9500 1.3000 0.2000
v 1.9500 1.3000 0.3000
v 1.9500 1.4000 0.2000
v 1.9500 1.4000 0.3000
v 1.9500 1.5000 0.2000
v 1.9500 1.5000 0.3000
v 1.9500 1.6000 0.2000
v 1.9500 1.6000 0.3000
v 1.9500 1.7000 0.2000
v 1.9500 1.7000 0.3000
v 1.9500 1.8000 0.2000
v 1.9500 1.8000 0.3000
v 1.9500 1.2000 0.1000
v 1.9500 1.3000 0.1000
v 1.9500 1.4000 0.1000
v 1.9500 1.5000 0.1000
v 1.9500 1.6000 0.1000
v 1.9500 1.7000 0.1000
v 1.9500 1.8000 0.1000
v 1.9500 1.2000 0.0000
v 1.9500 1.3000 0.0000
v 1.9500 1.4000 0.0000
v 1.9500 1.5000 0.0000
v 1.9500 1.6000 0.0000
v 1.9500 1.7000 0.0000
v 1.9500 1.8000 0.0000
v 1.9500 1.2000 -0.1000
v 1.9500 1.3000 -0.1000
v 1.9500 1.4000 -0.1000
v 1.9500 1.5000 -0.1000
v 1.9500 1.6000 -0.1000
v 1.9500 1.7000 -0.1000
v 1.9500 1.8000 -0.1000
v 1.9500 1.2000 -0.2000
v 1.9500 1.3000 -0.2000
v 1.9500 1.4000 -0.2000
v 1.9500 1.5000 -0.2000
v 1.9500 1.6000 -0.2000
v 1.9500 1.7000 -0.2000
v 1.9500 1.8000 -0.2000
v 1.9500 1.2000 -0.3000
v 1.9500 1.3000 -0.3000
v 1.9500 1.4000 -0.3000
v 1.9500 1.5000 -0.3000
v 1.9500 1.6000 -0.3000
v 1.9500 1.7000 -0.3000
v 1.9500 1.8000 -0.3000
v 0.3500 0.0000 0.5000
v 0.3500 0.1000 0.5000
v 0.3500 0.1000 0.4000
v 0.3500 0.0000 0.4000
v 0.4500 0.0000 0.5000
v 0.4500 0.1000 0.5000
v 0.4500 0.0000 0.4000
v 0.3500 0.2000 0.5000
v 0.3500 0.2000 0.4000
v 0.4500 0.2000 0.5000
v 0.3500 0.3000 0.5000
v 0.3500 0.3000 0.4000
v 0.4500 0.3000 0.5000
v 0.3500 0.4000 0.5000
v 0.3500 0.4000 0.4000
v 0.4500 0.4000 0.5000
v 0.3500 0.5000 0.5000
v 0.3500 0.5000 0.4000
v 0.4500 0.5000 0.5000
v 0.3500 0.6000 0.5000
v 0.3500 0.6000 0.4000
v 0.4500 0.6000 0.5000
v 0.3500 0.7000 0.5000
v 0.3500 0.7000 0.4000
v 0.4500 0.7000 0.5000
v 0.3500 0.8000 0.5000
v 0.3500 0.8000 0.4000
v 0.4500 0.8000 0.5000
v 0.3500 0.9000 0.5000
v 0.3500 0.9000 0.4000
v 0.4500 0.9000 0.5000
v 0.3500 0.1000 0.3000
v 0.3500 0.0000 0.3000
v 0.4500 0.0000 0.3000
v 0.3500 0.2000 0.3000
v 0.3500 0.3000 0.3000
v 0.3500 0.4000 0.3000
v 0.3500 0.5000 0.3000
v 0.3500 0.6000 0.3000
v 0.3500 0.7000 0.3000
v 0.3500 0.8000 0.3000
v 0.3500 0.9000 0.3000
v 0.3500 0.1000 0.2000
v 0.3500 0.0000 0.2000
v 0.4500 0.0000 0.2000
v 0.3500 0.2000 0.2000
v 0.3500 0.3000 0.2000
v 0.3500 0.4000 0.2000
v 0.3500 0.5000 0.2000
v 0.3500 0.6000 0.2000
v 0.3500 0.7000 0.2000
v 0.3500 0.8000 0.2000
v 0.3500 0.9000 0.2000
v 0.3500 0.1000 0.1000
v 0.3500 0.0000 0.1000
v 0.4500 0.1000 0.1000
v 0.4500 0.0000 0.1000
v 0.3500 0.2000 0.1000
v 0.4500 0.2000 0.1000
v 0.3500 0.3000 0.1000
v 0.4500 0.3000 0.1000
v 0.3500 0.4000 0.1000
v 0.4500 0.4000 0.1000
v 0.3500 0.5000 0.1000
v 0.4500 0.5000 0.1000
v 0.3500 0.6000 0.1000
v 0.4500 0.6000 0.1000
v 0.3500 0.7000 0.1000
v 0.4500 0.7000 0.1000
v 0.3500 0.8000 0.1000
v 0.4500 0.8000 0.1000
v 0.3500 0.9000 0.1000
v 0.4500 0.9000 0.1000
v 0.5500 0.0000 0.5000
v 0.5500 0.1000 0.5000
v 0.5500 0.0000 0.4000
v 0.5500 0.2000 0.5000
v 0.5500 0.3000 0.5000
v 0.5500 0.4000 0.5000
v 0.5500 0.5000 0.5000
v 0.5500 0.6000 0.5000
v 0.5500 0.7000 0.5000
v 0.5500 0.8000 0.5000
v 0.5500 0.9000 0.5000
v 0.5500 0.0000 0.3000
v 0.5500 0.0000 0.2000
v 0.5500 0.1000 0.1000
v 0.5500 0.0000 0.1000
v 0.5500 0.2000 0.1000
v 0.5500 0.3000 0.1000
v 0.5500 0.4000 0.1000
v 0.5500 0.5000 0.1000
v 0.5500 0.6000 0.1000
v 0.5500 0.7000 0.1000
v 0.5500 0.8000 0.1000
v 0.5500 0.9000 0.1000
v 0.6500 0.0000 0.5000
v 0.6500 0.1000 0.5000
v 0.6500 0.0000 0.4000
v 0.6500 0.2000 0.5000
v 0.6500 0.3000 0.5000
v 0.6500 0.4000 0.5000
v 0.6500 0.5000 0.5000
v 0.6500 0.6000 0.5000
v 0.6500 0.7000 0.5000
v 0.6500 0.8000 0.5000
v 0.6500 0.9000 0.5000
v 0.6500 0.0000 0.3000
v 0.6500 0.0000 0.2000
v 0.6500 0.1000 0.1000
v 0.6500 0.0000 0.1000
v 0.6500 0.2000 0.1000
v 0.6500 0.3000 0.1000
v 0.6500 0.4000 0.1000
v 0.6500 0.5000 0.1000
v 0.6500 0.6000 0.1000
v 0.6500 0.7000 0.1000
v 0.6500 0.8000 0.1000
v 0.6500 0.9000 0.1000
v 0.7500 0.0000 0.5000
v 0.7500 0.0000 0.4000
v 0.7500 0.1000 0.4000
v 0.7500 0.1000 0.5000
v 0.7500 0.2000 0.4000
v 0.7500 0.2000 0.5000
v 0.7500 0.3000 0.4000
v 0.7500 0.3000 0.5000
v 0.7500 0.4000 0.4000
v 0.7500 0.4000 0.5000
v 0.7500 0.5000 0.4000
v 0.7500 0.5000 0.5000
v 0.7500 0.6000 0.4000
v 0.7500 0.6000 0.5000
v 0.7500 0.7000 0.4000
v 0.7500 0.7000 0.5000
v 0.7500 0.8000 0.4000
v 0.7500 0.8000 0.5000
v 0.7500 0.9000 0.4000
v 0.7500 0.9000 0.5000
v 0.7500 0.0000 0.3000
v 0.7500 0.1000 0.3000
v 0.7500 0.2000 0.3000
v 0.7500 0.3000 0.3000
v 0.7500 0.4000 0.3000
v 0.7500 0.5000 0.3000
v 0.7500 0.6000 0.3000
v 0.7500 0.7000 0.3000
v 0.7500 0.8000 0.3000
v 0.7500 0.9000 0.3000
v 0.7500 0.0000 0.2000
v 0.7500 0.1000 0.2000
v 0.7500 0.2000 0.2000
v 0.7500 0.3000 0.2000
v 0.7500 0.4000 0.2000
v 0.7500 0.5000 0.2000
v 0.7500 0.6000 0.2000
v 0.7500 0.7000 0.2000
v 0.7500 0.8000 0.2000
v 0.7500 0.9000 0.2000
v 0.7500 0.0000 0.1000
v 0.7500 0.1000 0.1000
v 0.7500 0.2000 0.1000
v 0.7500 0.3000 0.1000
v 0.7500 0.4000 0.1000
v 0.7500 0.5000 0.1000
v 0.7500 0.6000 0.1000
v 0.7500 0.7000 0.1000
v 0.7500 0.8000 0.1000
v 0.7500 0.9000 0.1000
v 0.3500 0.0000 -0.1000
v 0.3500 0.1000 -0.1000
v 0.3500 0.1000 -0.2000
v 0.3500 0.0000 -0.2000
v 0.4500 0.0000 -0.1000
v 0.4500 0.1000 -0.1000
v 0.4500 0.0000 -0.2000
v 0.3500 0.2000 -0.1000
v 0.3500 0.2000 -0.2000
v 0.4500 0.2000 -0.1000
v 0.3500 0.3000 -0.1000
v 0.3500 0.3000 -0.2000
v 0.4500 0.3000 -0.1000
v 0.3500 0.4000 -0.1000
v 0.3500 0.4000 -0.2000
v 0.4500 0.4000 -0.1000
v 0.3500 0.5000 -0.1000
v 0.3500 0.5000 -0.2000
v 0.4500 0.5000 -0.1000
v 0.3500 0.6000 -0.1000
v 0.3500 0.6000 -0.2000
v 0.4500 0.6000 -0.1000
v 0.3500 0.7000 -0.1000
v 0.3500 0.7000 -0.2000
v 0.4500 0.7000 -0.1000
v 0.3500 0.8000 -0.1000
v 0.3500 0.8000 -0.2000
v 0.4500 0.8000 -0.1000
v 0.3500 0.9000 -0.1000
v 0.3500 0.9000 -0.2000
v 0.4500 0.9000 -0.1000
v 0.3500 0.1000 -0.3000
v 0.3500 0.0000 -0.3000
v 0.4500 0.0000 -0.3000
v 0.3500 0.2000 -0.3000
v 0.3500 0.3000 -0.3000
v 0.3500 0.4000 -0.3000
v 0.3500 0.5000 -0.3000
v 0.3500 0.6000 -0.3000
v 0.3500 0.7000 -0.3000
v 0.3500 0.8000 -0.3000
v 0.3500 0.9000 -0.3000
v 0.3500 0.1000 -0.4000
v 0.3500 0.0000 -0.4000
v 0.4500 0.0000 -0.4000
v 0.3500 0.2000 -0.4000
v 0.3500 0.3000 -0.4000
v 0.3500 0.4000 -0.4000
v 0.3500 0.5000 -0.4000
v 0.3500 0.6000 -0.4000
v 0.3500 0.7000 -0.4000
v 0.3500 0.8000 -0.4000
v 0.3500 0.9000 -0.4000
v 0.3500 0.1000 -0.5000
v 0.3500 0.0000 -0.5000
v 0.4500 0.1000 -0.5000
v 0.4500 0.0000 -0.5000
v 0.3500 0.2000 -0.5000
v 0.4500 0.2000 -0.5000
v 0.3500 0.3000 -0.5000
v 0.4500 0.3000 -0.5000
v 0.3500 0.4000 -0.5000
v 0.4500 0.4000 -0.5000
v 0.3500 0.5000 -0.5000
v 0.4500 0.5000 -0.5000
v 0.3500 0.6000 -0.5000
v 0.4500 0.6000 -0.5000
v 0.3500 0.7000 -0.5000
v 0.4500 0.7000 -0.5000
v 0.3500 0.8000 -0.5000
v 0.4500 0.8000 -0.5000
v 0.3500 0.9000 -0.5000
v 0.4500 0.9000 -0.5000
v 0.5500 0.0000 -0.1000
v 0.5500 0.1000 -0.1000
v 0.5500 0.0000 -0.2000
v 0.5500 0.2000 -0.1000
v 0.5500 0.3000 -0.1000
v 0.5500 0.4000 -0.1000
v 0.5500 0.5000 -0.1000
v 0.5500 0.6000 -0.1000
v 0.5500 0.7000 -0.1000
v 0.5500 0.8000 -0.1000
v 0.5500 0.9000 -0.1000
v 0.5500 0.0000 -0.3000
v 0.5500 0.0000 -0.4000
v 0.5500 0.1000 -0.5000
v 0.5500 0.0000 -0.5000
v 0.5500 0.2000 -0.5000
v 0.5500 0.3000 -0.5000
v 0.5500 0.4000 -0.5000
v 0.5500 0.5000 -0.5000
v 0.5500 0.6000 -0.5000
v 0.5500 0.7000 -0.5000
v 0.5500 0.8000 -0.5000
v 0.5500 0.9000 -0.5000
v 0.6500 0.0000 -0.1000
v 0.6500 0.1000 -0.1000
v 0.6500 0.0000 -0.2000
v 0.6500 0.2000 -0.1000
v 0.6500 0.3000 -0.1000
v 0.6500 0.4000 -0.1000
v 0.6500 0.5000 -0.1000
v 0.6500 0.6000 -0.1000
v 0.6500 0.7000 -0.1000
v 0.6500 0.8000 -0.1000
v 0.6500 0.9000 -0.1000
v 0.6500 0.0000 -0.3000
v 0.6500 0.0000 -0.4000
v 0.6500 0.1000 -0.5000
v 0.6500 0.0000 -0.5000
v 0.6500 0.2000 -0.5000
v 0.6500 0.3000 -0.5000
v 0.6500 0.4000 -0.5000
v 0.6500 0.5000 -0.5000
v 0.6500 0.6000 -0.5000
v 0.6500 0.7000 -0.5000
v 0.6500 0.8000 -0.5000
v 0.6500 0.9000 -0.5000
v 0.7500 0.0000 -0.1000
v 0.7500 0.0000 -0.2000
v 0.7500 0.1000 -0.2000
v 0.7500 0.1000 -0.1000
v 0.7500 0.2000 -0.2000
v 0.7500 0.2000 -0.1000
v 0.7500 0.3000 -0.2000
v 0.7500 0.3000 -0.1000
v 0.7500 0.4000 -0.2000
v 0.7500 0.4000 -0.1000
v 0.7500 0.5000 -0.2000
v 0.7500 0.5000 -0.1000
v 0.7500 0.6000 -0.2000
v 0.7500 0.6000 -0.1000
v 0.7500 0.7000 -0.2000
v 0.7500 0.7000 -0.1000
v 0.7500 0.8000 -0.2000
v 0.7500 0.8000 -0.1000
v 0.7500 0.9000 -0.2000
v 0.7500 0.9000 -0.1000
v 0.7500 0.0000 -0.3000
v 0.7500 0.1000 -0.3000
v 0.7500 0.2000 -0.3000
v 0.7500 0.3000 -0.3000
v 0.7500 0.4000 -0.3000
v 0.7500 0.5000 -0.3000
v 0.7500 0.6000 -0.3000
v 0.7500 0.7000 -0.3000
v 0.7500 0.8000 -0.3000
v 0.7500 0.9000 -0.3000
v 0.7500 0.0000 -0.4000
v 0.7500 0.1000 -0.4000
v 0.7500 0.2000 -0.4000
v 0.7500 0.3000 -0.4000
v 0.7500 0.4000 -0.4000
v 0.7500 0.5000 -0.4000
v 0.7500 0.6000 -0.4000
v 0.7500 0.7000 -0.4000
v 0.7500 0.8000 -0.4000
v 0.7500 0.9000 -0.4000
v 0.7500 0.0000 -0.5000
v 0.7500 0.1000 -0.5000
v 0.7500 0.2000 -0.5000
v 0.7500 0.3000 -0.5000
v 0.7500 0.4000 -0.5000
v 0.7500 0.5000 -0.5000
v 0.7500 0.6000 -0.5000
v 0.7500 0.7000 -0.5000
v 0.7500 0.8000 -0.5000
v 0.7500 0.9000 -0.5000
v -1.5500 0.0000 0.5000
v -1.5500 0.1000 0.5000
v -1.5500 0.1000 0.4000
v -1.5500 0.0000 0.4000
v -1.4500 0.0000 0.5000
v -1.4500 0.1000 0.5000
v -1.4500 0.0000 0.4000
v -1.5500 0.2000 0.5000
v -1.5500 0.2000 0.4000
v -1.4500 0.2000 0.5000
v -1.5500 0.3000 0.5000
v -1.5500 0.3000 0.4000
v -1.4500 0.3000 0.5000
v -1.5500 0.4000 0.5000
v -1.5500 0.4000 0.4000
v -1.4500 0.4000 0.5000
v -1.5500 0.5000 0.5000
v -1.5500 0.5000 0.4000
v -1.4500 0.5000 0.5000
v -1.5500 0.6000 0.5000
v -1.5500 0.6000 0.4000
v -1.4500 0.6000 0.5000
v -1.5500 0.7000 0.5000
v -1.5500 0.7000 0.4000
v -1.4500 0.7000 0.5000
v -1.5500 0.8000 0.5000
v -1.5500 0.8000 0.4000
v -1.4500 0.8000 0.5000
v -1.5500 0.9000 0.5000
v -1.5500 0.9000 0.4000
v -1.4500 0.9000 0.5000
v -1.5500 0.1000 0.3000
v -1.5500 0.0000 0.3000
v -1.4500 0.0000 0.3000
v -1.5500 0.2000 0.3000
v -1.5500 0.3000 0.3000
v -1.5500 0.4000 0.3000
v -1.5500 0.5000 0.3000
v -1.5500 0.6000 0.3000
v -1.5500 0.7000 0.3000
v -1.5500 0.8000 0.3000
v -1.5500 0.9000 0.3000
v -1.5500 0.1000 0.2000
v -1.5500 0.0000 0.2000
v -1.4500 0.0000 0.2000
v -1.5500 0.2000 0.2000
v -1.5500 0.3000 0.2000
v -1.5500 0.4000 0.2000
v -1.5500 0.5000 0.2000
v -1.5500 0.6000 0.2000
v -1.5500 0.7000 0.2000
v -1.5500 0.8000 0.2000
v -1.5500 0.9000 0.2000
v -1.5500 0.1000 0.1000
v -1.5500 0.0000 0.1000
v -1.4500 0.1000 0.1000
v -1.4500 0.0000 0.1000
v -1.5500 0.2000 0.1000
v -1.4500 0.2000 0.1000
v -1.5500 0.3000 0.1000
v -1.4500 0.3000 0.1000
v -1.5500 0.4000 0.1000
v -1.4500 0.4000 0.1000
v -1.5500 0.5000 0.1000
v -1.4500 0.5000 0.1000
v -1.5500 0.6000 0.1000
v -1.4500 0.6000 0.1000
v -1.5500 0.7000 0.1000
v -1.4500 0.7000 0.1000
v -1.5500 0.8000 0.1000
v -1.4500 0.8000 0.1000
v -1.5500 0.9000 0.1000
v -1.4500 0.9000 0.1000
v -1.3500 0.0000 0.5000
v -1.3500 0.1000 0.5000
v -1.3500 0.0000 0.4000
v -1.3500 0.2000 0.5000
v -1.3500 0.3000 0.5000
v -1.3500 0.4000 0.5000
v -1.3500 0.5000 0.5000
v -1.3500 0.6000 0.5000
v -1.3500 0.7000 0.5000
v -1.3500 0.8000 0.5000
v -1.3500 0.9000 0.5000
v -1.3500 0.0000 0.3000
v -1.3500 0.0000 0.2000
v -1.3500 0.1000 0.1000
v -1.3500 0.0000 0.1000
v -1.3500 0.2000 0.1000
v -1.3500 0.3000 0.1000
v -1.3500 0.4000 0.1000
v -1.3500 0.5000 0.1000
v -1.3500 0.6000 0.1000
v -1.3500 0.7000 0.1000
v -1.3500 0.8000 0.1000
v -1.3500 0.9000 0.1000
v -1.2500 0.0000 0.5000
v -1.2500 0.1000 0.5000
v -1.2500 0.0000 0.4000
v -1.2500 0.2000 0.5000
v -1.2500 0.3000 0.5000
v -1.2500 0.4000 0.5000
v -1.2500 0.5000 0.5000
v -1.2500 0.6000 0.5000
v -1.2500 0.7000 0.5000
v -1.2500 0.8000 0.5000
v -1.2500 0.9000 0.5000
v -1.2500 0.0000 0.3000
v -1.2500 0.0000 0.2000
v -1.2500 0.1000 0.1000
v -1.2500 0.0000 0.1000
v -1.2500 0.2000 0.1000
v -1.2500 0.3000 0.1000
v -1.2500 0.4000 0.1000
v -1.2500 0.5000 0.1000
v -1.2500 0.6000 0.1000
v -1.2500 0.7000 0.1000
v -1.2500 0.8000 0.1000
v -1.2500 0.9000 0.1000
v -1.1500 0.0000 0.5000
v -1.1500 0.0000 0.4000
v -1.1500 0.1000 0.4000
v -1.1500 0.1000 0.5000
v -1.1500 0.2000 0.4000
v -1.1500 0.2000 0.5000
v -1.1500 0.3000 0.4000
v -1.1500 0.3000 0.5000
v -1.1500 0.4000 0.4000
v -1.1500 0.4000 0.5000
v -1.1500 0.5000 0.4000
v -1.1500 0.5000 0.5000
v -1.1500 0.6000 0.4000
v -1.1500 0.6000 0.5000
v -1.1500 0.7000 0.4000
v -1.1500 0.7000 0.5000
v -1.1500 0.8000 0.4000
v -1.1500 0.8000 0.5000
v -1.1500 0.9000 0.4000
v -1.1500 0.9000 0.5000
v -1.1500 0.0000 0.3000
v -1.1500 0.1000 0.3000
v -1.1500 0.2000 0.3000
v -1.1500 0.3000 0.3000
v -1.1500 0.4000 0.3000
v -1.1500 0.5000 0.3000
v -1.1500 0.6000 0.3000
v -1.1500 0.7000 0.3000
v -1.1500 0.8000 0.3000
v -1.1500 0.9000 0.3000
v -1.1500 0.0000 0.2000
v -1.1500 0.1000 0.2000
v -1.1500 0.2000 0.2000
v -1.1500 0.3000 0.2000
v -1.1500 0.4000 0.2000
v -1.1500 0.5000 0.2000
v -1.1500 0.6000 0.2000
v -1.1500 0.7000 0.2000
v -1.1500 0.8000 0.2000
v -1.1500 0.9000 0.2000
v -1.1500 0.0000 0.1000
v -1.1500 0.1000 0.1000
v -1.1500 0.2000 0.1000
v -1.1500 0.3000 0.1000
v -1.1500 0.4000 0.1000
v -1.1500 0.5000 0.1000
v -1.1500 0.6000 0.1000
v -1.1500 0.7000 0.1000
v -1.1500 0.8000 0.1000
v -1.1500 0.9000 0.1000
v -1.5500 0.0000 -0.1000
v -1.5500 0.1000 -0.1000
v -1.5500 0.1000 -0.2000
v -1.5500 0.0000 -0.2000
v -1.4500 0.0000 -0.1000
v -1.4500 0.1000 -0.1000
v -1.4500 0.0000 -0.2000
v -1.5500 0.2000 -0.1000
v -1.5500 0.2000 -0.2000
v -1.4500 0.2000 -0.1000
v -1.5500 0.3000 -0.1000
v -1.5500 0.3000 -0.2000
v -1.4500 0.3000 -0.1000
v -1.5500 0.4000 -0.1000
v -1.5500 0.4000 -0.2000
v -1.4500 0.4000 -0.1000
v -1.5500 0.5000 -0.1000
v -1.5500 0.5000 -0.2000
v -1.4500 0.5000 -0.1000
v -1.5500 0.6000 -0.1000
v -1.5500 0.6000 -0.2000
v -1.4500 0.6000 -0.1000
v -1.5500 0.7000 -0.1000
v -1.5500 0.7000 -0.2000
v -1.4500 0.7000 -0.1000
v -1.5500 0.8000 -0.1000
v -1.5500 0.8000 -0.2000
v -1.4500 0.8000 -0.1000
v -1.5500 0.9000 -0.1000
v -1.5500 0.9000 -0.2000
v -1.4500 0.9000 -0.1000
v -1.5500 0.1000 -0.3000
v -1.5500 0.0000 -0.3000
v -1.4500 0.0000 -0.3000
v -1.5500 0.2000 -0.3000
v -1.5500 0.3000 -0.3000
v -1.5500 0.4000 -0.3000
v -1.5500 0.5000 -0.3000
v -1.5500 0.6000 -0.3000
v -1.5500 0.7000 -0.3000
v -1.5500 0.8000 -0.3000
v -1.5500 0.9000 -0.3000
v -1.5500 0.1000 -0.4000
v -1.5500 0.0000 -0.4000
v -1.4500 0.0000 -0.4000
v -1.5500 0.2000 -0.4000
v -1.5500 0.3000 -0.4000
v -1.5500 0.4000 -0.4000
v -1.5500 0.5000 -0.4000
v -1.5500 0.6000 -0.4000
v -1.5500 0.7000 -0.4000
v -1.5500 0.8000 -0.4000
v -1.5500 0.9000 -0.4000
v -1.5500 0.1000 -0.5000
v -1.5500 0.0000 -0.5000
v -1.4500 0.1000 -0.5000
v -1.4500 0.0000 -0.5000
v -1.5500 0.2000 -0.5000
v -1.4500 0.2000 -0.5000
v -1.5500 0.3000 -0.5000
v -1.4500 0.3000 -0.5000
v -1.5500 0.4000 -0.5000
v -1.4500 0.4000 -0.5000
v -1.5500 0.5000 -0.5000
v -1.4500 0.5000 -0.5000
v -1.5500 0.6000 -0.5000
v -1.4500 0.6000 -0.5000
v -1.5500 0.7000 -0.5000
v -1.4500 0.7000 -0.5000
v -1.5500 0.8000 -0.5000
v -1.4500 0.8000 -0.5000
v -1.5500 0.9000 -0.5000
v -1.4500 0.9000 -0.5000
v -1.3500 0.0000 -0.1000
v -1.3500 0.1000 -0.1000
v -1.3500 0.0000 -0.2000
v -1.3500 0.2000 -0.1000
v -1.3500 0.3000 -0.1000
v -1.3500 0.4000 -0.1000
v -1.3500 0.5000 -0.1000
v -1.3500 0.6000 -0.1000
v -1.3500 0.7000 -0.1000
v -1.3500 0.8000 -0.1000
v -1.3500 0.9000 -0.1000
v -1.3500 0.0000 -0.3000
v -1.3500 0.0000 -0.4000
v -1.3500 0.1000 -0.5000
v -1.3500 0.0000 -0.5000
v -1.3500 0.2000 -0.5000
v -1.3500 0.3000 -0.5000
v -1.3500 0.4000 -0.5000
v -1.3500 0.5000 -0.5000
v -1.3500 0.6000 -0.5000
v -1.3500 0.7000 -0.5000
v -1.3500 0.8000 -0.5000
v -1.3500 0.9000 -0.5000
v -1.2500 0.0000 -0.1000
v -1.2500 0.1000 -0.1000
v -1.2500 0.0000 -0.2000
v -1.2500 0.2000 -0.1000
v -1.2500 0.3000 -0.1000
v -1.2500 0.4000 -0.1000
v -1.2500 0.5000 -0.1000
v -1.2500 0.6000 -0.1000
v -1.2500 0.7000 -0.1000
v -1.2500 0.8000 -0.1000
v -1.2500 0.9000 -0.1000
v -1.2500 0.0000 -0.3000
v -1.2500 0.0000 -0.4000
v -1.2500 0.1000 -0.5000
v -1.2500 0.0000 -0.5000
v -1.2500 0.2000 -0.5000
v -1.2500 0.3000 -0.5000
v -1.2500 0.4000 -0.5000
v -1.2500 0.5000 -0.5000
v -1.2500 0.6000 -0.5000
v -1.2500 0.7000 -0.5000
v -1.2500 0.8000 -0.5000
v -1.2500 0.9000 -0.5000
v -1.1500 0.0000 -0.1000
v -1.1500 0.0000 -0.2000
v -1.1500 0.1000 -0.2000
v -1.1500 0.1000 -0.1000
v -1.1500 0.2000 -0.2000
v -1.1500 0.2000 -0.1000
v -1.1500 0.3000 -0.2000
v -1.1500 0.3000 -0.1000
v -1.1500 0.4000 -0.2000
v -1.1500 0.4000 -0.1000
v -1.1500 0.5000 -0.2000
v -1.1500 0.5000 -0.1000
v -1.1500 0.6000 -0.2000
v -1.1500 0.6000 -0.1000
v -1.1500 0.7000 -0.2000
v -1.1500 0.7000 -0.1000
v -1.1500 0.8000 -0.2000
v -1.1500 0.8000 -0.1000
v -1.1500 0.9000 -0.2000
v -1.1500 0.9000 -0.1000
v -1.1500 0.0000 -0.3000
v -1.1500 0.1000 -0.3000
v -1.1500 0.2000 -0.3000
v -1.1500 0.3000 -0.3000
v -1.1500 0.4000 -0.3000
v -1.1500 0.5000 -0.3000
v -1.1500 0.6000 -0.3000
v -1.1500 0.7000 -0.3000
v -1.1500 0.8000 -0.3000
v -1.1500 0.9000 -0.3000
v -1.1500 0.0000 -0.4000
v -1.1500 0.1000 -0.4000
v -1.1500 0.2000 -0.4000
v -1.1500 0.3000 -0.4000
v -1.1500 0.4000 -0.4000
v -1.1500 0.5000 -0.4000
v -1.1500 0.6000 -0.4000
v -1.1500 0.7000 -0.4000
v -1.1500 0.8000 -0.4000
v -1.1500 0.9000 -0.4000
v -1.1500 0.0000 -0.5000
v -1.1500 0.1000 -0.5000
v -1.1500 0.2000 -0.5000
v -1.1500 0.3000 -0.5000
v -1.1500 0.4000 -0.5000
v -1.1500 0.5000 -0.5000
v -1.1500 0.6000 -0.5000
v -1.1500 0.7000 -0.5000
v -1.1500 0.8000 -0.5000
v -1.1500 0.9000 -0.5000
v 1.1500 1.5000 0.6000
v 1.1500 1.6000 0.6000
v 1.1500 1.5000 0.5000
v 1.1500 1.7000 0.6000
v 1.1500 1.8000 0.6000
v 1.1500 1.9000 0.6000
v 1.1500 2.0000 0.6000
v 1.1500 2.1000 0.6000
v 1.1500 2.1000 0.5000
v 1.2500 1.5000 0.6000
v 1.2500 1.6000 0.6000
v 1.2500 1.5000 0.5000
v 1.2500 1.7000 0.6000
v 1.2500 1.8000 0.6000
v 1.2500 1.9000 0.6000
v 1.2500 2.0000 0.6000
v 1.2500 2.1000 0.6000
v 1.2500 2.1000 0.5000
v 1.3500 1.5000 0.6000
v 1.3500 1.5000 0.5000
v 1.3500 1.6000 0.5000
v 1.3500 1.6000 0.6000
v 1.3500 1.7000 0.5000
v 1.3500 1.7000 0.6000
v 1.3500 1.8000 0.5000
v 1.3500 1.8000 0.6000
v 1.3500 1.9000 0.5000
v 1.3500 1.9000 0.6000
v 1.3500 2.0000 0.5000
v 1.3500 2.0000 0.6000
v 1.3500 2.1000 0.5000
v 1.3500 2.1000 0.6000
v 1.1500 1.5000 -0.5000
v 1.1500 2.1000 -0.5000
v 1.1500 1.6000 -0.6000
v 1.1500 1.5000 -0.6000
v 1.1500 1.7000 -0.6000
v 1.1500 1.8000 -0.6000
v 1.1500 1.9000 -0.6000
v 1.1500 2.0000 -0.6000
v 1.1500 2.1000 -0.6000
v 1.2500 1.5000 -0.5000
v 1.2500 2.1000 -0.5000
v 1.2500 1.6000 -0.6000
v 1.2500 1.5000 -0.6000
v 1.2500 1.7000 -0.6000
v 1.2500 1.8000 -0.6000
v 1.2500 1.9000 -0.6000
v 1.2500 2.0000 -0.6000
v 1.2500 2.1000 -0.6000
v 1.3500 1.5000 -0.5000
v 1.3500 1.6000 -0.5000
v 1.3500 1.7000 -0.5000
v 1.3500 1.8000 -0.5000
v 1.3500 1.9000 -0.5000
v 1.3500 2.0000 -0.5000
v 1.3500 2.1000 -0.5000
v 1.3500 1.5000 -0.6000
v 1.3500 1.6000 -0.6000
v 1.3500 1.7000 -0.6000
v 1.3500 1.8000 -0.6000
v 1.3500 1.9000 -0.6000
v 1.3500 2.0000 -0.6000
v 1.3500 2.1000 -0.6000
v -1.9500 0.8000 0.1000
v -1.9500 0.9000 0.1000
v -1.9500 0.9000 0.0000
v -1.9500 0.8000 0.0000
v -1.8500 0.8000 0.1000
v -1.8500 0.9000 0.1000
v -1.9500 1.0000 0.1000
v -1.9500 1.0000 0.0000
v -1.9500 1.1000 0.1000
v -1.9500 1.1000 0.0000
v -1.9500 1.2000 0.1000
v -1.9500 1.2000 0.0000
v -1.9500 1.3000 0.1000
v -1.9500 1.3000 0.0000
v -1.9500 1.4000 0.1000
v -1.9500 1.4000 0.0000
v -1.9500 1.5000 0.1000
v -1.9500 1.5000 0.0000
v -1.9500 1.6000 0.1000
v -1.9500 1.6000 0.0000
v -1.9500 1.7000 0.1000
v -1.9500 1.7000 0.0000
v -1.9500 1.8000 0.1000
v -1.9500 1.8000 0.0000
v -1.9500 1.9000 0.1000
v -1.9500 1.9000 0.0000
v -1.9500 2.0000 0.1000
v -1.9500 2.0000 0.0000
v -1.9500 2.1000 0.1000
v -1.9500 2.1000 0.0000
v -1.9500 2.2000 0.1000
v -1.9500 2.2000 0.0000
v -1.9500 2.3000 0.1000
v -1.9500 2.3000 0.0000
v -1.9500 0.9000 -0.1000
v -1.9500 0.8000 -0.1000
v -1.8500 0.9000 -0.1000
v -1.8500 0.8000 -0.1000
v -1.9500 1.0000 -0.1000
v -1.9500 1.1000 -0.1000
v -1.9500 1.2000 -0.1000
v -1.9500 1.3000 -0.1000
v -1.9500 1.4000 -0.1000
v -1.9500 1.5000 -0.1000
v -1.9500 1.6000 -0.1000
v -1.9500 1.7000 -0.1000
v -1.9500 1.8000 -0.1000
v -1.9500 1.9000 -0.1000
v -1.9500 2.0000 -0.1000
v -1.9500 2.1000 -0.1000
v -1.9500 2.2000 -0.1000
v -1.9500 2.3000 -0.1000
v -1.7500 0.8000 0.1000
v -1.7500 0.8000 0.0000
v -1.7500 0.9000 0.0000
v -1.7500 0.9000 0.1000
v -1.7500 0.8000 -0.1000
v -1.7500 0.9000 -0.1000
v -1.9500 0.6000 0.1000
v -1.9500 0.7000 0.1000
v -1.9500 0.7000 0.0000
v -1.9500 0.6000 0.0000
v -1.8500 0.6000 0.1000
v -1.8500 0.7000 0.1000
v -1.8500 0.6000 0.0000
v -1.9500 0.7000 -0.1000
v -1.9500 0.6000 -0.1000
v -1.8500 0.7000 -0.1000
v -1.8500 0.6000 -0.1000
v -1.7500 0.6000 0.1000
v -1.7500 0.6000 0.0000
v -1.7500 0.7000 0.0000
v -1.7500 0.7000 0.1000
v -1.7500 0.6000 -0.1000
v -1.7500 0.7000 -0.1000
v 0.1500 2.7000 0.4000
v 0.1500 2.8000 0.4000
v 0.1500 2.8000 0.3000
v 0.1500 2.7000 0.3000
v 0.1500 2.9000 0.4000
v 0.1500 2.9000 0.3000
v 0.2500 2.9000 0.4000
v 0.1500 3.0000 0.4000
v 0.1500 3.0000 0.3000
v 0.2500 3.0000 0.4000
v 0.2500 3.0000 0.3000
v 0.1500 2.8000 0.2000
v 0.1500 2.7000 0.2000
v 0.1500 2.9000 0.2000
v 0.1500 3.0000 0.2000
v 0.2500 3.0000 0.2000
v 0.1500 2.8000 0.1000
v 0.1500 2.7000 0.1000
v 0.1500 2.9000 0.1000
v 0.1500 3.0000 0.1000
v 0.2500 3.0000 0.1000
v 0.1500 2.8000 0.0000
v 0.1500 2.7000 0.0000
v 0.1500 2.9000 0.0000
v 0.1500 3.0000 0.0000
v 0.2500 3.0000 0.0000
v 0.1500 2.8000 -0.1000
v 0.1500 2.7000 -0.1000
v 0.1500 2.9000 -0.1000
v 0.1500 3.0000 -0.1000
v 0.2500 3.0000 -0.1000
v 0.1500 2.8000 -0.2000
v 0.1500 2.7000 -0.2000
v 0.1500 2.9000 -0.2000
v 0.1500 3.0000 -0.2000
v 0.2500 3.0000 -0.2000
v 0.1500 2.8000 -0.3000
v 0.1500 2.7000 -0.3000
v 0.1500 2.9000 -0.3000
v 0.1500 3.0000 -0.3000
v 0.2500 3.0000 -0.3000
v 0.1500 2.8000 -0.4000
v 0.1500 2.7000 -0.4000
v 0.1500 2.9000 -0.4000
v 0.2500 2.9000 -0.4000
v 0.1500 3.0000 -0.4000
v 0.2500 3.0000 -0.4000
v 0.3500 2.9000 0.4000
v 0.3500 3.0000 0.4000
v 0.3500 3.0000 0.3000
v 0.3500 3.0000 0.2000
v 0.3500 3.0000 0.1000
v 0.3500 3.0000 0.0000
v 0.3500 3.0000 -0.1000
v 0.3500 3.0000 -0.2000
v 0.3500 3.0000 -0.3000
v 0.3500 2.9000 -0.4000
v 0.3500 3.0000 -0.4000
v 0.4500 2.9000 0.4000
v 0.4500 3.0000 0.4000
v 0.4500 3.0000 0.3000
v 0.4500 3.0000 0.2000
v 0.4500 3.0000 0.1000
v 0.4500 3.0000 0.0000
v 0.4500 3.0000 -0.1000
v 0.4500 3.0000 -0.2000
v 0.4500 3.0000 -0.3000
v 0.4500 2.9000 -0.4000
v 0.4500 3.0000 -0.4000
v 0.5500 2.9000 0.4000
v 0.5500 3.0000 0.4000
v 0.5500 3.0000 0.3000
v 0.5500 3.0000 0.2000
v 0.5500 3.0000 0.1000
v 0.5500 3.0000 0.0000
v 0.5500 3.0000 -0.1000
v 0.5500 3.0000 -0.2000
v 0.5500 3.0000 -0.3000
v 0.5500 2.9000 -0.4000
v 0.5500 3.0000 -0.4000
v 0.6500 2.9000 0.4000
v 0.6500 3.0000 0.4000
v 0.6500 3.0000 0.3000
v 0.6500 3.0000 0.2000
v 0.6500 3.0000 0.1000
v 0.6500 3.0000 0.0000
v 0.6500 3.0000 -0.1000
v 0.6500 3.0000 -0.2000
v 0.6500 3.0000 -0.3000
v 0.6500 2.9000 -0.4000
v 0.6500 3.0000 -0.4000
v 0.7500 2.9000 0.4000
v 0.7500 3.0000 0.4000
v 0.7500 3.0000 0.3000
v 0.7500 3.0000 0.2000
v 0.7500 3.0000 0.1000
v 0.7500 3.0000 0.0000
v 0.7500 3.0000 -0.1000
v 0.7500 3.0000 -0.2000
v 0.7500 3.0000 -0.3000
v 0.7500 2.9000 -0.4000
v 0.7500 3.0000 -0.4000
v 0.8500 2.9000 0.4000
v 0.8500 3.0000 0.4000
v 0.8500 3.0000 0.3000
v 0.8500 3.0000 0.2000
v 0.8500 3.0000 0.1000
v 0.8500 3.0000 0.0000
v 0.8500 3.0000 -0.1000
v 0.8500 3.0000 -0.2000
v 0.8500 3.0000 -0.3000
v 0.8500 2.9000 -0.4000
v 0.8500 3.0000 -0.4000
v 0.9500 2.9000 0.3000
v 0.9500 2.9000 0.4000
v 0.9500 3.0000 0.3000
v 0.9500 3.0000 0.4000
v 0.9500 2.9000 0.2000
v 0.9500 3.0000 0.2000
v 0.9500 2.9000 0.1000
v 0.9500 3.0000 0.1000
v 0.9500 2.9000 0.0000
v 0.9500 3.0000 0.0000
v 0.9500 2.9000 -0.1000
v 0.9500 3.0000 -0.1000
v 0.9500 2.9000 -0.2000
v 0.9500 3.0000 -0.2000
v 0.9500 2.9000 -0.3000
v 0.9500 3.0000 -0.3000
v 0.9500 2.9000 -0.4000
v 0.9500 3.0000 -0.4000
v 1.4500 2.4000 0.3000
v 1.4500 2.4000 0.4000
v 1.3500 2.4000 0.4000
v 1.3500 2.4000 0.3000
v 1.5500 2.4000 0.5000
v 1.5500 2.4000 0.4000
v 1.5500 2.5000 0.4000
v 1.5500 2.5000 0.5000
v 1.4500 2.4000 0.5000
v 1.4500 2.5000 0.5000
v 1.4500 2.5000 0.4000
v 1.6500 2.4000 0.6000
v 1.6500 2.4000 0.5000
v 1.6500 2.5000 0.5000
v 1.6500 2.5000 0.6000
v 1.5500 2.4000 0.6000
v 1.5500 2.5000 0.6000
v 1.7500 2.5000 0.7000
v 1.7500 2.5000 0.6000
v 1.7500 2.6000 0.6000
v 1.7500 2.6000 0.7000
v 1.6500 2.5000 0.7000
v 1.6500 2.6000 0.7000
v 1.6500 2.6000 0.6000
v 1.7500 2.7000 0.7000
v 1.7500 2.7000 0.6000
v 1.7500 2.8000 0.6000
v 1.7500 2.8000 0.7000
v 1.6500 2.7000 0.7000
v 1.6500 2.8000 0.7000
v 1.6500 2.8000 0.6000
v 1.6500 2.7000 0.6000
v 1.4500 2.4000 -0.4000
v 1.4500 2.4000 -0.3000
v 1.3500 2.4000 -0.3000
v 1.3500 2.4000 -0.4000
v 1.5500 2.4000 -0.4000
v 1.5500 2.4000 -0.5000
v 1.5500 2.5000 -0.5000
v 1.5500 2.5000 -0.4000
v 1.4500 2.5000 -0.4000
v 1.4500 2.5000 -0.5000
v 1.4500 2.4000 -0.5000
v 1.6500 2.4000 -0.5000
v 1.6500 2.4000 -0.6000
v 1.6500 2.5000 -0.6000
v 1.6500 2.5000 -0.5000
v 1.5500 2.5000 -0.6000
v 1.5500 2.4000 -0.6000
v 1.7500 2.5000 -0.6000
v 1.7500 2.5000 -0.7000
v 1.7500 2.6000 -0.7000
v 1.7500 2.6000 -0.6000
v 1.6500 2.6000 -0.6000
v 1.6500 2.6000 -0.7000
v 1.6500 2.5000 -0.7000
v 1.7500 2.7000 -0.6000
v 1.7500 2.7000 -0.7000
v 1.7500 2.8000 -0.7000
v 1.7500 2.8000 -0.6000
v 1.6500 2.7000 -0.6000
v 1.6500 2.8000 -0.6000
v 1.6500 2.8000 -0.7000
v 1.6500 2.7000 -0.7000
usemtl c19
f 1 2 3 4
f 1 5 6 2
f 1 4 7 5
f 2 8 9 3
f 2 6 10 8
f 4 3 48 49
f 4 49 50 7
f 3 9 51 48
f 49 48 65 66
f 49 66 67 50
f 48 51 68 65
f 66 65 82 83
f 66 83 84 67
f 65 68 85 82
f 83 82 99 100
f 83 100 101 84
f 82 85 102 99
f 122 123 124 125
f 122 125 126 127
f 123 128 129 124
f 125 124 153 154
f 125 154 155 126
f 124 129 156 153
f 154 153 170 171
f 154 171 172 155
f 153 156 173 170
f 171 170 187 188
f 171 188 189 172
f 170 173 190 187
f 188 187 204 205
f 205 204 206 207
f 188 205 207 189
f 187 190 208 204
f 204 208 209 206
f 5 234 235 6
f 5 7 236 234
f 6 235 237 10
f 7 50 251 236
f 50 67 253 251
f 67 84 255 253
f 84 101 257 255
f 101 259 260 257
f 259 127 262 260
f 127 126 264 262
f 126 155 266 264
f 155 172 268 266
f 172 189 270 268
f 207 206 272 273
f 189 207 273 270
f 206 209 274 272
f 234 287 288 235
f 234 236 289 287
f 235 288 290 237
f 236 251 304 289
f 251 253 306 304
f 253 255 308 306
f 255 257 310 308
f 257 260 312 310
f 260 262 314 312
f 262 264 316 314
f 264 266 318 316
f 266 268 320 318
f 268 270 322 320
f 273 272 324 325
f 270 273 325 322
f 272 274 326 324
f 287 339 340 288
f 287 289 341 339
f 288 340 342 290
f 310 312 360 361
f 312 314 363 360
f 325 324 369 370
f 322 325 370 371
f 324 326 372 369
f 339 385 386 340
f 339 341 387 385
f 340 386 388 342
f 361 360 406 407
f 360 363 409 406
f 370 369 415 416
f 371 370 416 417
f 369 372 418 415
f 385 431 432 386
f 385 387 433 431
f 386 432 434 388
f 407 406 452 453
f 406 409 455 452
f 416 415 461 462
f 417 416 462 463
f 415 418 464 461
f 431 477 478 432
f 431 433 479 477
f 432 478 480 434
f 453 452 498 499
f 452 455 501 498
f 462 461 507 508
f 463 462 508 509
f 461 464 510 507
f 477 523 524 478
f 477 479 525 523
f 478 524 526 480
f 479 540 541 525
f 540 543 544 541
f 544 546 547 548
f 543 549 546 544
f 546 551 552 547
f 549 499 551 546
f 551 554 555 552
f 499 498 554 551
f 554 557 558 555
f 498 501 557 554
f 557 560 561 558
f 501 562 560 557
f 560 564 565 561
f 562 566 564 560
f 566 568 569 564
f 568 509 571 569
f 508 507 573 574
f 509 508 574 571
f 507 510 575 573
f 523 588 589 524
f 523 525 590 588
f 524 589 591 526
f 525 541 605 590
f 544 548 607 608
f 541 544 608 605
f 548 547 610 607
f 547 552 612 610
f 552 555 614 612
f 555 558 616 614
f 558 561 618 616
f 561 565 620 618
f 564 622 620 565
f 564 569 623 622
f 569 571 625 623
f 574 573 627 628
f 571 574 628 625
f 573 575 629 627
f 588 642 643 589
f 588 590 644 642
f 589 643 645 591
f 590 605 659 644
f 608 607 661 662
f 605 608 662 659
f 607 610 664 661
f 610 612 666 664
f 612 614 668 666
f 614 616 670 668
f 616 618 672 670
f 618 620 674 672
f 622 676 674 620
f 622 623 677 676
f 623 625 679 677
f 628 627 681 682
f 625 628 682 679
f 627 629 683 681
f 642 696 697 643
f 642 644 698 696
f 643 697 699 645
f 644 659 713 698
f 662 661 715 716
f 659 662 716 713
f 661 664 718 715
f 664 666 720 718
f 666 668 722 720
f 668 670 724 722
f 670 672 726 724
f 672 674 728 726
f 676 730 728 674
f 676 677 731 730
f 677 679 733 731
f 682 681 735 736
f 679 682 736 733
f 681 683 737 735
f 696 750 751 697
f 696 698 752 750
f 697 751 753 699
f 698 713 767 752
f 716 715 769 770
f 713 716 770 767
f 715 718 772 769
f 718 720 774 772
f 720 722 776 774
f 722 724 778 776
f 724 726 780 778
f 726 728 782 780
f 730 784 782 728
f 730 731 785 784
f 731 733 787 785
f 736 735 789 790
f 733 736 790 787
f 735 737 791 789
f 750 804 805 751
f 750 752 806 804
f 751 805 807 753
f 752 767 821 806
f 770 769 823 824
f 767 770 824 821
f 769 772 826 823
f 772 774 828 826
f 774 776 830 828
f 776 778 832 830
f 778 780 834 832
f 780 782 836 834
f 784 838 836 782
f 784 785 839 838
f 785 787 841 839
f 790 789 843 844
f 787 790 844 841
f 789 791 845 843
f 804 858 859 805
f 804 806 860 858
f 805 859 861 807
f 806 821 875 860
f 824 823 877 878
f 821 824 878 875
f 823 826 880 877
f 826 828 882 880
f 828 830 884 882
f 830 832 886 884
f 832 834 888 886
f 834 836 890 888
f 838 892 890 836
f 838 839 893 892
f 839 841 895 893
f 844 843 897 898
f 841 844 898 895
f 843 845 899 897
f 858 912 913 859
f 858 860 914 912
f 859 913 915 861
f 860 875 929 914
f 875 878 931 929
f 878 877 880 933
f 878 933 934 931
f 933 880 882 936
f 933 936 937 934
f 936 882 884 939
f 936 939 940 937
f 939 884 886 942
f 939 942 943 940
f 942 886 888 945
f 942 945 946 943
f 945 888 890 892
f 945 892 948 946
f 892 893 950 948
f 893 895 952 950
f 898 897 954 955
f 895 898 955 952
f 897 899 956 954
f 912 969 970 913
f 912 914 971 969
f 913 970 972 915
f 914 929 986 971
f 929 931 988 986
f 931 934 990 988
f 934 937 992 990
f 937 940 994 992
f 940 943 996 994
f 943 946 998 996
f 946 948 1000 998
f 948 950 1002 1000
f 950 952 1004 1002
f 955 954 1006 1007
f 952 955 1007 1004
f 954 956 1008 1006
f 969 1021 1022 970
f 969 971 1023 1021
f 970 1022 1024 972
f 971 986 1038 1023
f 986 988 1040 1038
f 988 990 1042 1040
f 990 992 1044 1042
f 992 994 1046 1044
f 994 996 1048 1046
f 996 998 1050 1048
f 998 1000 1052 1050
f 1000 1002 1054 1052
f 1002 1004 1056 1054
f 1007 1006 1058 1059
f 1004 1007 1059 1056
f 1006 1008 1060 1058
f 1021 1073 1074 1022
f 1021 1023 1075 1073
f 1022 1074 1076 1024
f 1023 1038 1090 1075
f 1038 1040 1092 1090
f 1040 1042 1094 1092
f 1042 1044 1096 1094
f 1044 1046 1098 1096
f 1046 1048 1100 1098
f 1048 1050 1102 1100
f 1050 1052 1104 1102
f 1052 1054 1106 1104
f 1054 1056 1108 1106
f 1059 1058 1110 1111
f 1056 1059 1111 1108
f 1058 1060 1112 1110
f 1073 1125 1126 1074
f 1073 1075 1127 1125
f 1074 1126 1128 1076
f 1075 1090 1142 1127
f 1090 1092 1144 1142
f 1092 1094 1146 1144
f 1094 1096 1148 1146
f 1096 1098 1150 1148
f 1098 1100 1152 1150
f 1100 1102 1154 1152
f 1102 1104 1156 1154
f 1104 1106 1158 1156
f 1106 1108 1160 1158
f 1111 1110 1162 1163
f 1108 1111 1163 1160
f 1110 1112 1164 1162
f 1125 1177 1178 1126
f 1125 1127 1179 1177
f 1126 1178 1180 1128
f 1127 1142 1194 1179
f 1142 1144 1196 1194
f 1144 1146 1198 1196
f 1146 1148 1200 1198
f 1148 1150 1202 1200
f 1150 1152 1204 1202
f 1152 1154 1206 1204
f 1154 1156 1208 1206
f 1156 1158 1210 1208
f 1158 1160 1212 1210
f 1163 1162 1214 1215
f 1160 1163 1215 1212
f 1162 1164 1216 1214
f 1177 1229 1230 1178
f 1177 1179 1231 1229
f 1178 1230 1232 1180
f 1179 1194 1246 1231
f 1194 1196 1248 1246
f 1196 1198 1250 1248
f 1198 1200 1252 1250
f 1200 1202 1254 1252
f 1202 1204 1256 1254
f 1204 1206 1258 1256
f 1206 1208 1260 1258
f 1208 1210 1262 1260
f 1210 1212 1264 1262
f 1215 1214 1266 1267
f 1212 1215 1267 1264
f 1214 1216 1268 1266
f 1229 1281 1282 1230
f 1229 1231 1283 1281
f 1230 1282 1284 1232
f 1231 1246 1298 1283
f 1246 1248 1300 1298
f 1248 1250 1301 1300
f 1250 1252 1302 1301
f 1252 1254 1303 1302
f 1254 1256 1304 1303
f 1256 1258 1305 1304
f 1258 1260 1306 1305
f 1260 1262 1307 1306
f 1262 1264 1308 1307
f 1267 1266 1311 1312
f 1264 1267 1312 1308
f 1266 1268 1313 1311
f 1281 1326 1327 1282
f 1281 1283 1328 1326
f 1282 1327 1329 1284
f 1302 1303 1344 1345
f 1303 1304 1346 1344
f 1312 1311 1349 1350
f 1308 1312 1350 1351
f 1311 1313 1352 1349
f 1326 1365 1366 1327
f 1326 1328 1367 1365
f 1327 1366 1368 1329
f 1345 1344 1383 1384
f 1344 1346 1385 1383
f 1350 1349 1388 1389
f 1351 1350 1389 1390
f 1349 1352 1391 1388
f 1365 1404 1405 1366
f 1365 1367 1406 1404
f 1366 1405 1407 1368
f 1384 1383 1422 1423
f 1383 1385 1424 1422
f 1389 1388 1427 1428
f 1390 1389 1428 1429
f 1388 1391 1430 1427
f 1404 1443 1444 1405
f 1404 1406 1445 1443
f 1405 1444 1446 1407
f 1423 1422 1461 1462
f 1422 1424 1463 1461
f 1428 1427 1466 1467
f 1429 1428 1467 1468
f 1427 1430 1469 1466
f 1443 1482 1483 1444
f 1443 1445 1484 1482
f 1444 1483 1485 1446
f 1445 1499 1500 1484
f 1499 1502 1503 1500
f 1502 1504 1505 1503
f 1504 1462 1506 1505
f 1462 1461 1507 1506
f 1461 1463 1508 1507
f 1463 1509 1510 1508
f 1509 1511 1512 1510
f 1511 1513 1514 1512
f 1513 1468 1515 1514
f 1467 1466 1518 1519
f 1468 1467 1519 1515
f 1466 1469 1520 1518
f 1482 1533 1534 1483
f 1482 1484 1535 1533
f 1483 1534 1536 1485
f 1484 1500 1550 1535
f 1500 1503 1552 1550
f 1503 1505 1553 1552
f 1505 1506 1554 1553
f 1506 1507 1555 1554
f 1507 1508 1556 1555
f 1508 1510 1557 1556
f 1510 1512 1558 1557
f 1512 1514 1559 1558
f 1514 1515 1560 1559
f 1519 1518 1563 1564
f 1515 1519 1564 1560
f 1518 1520 1565 1563
f 1578 1579 1580 1581
f 1533 1578 1581 1534
f 1533 1535 1579 1578
f 1581 1580 1582 1583
f 1534 1581 1583 1536
f 1579 1603 1604 1580
f 1535 1550 1603 1579
f 1580 1604 1605 1582
f 1603 1613 1614 1604
f 1550 1552 1613 1603
f 1604 1614 1615 1605
f 1637 1638 1639 1640
f 1558 1559 1638 1637
f 1640 1639 1641 1642
f 1638 1645 1646 1639
f 1559 1560 1645 1638
f 1639 1646 1647 1641
f 1645 1660 1661 1646
f 1564 1563 1661 1660
f 1560 1564 1660 1645
f 1646 1661 1662 1647
f 1563 1565 1662 1661
usemtl c21
f 8 11 12 9
f 8 10 13 11
f 11 14 15 12
f 11 13 16 14
f 14 17 18 15
f 14 16 19 17
f 17 20 21 18
f 17 19 22 20
f 20 23 24 21
f 20 22 25 23
f 23 26 27 24
f 23 25 28 26
f 26 29 30 27
f 26 28 31 29
f 29 32 33 30
f 29 31 34 32
f 32 35 36 33
f 32 34 37 35
f 35 38 39 36
f 35 37 40 38
f 38 41 42 39
f 38 40 43 41
f 41 44 45 42
f 41 43 46 44
f 44 46 47 45
f 9 12 52 51
f 12 15 53 52
f 15 18 54 53
f 18 21 55 54
f 21 24 56 55
f 24 27 57 56
f 27 30 58 57
f 30 33 59 58
f 33 36 60 59
f 36 39 61 60
f 39 42 62 61
f 42 45 63 62
f 45 47 64 63
f 51 52 69 68
f 52 53 70 69
f 53 54 71 70
f 54 55 72 71
f 55 56 73 72
f 56 57 74 73
f 57 58 75 74
f 58 59 76 75
f 59 60 77 76
f 60 61 78 77
f 61 62 79 78
f 62 63 80 79
f 63 64 81 80
f 68 69 86 85
f 69 70 87 86
f 70 71 88 87
f 71 72 89 88
f 72 73 90 89
f 73 74 91 90
f 74 75 92 91
f 75 76 93 92
f 76 77 94 93
f 77 78 95 94
f 78 79 96 95
f 79 80 97 96
f 80 81 98 97
f 85 86 103 102
f 86 87 104 103
f 87 88 105 104
f 88 89 106 105
f 89 90 107 106
f 90 91 108 107
f 91 92 109 108
f 92 93 110 109
f 93 94 111 110
f 94 95 112 111
f 95 96 113 112
f 96 97 114 113
f 97 98 115 114
f 113 114 116 117
f 114 115 118 116
f 117 116 119 120
f 116 118 121 119
f 128 130 131 129
f 130 132 133 131
f 132 134 135 133
f 134 136 137 135
f 136 138 139 137
f 138 140 141 139
f 140 142 143 141
f 142 144 145 143
f 144 146 147 145
f 146 148 149 147
f 148 120 150 149
f 120 119 151 150
f 119 121 152 151
f 129 131 157 156
f 131 133 158 157
f 133 135 159 158
f 135 137 160 159
f 137 139 161 160
f 139 141 162 161
f 141 143 163 162
f 143 145 164 163
f 145 147 165 164
f 147 149 166 165
f 149 150 167 166
f 150 151 168 167
f 151 152 169 168
f 156 157 174 173
f 157 158 175 174
f 158 159 176 175
f 159 160 177 176
f 160 161 178 177
f 161 162 179 178
f 162 163 180 179
f 163 164 181 180
f 164 165 182 181
f 165 166 183 182
f 166 167 184 183
f 167 168 185 184
f 168 169 186 185
f 173 174 191 190
f 174 175 192 191
f 175 176 193 192
f 176 177 194 193
f 177 178 195 194
f 178 179 196 195
f 179 180 197 196
f 180 181 198 197
f 181 182 199 198
f 182 183 200 199
f 183 184 201 200
f 184 185 202 201
f 185 186 203 202
f 190 191 210 208
f 208 210 211 209
f 191 192 212 210
f 210 212 213 211
f 192 193 214 212
f 212 214 215 213
f 193 194 216 214
f 214 216 217 215
f 194 195 218 216
f 216 218 219 217
f 195 196 220 218
f 218 220 221 219
f 196 197 222 220
f 220 222 223 221
f 197 198 224 222
f 222 224 225 223
f 198 199 226 224
f 224 226 227 225
f 199 200 228 226
f 226 228 229 227
f 200 201 230 228
f 228 230 231 229
f 201 202 232 230
f 230 232 233 231
f 202 203 233 232
f 10 237 238 13
f 13 238 239 16
f 16 239 240 19
f 19 240 241 22
f 22 241 242 25
f 25 242 243 28
f 28 243 244 31
f 31 244 245 34
f 34 245 246 37
f 37 246 247 40
f 40 247 248 43
f 43 248 249 46
f 46 249 250 47
f 47 250 252 64
f 64 252 254 81
f 81 254 256 98
f 98 256 258 115
f 115 258 261 118
f 118 261 263 121
f 121 263 265 152
f 152 265 267 169
f 169 267 269 186
f 186 269 271 203
f 209 211 275 274
f 211 213 276 275
f 213 215 277 276
f 215 217 278 277
f 217 219 279 278
f 219 221 280 279
f 221 223 281 280
f 223 225 282 281
f 225 227 283 282
f 227 229 284 283
f 229 231 285 284
f 231 233 286 285
f 203 271 286 233
f 237 290 291 238
f 238 291 292 239
f 239 292 293 240
f 240 293 294 241
f 241 294 295 242
f 242 295 296 243
f 243 296 297 244
f 244 297 298 245
f 245 298 299 246
f 246 299 300 247
f 247 300 301 248
f 248 301 302 249
f 249 302 303 250
f 250 303 305 252
f 252 305 307 254
f 254 307 309 256
f 256 309 311 258
f 258 311 313 261
f 261 313 315 263
f 263 315 317 265
f 265 317 319 267
f 267 319 321 269
f 269 321 323 271
f 274 275 327 326
f 275 276 328 327
f 276 277 329 328
f 277 278 330 329
f 278 279 331 330
f 279 280 332 331
f 280 281 333 332
f 281 282 334 333
f 282 283 335 334
f 283 284 336 335
f 284 285 337 336
f 285 286 338 337
f 271 323 338 286
f 290 342 343 291
f 291 343 344 292
f 292 344 345 293
f 293 345 346 294
f 294 346 347 295
f 295 347 348 296
f 296 348 349 297
f 297 349 350 298
f 298 350 351 299
f 299 351 352 300
f 300 352 353 301
f 301 353 354 302
f 302 354 355 303
f 303 355 356 305
f 305 356 357 307
f 307 357 358 309
f 309 358 359 311
f 311 359 362 313
f 313 362 364 315
f 315 364 365 317
f 317 365 366 319
f 319 366 367 321
f 321 367 368 323
f 326 327 373 372
f 327 328 374 373
f 328 329 375 374
f 329 330 376 375
f 330 331 377 376
f 331 332 378 377
f 332 333 379 378
f 333 334 380 379
f 334 335 381 380
f 335 336 382 381
f 336 337 383 382
f 337 338 384 383
f 323 368 384 338
f 342 388 389 343
f 343 389 390 344
f 344 390 391 345
f 345 391 392 346
f 346 392 393 347
f 347 393 394 348
f 348 394 395 349
f 349 395 396 350
f 350 396 397 351
f 351 397 398 352
f 352 398 399 353
f 353 399 400 354
f 354 400 401 355
f 355 401 402 356
f 356 402 403 357
f 357 403 404 358
f 358 404 405 359
f 359 405 408 362
f 362 408 410 364
f 364 410 411 365
f 365 411 412 366
f 366 412 413 367
f 367 413 414 368
f 372 373 419 418
f 373 374 420 419
f 374 375 421 420
f 375 376 422 421
f 376 377 423 422
f 377 378 424 423
f 378 379 425 424
f 379 380 426 425
f 380 381 427 426
f 381 382 428 427
f 382 383 429 428
f 383 384 430 429
f 368 414 430 384
f 388 434 435 389
f 389 435 436 390
f 390 436 437 391
f 391 437 438 392
f 392 438 439 393
f 393 439 440 394
f 394 440 441 395
f 395 441 442 396
f 396 442 443 397
f 397 443 444 398
f 398 444 445 399
f 399 445 446 400
f 400 446 447 401
f 401 447 448 402
f 402 448 449 403
f 403 449 450 404
f 404 450 451 405
f 405 451 454 408
f 408 454 456 410
f 410 456 457 411
f 411 457 458 412
f 412 458 459 413
f 413 459 460 414
f 418 419 465 464
f 419 420 466 465
f 420 421 467 466
f 421 422 468 467
f 422 423 469 468
f 423 424 470 469
f 424 425 471 470
f 425 426 472 471
f 426 427 473 472
f 427 428 474 473
f 428 429 475 474
f 429 430 476 475
f 414 460 476 430
f 434 480 481 435
f 435 481 482 436
f 436 482 483 437
f 437 483 484 438
f 438 484 485 439
f 439 485 486 440
f 440 486 487 441
f 441 487 488 442
f 442 488 489 443
f 443 489 490 444
f 444 490 491 445
f 445 491 492 446
f 446 492 493 447
f 447 493 494 448
f 448 494 495 449
f 449 495 496 450
f 450 496 497 451
f 451 497 500 454
f 454 500 502 456
f 456 502 503 457
f 457 503 504 458
f 458 504 505 459
f 459 505 506 460
f 464 465 511 510
f 465 466 512 511
f 466 467 513 512
f 467 468 514 513
f 468 469 515 514
f 469 470 516 515
f 470 471 517 516
f 471 472 518 517
f 472 473 519 518
f 473 474 520 519
f 474 475 521 520
f 475 476 522 521
f 460 506 522 476
f 480 526 527 481
f 481 527 528 482
f 482 528 529 483
f 483 529 530 484
f 484 530 531 485
f 485 531 532 486
f 486 532 533 487
f 487 533 534 488
f 488 534 535 489
f 489 535 536 490
f 490 536 537 491
f 491 537 538 492
f 492 538 539 493
f 493 539 542 494
f 494 542 545 495
f 495 545 550 496
f 496 550 553 497
f 497 553 556 500
f 500 556 559 502
f 502 559 563 503
f 503 563 567 504
f 504 567 570 505
f 505 570 572 506
f 510 511 576 575
f 511 512 577 576
f 512 513 578 577
f 513 514 579 578
f 514 515 580 579
f 515 516 581 580
f 516 517 582 581
f 517 518 583 582
f 518 519 584 583
f 519 520 585 584
f 520 521 586 585
f 521 522 587 586
f 506 572 587 522
f 526 591 592 527
f 527 592 593 528
f 528 593 594 529
f 529 594 595 530
f 530 595 596 531
f 531 596 597 532
f 532 597 598 533
f 533 598 599 534
f 534 599 600 535
f 535 600 601 536
f 536 601 602 537
f 537 602 603 538
f 538 603 604 539
f 539 604 606 542
f 542 606 609 545
f 545 609 611 550
f 550 611 613 553
f 553 613 615 556
f 556 615 617 559
f 559 617 619 563
f 563 619 621 567
f 567 621 624 570
f 570 624 626 572
f 575 576 630 629
f 576 577 631 630
f 577 578 632 631
f 578 579 633 632
f 579 580 634 633
f 580 581 635 634
f 581 582 636 635
f 582 583 637 636
f 583 584 638 637
f 584 585 639 638
f 585 586 640 639
f 586 587 641 640
f 572 626 641 587
f 591 645 646 592
f 592 646 647 593
f 593 647 648 594
f 594 648 649 595
f 595 649 650 596
f 596 650 651 597
f 597 651 652 598
f 598 652 653 599
f 599 653 654 600
f 600 654 655 601
f 601 655 656 602
f 602 656 657 603
f 603 657 658 604
f 604 658 660 606
f 606 660 663 609
f 609 663 665 611
f 611 665 667 613
f 613 667 669 615
f 615 669 671 617
f 617 671 673 619
f 619 673 675 621
f 621 675 678 624
f 624 678 680 626
f 629 630 684 683
f 630 631 685 684
f 631 632 686 685
f 632 633 687 686
f 633 634 688 687
f 634 635 689 688
f 635 636 690 689
f 636 637 691 690
f 637 638 692 691
f 638 639 693 692
f 639 640 694 693
f 640 641 695 694
f 626 680 695 641
f 645 699 700 646
f 646 700 701 647
f 647 701 702 648
f 648 702 703 649
f 649 703 704 650
f 650 704 705 651
f 651 705 706 652
f 652 706 707 653
f 653 707 708 654
f 654 708 709 655
f 655 709 710 656
f 656 710 711 657
f 657 711 712 658
f 658 712 714 660
f 660 714 717 663
f 663 717 719 665
f 665 719 721 667
f 667 721 723 669
f 669 723 725 671
f 671 725 727 673
f 673 727 729 675
f 675 729 732 678
f 678 732 734 680
f 683 684 738 737
f 684 685 739 738
f 685 686 740 739
f 686 687 741 740
f 687 688 742 741
f 688 689 743 742
f 689 690 744 743
f 690 691 745 744
f 691 692 746 745
f 692 693 747 746
f 693 694 748 747
f 694 695 749 748
f 680 734 749 695
f 699 753 754 700
f 700 754 755 701
f 701 755 756 702
f 702 756 757 703
f 703 757 758 704
f 704 758 759 705
f 705 759 760 706
f 706 760 761 707
f 707 761 762 708
f 708 762 763 709
f 709 763 764 710
f 710 764 765 711
f 711 765 766 712
f 712 766 768 714
f 714 768 771 717
f 717 771 773 719
f 719 773 775 721
f 721 775 777 723
f 723 777 779 725
f 725 779 781 727
f 727 781 783 729
f 729 783 786 732
f 732 786 788 734
f 737 738 792 791
f 738 739 793 792
f 739 740 794 793
f 740 741 795 794
f 741 742 796 795
f 742 743 797 796
f 743 744 798 797
f 744 745 799 798
f 745 746 800 799
f 746 747 801 800
f 747 748 802 801
f 748 749 803 802
f 734 788 803 749
f 753 807 808 754
f 754 808 809 755
f 755 809 810 756
f 756 810 811 757
f 757 811 812 758
f 758 812 813 759
f 759 813 814 760
f 760 814 815 761
f 761 815 816 762
f 762 816 817 763
f 763 817 818 764
f 764 818 819 765
f 765 819 820 766
f 766 820 822 768
f 768 822 825 771
f 771 825 827 773
f 773 827 829 775
f 775 829 831 777
f 777 831 833 779
f 779 833 835 781
f 781 835 837 783
f 783 837 840 786
f 786 840 842 788
f 791 792 846 845
f 792 793 847 846
f 793 794 848 847
f 794 795 849 848
f 795 796 850 849
f 796 797 851 850
f 797 798 852 851
f 798 799 853 852
f 799 800 854 853
f 800 801 855 854
f 801 802 856 855
f 802 803 857 856
f 788 842 857 803
f 807 861 862 808
f 808 862 863 809
f 809 863 864 810
f 810 864 865 811
f 811 865 866 812
f 812 866 867 813
f 813 867 868 814
f 814 868 869 815
f 815 869 870 816
f 816 870 871 817
f 817 871 872 818
f 818 872 873 819
f 819 873 874 820
f 820 874 876 822
f 822 876 879 825
f 825 879 881 827
f 827 881 883 829
f 829 883 885 831
f 831 885 887 833
f 833 887 889 835
f 835 889 891 837
f 837 891 894 840
f 840 894 896 842
f 845 846 900 899
f 846 847 901 900
f 847 848 902 901
f 848 849 903 902
f 849 850 904 903
f 850 851 905 904
f 851 852 906 905
f 852 853 907 906
f 853 854 908 907
f 854 855 909 908
f 855 856 910 909
f 856 857 911 910
f 842 896 911 857
f 861 915 916 862
f 862 916 917 863
f 863 917 918 864
f 864 918 919 865
f 865 919 920 866
f 866 920 921 867
f 867 921 922 868
f 868 922 923 869
f 869 923 924 870
f 870 924 925 871
f 871 925 926 872
f 872 926 927 873
f 873 927 928 874
f 874 928 930 876
f 876 930 932 879
f 879 932 935 881
f 881 935 938 883
f 883 938 941 885
f 885 941 944 887
f 887 944 947 889
f 889 947 949 891
f 891 949 951 894
f 894 951 953 896
f 899 900 957 956
f 900 901 958 957
f 901 902 959 958
f 902 903 960 959
f 903 904 961 960
f 904 905 962 961
f 905 906 963 962
f 906 907 964 963
f 907 908 965 964
f 908 909 966 965
f 909 910 967 966
f 910 911 968 967
f 896 953 968 911
f 915 972 973 916
f 916 973 974 917
f 917 974 975 918
f 918 975 976 919
f 919 976 977 920
f 920 977 978 921
f 921 978 979 922
f 922 979 980 923
f 923 980 981 924
f 924 981 982 925
f 925 982 983 926
f 926 983 984 927
f 927 984 985 928
f 928 985 987 930
f 930 987 989 932
f 932 989 991 935
f 935 991 993 938
f 938 993 995 941
f 941 995 997 944
f 944 997 999 947
f 947 999 1001 949
f 949 1001 1003 951
f 951 1003 1005 953
f 956 957 1009 1008
f 957 958 1010 1009
f 958 959 1011 1010
f 959 960 1012 1011
f 960 961 1013 1012
f 961 962 1014 1013
f 962 963 1015 1014
f 963 964 1016 1015
f 964 965 1017 1016
f 965 966 1018 1017
f 966 967 1019 1018
f 967 968 1020 1019
f 953 1005 1020 968
f 972 1024 1025 973
f 973 1025 1026 974
f 974 1026 1027 975
f 975 1027 1028 976
f 976 1028 1029 977
f 977 1029 1030 978
f 978 1030 1031 979
f 979 1031 1032 980
f 980 1032 1033 981
f 981 1033 1034 982
f 982 1034 1035 983
f 983 1035 1036 984
f 984 1036 1037 985
f 985 1037 1039 987
f 987 1039 1041 989
f 989 1041 1043 991
f 991 1043 1045 993
f 993 1045 1047 995
f 995 1047 1049 997
f 997 1049 1051 999
f 999 1051 1053 1001
f 1001 1053 1055 1003
f 1003 1055 1057 1005
f 1008 1009 1061 1060
f 1009 1010 1062 1061
f 1010 1011 1063 1062
f 1011 1012 1064 1063
f 1012 1013 1065 1064
f 1013 1014 1066 1065
f 1014 1015 1067 1066
f 1015 1016 1068 1067
f 1016 1017 1069 1068
f 1017 1018 1070 1069
f 1018 1019 1071 1070
f 1019 1020 1072 1071
f 1005 1057 1072 1020
f 1024 1076 1077 1025
f 1025 1077 1078 1026
f 1026 1078 1079 1027
f 1027 1079 1080 1028
f 1028 1080 1081 1029
f 1029 1081 1082 1030
f 1030 1082 1083 1031
f 1031 1083 1084 1032
f 1032 1084 1085 1033
f 1033 1085 1086 1034
f 1034 1086 1087 1035
f 1035 1087 1088 1036
f 1036 1088 1089 1037
f 1037 1089 1091 1039
f 1039 1091 1093 1041
f 1041 1093 1095 1043
f 1043 1095 1097 1045
f 1045 1097 1099 1047
f 1047 1099 1101 1049
f 1049 1101 1103 1051
f 1051 1103 1105 1053
f 1053 1105 1107 1055
f 1055 1107 1109 1057
f 1060 1061 1113 1112
f 1061 1062 1114 1113
f 1062 1063 1115 1114
f 1063 1064 1116 1115
f 1064 1065 1117 1116
f 1065 1066 1118 1117
f 1066 1067 1119 1118
f 1067 1068 1120 1119
f 1068 1069 1121 1120
f 1069 1070 1122 1121
f 1070 1071 1123 1122
f 1071 1072 1124 1123
f 1057 1109 1124 1072
f 1076 1128 1129 1077
f 1077 1129 1130 1078
f 1078 1130 1131 1079
f 1079 1131 1132 1080
f 1080 1132 1133 1081
f 1081 1133 1134 1082
f 1082 1134 1135 1083
f 1083 1135 1136 1084
f 1084 1136 1137 1085
f 1085 1137 1138 1086
f 1086 1138 1139 1087
f 1087 1139 1140 1088
f 1088 1140 1141 1089
f 1089 1141 1143 1091
f 1091 1143 1145 1093
f 1093 1145 1147 1095
f 1095 1147 1149 1097
f 1097 1149 1151 1099
f 1099 1151 1153 1101
f 1101 1153 1155 1103
f 1103 1155 1157 1105
f 1105 1157 1159 1107
f 1107 1159 1161 1109
f 1112 1113 1165 1164
f 1113 1114 1166 1165
f 1114 1115 1167 1166
f 1115 1116 1168 1167
f 1116 1117 1169 1168
f 1117 1118 1170 1169
f 1118 1119 1171 1170
f 1119 1120 1172 1171
f 1120 1121 1173 1172
f 1121 1122 1174 1173
f 1122 1123 1175 1174
f 1123 1124 1176 1175
f 1109 1161 1176 1124
f 1128 1180 1181 1129
f 1129 1181 1182 1130
f 1130 1182 1183 1131
f 1131 1183 1184 1132
f 1132 1184 1185 1133
f 1133 1185 1186 1134
f 1134 1186 1187 1135
f 1135 1187 1188 1136
f 1136 1188 1189 1137
f 1137 1189 1190 1138
f 1138 1190 1191 1139
f 1139 1191 1192 1140
f 1140 1192 1193 1141
f 1141 1193 1195 1143
f 1143 1195 1197 1145
f 1145 1197 1199 1147
f 1147 1199 1201 1149
f 1149 1201 1203 1151
f 1151 1203 1205 1153
f 1153 1205 1207 1155
f 1155 1207 1209 1157
f 1157 1209 1211 1159
f 1159 1211 1213 1161
f 1164 1165 1217 1216
f 1165 1166 1218 1217
f 1166 1167 1219 1218
f 1167 1168 1220 1219
f 1168 1169 1221 1220
f 1169 1170 1222 1221
f 1170 1171 1223 1222
f 1171 1172 1224 1223
f 1172 1173 1225 1224
f 1173 1174 1226 1225
f 1174 1175 1227 1226
f 1175 1176 1228 1227
f 1161 1213 1228 1176
f 1180 1232 1233 1181
f 1181 1233 1234 1182
f 1182 1234 1235 1183
f 1183 1235 1236 1184
f 1184 1236 1237 1185
f 1185 1237 1238 1186
f 1186 1238 1239 1187
f 1187 1239 1240 1188
f 1188 1240 1241 1189
f 1189 1241 1242 1190
f 1190 1242 1243 1191
f 1191 1243 1244 1192
f 1192 1244 1245 1193
f 1193 1245 1247 1195
f 1195 1247 1249 1197
f 1197 1249 1251 1199
f 1199 1251 1253 1201
f 1201 1253 1255 1203
f 1203 1255 1257 1205
f 1205 1257 1259 1207
f 1207 1259 1261 1209
f 1209 1261 1263 1211
f 1211 1263 1265 1213
f 1216 1217 1269 1268
f 1217 1218 1270 1269
f 1218 1219 1271 1270
f 1219 1220 1272 1271
f 1220 1221 1273 1272
f 1221 1222 1274 1273
f 1222 1223 1275 1274
f 1223 1224 1276 1275
f 1224 1225 1277 1276
f 1225 1226 1278 1277
f 1226 1227 1279 1278
f 1227 1228 1280 1279
f 1213 1265 1280 1228
f 1232 1284 1285 1233
f 1233 1285 1286 1234
f 1234 1286 1287 1235
f 1235 1287 1288 1236
f 1236 1288 1289 1237
f 1237 1289 1290 1238
f 1238 1290 1291 1239
f 1239 1291 1292 1240
f 1240 1292 1293 1241
f 1241 1293 1294 1242
f 1242 1294 1295 1243
f 1243 1295 1296 1244
f 1244 1296 1297 1245
f 1245 1297 1299 1247
f 1263 1309 1310 1265
f 1268 1269 1314 1313
f 1269 1270 1315 1314
f 1270 1271 1316 1315
f 1271 1272 1317 1316
f 1272 1273 1318 1317
f 1273 1274 1319 1318
f 1274 1275 1320 1319
f 1275 1276 1321 1320
f 1276 1277 1322 1321
f 1277 1278 1323 1322
f 1278 1279 1324 1323
f 1279 1280 1325 1324
f 1265 1310 1325 1280
f 1284 1329 1330 1285
f 1285 1330 1331 1286
f 1286 1331 1332 1287
f 1287 1332 1333 1288
f 1288 1333 1334 1289
f 1289 1334 1335 1290
f 1290 1335 1336 1291
f 1291 1336 1337 1292
f 1292 1337 1338 1293
f 1293 1338 1339 1294
f 1294 1339 1340 1295
f 1295 1340 1341 1296
f 1296 1341 1342 1297
f 1297 1342 1343 1299
f 1309 1347 1348 1310
f 1313 1314 1353 1352
f 1314 1315 1354 1353
f 1315 1316 1355 1354
f 1316 1317 1356 1355
f 1317 1318 1357 1356
f 1318 1319 1358 1357
f 1319 1320 1359 1358
f 1320 1321 1360 1359
f 1321 1322 1361 1360
f 1322 1323 1362 1361
f 1323 1324 1363 1362
f 1324 1325 1364 1363
f 1310 1348 1364 1325
f 1329 1368 1369 1330
f 1330 1369 1370 1331
f 1331 1370 1371 1332
f 1332 1371 1372 1333
f 1333 1372 1373 1334
f 1334 1373 1374 1335
f 1335 1374 1375 1336
f 1336 1375 1376 1337
f 1337 1376 1377 1338
f 1338 1377 1378 1339
f 1339 1378 1379 1340
f 1340 1379 1380 1341
f 1341 1380 1381 1342
f 1342 1381 1382 1343
f 1347 1386 1387 1348
f 1352 1353 1392 1391
f 1353 1354 1393 1392
f 1354 1355 1394 1393
f 1355 1356 1395 1394
f 1356 1357 1396 1395
f 1357 1358 1397 1396
f 1358 1359 1398 1397
f 1359 1360 1399 1398
f 1360 1361 1400 1399
f 1361 1362 1401 1400
f 1362 1363 1402 1401
f 1363 1364 1403 1402
f 1348 1387 1403 1364
f 1368 1407 1408 1369
f 1369 1408 1409 1370
f 1370 1409 1410 1371
f 1371 1410 1411 1372
f 1372 1411 1412 1373
f 1373 1412 1413 1374
f 1374 1413 1414 1375
f 1375 1414 1415 1376
f 1376 1415 1416 1377
f 1377 1416 1417 1378
f 1378 1417 1418 1379
f 1379 1418 1419 1380
f 1380 1419 1420 1381
f 1381 1420 1421 1382
f 1386 1425 1426 1387
f 1391 1392 1431 1430
f 1392 1393 1432 1431
f 1393 1394 1433 1432
f 1394 1395 1434 1433
f 1395 1396 1435 1434
f 1396 1397 1436 1435
f 1397 1398 1437 1436
f 1398 1399 1438 1437
f 1399 1400 1439 1438
f 1400 1401 1440 1439
f 1401 1402 1441 1440
f 1402 1403 1442 1441
f 1387 1426 1442 1403
f 1407 1446 1447 1408
f 1408 1447 1448 1409
f 1409 1448 1449 1410
f 1410 1449 1450 1411
f 1411 1450 1451 1412
f 1412 1451 1452 1413
f 1413 1452 1453 1414
f 1414 1453 1454 1415
f 1415 1454 1455 1416
f 1416 1455 1456 1417
f 1417 1456 1457 1418
f 1418 1457 1458 1419
f 1419 1458 1459 1420
f 1420 1459 1460 1421
f 1425 1464 1465 1426
f 1430 1431 1470 1469
f 1431 1432 1471 1470
f 1432 1433 1472 1471
f 1433 1434 1473 1472
f 1434 1435 1474 1473
f 1435 1436 1475 1474
f 1436 1437 1476 1475
f 1437 1438 1477 1476
f 1438 1439 1478 1477
f 1439 1440 1479 1478
f 1440 1441 1480 1479
f 1441 1442 1481 1480
f 1426 1465 1481 1442
f 1446 1485 1486 1447
f 1447 1486 1487 1448
f 1448 1487 1488 1449
f 1449 1488 1489 1450
f 1450 1489 1490 1451
f 1451 1490 1491 1452
f 1452 1491 1492 1453
f 1453 1492 1493 1454
f 1454 1493 1494 1455
f 1455 1494 1495 1456
f 1456 1495 1496 1457
f 1457 1496 1497 1458
f 1458 1497 1498 1459
f 1459 1498 1501 1460
f 1464 1516 1517 1465
f 1469 1470 1521 1520
f 1470 1471 1522 1521
f 1471 1472 1523 1522
f 1472 1473 1524 1523
f 1473 1474 1525 1524
f 1474 1475 1526 1525
f 1475 1476 1527 1526
f 1476 1477 1528 1527
f 1477 1478 1529 1528
f 1478 1479 1530 1529
f 1479 1480 1531 1530
f 1480 1481 1532 1531
f 1465 1517 1532 1481
f 1485 1536 1537 1486
f 1486 1537 1538 1487
f 1487 1538 1539 1488
f 1488 1539 1540 1489
f 1489 1540 1541 1490
f 1490 1541 1542 1491
f 1491 1542 1543 1492
f 1492 1543 1544 1493
f 1493 1544 1545 1494
f 1494 1545 1546 1495
f 1495 1546 1547 1496
f 1496 1547 1548 1497
f 1497 1548 1549 1498
f 1498 1549 1551 1501
f 1516 1561 1562 1517
f 1520 1521 1566 1565
f 1521 1522 1567 1566
f 1522 1523 1568 1567
f 1523 1524 1569 1568
f 1524 1525 1570 1569
f 1525 1526 1571 1570
f 1526 1527 1572 1571
f 1527 1528 1573 1572
f 1528 1529 1574 1573
f 1529 1530 1575 1574
f 1530 1531 1576 1575
f 1531 1532 1577 1576
f 1517 1562 1577 1532
f 1583 1582 1584 1585
f 1536 1583 1585 1537
f 1585 1584 1586 1587
f 1537 1585 1587 1538
f 1587 1586 1588 1589
f 1538 1587 1589 1539
f 1539 1589 1590 1540
f 1540 1590 1591 1541
f 1541 1591 1592 1542
f 1542 1592 1593 1543
f 1543 1593 1594 1544
f 1544 1594 1595 1545
f 1595 1596 1597 1598
f 1545 1595 1598 1546
f 1598 1597 1599 1600
f 1546 1598 1600 1547
f 1600 1599 1601 1602
f 1547 1600 1602 1548
f 1548 1602 1601 1549
f 1582 1605 1606 1584
f 1584 1606 1607 1586
f 1586 1607 1608 1588
f 1596 1609 1610 1597
f 1597 1610 1611 1599
f 1599 1611 1612 1601
f 1549 1601 1612 1551
f 1611 1616 1617 1612
f 1551 1612 1617 1618
f 1616 1619 1620 1617
f 1618 1617 1620 1621
f 1619 1622 1623 1620
f 1621 1620 1623 1624
f 1622 1625 1626 1623
f 1624 1623 1626 1627
f 1625 1628 1629 1626
f 1627 1626 1629 1630
f 1628 1631 1632 1629
f 1630 1629 1632 1633
f 1631 1634 1635 1632
f 1633 1632 1635 1636
f 1634 1643 1644 1635
f 1636 1635 1644 1561
f 1641 1647 1648 1649
f 1649 1648 1650 1651
f 1651 1650 1652 1653
f 1654 1655 1656 1657
f 1657 1656 1658 1643
f 1643 1658 1659 1644
f 1561 1644 1659 1562
f 1647 1662 1663 1648
f 1565 1566 1663 1662
f 1648 1663 1664 1650
f 1566 1567 1664 1663
f 1650 1664 1665 1652
f 1567 1568 1665 1664
f 1568 1569 1666 1665
f 1569 1570 1667 1666
f 1570 1571 1668 1667
f 1571 1572 1669 1668
f 1572 1573 1670 1669
f 1573 1574 1671 1670
f 1655 1671 1672 1656
f 1574 1575 1672 1671
f 1656 1672 1673 1658
f 1575 1576 1673 1672
f 1658 1673 1674 1659
f 1576 1577 1674 1673
f 1562 1659 1674 1577
f 1605 1675 1676 1606
f 1605 1615 1677 1675
f 1606 1676 1678 1607
f 1607 1678 1679 1608
f 1609 1680 1681 1610
f 1610 1681 1682 1611
f 1611 1682 1683 1616
f 1616 1683 1684 1619
f 1619 1684 1685 1622
f 1622 1685 1686 1625
f 1625 1686 1687 1628
f 1628 1687 1688 1631
f 1631 1688 1689 1634
f 1641 1649 1690 1691
f 1642 1641 1691 1692
f 1649 1651 1693 1690
f 1651 1653 1694 1693
f 1654 1657 1695 1696
f 1657 1643 1697 1695
f 1634 1689 1697 1643
f 1675 1698 1699 1676
f 1675 1677 1700 1698
f 1676 1699 1701 1678
f 1678 1701 1702 1679
f 1680 1703 1704 1681
f 1681 1704 1705 1682
f 1682 1705 1706 1683
f 1683 1706 1707 1684
f 1684 1707 1708 1685
f 1685 1708 1709 1686
f 1686 1709 1710 1687
f 1687 1710 1711 1688
f 1688 1711 1712 1689
f 1691 1690 1713 1714
f 1692 1691 1714 1715
f 1690 1693 1716 1713
f 1693 1694 1717 1716
f 1696 1695 1718 1719
f 1695 1697 1720 1718
f 1689 1712 1720 1697
f 1698 1721 1722 1699
f 1698 1700 1723 1721
f 1699 1722 1724 1701
f 1701 1724 1725 1702
f 1703 1726 1727 1704
f 1704 1727 1728 1705
f 1705 1728 1729 1706
f 1706 1729 1730 1707
f 1707 1730 1731 1708
f 1708 1731 1732 1709
f 1709 1732 1733 1710
f 1710 1733 1734 1711
f 1711 1734 1735 1712
f 1714 1713 1736 1737
f 1715 1714 1737 1738
f 1713 1716 1739 1736
f 1716 1717 1740 1739
f 1719 1718 1741 1742
f 1718 1720 1743 1741
f 1712 1735 1743 1720
f 1721 1744 1745 1722
f 1721 1723 1746 1744
f 1722 1745 1747 1724
f 1724 1747 1748 1725
f 1725 1748 1749 1750
f 1750 1749 1751 1752
f 1752 1751 1753 1754
f 1754 1753 1755 1756
f 1756 1755 1757 1758
f 1758 1757 1759 1726
f 1726 1759 1760 1727
f 1727 1760 1761 1728
f 1723 1762 1763 1746
f 1729 1764 1765 1730
f 1762 1766 1767 1763
f 1730 1765 1768 1731
f 1766 1769 1770 1767
f 1731 1768 1771 1732
f 1769 1772 1773 1770
f 1732 1771 1774 1733
f 1772 1775 1776 1773
f 1733 1774 1777 1734
f 1775 1738 1778 1776
f 1734 1777 1779 1735
f 1737 1736 1780 1781
f 1738 1737 1781 1778
f 1736 1739 1782 1780
f 1739 1740 1783 1782
f 1740 1784 1785 1783
f 1784 1786 1787 1785
f 1786 1788 1789 1787
f 1788 1790 1791 1789
f 1790 1792 1793 1791
f 1792 1742 1794 1793
f 1742 1741 1795 1794
f 1741 1743 1796 1795
f 1744 1797 1798 1745
f 1744 1746 1799 1797
f 1745 1798 1800 1747
f 1747 1800 1801 1748
f 1748 1801 1802 1749
f 1749 1802 1803 1751
f 1751 1803 1804 1753
f 1753 1804 1805 1755
f 1755 1805 1806 1757
f 1757 1806 1807 1759
f 1759 1807 1808 1760
f 1760 1808 1809 1761
f 1761 1809 1810 1764
f 1746 1763 1811 1799
f 1764 1810 1812 1765
f 1763 1767 1813 1811
f 1765 1812 1814 1768
f 1767 1770 1815 1813
f 1768 1814 1816 1771
f 1770 1773 1817 1815
f 1771 1816 1818 1774
f 1773 1776 1819 1817
f 1774 1818 1820 1777
f 1776 1778 1821 1819
f 1777 1820 1822 1779
f 1781 1780 1823 1824
f 1778 1781 1824 1821
f 1780 1782 1825 1823
f 1782 1783 1826 1825
f 1783 1785 1827 1826
f 1785 1787 1828 1827
f 1787 1789 1829 1828
f 1789 1791 1830 1829
f 1791 1793 1831 1830
f 1793 1794 1832 1831
f 1794 1795 1833 1832
f 1795 1796 1834 1833
f 1779 1822 1834 1796
f 1797 1835 1836 1798
f 1797 1799 1837 1835
f 1798 1836 1838 1800
f 1800 1838 1839 1801
f 1801 1839 1840 1802
f 1802 1840 1841 1803
f 1803 1841 1842 1804
f 1806 1844 1845 1807
f 1807 1845 1846 1808
f 1808 1846 1847 1809
f 1809 1847 1848 1810
f 1799 1811 1849 1837
f 1810 1848 1850 1812
f 1811 1813 1851 1849
f 1812 1850 1852 1814
f 1813 1815 1853 1851
f 1814 1852 1854 1816
f 1815 1817 1855 1853
f 1816 1854 1856 1818
f 1817 1819 1857 1855
f 1818 1856 1858 1820
f 1819 1821 1859 1857
f 1820 1858 1860 1822
f 1824 1823 1861 1862
f 1821 1824 1862 1859
f 1823 1825 1863 1861
f 1825 1826 1864 1863
f 1826 1827 1865 1864
f 1827 1828 1866 1865
f 1828 1829 1867 1866
f 1831 1832 1870 1869
f 1832 1833 1871 1870
f 1833 1834 1872 1871
f 1822 1860 1872 1834
f 1835 1873 1874 1836
f 1835 1837 1875 1873
f 1836 1874 1876 1838
f 1838 1876 1877 1839
f 1839 1877 1878 1840
f 1840 1878 1879 1841
f 1841 1879 1880 1842
f 1842 1880 1881 1843
f 1843 1881 1882 1844
f 1844 1882 1883 1845
f 1845 1883 1884 1846
f 1846 1884 1885 1847
f 1847 1885 1886 1848
f 1837 1849 1887 1875
f 1848 1886 1888 1850
f 1849 1851 1889 1887
f 1850 1888 1890 1852
f 1851 1853 1891 1889
f 1852 1890 1892 1854
f 1853 1855 1893 1891
f 1854 1892 1894 1856
f 1855 1857 1895 1893
f 1856 1894 1896 1858
f 1857 1859 1897 1895
f 1858 1896 1898 1860
f 1862 1861 1899 1900
f 1859 1862 1900 1897
f 1861 1863 1901 1899
f 1863 1864 1902 1901
f 1864 1865 1903 1902
f 1865 1866 1904 1903
f 1866 1867 1905 1904
f 1867 1868 1906 1905
f 1868 1869 1907 1906
f 1869 1870 1908 1907
f 1870 1871 1909 1908
f 1871 1872 1910 1909
f 1860 1898 1910 1872
f 1911 1912 1913 1914
f 1873 1911 1914 1874
f 1873 1875 1912 1911
f 1914 1913 1915 1916
f 1874 1914 1916 1876
f 1916 1915 1917 1918
f 1876 1916 1918 1877
f 1918 1917 1919 1920
f 1877 1918 1920 1878
f 1920 1919 1921 1922
f 1878 1920 1922 1879
f 1922 1921 1923 1924
f 1879 1922 1924 1880
f 1924 1923 1925 1926
f 1880 1924 1926 1881
f 1926 1925 1927 1928
f 1881 1926 1928 1882
f 1928 1927 1929 1930
f 1882 1928 1930 1883
f 1930 1929 1931 1932
f 1883 1930 1932 1884
f 1932 1931 1933 1934
f 1884 1932 1934 1885
f 1885 1934 1933 1886
f 1923 1936 1937 1925
f 1925 1937 1938 1927
f 1927 1938 1939 1929
f 1929 1939 1940 1931
f 1931 1940 1941 1933
f 1886 1933 1941 1888
f 1936 1943 1944 1937
f 1937 1944 1945 1938
f 1938 1945 1946 1939
f 1939 1946 1947 1940
f 1940 1947 1948 1941
f 1888 1941 1948 1890
f 1943 1950 1951 1944
f 1944 1951 1952 1945
f 1945 1952 1953 1946
f 1946 1953 1954 1947
f 1947 1954 1955 1948
f 1890 1948 1955 1892
f 1950 1957 1958 1951
f 1951 1958 1959 1952
f 1952 1959 1960 1953
f 1953 1960 1961 1954
f 1954 1961 1962 1955
f 1892 1955 1962 1894
f 1957 1964 1965 1958
f 1958 1965 1966 1959
f 1959 1966 1967 1960
f 1960 1967 1968 1961
f 1961 1968 1969 1962
f 1894 1962 1969 1896
f 1964 1971 1972 1965
f 1965 1972 1973 1966
f 1966 1973 1974 1967
f 1967 1974 1975 1968
f 1968 1975 1976 1969
f 1896 1969 1976 1898
f 1970 1977 1978 1979
f 1900 1899 1978 1977
f 1897 1900 1977 1970
f 1979 1978 1980 1981
f 1899 1901 1980 1978
f 1981 1980 1982 1983
f 1901 1902 1982 1980
f 1983 1982 1984 1985
f 1902 1903 1984 1982
f 1985 1984 1986 1987
f 1903 1904 1986 1984
f 1987 1986 1988 1971
f 1904 1905 1988 1986
f 1971 1988 1989 1972
f 1905 1906 1989 1988
f 1972 1989 1990 1973
f 1906 1907 1990 1989
f 1973 1990 1991 1974
f 1907 1908 1991 1990
f 1974 1991 1992 1975
f 1908 1909 1992 1991
f 1975 1992 1993 1976
f 1909 1910 1993 1992
f 1898 1976 1993 1910
f 1247 1994 1995 1249
f 1247 1299 1996 1994
f 1994 1997 1998 1995
f 1994 1996 1999 1997
f 1997 2000 2001 1998
f 1997 1999 2002 2000
f 2000 2002 2003 2004
f 1249 1995 2005 1251
f 1995 1998 2006 2005
f 1998 2001 2007 2006
f 1251 2005 2008 1253
f 2005 2006 2009 2008
f 2006 2007 2010 2009
f 1253 2008 2011 1255
f 2008 2009 2012 2011
f 2009 2010 2013 2012
f 1255 2011 2014 1257
f 2011 2012 2015 2014
f 2012 2013 2016 2015
f 1257 2014 2017 1259
f 2014 2015 2018 2017
f 2015 2016 2019 2018
f 1259 2017 2020 1261
f 2017 2018 2021 2020
f 2018 2019 2022 2021
f 1261 2020 2023 1263
f 1263 2023 2024 1309
f 2020 2021 2025 2023
f 2023 2025 2026 2024
f 2021 2022 2027 2025
f 2025 2027 2028 2026
f 2027 2029 2030 2028
f 1299 1343 2031 1996
f 1996 2031 2032 1999
f 1999 2032 2033 2002
f 2002 2033 2034 2003
f 1309 2024 2035 1347
f 2024 2026 2036 2035
f 2026 2028 2037 2036
f 2028 2030 2038 2037
f 1343 1382 2039 2031
f 2031 2039 2040 2032
f 2032 2040 2041 2033
f 2033 2041 2042 2034
f 1347 2035 2043 1386
f 2035 2036 2044 2043
f 2036 2037 2045 2044
f 2037 2038 2046 2045
f 1382 1421 2047 2039
f 2039 2047 2048 2040
f 2040 2048 2049 2041
f 2041 2049 2050 2042
f 1386 2043 2051 1425
f 2043 2044 2052 2051
f 2044 2045 2053 2052
f 2045 2046 2054 2053
f 1421 1460 2055 2047
f 2047 2055 2056 2048
f 2048 2056 2057 2049
f 2049 2057 2058 2050
f 1425 2051 2059 1464
f 2051 2052 2060 2059
f 2052 2053 2061 2060
f 2053 2054 2062 2061
f 1460 1501 2063 2055
f 2055 2063 2064 2056
f 2056 2064 2065 2057
f 2057 2065 2066 2058
f 1464 2059 2067 1516
f 2059 2060 2068 2067
f 2060 2061 2069 2068
f 2061 2062 2070 2069
f 1551 1618 2071 2072
f 1501 1551 2072 2063
f 2072 2071 2073 2074
f 2063 2072 2074 2064
f 2074 2073 2075 2076
f 2064 2074 2076 2065
f 2076 2075 2077 2078
f 2065 2076 2078 2066
f 1618 1621 2079 2071
f 2071 2079 2080 2073
f 2073 2080 2081 2075
f 2075 2081 2082 2077
f 1621 1624 2083 2079
f 2079 2083 2084 2080
f 2080 2084 2085 2081
f 2081 2085 2086 2082
f 1624 1627 2087 2083
f 2083 2087 2088 2084
f 2084 2088 2089 2085
f 2085 2089 2090 2086
f 1627 1630 2091 2087
f 2087 2091 2092 2088
f 2088 2092 2093 2089
f 2089 2093 2094 2090
f 1630 1633 2095 2091
f 2091 2095 2096 2092
f 2092 2096 2097 2093
f 2093 2097 2098 2094
f 1633 1636 2099 2095
f 2095 2099 2100 2096
f 2096 2100 2101 2097
f 2097 2101 2102 2098
f 1636 1561 2103 2099
f 1516 2067 2103 1561
f 2099 2103 2104 2100
f 2067 2068 2104 2103
f 2100 2104 2105 2101
f 2068 2069 2105 2104
f 2101 2105 2106 2102
f 2069 2070 2106 2105
f 2107 2108 2109 2110
f 2107 2111 2112 2108
f 2107 2110 2113 2111
f 2108 2114 2115 2109
f 2108 2112 2116 2114
f 2114 2117 2118 2115
f 2114 2116 2119 2117
f 2117 2120 2121 2118
f 2117 2119 2122 2120
f 2120 2123 2124 2121
f 2120 2122 2125 2123
f 2123 1552 1553 2124
f 2123 2125 1613 1552
f 2110 2109 2126 2127
f 2110 2127 2128 2113
f 2109 2115 2129 2126
f 2115 2118 2130 2129
f 2118 2121 2131 2130
f 2121 2124 2132 2131
f 2124 1553 1554 2132
f 2127 2126 2133 2134
f 2127 2134 2135 2128
f 2126 2129 2136 2133
f 2129 2130 2137 2136
f 2130 2131 2138 2137
f 2131 2132 2139 2138
f 2132 1554 1555 2139
f 2134 2133 2140 2141
f 2134 2141 2142 2135
f 2133 2136 2143 2140
f 2136 2137 2144 2143
f 2137 2138 2145 2144
f 2138 2139 2146 2145
f 2139 1555 1556 2146
f 2141 2140 2147 2148
f 2141 2148 2149 2142
f 2140 2143 2150 2147
f 2143 2144 2151 2150
f 2144 2145 2152 2151
f 2145 2146 2153 2152
f 2146 1556 1557 2153
f 2148 2147 2154 2155
f 2155 2154 2156 2157
f 2148 2155 2157 2149
f 2147 2150 2158 2154
f 2154 2158 2159 2156
f 2150 2151 2160 2158
f 2158 2160 2161 2159
f 2151 2152 2162 2160
f 2160 2162 2163 2161
f 2152 2153 2164 2162
f 2162 2164 2165 2163
f 2153 1557 1558 2164
f 2164 1558 1637 2165
f 2111 2166 2167 2112
f 2111 2113 2168 2166
f 2112 2167 2169 2116
f 2116 2169 2170 2119
f 2119 2170 2171 2122
f 2122 2171 2172 2125
f 2125 2172 2173 1613
f 1613 2173 2174 1614
f 1614 2174 1677 1615
f 2113 2128 2175 2168
f 2128 2135 2176 2175
f 2135 2142 2177 2176
f 2142 2149 2178 2177
f 2157 2156 2179 2180
f 2149 2157 2180 2178
f 2156 2159 2181 2179
f 2159 2161 2182 2181
f 2161 2163 2183 2182
f 2163 2165 2184 2183
f 2165 1637 2185 2184
f 1637 1640 2186 2185
f 1640 1642 1692 2186
f 2166 2187 2188 2167
f 2166 2168 2189 2187
f 2167 2188 2190 2169
f 2169 2190 2191 2170
f 2170 2191 2192 2171
f 2171 2192 2193 2172
f 2172 2193 2194 2173
f 2173 2194 2195 2174
f 2174 2195 1700 1677
f 2168 2175 2196 2189
f 2175 2176 2197 2196
f 2176 2177 2198 2197
f 2177 2178 2199 2198
f 2180 2179 2200 2201
f 2178 2180 2201 2199
f 2179 2181 2202 2200
f 2181 2182 2203 2202
f 2182 2183 2204 2203
f 2183 2184 2205 2204
f 2184 2185 2206 2205
f 2185 2186 2207 2206
f 2186 1692 1715 2207
f 2208 2209 2210 2211
f 2187 2208 2211 2188
f 2187 2189 2209 2208
f 2211 2210 2212 2213
f 2188 2211 2213 2190
f 2213 2212 2214 2215
f 2190 2213 2215 2191
f 2215 2214 2216 2217
f 2191 2215 2217 2192
f 2217 2216 2218 2219
f 2192 2217 2219 2193
f 2219 2218 2220 2221
f 2193 2219 2221 2194
f 2221 2220 2222 2223
f 2194 2221 2223 2195
f 2223 2222 1762 1723
f 2195 2223 1723 1700
f 2209 2224 2225 2210
f 2189 2196 2224 2209
f 2210 2225 2226 2212
f 2212 2226 2227 2214
f 2214 2227 2228 2216
f 2216 2228 2229 2218
f 2218 2229 2230 2220
f 2220 2230 2231 2222
f 2222 2231 1766 1762
f 2224 2232 2233 2225
f 2196 2197 2232 2224
f 2225 2233 2234 2226
f 2226 2234 2235 2227
f 2227 2235 2236 2228
f 2228 2236 2237 2229
f 2229 2237 2238 2230
f 2230 2238 2239 2231
f 2231 2239 1769 1766
f 2232 2240 2241 2233
f 2197 2198 2240 2232
f 2233 2241 2242 2234
f 2234 2242 2243 2235
f 2235 2243 2244 2236
f 2236 2244 2245 2237
f 2237 2245 2246 2238
f 2238 2246 2247 2239
f 2239 2247 1772 1769
f 2240 2248 2249 2241
f 2198 2199 2248 2240
f 2241 2249 2250 2242
f 2242 2250 2251 2243
f 2243 2251 2252 2244
f 2244 2252 2253 2245
f 2245 2253 2254 2246
f 2246 2254 2255 2247
f 2247 2255 1775 1772
f 2248 2256 2257 2249
f 2201 2200 2257 2256
f 2199 2201 2256 2248
f 2249 2257 2258 2250
f 2200 2202 2258 2257
f 2250 2258 2259 2251
f 2202 2203 2259 2258
f 2251 2259 2260 2252
f 2203 2204 2260 2259
f 2252 2260 2261 2253
f 2204 2205 2261 2260
f 2253 2261 2262 2254
f 2205 2206 2262 2261
f 2254 2262 2263 2255
f 2206 2207 2263 2262
f 2255 2263 1738 1775
f 2207 1715 1738 2263
f 2320 2323 2324 2321
f 2320 2322 2325 2323
f 2323 2326 2327 2324
f 2323 2325 2328 2326
f 2326 2329 2330 2327
f 2326 2328 2331 2329
f 2329 2332 2333 2330
f 2329 2331 2334 2332
f 2332 2335 2336 2333
f 2332 2334 2337 2335
f 2335 2338 2339 2336
f 2335 2337 2340 2338
f 2338 2341 2342 2339
f 2338 2340 2343 2341
f 2341 1283 1298 2342
f 2341 2343 1328 1283
f 2321 2324 2348 2347
f 2324 2327 2349 2348
f 2327 2330 2350 2349
f 2330 2333 2351 2350
f 2333 2336 2352 2351
f 2336 2339 2353 2352
f 2339 2342 2354 2353
f 2342 1298 1300 2354
f 2347 2348 2359 2358
f 2348 2349 2360 2359
f 2349 2350 2361 2360
f 2350 2351 2362 2361
f 2351 2352 2363 2362
f 2352 2353 2364 2363
f 2353 2354 2365 2364
f 2354 1300 1301 2365
f 2358 2359 2372 2370
f 2370 2372 2373 2371
f 2359 2360 2374 2372
f 2372 2374 2375 2373
f 2360 2361 2376 2374
f 2374 2376 2377 2375
f 2361 2362 2378 2376
f 2376 2378 2379 2377
f 2362 2363 2380 2378
f 2378 2380 2381 2379
f 2363 2364 2382 2380
f 2380 2382 2383 2381
f 2364 2365 2384 2382
f 2382 2384 2385 2383
f 2365 1301 1302 2384
f 2384 1302 1345 2385
f 2322 2389 2390 2325
f 2325 2390 2391 2328
f 2328 2391 2392 2331
f 2331 2392 2393 2334
f 2334 2393 2394 2337
f 2337 2394 2395 2340
f 2340 2395 2396 2343
f 2343 2396 1367 1328
f 2371 2373 2402 2401
f 2373 2375 2403 2402
f 2375 2377 2404 2403
f 2377 2379 2405 2404
f 2379 2381 2406 2405
f 2381 2383 2407 2406
f 2383 2385 2408 2407
f 2385 1345 1384 2408
f 2389 2412 2413 2390
f 2390 2413 2414 2391
f 2391 2414 2415 2392
f 2392 2415 2416 2393
f 2393 2416 2417 2394
f 2394 2417 2418 2395
f 2395 2418 2419 2396
f 2396 2419 1406 1367
f 2401 2402 2425 2424
f 2402 2403 2426 2425
f 2403 2404 2427 2426
f 2404 2405 2428 2427
f 2405 2406 2429 2428
f 2406 2407 2430 2429
f 2407 2408 2431 2430
f 2408 1384 1423 2431
f 2437 2436 2438 2439
f 2412 2437 2439 2413
f 2439 2438 2440 2441
f 2413 2439 2441 2414
f 2441 2440 2442 2443
f 2414 2441 2443 2415
f 2443 2442 2444 2445
f 2415 2443 2445 2416
f 2445 2444 2446 2447
f 2416 2445 2447 2417
f 2447 2446 2448 2449
f 2417 2447 2449 2418
f 2449 2448 2450 2451
f 2418 2449 2451 2419
f 2451 2450 1499 1445
f 2419 2451 1445 1406
f 2436 2454 2455 2438
f 2438 2455 2456 2440
f 2440 2456 2457 2442
f 2442 2457 2458 2444
f 2444 2458 2459 2446
f 2446 2459 2460 2448
f 2448 2460 2461 2450
f 2450 2461 1502 1499
f 2454 2464 2465 2455
f 2455 2465 2466 2456
f 2456 2466 2467 2457
f 2457 2467 2468 2458
f 2458 2468 2469 2459
f 2459 2469 2470 2460
f 2460 2470 2471 2461
f 2461 2471 1504 1502
f 2464 2474 2475 2465
f 2424 2425 2475 2474
f 2465 2475 2476 2466
f 2425 2426 2476 2475
f 2466 2476 2477 2467
f 2426 2427 2477 2476
f 2467 2477 2478 2468
f 2427 2428 2478 2477
f 2468 2478 2479 2469
f 2428 2429 2479 2478
f 2469 2479 2480 2470
f 2429 2430 2480 2479
f 2470 2480 2481 2471
f 2430 2431 2481 2480
f 2471 2481 1462 1504
f 2431 1423 1462 2481
f 2489 2492 2493 2490
f 2489 2491 2494 2492
f 2492 2495 2496 2493
f 2492 2494 2497 2495
f 2495 2498 2499 2496
f 2495 2497 2500 2498
f 2498 2501 2502 2499
f 2498 2500 2503 2501
f 2501 2504 2505 2502
f 2501 2503 2506 2504
f 2504 2507 2508 2505
f 2504 2506 2509 2507
f 2507 2510 2511 2508
f 2507 2509 2512 2510
f 2510 1304 1305 2511
f 2510 2512 1346 1304
f 2490 2493 2517 2516
f 2493 2496 2518 2517
f 2496 2499 2519 2518
f 2499 2502 2520 2519
f 2502 2505 2521 2520
f 2505 2508 2522 2521
f 2508 2511 2523 2522
f 2511 1305 1306 2523
f 2516 2517 2528 2527
f 2517 2518 2529 2528
f 2518 2519 2530 2529
f 2519 2520 2531 2530
f 2520 2521 2532 2531
f 2521 2522 2533 2532
f 2522 2523 2534 2533
f 2523 1306 1307 2534
f 2527 2528 2541 2539
f 2539 2541 2542 2540
f 2528 2529 2543 2541
f 2541 2543 2544 2542
f 2529 2530 2545 2543
f 2543 2545 2546 2544
f 2530 2531 2547 2545
f 2545 2547 2548 2546
f 2531 2532 2549 2547
f 2547 2549 2550 2548
f 2532 2533 2551 2549
f 2549 2551 2552 2550
f 2533 2534 2553 2551
f 2551 2553 2554 2552
f 2534 1307 1308 2553
f 2553 1308 1351 2554
f 2491 2558 2559 2494
f 2494 2559 2560 2497
f 2497 2560 2561 2500
f 2500 2561 2562 2503
f 2503 2562 2563 2506
f 2506 2563 2564 2509
f 2509 2564 2565 2512
f 2512 2565 1385 1346
f 2540 2542 2571 2570
f 2542 2544 2572 2571
f 2544 2546 2573 2572
f 2546 2548 2574 2573
f 2548 2550 2575 2574
f 2550 2552 2576 2575
f 2552 2554 2577 2576
f 2554 1351 1390 2577
f 2558 2581 2582 2559
f 2559 2582 2583 2560
f 2560 2583 2584 2561
f 2561 2584 2585 2562
f 2562 2585 2586 2563
f 2563 2586 2587 2564
f 2564 2587 2588 2565
f 2565 2588 1424 1385
f 2570 2571 2594 2593
f 2571 2572 2595 2594
f 2572 2573 2596 2595
f 2573 2574 2597 2596
f 2574 2575 2598 2597
f 2575 2576 2599 2598
f 2576 2577 2600 2599
f 2577 1390 1429 2600
f 2606 2605 2607 2608
f 2581 2606 2608 2582
f 2608 2607 2609 2610
f 2582 2608 2610 2583
f 2610 2609 2611 2612
f 2583 2610 2612 2584
f 2612 2611 2613 2614
f 2584 2612 2614 2585
f 2614 2613 2615 2616
f 2585 2614 2616 2586
f 2616 2615 2617 2618
f 2586 2616 2618 2587
f 2618 2617 2619 2620
f 2587 2618 2620 2588
f 2620 2619 1509 1463
f 2588 2620 1463 1424
f 2605 2623 2624 2607
f 2607 2624 2625 2609
f 2609 2625 2626 2611
f 2611 2626 2627 2613
f 2613 2627 2628 2615
f 2615 2628 2629 2617
f 2617 2629 2630 2619
f 2619 2630 1511 1509
f 2623 2633 2634 2624
f 2624 2634 2635 2625
f 2625 2635 2636 2626
f 2626 2636 2637 2627
f 2627 2637 2638 2628
f 2628 2638 2639 2629
f 2629 2639 2640 2630
f 2630 2640 1513 1511
f 2633 2643 2644 2634
f 2593 2594 2644 2643
f 2634 2644 2645 2635
f 2594 2595 2645 2644
f 2635 2645 2646 2636
f 2595 2596 2646 2645
f 2636 2646 2647 2637
f 2596 2597 2647 2646
f 2637 2647 2648 2638
f 2597 2598 2648 2647
f 2638 2648 2649 2639
f 2598 2599 2649 2648
f 2639 2649 2650 2640
f 2599 2600 2650 2649
f 2640 2650 1468 1513
f 2600 1429 1468 2650
f 2658 2661 2662 2659
f 2658 2660 2663 2661
f 2661 2664 2665 2662
f 2661 2663 2666 2664
f 2664 2667 2668 2665
f 2664 2666 2669 2667
f 2667 2670 2671 2668
f 2667 2669 2672 2670
f 2670 2673 2674 2671
f 2670 2672 2675 2673
f 2673 2676 2677 2674
f 2673 2675 2678 2676
f 2676 2679 2680 2677
f 2676 2678 2681 2679
f 2679 289 304 2680
f 2679 2681 341 289
f 2659 2662 2686 2685
f 2662 2665 2687 2686
f 2665 2668 2688 2687
f 2668 2671 2689 2688
f 2671 2674 2690 2689
f 2674 2677 2691 2690
f 2677 2680 2692 2691
f 2680 304 306 2692
f 2685 2686 2697 2696
f 2686 2687 2698 2697
f 2687 2688 2699 2698
f 2688 2689 2700 2699
f 2689 2690 2701 2700
f 2690 2691 2702 2701
f 2691 2692 2703 2702
f 2692 306 308 2703
f 2696 2697 2710 2708
f 2708 2710 2711 2709
f 2697 2698 2712 2710
f 2710 2712 2713 2711
f 2698 2699 2714 2712
f 2712 2714 2715 2713
f 2699 2700 2716 2714
f 2714 2716 2717 2715
f 2700 2701 2718 2716
f 2716 2718 2719 2717
f 2701 2702 2720 2718
f 2718 2720 2721 2719
f 2702 2703 2722 2720
f 2720 2722 2723 2721
f 2703 308 310 2722
f 2722 310 361 2723
f 2660 2727 2728 2663
f 2663 2728 2729 2666
f 2666 2729 2730 2669
f 2669 2730 2731 2672
f 2672 2731 2732 2675
f 2675 2732 2733 2678
f 2678 2733 2734 2681
f 2681 2734 387 341
f 2709 2711 2740 2739
f 2711 2713 2741 2740
f 2713 2715 2742 2741
f 2715 2717 2743 2742
f 2717 2719 2744 2743
f 2719 2721 2745 2744
f 2721 2723 2746 2745
f 2723 361 407 2746
f 2727 2750 2751 2728
f 2728 2751 2752 2729
f 2729 2752 2753 2730
f 2730 2753 2754 2731
f 2731 2754 2755 2732
f 2732 2755 2756 2733
f 2733 2756 2757 2734
f 2734 2757 433 387
f 2739 2740 2763 2762
f 2740 2741 2764 2763
f 2741 2742 2765 2764
f 2742 2743 2766 2765
f 2743 2744 2767 2766
f 2744 2745 2768 2767
f 2745 2746 2769 2768
f 2746 407 453 2769
f 2775 2774 2776 2777
f 2750 2775 2777 2751
f 2777 2776 2778 2779
f 2751 2777 2779 2752
f 2779 2778 2780 2781
f 2752 2779 2781 2753
f 2781 2780 2782 2783
f 2753 2781 2783 2754
f 2783 2782 2784 2785
f 2754 2783 2785 2755
f 2785 2784 2786 2787
f 2755 2785 2787 2756
f 2787 2786 2788 2789
f 2756 2787 2789 2757
f 2789 2788 540 479
f 2757 2789 479 433
f 2774 2792 2793 2776
f 2776 2793 2794 2778
f 2778 2794 2795 2780
f 2780 2795 2796 2782
f 2782 2796 2797 2784
f 2784 2797 2798 2786
f 2786 2798 2799 2788
f 2788 2799 543 540
f 2792 2802 2803 2793
f 2793 2803 2804 2794
f 2794 2804 2805 2795
f 2795 2805 2806 2796
f 2796 2806 2807 2797
f 2797 2807 2808 2798
f 2798 2808 2809 2799
f 2799 2809 549 543
f 2802 2812 2813 2803
f 2762 2763 2813 2812
f 2803 2813 2814 2804
f 2763 2764 2814 2813
f 2804 2814 2815 2805
f 2764 2765 2815 2814
f 2805 2815 2816 2806
f 2765 2766 2816 2815
f 2806 2816 2817 2807
f 2766 2767 2817 2816
f 2807 2817 2818 2808
f 2767 2768 2818 2817
f 2808 2818 2819 2809
f 2768 2769 2819 2818
f 2809 2819 499 549
f 2769 453 499 2819
f 2827 2830 2831 2828
f 2827 2829 2832 2830
f 2830 2833 2834 2831
f 2830 2832 2835 2833
f 2833 2836 2837 2834
f 2833 2835 2838 2836
f 2836 2839 2840 2837
f 2836 2838 2841 2839
f 2839 2842 2843 2840
f 2839 2841 2844 2842
f 2842 2845 2846 2843
f 2842 2844 2847 2845
f 2845 2848 2849 2846
f 2845 2847 2850 2848
f 2848 314 316 2849
f 2848 2850 363 314
f 2828 2831 2855 2854
f 2831 2834 2856 2855
f 2834 2837 2857 2856
f 2837 2840 2858 2857
f 2840 2843 2859 2858
f 2843 2846 2860 2859
f 2846 2849 2861 2860
f 2849 316 318 2861
f 2854 2855 2866 2865
f 2855 2856 2867 2866
f 2856 2857 2868 2867
f 2857 2858 2869 2868
f 2858 2859 2870 2869
f 2859 2860 2871 2870
f 2860 2861 2872 2871
f 2861 318 320 2872
f 2865 2866 2879 2877
f 2877 2879 2880 2878
f 2866 2867 2881 2879
f 2879 2881 2882 2880
f 2867 2868 2883 2881
f 2881 2883 2884 2882
f 2868 2869 2885 2883
f 2883 2885 2886 2884
f 2869 2870 2887 2885
f 2885 2887 2888 2886
f 2870 2871 2889 2887
f 2887 2889 2890 2888
f 2871 2872 2891 2889
f 2889 2891 2892 2890
f 2872 320 322 2891
f 2891 322 371 2892
f 2829 2896 2897 2832
f 2832 2897 2898 2835
f 2835 2898 2899 2838
f 2838 2899 2900 2841
f 2841 2900 2901 2844
f 2844 2901 2902 2847
f 2847 2902 2903 2850
f 2850 2903 409 363
f 2878 2880 2909 2908
f 2880 2882 2910 2909
f 2882 2884 2911 2910
f 2884 2886 2912 2911
f 2886 2888 2913 2912
f 2888 2890 2914 2913
f 2890 2892 2915 2914
f 2892 371 417 2915
f 2896 2919 2920 2897
f 2897 2920 2921 2898
f 2898 2921 2922 2899
f 2899 2922 2923 2900
f 2900 2923 2924 2901
f 2901 2924 2925 2902
f 2902 2925 2926 2903
f 2903 2926 455 409
f 2908 2909 2932 2931
f 2909 2910 2933 2932
f 2910 2911 2934 2933
f 2911 2912 2935 2934
f 2912 2913 2936 2935
f 2913 2914 2937 2936
f 2914 2915 2938 2937
f 2915 417 463 2938
f 2944 2943 2945 2946
f 2919 2944 2946 2920
f 2946 2945 2947 2948
f 2920 2946 2948 2921
f 2948 2947 2949 2950
f 2921 2948 2950 2922
f 2950 2949 2951 2952
f 2922 2950 2952 2923
f 2952 2951 2953 2954
f 2923 2952 2954 2924
f 2954 2953 2955 2956
f 2924 2954 2956 2925
f 2956 2955 2957 2958
f 2925 2956 2958 2926
f 2958 2957 562 501
f 2926 2958 501 455
f 2943 2961 2962 2945
f 2945 2962 2963 2947
f 2947 2963 2964 2949
f 2949 2964 2965 2951
f 2951 2965 2966 2953
f 2953 2966 2967 2955
f 2955 2967 2968 2957
f 2957 2968 566 562
f 2961 2971 2972 2962
f 2962 2972 2973 2963
f 2963 2973 2974 2964
f 2964 2974 2975 2965
f 2965 2975 2976 2966
f 2966 2976 2977 2967
f 2967 2977 2978 2968
f 2968 2978 568 566
f 2971 2981 2982 2972
f 2931 2932 2982 2981
f 2972 2982 2983 2973
f 2932 2933 2983 2982
f 2973 2983 2984 2974
f 2933 2934 2984 2983
f 2974 2984 2985 2975
f 2934 2935 2985 2984
f 2975 2985 2986 2976
f 2935 2936 2986 2985
f 2976 2986 2987 2977
f 2936 2937 2987 2986
f 2977 2987 2988 2978
f 2937 2938 2988 2987
f 2978 2988 509 568
f 2938 463 509 2988
f 1589 2989 2990 1590
f 1589 1588 2991 2989
f 1590 2990 2992 1591
f 1591 2992 2993 1592
f 1592 2993 2994 1593
f 1593 2994 2995 1594
f 1594 2995 2996 1595
f 1595 2996 2997 1596
f 1588 1608 1679 2991
f 1596 2997 1680 1609
f 2989 2998 2999 2990
f 2989 2991 3000 2998
f 2990 2999 3001 2992
f 2992 3001 3002 2993
f 2993 3002 3003 2994
f 2994 3003 3004 2995
f 2995 3004 3005 2996
f 2996 3005 3006 2997
f 2991 1679 1702 3000
f 2997 3006 1703 1680
f 3007 3008 3009 3010
f 2998 3007 3010 2999
f 2998 3000 3008 3007
f 3010 3009 3011 3012
f 2999 3010 3012 3001
f 3012 3011 3013 3014
f 3001 3012 3014 3002
f 3014 3013 3015 3016
f 3002 3014 3016 3003
f 3016 3015 3017 3018
f 3003 3016 3018 3004
f 3018 3017 3019 3020
f 3004 3018 3020 3005
f 3005 3020 3019 3006
f 3008 1725 1750 3009
f 3000 1702 1725 3008
f 3009 1750 1752 3011
f 3011 1752 1754 3013
f 3013 1754 1756 3015
f 3015 1756 1758 3017
f 3017 1758 1726 3019
f 3006 3019 1726 1703
f 1653 1652 3021 1694
f 1654 1696 3022 1655
f 1665 1666 3023 3024
f 1652 1665 3024 3021
f 1666 1667 3025 3023
f 1667 1668 3026 3025
f 1668 1669 3027 3026
f 1669 1670 3028 3027
f 1670 1671 3029 3028
f 1655 3022 3029 1671
f 1694 3021 3030 1717
f 1696 1719 3031 3022
f 3024 3023 3032 3033
f 3021 3024 3033 3030
f 3023 3025 3034 3032
f 3025 3026 3035 3034
f 3026 3027 3036 3035
f 3027 3028 3037 3036
f 3028 3029 3038 3037
f 3022 3031 3038 3029
f 1740 3039 3040 1784
f 1717 3030 3039 1740
f 1784 3040 3041 1786
f 1786 3041 3042 1788
f 1788 3042 3043 1790
f 1790 3043 3044 1792
f 1792 3044 3045 1742
f 1719 1742 3045 3031
f 3039 3046 3047 3040
f 3033 3032 3047 3046
f 3030 3033 3046 3039
f 3040 3047 3048 3041
f 3032 3034 3048 3047
f 3041 3048 3049 3042
f 3034 3035 3049 3048
f 3042 3049 3050 3043
f 3035 3036 3050 3049
f 3043 3050 3051 3044
f 3036 3037 3051 3050
f 3044 3051 3052 3045
f 3037 3038 3052 3051
f 3031 3045 3052 3038
f 3053 3054 3055 3056
f 3053 3057 3058 3054
f 3054 3059 3060 3055
f 3054 3058 100 3059
f 3059 3061 3062 3060
f 3059 100 99 3061
f 3061 3063 3064 3062
f 3061 99 102 3063
f 3063 3065 3066 3064
f 3063 102 103 3065
f 3065 3067 3068 3066
f 3065 103 104 3067
f 3067 3069 3070 3068
f 3067 104 105 3069
f 3069 3071 3072 3070
f 3069 105 106 3071
f 3071 3073 3074 3072
f 3071 106 107 3073
f 3073 3075 3076 3074
f 3073 107 108 3075
f 3075 3077 3078 3076
f 3075 108 109 3077
f 3077 3079 3080 3078
f 3077 109 110 3079
f 3079 3081 3082 3080
f 3079 110 111 3081
f 3081 3083 3084 3082
f 3081 111 112 3083
f 3083 3085 3086 3084
f 3083 112 113 3085
f 3085 113 117 3086
f 3056 3055 3087 3088
f 3088 3087 3089 3090
f 3055 3060 3091 3087
f 3087 3091 122 3089
f 3060 3062 3092 3091
f 3091 3092 123 122
f 3062 3064 3093 3092
f 3092 3093 128 123
f 3064 3066 3094 3093
f 3093 3094 130 128
f 3066 3068 3095 3094
f 3094 3095 132 130
f 3068 3070 3096 3095
f 3095 3096 134 132
f 3070 3072 3097 3096
f 3096 3097 136 134
f 3072 3074 3098 3097
f 3097 3098 138 136
f 3074 3076 3099 3098
f 3098 3099 140 138
f 3076 3078 3100 3099
f 3099 3100 142 140
f 3078 3080 3101 3100
f 3100 3101 144 142
f 3080 3082 3102 3101
f 3101 3102 146 144
f 3082 3084 3103 3102
f 3102 3103 148 146
f 3084 3086 3104 3103
f 3103 3104 120 148
f 3086 117 120 3104
f 3105 3106 3107 3108
f 3057 3105 3108 3058
f 3108 3107 259 101
f 3058 3108 101 100
f 3106 3109 3110 3107
f 3090 3089 3110 3109
f 3107 3110 127 259
f 3089 122 127 3110
f 3128 3129 3130 3131
f 3128 2000 2004 3129
f 3128 3131 2001 2000
f 3129 3132 3133 3130
f 3129 2004 3134 3132
f 3132 3135 3136 3133
f 3132 3134 3137 3135
f 3135 3137 3138 3136
f 3131 3130 3139 3140
f 3131 3140 2007 2001
f 3130 3133 3141 3139
f 3133 3136 3142 3141
f 3136 3138 3143 3142
f 3140 3139 3144 3145
f 3140 3145 2010 2007
f 3139 3141 3146 3144
f 3141 3142 3147 3146
f 3142 3143 3148 3147
f 3145 3144 3149 3150
f 3145 3150 2013 2010
f 3144 3146 3151 3149
f 3146 3147 3152 3151
f 3147 3148 3153 3152
f 3150 3149 3154 3155
f 3150 3155 2016 2013
f 3149 3151 3156 3154
f 3151 3152 3157 3156
f 3152 3153 3158 3157
f 3155 3154 3159 3160
f 3155 3160 2019 2016
f 3154 3156 3161 3159
f 3156 3157 3162 3161
f 3157 3158 3163 3162
f 3160 3159 3164 3165
f 3160 3165 2022 2019
f 3159 3161 3166 3164
f 3161 3162 3167 3166
f 3162 3163 3168 3167
f 3165 3164 3169 3170
f 3170 3169 2029 2027
f 3165 3170 2027 2022
f 3164 3166 3171 3169
f 3169 3171 3172 2029
f 3166 3167 3173 3171
f 3171 3173 3174 3172
f 3167 3168 3174 3173
f 2004 2003 3175 3134
f 3134 3175 3176 3137
f 3137 3176 3177 3138
f 3138 3177 3178 3143
f 3143 3178 3179 3148
f 3148 3179 3180 3153
f 3153 3180 3181 3158
f 3158 3181 3182 3163
f 3163 3182 3183 3168
f 2029 3172 3184 2030
f 3172 3174 3185 3184
f 3168 3183 3185 3174
f 2003 2034 3186 3175
f 3175 3186 3187 3176
f 3176 3187 3188 3177
f 3177 3188 3189 3178
f 3178 3189 3190 3179
f 3179 3190 3191 3180
f 3180 3191 3192 3181
f 3181 3192 3193 3182
f 3182 3193 3194 3183
f 2030 3184 3195 2038
f 3184 3185 3196 3195
f 3183 3194 3196 3185
f 2034 2042 3197 3186
f 3186 3197 3198 3187
f 3187 3198 3199 3188
f 3188 3199 3200 3189
f 3189 3200 3201 3190
f 3190 3201 3202 3191
f 3191 3202 3203 3192
f 3192 3203 3204 3193
f 3193 3204 3205 3194
f 2038 3195 3206 2046
f 3195 3196 3207 3206
f 3194 3205 3207 3196
f 2042 2050 3208 3197
f 3197 3208 3209 3198
f 3198 3209 3210 3199
f 3199 3210 3211 3200
f 3200 3211 3212 3201
f 3201 3212 3213 3202
f 3202 3213 3214 3203
f 3203 3214 3215 3204
f 3204 3215 3216 3205
f 2046 3206 3217 2054
f 3206 3207 3218 3217
f 3205 3216 3218 3207
f 2050 2058 3219 3208
f 3208 3219 3220 3209
f 3209 3220 3221 3210
f 3210 3221 3222 3211
f 3211 3222 3223 3212
f 3212 3223 3224 3213
f 3213 3224 3225 3214
f 3214 3225 3226 3215
f 3215 3226 3227 3216
f 2054 3217 3228 2062
f 3217 3218 3229 3228
f 3216 3227 3229 3218
f 2058 2066 3230 3219
f 3219 3230 3231 3220
f 3220 3231 3232 3221
f 3221 3232 3233 3222
f 3222 3233 3234 3223
f 3223 3234 3235 3224
f 3224 3235 3236 3225
f 3225 3236 3237 3226
f 3226 3237 3238 3227
f 2062 3228 3239 2070
f 3228 3229 3240 3239
f 3227 3238 3240 3229
f 2078 2077 3241 3242
f 2066 2078 3242 3230
f 3242 3241 3243 3244
f 3230 3242 3244 3231
f 3231 3244 3243 3232
f 2077 2082 3245 3241
f 3241 3245 3246 3243
f 3232 3243 3246 3233
f 2082 2086 3247 3245
f 3245 3247 3248 3246
f 3233 3246 3248 3234
f 2086 2090 3249 3247
f 3247 3249 3250 3248
f 3234 3248 3250 3235
f 2090 2094 3251 3249
f 3249 3251 3252 3250
f 3235 3250 3252 3236
f 2094 2098 3253 3251
f 3251 3253 3254 3252
f 3236 3252 3254 3237
f 2098 2102 3255 3253
f 3253 3255 3256 3254
f 3237 3254 3256 3238
f 2102 2106 3257 3255
f 2070 3239 3257 2106
f 3255 3257 3258 3256
f 3239 3240 3258 3257
f 3238 3256 3258 3240
usemtl c22
f 1875 1887 1935 1912
f 1887 1889 1942 1935
f 1889 1891 1949 1942
f 1891 1893 1956 1949
f 1893 1895 1963 1956
f 1895 1897 1970 1963
f 2264 2265 2266 2267
f 1912 2264 2267 1913
f 1912 1935 2265 2264
f 2267 2266 2268 2269
f 1913 2267 2269 1915
f 2269 2268 2270 2271
f 1915 2269 2271 1917
f 2271 2270 2272 2273
f 1917 2271 2273 1919
f 2273 2272 2274 2275
f 1919 2273 2275 1921
f 2275 2274 2276 2277
f 1921 2275 2277 1923
f 1923 2277 2276 1936
f 2265 2278 2279 2266
f 1935 1942 2278 2265
f 2266 2279 2280 2268
f 2268 2280 2281 2270
f 2270 2281 2282 2272
f 2272 2282 2283 2274
f 2274 2283 2284 2276
f 1936 2276 2284 1943
f 2278 2285 2286 2279
f 1942 1949 2285 2278
f 2279 2286 2287 2280
f 2280 2287 2288 2281
f 2281 2288 2289 2282
f 2282 2289 2290 2283
f 2283 2290 2291 2284
f 1943 2284 2291 1950
f 2285 2292 2293 2286
f 1949 1956 2292 2285
f 2286 2293 2294 2287
f 2287 2294 2295 2288
f 2288 2295 2296 2289
f 2289 2296 2297 2290
f 2290 2297 2298 2291
f 1950 2291 2298 1957
f 2292 2299 2300 2293
f 1956 1963 2299 2292
f 2293 2300 2301 2294
f 2294 2301 2302 2295
f 2295 2302 2303 2296
f 2296 2303 2304 2297
f 2297 2304 2305 2298
f 1957 2298 2305 1964
f 2299 2306 2307 2300
f 1970 1979 2307 2306
f 1963 1970 2306 2299
f 2300 2307 2308 2301
f 1979 1981 2308 2307
f 2301 2308 2309 2302
f 1981 1983 2309 2308
f 2302 2309 2310 2303
f 1983 1985 2310 2309
f 2303 2310 2311 2304
f 1985 1987 2311 2310
f 2304 2311 2312 2305
f 1987 1971 2312 2311
f 1964 2305 2312 1971
usemtl c23
f 1761 1764 3259 3260
f 1728 3261 3262 1729
f 1729 3262 3259 1764
f 1728 1761 3260 3261
f 3261 3260 3259 3262
f 3263 3264 3265 3266
f 3267 3268 3269 3260
f 3260 3269 3265 3264
f 3267 3263 3266 3268
f 3268 3266 3265 3269
f 3267 3260 3264 3263
f 3270 3271 3272 3273
f 3274 3275 3266 3263
f 3263 3266 3272 3271
f 3274 3270 3273 3275
f 3275 3273 3272 3266
f 3274 3263 3271 3270
f 3276 3277 3278 3279
f 3280 3281 3282 3273
f 3273 3282 3278 3277
f 3280 3276 3279 3281
f 3281 3279 3278 3282
f 3280 3273 3277 3276
f 3283 3284 3285 3286
f 3287 3288 3289 3290
f 3290 3289 3285 3284
f 3287 3283 3286 3288
f 3288 3286 3285 3289
f 3287 3290 3284 3283
f 1779 1796 3291 3292
f 1735 3293 3294 1743
f 1743 3294 3291 1796
f 1735 1779 3292 3293
f 3293 3292 3291 3294
f 3295 3296 3297 3298
f 3291 3299 3300 3301
f 3301 3300 3297 3296
f 3291 3295 3298 3299
f 3299 3298 3297 3300
f 3291 3301 3296 3295
f 3302 3303 3304 3305
f 3296 3297 3306 3307
f 3307 3306 3304 3303
f 3296 3302 3305 3297
f 3297 3305 3304 3306
f 3296 3307 3303 3302
f 3308 3309 3310 3311
f 3304 3312 3313 3314
f 3314 3313 3310 3309
f 3304 3308 3311 3312
f 3312 3311 3310 3313
f 3304 3314 3309 3308
f 3315 3316 3317 3318
f 3319 3320 3321 3322
f 3322 3321 3317 3316
f 3319 3315 3318 3320
f 3320 3318 3317 3321
f 3319 3322 3316 3315
usemtl c24
f 2313 2314 2315 2316
f 2313 2317 2318 2314
f 2313 2316 2319 2317
f 2314 2320 2321 2315
f 2314 2318 2322 2320
f 2316 2315 2344 2345
f 2316 2345 2346 2319
f 2315 2321 2347 2344
f 2345 2344 2355 2356
f 2345 2356 2357 2346
f 2344 2347 2358 2355
f 2356 2355 2366 2367
f 2367 2366 2368 2369
f 2356 2367 2369 2357
f 2355 2358 2370 2366
f 2366 2370 2371 2368
f 2317 2386 2387 2318
f 2317 2319 2388 2386
f 2318 2387 2389 2322
f 2319 2346 2397 2388
f 2346 2357 2398 2397
f 2369 2368 2399 2400
f 2357 2369 2400 2398
f 2368 2371 2401 2399
f 2386 2409 2410 2387
f 2386 2388 2411 2409
f 2387 2410 2412 2389
f 2388 2397 2420 2411
f 2397 2398 2421 2420
f 2400 2399 2422 2423
f 2398 2400 2423 2421
f 2399 2401 2424 2422
f 2432 2433 2434 2435
f 2409 2432 2435 2410
f 2409 2411 2433 2432
f 2435 2434 2436 2437
f 2410 2435 2437 2412
f 2433 2452 2453 2434
f 2411 2420 2452 2433
f 2434 2453 2454 2436
f 2452 2462 2463 2453
f 2420 2421 2462 2452
f 2453 2463 2464 2454
f 2462 2472 2473 2463
f 2423 2422 2473 2472
f 2421 2423 2472 2462
f 2463 2473 2474 2464
f 2422 2424 2474 2473
f 2482 2483 2484 2485
f 2482 2486 2487 2483
f 2482 2485 2488 2486
f 2483 2489 2490 2484
f 2483 2487 2491 2489
f 2485 2484 2513 2514
f 2485 2514 2515 2488
f 2484 2490 2516 2513
f 2514 2513 2524 2525
f 2514 2525 2526 2515
f 2513 2516 2527 2524
f 2525 2524 2535 2536
f 2536 2535 2537 2538
f 2525 2536 2538 2526
f 2524 2527 2539 2535
f 2535 2539 2540 2537
f 2486 2555 2556 2487
f 2486 2488 2557 2555
f 2487 2556 2558 2491
f 2488 2515 2566 2557
f 2515 2526 2567 2566
f 2538 2537 2568 2569
f 2526 2538 2569 2567
f 2537 2540 2570 2568
f 2555 2578 2579 2556
f 2555 2557 2580 2578
f 2556 2579 2581 2558
f 2557 2566 2589 2580
f 2566 2567 2590 2589
f 2569 2568 2591 2592
f 2567 2569 2592 2590
f 2568 2570 2593 2591
f 2601 2602 2603 2604
f 2578 2601 2604 2579
f 2578 2580 2602 2601
f 2604 2603 2605 2606
f 2579 2604 2606 2581
f 2602 2621 2622 2603
f 2580 2589 2621 2602
f 2603 2622 2623 2605
f 2621 2631 2632 2622
f 2589 2590 2631 2621
f 2622 2632 2633 2623
f 2631 2641 2642 2632
f 2592 2591 2642 2641
f 2590 2592 2641 2631
f 2632 2642 2643 2633
f 2591 2593 2643 2642
f 2651 2652 2653 2654
f 2651 2655 2656 2652
f 2651 2654 2657 2655
f 2652 2658 2659 2653
f 2652 2656 2660 2658
f 2654 2653 2682 2683
f 2654 2683 2684 2657
f 2653 2659 2685 2682
f 2683 2682 2693 2694
f 2683 2694 2695 2684
f 2682 2685 2696 2693
f 2694 2693 2704 2705
f 2705 2704 2706 2707
f 2694 2705 2707 2695
f 2693 2696 2708 2704
f 2704 2708 2709 2706
f 2655 2724 2725 2656
f 2655 2657 2726 2724
f 2656 2725 2727 2660
f 2657 2684 2735 2726
f 2684 2695 2736 2735
f 2707 2706 2737 2738
f 2695 2707 2738 2736
f 2706 2709 2739 2737
f 2724 2747 2748 2725
f 2724 2726 2749 2747
f 2725 2748 2750 2727
f 2726 2735 2758 2749
f 2735 2736 2759 2758
f 2738 2737 2760 2761
f 2736 2738 2761 2759
f 2737 2739 2762 2760
f 2770 2771 2772 2773
f 2747 2770 2773 2748
f 2747 2749 2771 2770
f 2773 2772 2774 2775
f 2748 2773 2775 2750
f 2771 2790 2791 2772
f 2749 2758 2790 2771
f 2772 2791 2792 2774
f 2790 2800 2801 2791
f 2758 2759 2800 2790
f 2791 2801 2802 2792
f 2800 2810 2811 2801
f 2761 2760 2811 2810
f 2759 2761 2810 2800
f 2801 2811 2812 2802
f 2760 2762 2812 2811
f 2820 2821 2822 2823
f 2820 2824 2825 2821
f 2820 2823 2826 2824
f 2821 2827 2828 2822
f 2821 2825 2829 2827
f 2823 2822 2851 2852
f 2823 2852 2853 2826
f 2822 2828 2854 2851
f 2852 2851 2862 2863
f 2852 2863 2864 2853
f 2851 2854 2865 2862
f 2863 2862 2873 2874
f 2874 2873 2875 2876
f 2863 2874 2876 2864
f 2862 2865 2877 2873
f 2873 2877 2878 2875
f 2824 2893 2894 2825
f 2824 2826 2895 2893
f 2825 2894 2896 2829
f 2826 2853 2904 2895
f 2853 2864 2905 2904
f 2876 2875 2906 2907
f 2864 2876 2907 2905
f 2875 2878 2908 2906
f 2893 2916 2917 2894
f 2893 2895 2918 2916
f 2894 2917 2919 2896
f 2895 2904 2927 2918
f 2904 2905 2928 2927
f 2907 2906 2929 2930
f 2905 2907 2930 2928
f 2906 2908 2931 2929
f 2939 2940 2941 2942
f 2916 2939 2942 2917
f 2916 2918 2940 2939
f 2942 2941 2943 2944
f 2917 2942 2944 2919
f 2940 2959 2960 2941
f 2918 2927 2959 2940
f 2941 2960 2961 2943
f 2959 2969 2970 2960
f 2927 2928 2969 2959
f 2960 2970 2971 2961
f 2969 2979 2980 2970
f 2930 2929 2980 2979
f 2928 2930 2979 2969
f 2970 2980 2981 2971
f 2929 2931 2981 2980
usemtl c25
f 1804 1842 1843 1805
f 1829 1830 1868 1867
f 3111 3112 3113 3114
f 3111 3115 3116 3112
f 3111 3114 3117 3115
f 3112 3053 3056 3113
f 3112 3116 3057 3053
f 3114 3113 3118 3119
f 3119 3118 3120 3121
f 3114 3119 3121 3117
f 3113 3056 3088 3118
f 3118 3088 3090 3120
f 3122 3123 3124 3125
f 3115 3122 3125 3116
f 3115 3117 3123 3122
f 3125 3124 3106 3105
f 3116 3125 3105 3057
f 3123 3126 3127 3124
f 3121 3120 3127 3126
f 3117 3121 3126 3123
f 3124 3127 3109 3106
f 3120 3090 3109 3127
usemtl c26
f 1805 1843 1844 1806
f 1830 1831 1869 1868
